order_id,customer_id,order_date,status,discount_amount
O000001,C00064,2026-02-01,Cancelled,0
O000002,C01567,2026-06-19,Cancelled,5
O000003,C00506,2026-03-18,Completed,15
O000004,C01461,2026-07-25,Completed,15
O000005,C01429,2025-10-17,Completed,20
O000006,C01024,2026-03-22,Completed,5
O000007,C00639,2026-03-01,Completed,0
O000008,C00231,2025-11-02,Cancelled,5
O000009,C00069,2026-05-24,Completed,20
O000010,C01371,2026-03-13,Completed,30
O000011,C01198,2026-04-22,Completed,30
O000012,C01547,2026-04-19,Completed,0
O000013,C00539,2026-04-04,Completed,0
O000014,C01082,2026-03-19,Completed,5
O000015,C01279,2025-12-27,Completed,0
O000016,C01410,2026-05-25,Completed,15
O000017,C01347,2026-04-17,Completed,5
O000018,C00915,2026-05-03,Completed,10
O000019,C01315,2026-05-31,Completed,15
O000020,C01895,2025-09-26,Completed,0
O000021,C01916,2026-01-04,Completed,5
O000022,C00200,2025-12-10,Completed,5
O000023,C01522,2026-04-14,Completed,5
O000024,C00551,2025-09-28,Completed,0
O000025,C00728,2026-04-25,Completed,20
O000026,C01522,2026-07-22,Completed,0
O000027,C00507,2025-09-12,Completed,0
O000028,C00214,2025-08-07,Completed,10
O000029,C01329,2025-11-16,Completed,20
O000030,C00060,2026-03-01,Completed,5
O000031,C01565,2026-06-12,Completed,20
O000032,C01825,2025-12-20,Completed,0
O000033,C01003,2026-07-10,Completed,5
O000034,C01717,2026-03-30,Completed,0
O000035,C00446,2026-07-06,Completed,5
O000036,C01725,2025-04-04,Completed,20
O000037,C01656,2025-08-27,Completed,5
O000038,C00842,2025-12-07,Completed,15
O000039,C01424,2026-06-28,Completed,0
O000040,C01763,2026-01-21,Completed,10
O000041,C01777,2025-05-13,Completed,30
O000042,C01809,2026-01-06,Completed,0
O000043,C00404,2026-01-14,Completed,0
O000044,C00829,2026-07-20,Completed,5
O000045,C00993,2025-10-15,Completed,10
O000046,C00226,2026-08-15,Completed,0
O000047,C01934,2025-12-13,Completed,0
O000048,C01567,2026-04-24,Completed,20
O000049,C00273,2026-07-14,Completed,5
O000050,C00496,2025-10-18,Cancelled,20
O000051,C00025,2026-07-03,Completed,20
O000052,C01938,2025-11-15,Completed,10
O000053,C00320,2026-04-15,Completed,0
O000054,C01491,2026-05-19,Completed,0
O000055,C01983,2026-03-20,Completed,15
O000056,C00100,2026-02-20,Completed,0
O000057,C00939,2026-01-17,Completed,0
O000058,C01643,2026-07-12,Completed,0
O000059,C00244,2026-05-28,Completed,10
O000060,C00059,2026-05-07,Completed,5
O000061,C01730,2025-11-07,Completed,15
O000062,C01298,2026-07-29,Completed,0
O000063,C01738,2026-05-28,Completed,20
O000064,C01484,2026-04-15,Completed,0
O000065,C01436,2025-09-18,Completed,0
O000066,C01195,2025-09-06,Completed,0
O000067,C01724,2026-06-18,Completed,0
O000068,C01165,2025-03-25,Completed,0
O000069,C00521,2026-05-04,Completed,30
O000070,C01978,2026-07-31,Completed,0
O000071,C00512,2026-05-27,Completed,15
O000072,C00214,2025-03-19,Completed,20
O000073,C01858,2026-02-27,Completed,10
O000074,C01504,2025-09-05,Completed,0
O000075,C01182,2026-06-19,Completed,0
O000076,C01912,2025-10-31,Cancelled,0
O000077,C00975,2026-07-11,Completed,10
O000078,C00274,2025-08-11,Cancelled,0
O000079,C01000,2026-01-27,Completed,0
O000080,C01931,2026-06-05,Cancelled,0
O000081,C01820,2026-06-10,Completed,0
O000082,C00280,2026-03-25,Completed,5
O000083,C01480,2026-04-25,Completed,5
O000084,C01329,2026-06-12,Completed,0
O000085,C00687,2026-02-03,Completed,0
O000086,C00639,2025-12-15,Completed,15
O000087,C01535,2025-11-30,Cancelled,0
O000088,C01388,2025-06-30,Completed,5
O000089,C01221,2026-03-09,Completed,5
O000090,C00250,2026-08-04,Completed,0
O000091,C00872,2026-04-18,Completed,5
O000092,C00455,2026-06-23,Completed,0
O000093,C00521,2026-02-20,Completed,5
O000094,C00173,2026-06-14,Completed,0
O000095,C00793,2026-05-26,Completed,20
O000096,C01563,2026-05-30,Completed,0
O000097,C01171,2025-12-20,Completed,20
O000098,C01742,2026-03-08,Completed,0
O000099,C01795,2025-06-12,Completed,5
O000100,C00716,2026-07-09,Completed,0
O000101,C01245,2026-05-19,Completed,10
O000102,C01373,2025-08-18,Cancelled,15
O000103,C00712,2026-04-27,Completed,10
O000104,C01030,2025-09-23,Completed,5
O000105,C01504,2025-09-25,Completed,0
O000106,C00510,2025-06-30,Completed,0
O000107,C00776,2025-11-30,Completed,0
O000108,C00087,2026-03-11,Completed,30
O000109,C01334,2025-09-28,Completed,10
O000110,C00702,2025-12-10,Completed,5
O000111,C01712,2025-03-13,Completed,0
O000112,C01326,2026-03-25,Completed,10
O000113,C00348,2026-08-06,Completed,5
O000114,C00273,2025-11-19,Completed,5
O000115,C00976,2025-03-21,Completed,0
O000116,C01229,2026-07-29,Completed,0
O000117,C01798,2025-06-13,Completed,5
O000118,C00825,2026-08-02,Completed,0
O000119,C00369,2025-12-08,Completed,5
O000120,C00921,2026-04-19,Completed,0
O000121,C00630,2025-11-14,Completed,5
O000122,C00999,2026-05-20,Completed,0
O000123,C00900,2026-01-16,Completed,10
O000124,C01204,2026-04-03,Completed,10
O000125,C01844,2025-10-25,Completed,20
O000126,C01464,2026-03-10,Completed,10
O000127,C00396,2025-11-22,Completed,0
O000128,C00874,2026-04-17,Completed,30
O000129,C00233,2026-04-26,Completed,20
O000130,C01316,2026-01-05,Completed,5
O000131,C00141,2026-06-23,Completed,5
O000132,C01947,2026-05-24,Completed,0
O000133,C01300,2025-10-29,Completed,10
O000134,C01992,2025-12-27,Completed,20
O000135,C01357,2025-07-25,Cancelled,10
O000136,C01914,2026-07-09,Completed,0
O000137,C01323,2026-03-24,Completed,10
O000138,C00839,2026-01-11,Completed,30
O000139,C01143,2026-01-18,Completed,0
O000140,C00603,2026-02-05,Cancelled,10
O000141,C01904,2025-10-12,Completed,5
O000142,C01431,2026-03-31,Completed,5
O000143,C00254,2026-06-25,Completed,20
O000144,C01555,2026-08-19,Completed,0
O000145,C01205,2026-02-11,Completed,15
O000146,C01468,2026-05-19,Completed,0
O000147,C01959,2026-03-14,Completed,15
O000148,C00975,2026-08-01,Completed,0
O000149,C00116,2025-12-20,Completed,0
O000150,C01273,2026-05-31,Completed,5
O000151,C00894,2026-04-06,Completed,0
O000152,C00394,2026-04-14,Completed,5
O000153,C00582,2026-07-31,Completed,10
O000154,C01723,2026-08-15,Completed,5
O000155,C01216,2026-02-09,Completed,10
O000156,C00039,2026-03-11,Cancelled,5
O000157,C01128,2025-09-18,Completed,0
O000158,C01058,2025-12-26,Completed,30
O000159,C00318,2025-11-21,Completed,20
O000160,C00701,2026-03-27,Completed,0
O000161,C01137,2025-09-01,Completed,10
O000162,C00827,2025-11-24,Completed,5
O000163,C00315,2025-06-29,Completed,15
O000164,C01930,2026-03-02,Cancelled,10
O000165,C00702,2026-01-02,Completed,20
O000166,C01768,2026-06-27,Completed,5
O000167,C01811,2026-04-02,Completed,5
O000168,C00083,2026-04-16,Completed,0
O000169,C00914,2025-11-12,Completed,0
O000170,C01773,2025-11-12,Completed,10
O000171,C00049,2025-11-24,Completed,5
O000172,C00311,2026-01-02,Completed,0
O000173,C00605,2026-03-01,Cancelled,10
O000174,C01816,2026-02-17,Completed,0
O000175,C01476,2025-09-10,Completed,20
O000176,C00229,2026-06-08,Completed,0
O000177,C01314,2026-07-14,Completed,0
O000178,C01726,2025-12-10,Cancelled,10
O000179,C00075,2025-10-03,Completed,0
O000180,C00016,2026-04-11,Cancelled,0
O000181,C00940,2025-08-24,Completed,15
O000182,C01101,2026-07-20,Completed,10
O000183,C00984,2026-02-12,Completed,5
O000184,C01730,2026-04-08,Cancelled,10
O000185,C01849,2026-03-06,Completed,0
O000186,C01993,2026-05-05,Completed,10
O000187,C01798,2026-08-02,Completed,15
O000188,C00449,2026-02-23,Completed,5
O000189,C01731,2026-03-28,Completed,0
O000190,C01902,2025-08-30,Completed,0
O000191,C00657,2026-01-14,Completed,10
O000192,C01878,2026-07-03,Completed,5
O000193,C00717,2025-06-30,Completed,5
O000194,C01975,2026-06-16,Completed,0
O000195,C00228,2026-05-07,Completed,0
O000196,C01808,2025-09-17,Completed,0
O000197,C01368,2026-07-30,Completed,20
O000198,C01660,2026-06-09,Completed,10
O000199,C01115,2026-07-07,Completed,0
O000200,C00411,2026-08-20,Completed,0
O000201,C01343,2026-01-08,Completed,15
O000202,C00462,2025-04-14,Completed,0
O000203,C00401,2026-03-13,Completed,5
O000204,C01876,2026-06-18,Completed,5
O000205,C00892,2026-06-28,Completed,15
O000206,C00155,2025-08-15,Completed,10
O000207,C00321,2026-08-03,Completed,5
O000208,C01689,2025-09-07,Completed,5
O000209,C01752,2025-09-12,Completed,5
O000210,C00739,2025-12-31,Cancelled,15
O000211,C01978,2026-08-20,Completed,10
O000212,C00551,2025-11-17,Completed,15
O000213,C01165,2025-06-10,Completed,20
O000214,C00713,2026-06-06,Completed,10
O000215,C01802,2026-01-19,Completed,10
O000216,C00811,2026-05-27,Completed,10
O000217,C01227,2025-06-10,Completed,0
O000218,C01010,2025-05-05,Completed,0
O000219,C01641,2025-10-27,Completed,5
O000220,C01067,2025-12-23,Completed,0
O000221,C00133,2025-10-23,Completed,10
O000222,C01922,2025-10-22,Completed,15
O000223,C00088,2026-02-25,Completed,0
O000224,C01106,2025-11-01,Completed,0
O000225,C01294,2026-05-24,Completed,0
O000226,C01887,2025-12-24,Completed,20
O000227,C00664,2026-06-20,Completed,10
O000228,C01774,2026-06-14,Completed,0
O000229,C01835,2026-06-30,Completed,10
O000230,C01319,2025-12-08,Completed,5
O000231,C01162,2025-10-13,Completed,15
O000232,C00554,2026-05-05,Completed,0
O000233,C00026,2026-07-09,Completed,5
O000234,C00106,2025-10-23,Completed,0
O000235,C00967,2026-07-26,Completed,0
O000236,C00110,2026-04-17,Completed,15
O000237,C00979,2026-06-27,Completed,0
O000238,C00905,2026-03-03,Completed,5
O000239,C00874,2026-03-29,Completed,0
O000240,C01072,2026-04-19,Completed,0
O000241,C00784,2026-04-15,Completed,20
O000242,C00165,2026-06-11,Completed,10
O000243,C00574,2026-05-03,Cancelled,0
O000244,C00798,2026-02-06,Completed,0
O000245,C00202,2026-05-23,Completed,0
O000246,C01613,2026-03-06,Completed,0
O000247,C01880,2026-05-31,Completed,0
O000248,C01225,2025-07-28,Completed,10
O000249,C00394,2025-11-23,Completed,10
O000250,C01807,2026-01-28,Completed,0
O000251,C01239,2025-08-14,Cancelled,0
O000252,C00987,2025-06-26,Completed,30
O000253,C01841,2025-11-02,Completed,0
O000254,C01311,2025-08-15,Completed,5
O000255,C00164,2026-08-13,Completed,10
O000256,C01572,2025-11-26,Completed,5
O000257,C01232,2026-08-14,Completed,10
O000258,C00742,2026-06-14,Cancelled,5
O000259,C01130,2025-10-27,Completed,5
O000260,C01341,2026-01-13,Cancelled,15
O000261,C00110,2026-04-01,Completed,10
O000262,C01718,2026-04-12,Completed,5
O000263,C00592,2026-04-09,Cancelled,0
O000264,C01520,2026-05-24,Completed,0
O000265,C00909,2026-07-26,Completed,0
O000266,C00099,2026-01-17,Completed,5
O000267,C01519,2025-07-21,Completed,15
O000268,C01970,2025-11-03,Completed,0
O000269,C01995,2025-05-26,Completed,15
O000270,C01921,2025-10-22,Completed,5
O000271,C01411,2026-06-08,Completed,15
O000272,C00802,2026-02-05,Completed,15
O000273,C01778,2025-05-21,Completed,0
O000274,C00912,2026-02-15,Completed,30
O000275,C01330,2026-08-01,Completed,5
O000276,C01582,2026-05-24,Completed,0
O000277,C01403,2025-08-15,Cancelled,0
O000278,C00789,2026-04-13,Completed,0
O000279,C01178,2026-02-20,Completed,0
O000280,C00759,2025-07-10,Completed,5
O000281,C00708,2026-06-17,Completed,5
O000282,C00275,2026-06-26,Completed,10
O000283,C00477,2026-05-04,Completed,30
O000284,C01735,2026-07-20,Completed,0
O000285,C00159,2026-04-06,Completed,0
O000286,C01071,2025-09-10,Completed,0
O000287,C01609,2026-01-02,Completed,0
O000288,C00799,2025-04-15,Completed,0
O000289,C00827,2026-08-03,Completed,5
O000290,C00950,2026-07-20,Completed,10
O000291,C01729,2026-05-06,Completed,0
O000292,C00138,2026-06-06,Completed,20
O000293,C01581,2026-03-28,Completed,5
O000294,C01987,2025-12-16,Completed,5
O000295,C01334,2025-08-06,Completed,15
O000296,C01152,2025-12-21,Completed,5
O000297,C00019,2026-03-03,Completed,0
O000298,C01987,2026-07-20,Completed,0
O000299,C00913,2025-09-12,Completed,20
O000300,C00917,2025-12-01,Completed,0
O000301,C01077,2026-04-13,Completed,5
O000302,C01028,2026-03-11,Completed,5
O000303,C00094,2026-07-18,Completed,0
O000304,C00852,2026-06-03,Completed,10
O000305,C01097,2026-02-18,Completed,10
O000306,C00768,2026-01-21,Completed,10
O000307,C00826,2025-10-09,Completed,0
O000308,C01101,2025-12-31,Completed,15
O000309,C00982,2025-07-05,Completed,10
O000310,C00352,2025-08-10,Completed,15
O000311,C00653,2026-04-18,Completed,30
O000312,C00721,2026-02-03,Completed,20
O000313,C01661,2025-11-11,Completed,20
O000314,C01083,2026-05-02,Completed,5
O000315,C01270,2026-02-27,Completed,30
O000316,C00850,2026-05-31,Completed,0
O000317,C01761,2026-02-24,Completed,10
O000318,C00746,2025-04-24,Completed,0
O000319,C01270,2026-07-16,Completed,5
O000320,C00985,2025-06-23,Completed,15
O000321,C01090,2025-11-01,Completed,5
O000322,C00558,2026-04-12,Completed,15
O000323,C01079,2026-02-07,Completed,5
O000324,C01200,2025-08-21,Completed,15
O000325,C01155,2025-12-03,Completed,0
O000326,C00495,2026-02-25,Completed,5
O000327,C01511,2026-03-29,Completed,0
O000328,C00971,2026-01-07,Completed,5
O000329,C00376,2026-06-05,Completed,0
O000330,C00887,2025-12-01,Completed,10
O000331,C00329,2026-06-06,Completed,0
O000332,C01047,2025-11-27,Completed,0
O000333,C00013,2026-06-07,Completed,20
O000334,C01636,2026-07-20,Completed,0
O000335,C00653,2026-01-25,Completed,5
O000336,C01324,2025-09-20,Completed,5
O000337,C01664,2025-09-14,Completed,0
O000338,C01001,2026-07-02,Completed,5
O000339,C00402,2025-10-23,Completed,5
O000340,C01876,2026-03-14,Completed,15
O000341,C01344,2025-07-28,Completed,20
O000342,C01379,2025-10-03,Completed,15
O000343,C01233,2026-04-13,Completed,5
O000344,C00617,2026-03-29,Completed,5
O000345,C00434,2026-04-13,Completed,15
O000346,C00257,2026-06-23,Cancelled,20
O000347,C00858,2026-04-20,Completed,5
O000348,C00623,2025-10-27,Completed,0
O000349,C01922,2025-12-31,Completed,20
O000350,C01352,2026-03-09,Completed,10
O000351,C00362,2025-12-28,Completed,0
O000352,C00736,2026-02-16,Completed,15
O000353,C01696,2026-05-27,Completed,5
O000354,C01404,2026-03-01,Completed,10
O000355,C00726,2025-02-14,Cancelled,0
O000356,C00585,2026-04-27,Completed,15
O000357,C01375,2026-03-11,Completed,0
O000358,C00989,2026-04-06,Cancelled,0
O000359,C00204,2026-03-08,Cancelled,30
O000360,C01078,2026-04-29,Completed,0
O000361,C00105,2026-01-25,Cancelled,5
O000362,C00668,2026-08-17,Completed,0
O000363,C00299,2026-04-14,Completed,15
O000364,C01775,2026-07-12,Completed,10
O000365,C00447,2025-04-26,Completed,0
O000366,C01944,2026-07-15,Completed,5
O000367,C01552,2026-06-03,Completed,0
O000368,C00875,2026-06-13,Completed,20
O000369,C00030,2026-06-03,Completed,15
O000370,C00747,2026-07-24,Completed,30
O000371,C00698,2025-11-22,Completed,10
O000372,C00351,2026-05-22,Completed,0
O000373,C01807,2026-01-19,Completed,0
O000374,C00353,2026-04-15,Completed,10
O000375,C00981,2026-02-11,Completed,15
O000376,C00659,2026-01-18,Completed,0
O000377,C00585,2026-06-15,Completed,15
O000378,C01234,2026-03-13,Completed,5
O000379,C01659,2026-08-04,Completed,20
O000380,C00860,2026-02-25,Completed,0
O000381,C01100,2025-05-30,Completed,5
O000382,C01235,2026-05-24,Cancelled,5
O000383,C00376,2025-09-11,Completed,0
O000384,C01297,2025-06-20,Completed,5
O000385,C01373,2025-12-01,Completed,5
O000386,C00770,2025-05-27,Completed,5
O000387,C01123,2026-07-15,Completed,5
O000388,C01213,2026-05-12,Completed,15
O000389,C00809,2026-07-15,Completed,15
O000390,C01138,2025-12-25,Completed,5
O000391,C01674,2026-01-28,Completed,0
O000392,C00798,2026-01-22,Completed,0
O000393,C00287,2026-03-28,Completed,15
O000394,C01047,2025-06-10,Completed,5
O000395,C01892,2025-09-18,Completed,0
O000396,C00327,2025-12-14,Completed,20
O000397,C00907,2026-02-18,Cancelled,20
O000398,C00073,2025-11-15,Cancelled,0
O000399,C00274,2025-08-10,Completed,0
O000400,C00124,2025-01-29,Completed,5
O000401,C00060,2026-05-16,Completed,10
O000402,C01241,2026-07-27,Completed,30
O000403,C01008,2025-11-14,Completed,10
O000404,C01189,2026-06-15,Completed,10
O000405,C01306,2025-12-18,Completed,15
O000406,C01793,2025-12-18,Completed,0
O000407,C01098,2025-12-14,Completed,10
O000408,C00623,2025-12-01,Completed,10
O000409,C00139,2025-12-05,Completed,15
O000410,C01750,2025-07-21,Completed,15
O000411,C00859,2026-04-22,Completed,5
O000412,C01914,2026-06-01,Completed,0
O000413,C01088,2026-01-02,Completed,0
O000414,C01941,2026-04-23,Cancelled,15
O000415,C01825,2025-08-27,Completed,0
O000416,C00988,2026-04-27,Completed,5
O000417,C00569,2026-05-07,Cancelled,0
O000418,C00577,2026-01-05,Completed,10
O000419,C01625,2026-04-15,Completed,10
O000420,C01667,2026-02-09,Completed,10
O000421,C00434,2025-11-22,Completed,15
O000422,C01390,2025-11-28,Completed,20
O000423,C00916,2025-12-10,Completed,10
O000424,C00977,2026-03-12,Completed,0
O000425,C00417,2026-05-19,Completed,0
O000426,C00792,2026-06-24,Completed,30
O000427,C00738,2025-04-19,Completed,0
O000428,C01228,2026-02-14,Completed,5
O000429,C01630,2026-04-30,Completed,0
O000430,C00698,2025-08-14,Completed,0
O000431,C00032,2025-08-17,Cancelled,20
O000432,C01205,2025-12-14,Completed,30
O000433,C01796,2026-05-20,Cancelled,5
O000434,C01316,2026-02-12,Completed,5
O000435,C01763,2026-04-20,Completed,10
O000436,C00880,2026-07-05,Completed,10
O000437,C01571,2026-02-15,Cancelled,0
O000438,C01913,2026-05-26,Completed,10
O000439,C01690,2026-04-07,Completed,10
O000440,C00668,2026-06-20,Completed,5
O000441,C00680,2025-08-16,Completed,0
O000442,C00459,2025-12-01,Completed,0
O000443,C01642,2026-01-16,Completed,0
O000444,C01849,2026-04-05,Completed,5
O000445,C00007,2026-05-27,Completed,10
O000446,C01878,2025-12-16,Completed,10
O000447,C01227,2026-07-20,Cancelled,0
O000448,C01441,2025-12-12,Completed,5
O000449,C00688,2025-08-13,Completed,10
O000450,C01973,2026-06-10,Completed,0
O000451,C00134,2025-11-15,Completed,0
O000452,C00607,2026-05-25,Completed,10
O000453,C00965,2025-12-04,Completed,0
O000454,C00826,2025-08-11,Completed,0
O000455,C01114,2026-06-12,Completed,5
O000456,C01557,2025-04-02,Completed,5
O000457,C01649,2026-05-16,Completed,0
O000458,C00975,2026-02-27,Completed,0
O000459,C01652,2025-07-31,Completed,10
O000460,C00620,2026-08-15,Completed,0
O000461,C01047,2025-06-30,Completed,5
O000462,C00479,2026-07-12,Completed,15
O000463,C00467,2025-11-18,Completed,0
O000464,C00989,2026-06-29,Completed,15
O000465,C01755,2026-05-20,Completed,0
O000466,C00853,2025-10-29,Completed,0
O000467,C01195,2026-04-02,Completed,5
O000468,C01251,2026-06-10,Completed,10
O000469,C01783,2026-06-10,Completed,0
O000470,C01969,2026-03-04,Completed,5
O000471,C01166,2025-06-29,Completed,5
O000472,C01521,2025-11-28,Completed,15
O000473,C01697,2026-01-29,Completed,0
O000474,C00985,2025-08-22,Completed,5
O000475,C01674,2025-12-31,Completed,5
O000476,C01723,2026-04-30,Completed,0
O000477,C00467,2025-10-12,Completed,30
O000478,C01980,2026-05-01,Completed,5
O000479,C00286,2026-08-16,Completed,20
O000480,C00775,2025-11-16,Completed,20
O000481,C00456,2026-05-24,Completed,5
O000482,C00929,2025-06-04,Completed,0
O000483,C01818,2026-07-23,Completed,0
O000484,C01185,2026-06-09,Cancelled,15
O000485,C01527,2026-03-20,Completed,0
O000486,C01086,2026-04-03,Completed,0
O000487,C01770,2026-03-18,Completed,0
O000488,C01673,2025-06-05,Completed,10
O000489,C00846,2026-06-03,Completed,10
O000490,C00408,2026-05-12,Completed,10
O000491,C00639,2025-10-05,Completed,0
O000492,C00203,2026-07-30,Completed,15
O000493,C00167,2026-01-13,Completed,5
O000494,C00473,2026-07-26,Completed,0
O000495,C01514,2026-03-11,Completed,0
O000496,C00892,2026-02-21,Completed,0
O000497,C00387,2026-04-29,Completed,20
O000498,C00740,2026-02-21,Completed,5
O000499,C00633,2026-07-27,Completed,5
O000500,C01664,2025-09-19,Completed,10
O000501,C01825,2025-08-20,Completed,5
O000502,C00344,2026-02-22,Completed,0
O000503,C00342,2026-03-01,Completed,30
O000504,C00545,2025-01-26,Completed,0
O000505,C00580,2026-05-15,Completed,10
O000506,C01460,2025-07-06,Completed,10
O000507,C01289,2026-02-24,Completed,0
O000508,C01837,2025-11-28,Completed,0
O000509,C01057,2026-06-08,Cancelled,5
O000510,C00517,2026-08-06,Cancelled,20
O000511,C00833,2026-04-30,Completed,15
O000512,C01049,2026-06-01,Completed,10
O000513,C00885,2025-09-26,Completed,20
O000514,C00953,2026-04-07,Completed,0
O000515,C01062,2026-01-17,Completed,10
O000516,C01392,2026-03-19,Completed,15
O000517,C01936,2025-12-24,Completed,0
O000518,C01600,2026-03-23,Completed,5
O000519,C01797,2026-08-08,Completed,0
O000520,C00377,2026-06-24,Completed,10
O000521,C00489,2026-03-26,Completed,15
O000522,C01041,2025-08-03,Cancelled,0
O000523,C01678,2026-05-31,Completed,0
O000524,C00237,2026-07-29,Completed,0
O000525,C00473,2026-02-28,Completed,0
O000526,C01664,2026-01-16,Completed,0
O000527,C01751,2026-07-31,Completed,0
O000528,C00258,2026-07-04,Completed,0
O000529,C01195,2026-07-21,Completed,15
O000530,C01804,2026-03-29,Completed,0
O000531,C00041,2026-07-31,Completed,15
O000532,C01535,2025-12-16,Completed,0
O000533,C01286,2025-09-02,Completed,0
O000534,C00266,2026-08-01,Completed,0
O000535,C01005,2025-12-07,Completed,20
O000536,C00888,2026-07-08,Completed,10
O000537,C01181,2026-07-06,Completed,0
O000538,C01155,2025-10-29,Completed,5
O000539,C01256,2026-02-22,Completed,0
O000540,C01355,2026-06-23,Completed,0
O000541,C00330,2025-07-04,Completed,20
O000542,C01961,2026-02-09,Completed,10
O000543,C00084,2026-05-14,Completed,30
O000544,C01627,2025-05-08,Completed,0
O000545,C00687,2025-06-20,Completed,15
O000546,C00223,2025-01-29,Completed,0
O000547,C01340,2026-08-06,Completed,5
O000548,C00165,2026-03-01,Completed,0
O000549,C01389,2025-12-23,Completed,30
O000550,C00019,2026-04-29,Completed,0
O000551,C00989,2026-04-08,Completed,0
O000552,C00721,2025-12-24,Completed,5
O000553,C01110,2026-05-17,Completed,30
O000554,C00898,2026-03-24,Completed,20
O000555,C00602,2026-05-01,Completed,10
O000556,C00624,2026-05-15,Completed,0
O000557,C01656,2025-11-13,Completed,5
O000558,C00793,2026-04-25,Completed,15
O000559,C00961,2026-08-06,Completed,0
O000560,C01769,2026-08-17,Completed,5
O000561,C00174,2026-05-23,Completed,20
O000562,C00628,2025-12-04,Completed,10
O000563,C01655,2025-07-15,Cancelled,20
O000564,C00434,2026-01-14,Completed,15
O000565,C00087,2026-03-30,Completed,10
O000566,C00560,2025-05-11,Completed,0
O000567,C00467,2025-05-18,Completed,15
O000568,C01165,2025-06-02,Completed,5
O000569,C00281,2026-05-20,Completed,20
O000570,C01235,2026-06-15,Completed,20
O000571,C00769,2026-04-02,Completed,0
O000572,C01539,2026-06-18,Completed,10
O000573,C00070,2026-05-23,Completed,0
O000574,C01168,2025-07-08,Completed,5
O000575,C01199,2026-01-08,Completed,0
O000576,C00798,2026-02-04,Completed,0
O000577,C01401,2026-01-04,Completed,0
O000578,C00225,2026-04-30,Completed,0
O000579,C01916,2026-06-19,Completed,10
O000580,C01937,2026-08-18,Completed,5
O000581,C01269,2026-04-11,Completed,20
O000582,C01836,2025-06-27,Completed,5
O000583,C00596,2026-06-17,Completed,15
O000584,C01013,2026-02-15,Completed,10
O000585,C01110,2025-08-28,Completed,15
O000586,C01641,2026-06-14,Completed,0
O000587,C01579,2025-09-16,Completed,15
O000588,C00391,2026-04-25,Completed,0
O000589,C01927,2026-05-22,Completed,15
O000590,C00677,2025-12-31,Completed,10
O000591,C01256,2026-08-07,Completed,20
O000592,C01759,2025-08-18,Completed,0
O000593,C00697,2026-01-05,Completed,0
O000594,C00639,2026-01-27,Completed,10
O000595,C01671,2025-08-19,Completed,0
O000596,C00975,2026-04-09,Completed,0
O000597,C00918,2025-11-22,Completed,5
O000598,C01050,2026-02-20,Completed,0
O000599,C00483,2026-01-12,Completed,5
O000600,C01231,2025-11-30,Completed,20
O000601,C00830,2026-04-13,Completed,15
O000602,C00163,2026-07-03,Completed,10
O000603,C01383,2025-12-19,Completed,20
O000604,C00307,2026-05-01,Completed,0
O000605,C01964,2026-02-08,Completed,30
O000606,C01433,2026-06-02,Completed,5
O000607,C01062,2026-01-21,Completed,5
O000608,C00001,2025-09-25,Completed,0
O000609,C01879,2026-08-01,Completed,0
O000610,C01505,2026-08-06,Completed,10
O000611,C00916,2026-08-11,Completed,20
O000612,C00641,2026-06-22,Completed,20
O000613,C01505,2026-02-02,Completed,10
O000614,C01020,2026-06-17,Completed,0
O000615,C00531,2026-01-06,Cancelled,5
O000616,C01743,2026-07-16,Completed,5
O000617,C01129,2026-08-08,Completed,0
O000618,C01772,2025-08-28,Completed,30
O000619,C01427,2025-10-24,Completed,0
O000620,C00666,2026-08-04,Completed,10
O000621,C01894,2026-05-22,Completed,15
O000622,C00762,2025-10-03,Completed,20
O000623,C00756,2026-07-01,Completed,5
O000624,C00133,2025-10-13,Completed,0
O000625,C00410,2025-10-05,Cancelled,20
O000626,C01139,2026-05-12,Completed,0
O000627,C01799,2026-05-07,Completed,5
O000628,C00297,2026-05-01,Completed,0
O000629,C00197,2025-09-17,Completed,15
O000630,C00544,2026-05-23,Completed,5
O000631,C01885,2025-05-13,Completed,15
O000632,C00553,2026-05-23,Completed,20
O000633,C01714,2026-04-09,Completed,0
O000634,C01220,2026-04-18,Completed,20
O000635,C00670,2026-05-10,Completed,10
O000636,C01178,2026-04-09,Completed,5
O000637,C00276,2026-07-08,Completed,10
O000638,C00505,2025-06-19,Completed,5
O000639,C00675,2026-03-06,Completed,10
O000640,C01986,2026-07-04,Completed,10
O000641,C01045,2026-03-10,Completed,15
O000642,C00029,2026-06-22,Completed,0
O000643,C00869,2026-05-15,Completed,0
O000644,C00838,2026-05-24,Completed,0
O000645,C00959,2025-05-27,Completed,0
O000646,C00879,2025-07-07,Completed,5
O000647,C00449,2026-06-18,Completed,20
O000648,C01523,2025-09-26,Completed,0
O000649,C01059,2026-05-05,Completed,0
O000650,C01049,2026-01-26,Completed,30
O000651,C01869,2026-06-13,Completed,5
O000652,C01220,2026-06-03,Completed,5
O000653,C01815,2026-06-22,Cancelled,0
O000654,C00763,2025-06-03,Completed,30
O000655,C01467,2026-02-07,Completed,0
O000656,C00762,2026-03-05,Completed,5
O000657,C00794,2026-01-04,Completed,15
O000658,C01890,2026-07-20,Completed,10
O000659,C01117,2026-05-15,Completed,0
O000660,C01289,2026-06-09,Completed,0
O000661,C01584,2026-05-02,Completed,30
O000662,C00074,2025-12-22,Completed,0
O000663,C01908,2026-06-15,Completed,10
O000664,C00344,2026-07-21,Completed,20
O000665,C01724,2026-04-28,Completed,0
O000666,C00332,2026-05-11,Cancelled,5
O000667,C01692,2026-07-09,Completed,0
O000668,C00834,2025-11-04,Completed,10
O000669,C00950,2026-07-23,Completed,0
O000670,C00836,2025-05-15,Completed,15
O000671,C00403,2026-02-24,Completed,0
O000672,C00651,2025-03-28,Completed,10
O000673,C00992,2026-07-29,Completed,0
O000674,C01085,2026-02-28,Completed,0
O000675,C00258,2026-03-11,Completed,5
O000676,C00342,2026-06-23,Completed,0
O000677,C00093,2026-05-05,Completed,5
O000678,C01661,2025-12-20,Completed,0
O000679,C00901,2026-06-02,Completed,0
O000680,C01391,2025-06-05,Completed,0
O000681,C00132,2026-04-24,Completed,20
O000682,C00691,2026-08-10,Completed,5
O000683,C00582,2025-12-10,Completed,10
O000684,C00019,2026-03-29,Completed,5
O000685,C01617,2026-08-17,Completed,0
O000686,C00863,2026-04-17,Cancelled,0
O000687,C00833,2025-08-02,Completed,10
O000688,C00915,2026-02-07,Completed,10
O000689,C00641,2026-03-08,Completed,0
O000690,C00472,2026-08-14,Completed,20
O000691,C00235,2026-02-11,Completed,0
O000692,C01292,2026-06-24,Completed,5
O000693,C01981,2025-11-20,Completed,0
O000694,C00838,2026-06-23,Completed,10
O000695,C01754,2026-05-21,Completed,15
O000696,C01440,2026-07-11,Completed,10
O000697,C00891,2026-08-17,Completed,20
O000698,C00202,2025-11-25,Completed,15
O000699,C01537,2026-04-10,Completed,5
O000700,C01664,2025-12-30,Completed,30
O000701,C00413,2026-01-07,Completed,5
O000702,C01136,2025-10-31,Completed,0
O000703,C00298,2026-08-11,Completed,20
O000704,C00775,2026-08-11,Completed,20
O000705,C00739,2025-10-11,Completed,5
O000706,C00086,2026-03-03,Completed,5
O000707,C00149,2026-04-24,Completed,15
O000708,C00766,2026-07-06,Completed,5
O000709,C01093,2026-05-25,Completed,10
O000710,C00593,2026-03-13,Completed,10
O000711,C01342,2026-02-27,Completed,10
O000712,C00293,2026-07-29,Completed,0
O000713,C01916,2026-06-06,Completed,0
O000714,C01953,2026-07-18,Completed,0
O000715,C01671,2026-05-18,Completed,0
O000716,C00638,2026-03-30,Completed,5
O000717,C01951,2026-05-01,Completed,0
O000718,C00460,2026-01-17,Completed,10
O000719,C01206,2026-01-21,Completed,5
O000720,C01117,2026-05-06,Completed,0
O000721,C00785,2026-03-21,Completed,10
O000722,C00984,2025-12-13,Completed,0
O000723,C00646,2026-02-28,Completed,15
O000724,C01597,2026-03-13,Completed,10
O000725,C01109,2026-05-28,Completed,5
O000726,C01624,2025-04-08,Completed,5
O000727,C00867,2026-04-27,Completed,10
O000728,C01833,2025-06-02,Completed,5
O000729,C01029,2026-04-15,Completed,0
O000730,C01811,2026-07-03,Completed,15
O000731,C01403,2025-06-19,Completed,10
O000732,C00323,2025-12-14,Completed,20
O000733,C00601,2026-04-26,Completed,20
O000734,C01511,2026-07-13,Completed,10
O000735,C01390,2025-12-31,Completed,0
O000736,C00664,2026-08-13,Completed,10
O000737,C00574,2026-04-30,Completed,15
O000738,C01714,2026-04-04,Cancelled,5
O000739,C00459,2025-06-12,Completed,5
O000740,C00619,2026-07-23,Completed,10
O000741,C00247,2026-02-10,Completed,30
O000742,C00559,2026-04-11,Completed,0
O000743,C01644,2026-07-03,Completed,15
O000744,C01865,2025-08-18,Completed,5
O000745,C00838,2026-05-16,Completed,20
O000746,C00571,2026-05-31,Completed,15
O000747,C00948,2025-06-19,Completed,10
O000748,C00348,2025-07-22,Completed,30
O000749,C00583,2026-07-10,Completed,0
O000750,C00991,2026-02-08,Completed,10
O000751,C01266,2025-06-22,Completed,0
O000752,C00920,2026-07-14,Completed,5
O000753,C01069,2026-07-04,Completed,10
O000754,C00734,2026-05-17,Cancelled,5
O000755,C01216,2026-04-19,Completed,10
O000756,C01159,2026-07-28,Cancelled,0
O000757,C00740,2026-06-08,Completed,15
O000758,C00870,2026-08-20,Completed,15
O000759,C00438,2025-12-07,Completed,15
O000760,C00014,2026-03-11,Completed,15
O000761,C01573,2026-07-23,Completed,5
O000762,C01409,2025-12-15,Completed,30
O000763,C00727,2026-03-23,Completed,30
O000764,C01032,2026-03-14,Completed,0
O000765,C01760,2025-01-27,Completed,0
O000766,C00484,2026-05-04,Completed,10
O000767,C00208,2026-05-31,Completed,0
O000768,C00949,2025-01-08,Completed,0
O000769,C00540,2026-04-15,Completed,0
O000770,C01791,2026-06-29,Completed,5
O000771,C01781,2026-01-10,Completed,10
O000772,C01725,2025-05-01,Completed,10
O000773,C01672,2026-01-27,Completed,0
O000774,C00135,2025-09-12,Completed,10
O000775,C01481,2026-01-17,Completed,15
O000776,C00088,2025-07-13,Completed,0
O000777,C01709,2025-11-27,Completed,15
O000778,C01806,2025-12-19,Completed,30
O000779,C01407,2026-05-27,Cancelled,10
O000780,C00311,2026-07-21,Completed,0
O000781,C01428,2026-02-10,Completed,20
O000782,C00730,2026-03-31,Completed,10
O000783,C00303,2025-07-03,Completed,0
O000784,C01545,2025-06-05,Completed,20
O000785,C00172,2026-05-23,Completed,0
O000786,C01486,2026-04-16,Completed,0
O000787,C01000,2026-03-12,Completed,20
O000788,C00257,2026-06-01,Completed,5
O000789,C01473,2026-05-21,Completed,5
O000790,C00950,2026-06-05,Completed,15
O000791,C01397,2025-09-03,Completed,20
O000792,C00341,2025-09-26,Completed,10
O000793,C01194,2025-10-17,Completed,0
O000794,C00057,2026-03-17,Completed,20
O000795,C00325,2026-07-31,Completed,5
O000796,C01493,2025-08-30,Completed,5
O000797,C01032,2025-07-05,Completed,5
O000798,C01049,2026-04-22,Completed,0
O000799,C00425,2026-04-13,Completed,5
O000800,C00317,2026-07-04,Completed,20
O000801,C00076,2026-05-19,Completed,10
O000802,C01822,2026-01-02,Completed,10
O000803,C00550,2026-04-19,Completed,15
O000804,C01245,2026-06-06,Completed,20
O000805,C00382,2025-06-21,Completed,5
O000806,C01004,2025-10-31,Completed,5
O000807,C01495,2026-01-01,Completed,10
O000808,C01993,2026-06-02,Completed,10
O000809,C01067,2025-12-04,Completed,0
O000810,C00645,2026-07-29,Completed,0
O000811,C01526,2025-11-18,Completed,0
O000812,C00149,2026-03-27,Completed,0
O000813,C01417,2026-07-19,Completed,0
O000814,C00131,2026-04-16,Completed,0
O000815,C01937,2026-03-08,Completed,0
O000816,C01641,2026-06-21,Completed,5
O000817,C01436,2026-03-21,Completed,15
O000818,C01069,2026-02-13,Completed,5
O000819,C01398,2025-06-03,Completed,10
O000820,C01439,2026-06-07,Completed,20
O000821,C01516,2025-11-17,Completed,5
O000822,C00105,2025-11-04,Completed,10
O000823,C01071,2025-11-23,Cancelled,20
O000824,C00314,2025-08-01,Cancelled,0
O000825,C01676,2026-06-20,Completed,0
O000826,C00501,2026-05-23,Completed,15
O000827,C00771,2026-06-29,Completed,10
O000828,C00096,2025-04-20,Completed,20
O000829,C00275,2025-10-06,Completed,10
O000830,C00417,2026-08-13,Completed,5
O000831,C00619,2026-01-28,Completed,15
O000832,C00655,2026-01-24,Completed,5
O000833,C01248,2025-10-14,Completed,5
O000834,C00098,2025-06-25,Completed,5
O000835,C00572,2026-08-07,Completed,10
O000836,C01722,2025-03-27,Completed,10
O000837,C00253,2025-07-10,Completed,5
O000838,C01680,2026-06-20,Completed,20
O000839,C01926,2025-12-13,Completed,0
O000840,C00264,2026-08-15,Completed,10
O000841,C00783,2026-03-27,Completed,0
O000842,C01564,2025-12-15,Completed,0
O000843,C00322,2025-06-04,Completed,0
O000844,C01555,2026-01-11,Completed,0
O000845,C00599,2025-09-15,Cancelled,30
O000846,C00944,2026-04-12,Completed,0
O000847,C01284,2025-08-04,Completed,0
O000848,C00802,2026-03-31,Completed,5
O000849,C00908,2025-05-22,Completed,0
O000850,C01489,2025-07-21,Completed,30
O000851,C00980,2026-05-19,Completed,10
O000852,C01802,2025-10-09,Completed,0
O000853,C01238,2025-08-14,Completed,5
O000854,C00335,2025-10-19,Completed,0
O000855,C01762,2026-01-20,Completed,0
O000856,C00117,2026-04-14,Completed,20
O000857,C01569,2025-08-26,Completed,10
O000858,C01881,2026-03-01,Completed,0
O000859,C00799,2025-11-02,Completed,20
O000860,C00121,2025-08-07,Completed,5
O000861,C00586,2026-04-15,Cancelled,5
O000862,C00841,2025-04-27,Completed,5
O000863,C00043,2026-03-09,Completed,5
O000864,C00803,2025-12-12,Completed,0
O000865,C01597,2025-10-29,Completed,0
O000866,C00932,2026-01-16,Completed,0
O000867,C01538,2025-10-07,Completed,0
O000868,C00334,2026-01-21,Completed,20
O000869,C00632,2026-02-14,Completed,5
O000870,C00222,2026-01-30,Completed,15
O000871,C01908,2026-05-27,Completed,15
O000872,C00589,2026-02-28,Completed,5
O000873,C01237,2026-02-02,Completed,10
O000874,C01527,2025-07-21,Cancelled,0
O000875,C00585,2026-03-20,Completed,0
O000876,C00052,2025-07-16,Completed,0
O000877,C01043,2026-02-09,Completed,0
O000878,C00309,2025-07-05,Completed,20
O000879,C00870,2026-04-10,Completed,5
O000880,C01647,2026-05-11,Completed,0
O000881,C00723,2026-03-21,Cancelled,5
O000882,C00622,2026-05-21,Completed,15
O000883,C00133,2026-06-11,Completed,0
O000884,C01223,2025-06-20,Completed,0
O000885,C01569,2026-05-09,Completed,0
O000886,C00007,2025-10-06,Completed,5
O000887,C00536,2026-07-30,Cancelled,0
O000888,C01751,2025-09-14,Completed,0
O000889,C01312,2025-05-14,Completed,5
O000890,C01333,2026-07-19,Completed,0
O000891,C01190,2026-05-14,Completed,15
O000892,C00960,2026-08-12,Completed,10
O000893,C01841,2025-09-07,Completed,10
O000894,C00478,2026-07-07,Completed,20
O000895,C01426,2026-06-08,Completed,20
O000896,C00121,2025-03-04,Completed,0
O000897,C01366,2025-03-31,Completed,0
O000898,C01964,2025-09-14,Completed,30
O000899,C01471,2026-04-29,Completed,0
O000900,C00763,2026-01-18,Completed,15
O000901,C01532,2025-07-13,Completed,10
O000902,C00840,2025-06-24,Completed,5
O000903,C01938,2026-04-02,Completed,0
O000904,C01274,2025-08-06,Completed,0
O000905,C00303,2025-09-07,Completed,0
O000906,C01645,2026-07-14,Completed,20
O000907,C00556,2026-05-11,Completed,0
O000908,C01284,2026-05-21,Completed,0
O000909,C01499,2025-10-02,Completed,15
O000910,C00884,2026-03-19,Completed,5
O000911,C00673,2026-03-16,Completed,5
O000912,C00898,2026-05-24,Completed,0
O000913,C01458,2026-03-01,Completed,5
O000914,C01309,2026-01-03,Completed,0
O000915,C01586,2026-01-08,Completed,0
O000916,C01158,2025-04-26,Completed,15
O000917,C01597,2026-03-31,Completed,5
O000918,C01776,2025-07-31,Completed,0
O000919,C01296,2026-08-17,Completed,0
O000920,C01111,2026-07-16,Completed,0
O000921,C01852,2026-03-07,Completed,0
O000922,C00575,2026-08-17,Completed,10
O000923,C00040,2026-03-15,Completed,20
O000924,C00546,2026-08-02,Completed,5
O000925,C00483,2026-06-04,Completed,20
O000926,C01463,2025-11-29,Completed,15
O000927,C01564,2026-02-11,Completed,0
O000928,C00343,2026-04-11,Completed,15
O000929,C01533,2025-06-15,Completed,0
O000930,C00448,2026-04-23,Completed,0
O000931,C01551,2026-06-05,Completed,5
O000932,C01433,2026-05-30,Completed,10
O000933,C01783,2026-03-24,Completed,5
O000934,C00580,2026-01-08,Completed,10
O000935,C01885,2025-12-27,Completed,10
O000936,C01101,2026-04-17,Completed,5
O000937,C00201,2025-08-12,Completed,15
O000938,C01823,2026-08-16,Completed,5
O000939,C00435,2026-04-20,Completed,10
O000940,C00931,2026-04-09,Completed,10
O000941,C01948,2026-06-26,Cancelled,0
O000942,C00621,2026-04-27,Completed,5
O000943,C01504,2026-06-18,Completed,0
O000944,C00369,2025-08-18,Completed,20
O000945,C00496,2025-10-14,Completed,0
O000946,C00161,2025-07-09,Completed,20
O000947,C01619,2026-07-07,Completed,0
O000948,C00699,2026-03-02,Completed,15
O000949,C00407,2025-12-25,Completed,0
O000950,C01111,2026-05-03,Completed,0
O000951,C00057,2026-08-09,Completed,5
O000952,C00711,2026-03-28,Completed,0
O000953,C01341,2025-09-17,Completed,5
O000954,C00246,2025-11-03,Completed,10
O000955,C01857,2025-12-03,Completed,5
O000956,C01968,2026-02-20,Completed,10
O000957,C01493,2026-07-09,Cancelled,5
O000958,C00264,2025-09-25,Completed,0
O000959,C00566,2026-04-25,Completed,30
O000960,C00757,2026-03-19,Completed,0
O000961,C00807,2025-11-28,Completed,15
O000962,C00592,2026-04-10,Completed,0
O000963,C01526,2025-07-27,Completed,20
O000964,C00447,2025-10-24,Completed,0
O000965,C01451,2026-08-19,Completed,10
O000966,C00290,2026-07-24,Completed,5
O000967,C01377,2026-01-10,Completed,0
O000968,C00370,2026-04-26,Completed,0
O000969,C00973,2026-04-20,Completed,30
O000970,C01557,2025-06-13,Completed,0
O000971,C00664,2026-04-03,Completed,5
O000972,C01724,2026-04-20,Completed,0
O000973,C00452,2026-05-08,Completed,10
O000974,C00099,2025-08-20,Completed,10
O000975,C00514,2026-05-06,Completed,0
O000976,C00581,2026-04-12,Cancelled,10
O000977,C01117,2026-08-06,Completed,5
O000978,C00321,2026-05-09,Completed,10
O000979,C00955,2026-06-08,Completed,10
O000980,C00253,2026-06-21,Completed,10
O000981,C00961,2025-11-25,Completed,30
O000982,C01467,2026-05-01,Cancelled,10
O000983,C01041,2025-08-15,Completed,15
O000984,C00308,2025-09-18,Completed,15
O000985,C01178,2026-02-02,Completed,0
O000986,C01426,2026-01-02,Completed,5
O000987,C00581,2026-07-02,Completed,5
O000988,C00899,2025-11-15,Completed,5
O000989,C00770,2025-10-21,Completed,10
O000990,C01092,2025-10-20,Completed,0
O000991,C00559,2026-08-16,Completed,0
O000992,C01186,2026-07-27,Completed,20
O000993,C01297,2025-10-18,Completed,5
O000994,C00379,2025-06-18,Completed,0
O000995,C01508,2026-05-14,Completed,5
O000996,C01086,2026-03-20,Completed,0
O000997,C01754,2025-12-15,Completed,20
O000998,C00515,2026-05-19,Completed,0
O000999,C00666,2026-08-06,Completed,10
O001000,C00120,2026-07-16,Completed,0
O001001,C00769,2025-06-14,Completed,15
O001002,C01983,2026-03-19,Completed,15
O001003,C01691,2025-11-24,Cancelled,15
O001004,C01859,2026-01-07,Completed,20
O001005,C01648,2026-07-10,Completed,5
O001006,C01603,2026-07-03,Completed,20
O001007,C00950,2026-04-12,Completed,10
O001008,C00896,2026-03-24,Completed,0
O001009,C00838,2026-03-10,Completed,15
O001010,C00490,2026-04-02,Completed,5
O001011,C01718,2025-10-01,Completed,5
O001012,C01280,2026-03-08,Completed,15
O001013,C01027,2026-01-31,Completed,20
O001014,C01962,2025-10-03,Completed,0
O001015,C00864,2026-07-16,Completed,0
O001016,C00882,2025-04-04,Completed,15
O001017,C01436,2026-08-14,Completed,0
O001018,C01661,2025-06-06,Completed,0
O001019,C01371,2026-03-29,Completed,5
O001020,C00111,2026-02-21,Completed,0
O001021,C01114,2026-03-05,Cancelled,5
O001022,C00360,2026-06-23,Completed,5
O001023,C00259,2026-01-08,Completed,10
O001024,C01152,2025-12-22,Completed,0
O001025,C01344,2026-08-12,Completed,0
O001026,C00069,2026-05-22,Completed,10
O001027,C00869,2026-04-17,Completed,0
O001028,C01272,2026-01-18,Completed,0
O001029,C01373,2026-05-04,Completed,20
O001030,C01657,2025-02-26,Completed,15
O001031,C01486,2025-04-07,Completed,15
O001032,C00740,2025-09-24,Completed,5
O001033,C00466,2026-08-06,Completed,5
O001034,C00069,2026-03-18,Cancelled,15
O001035,C00484,2026-04-19,Completed,15
O001036,C00987,2025-09-20,Completed,15
O001037,C00282,2026-05-21,Completed,15
O001038,C01643,2025-08-04,Completed,0
O001039,C00395,2025-09-22,Completed,5
O001040,C00693,2026-06-08,Completed,15
O001041,C01467,2026-07-23,Completed,10
O001042,C01878,2026-07-15,Completed,10
O001043,C01243,2025-07-28,Completed,20
O001044,C00263,2026-06-15,Completed,0
O001045,C01647,2026-08-12,Completed,15
O001046,C01309,2025-12-26,Completed,5
O001047,C01888,2026-03-18,Completed,10
O001048,C00427,2026-02-03,Completed,10
O001049,C01161,2026-06-11,Cancelled,0
O001050,C00612,2026-07-29,Completed,0
O001051,C01075,2026-04-08,Completed,10
O001052,C01591,2026-05-25,Completed,0
O001053,C00841,2025-03-12,Completed,5
O001054,C00764,2025-09-12,Completed,5
O001055,C00910,2025-08-29,Completed,15
O001056,C01712,2025-08-20,Completed,20
O001057,C01228,2026-07-02,Completed,5
O001058,C00947,2025-05-14,Completed,20
O001059,C00831,2025-07-31,Cancelled,0
O001060,C01703,2026-06-19,Completed,5
O001061,C01736,2026-02-09,Completed,10
O001062,C01237,2026-06-04,Completed,10
O001063,C00697,2025-09-11,Completed,5
O001064,C01947,2026-07-02,Completed,5
O001065,C00176,2026-05-12,Completed,0
O001066,C00703,2025-05-07,Completed,0
O001067,C00350,2025-08-13,Completed,0
O001068,C01879,2026-05-09,Completed,10
O001069,C01585,2026-01-17,Completed,5
O001070,C01027,2026-07-24,Completed,0
O001071,C00813,2026-05-20,Completed,20
O001072,C00895,2026-04-05,Cancelled,5
O001073,C00316,2026-05-15,Completed,10
O001074,C01300,2026-07-04,Completed,0
O001075,C01451,2025-11-07,Cancelled,10
O001076,C00368,2026-02-28,Completed,10
O001077,C01398,2026-06-11,Completed,10
O001078,C00930,2026-01-09,Completed,0
O001079,C01876,2026-03-02,Cancelled,0
O001080,C00154,2025-12-04,Completed,0
O001081,C01828,2026-02-03,Completed,10
O001082,C01115,2026-06-16,Completed,20
O001083,C01433,2026-04-02,Completed,20
O001084,C01567,2026-07-23,Completed,5
O001085,C00858,2026-03-11,Completed,0
O001086,C01325,2025-12-20,Completed,0
O001087,C00016,2026-07-31,Completed,10
O001088,C01527,2026-03-02,Completed,10
O001089,C00263,2025-10-03,Completed,0
O001090,C00378,2026-01-15,Completed,10
O001091,C00329,2026-03-24,Completed,20
O001092,C01489,2025-12-16,Completed,0
O001093,C01320,2026-07-31,Completed,0
O001094,C01019,2026-05-01,Completed,5
O001095,C01410,2026-05-11,Completed,30
O001096,C00997,2026-03-14,Completed,15
O001097,C00012,2025-11-10,Completed,5
O001098,C01543,2025-08-19,Completed,10
O001099,C00869,2026-04-05,Completed,5
O001100,C00767,2026-03-26,Completed,10
O001101,C01995,2025-07-29,Completed,5
O001102,C00465,2026-06-06,Completed,5
O001103,C01452,2025-08-05,Completed,20
O001104,C01077,2026-05-26,Completed,5
O001105,C00156,2025-08-16,Cancelled,30
O001106,C00983,2025-04-28,Completed,20
O001107,C01059,2026-05-04,Completed,5
O001108,C00329,2026-04-23,Completed,15
O001109,C00579,2025-08-16,Completed,0
O001110,C00375,2026-05-18,Completed,5
O001111,C01215,2026-05-03,Completed,0
O001112,C01642,2025-11-24,Cancelled,0
O001113,C01170,2026-04-14,Completed,20
O001114,C01889,2025-11-22,Completed,5
O001115,C00314,2025-10-05,Completed,0
O001116,C00661,2026-04-01,Completed,5
O001117,C00801,2026-07-02,Completed,20
O001118,C01723,2026-01-21,Completed,5
O001119,C01794,2026-03-16,Completed,0
O001120,C01686,2026-05-27,Completed,10
O001121,C01034,2025-08-05,Completed,30
O001122,C00835,2026-01-22,Completed,0
O001123,C01850,2025-06-06,Completed,0
O001124,C00790,2026-03-25,Completed,15
O001125,C00680,2025-11-20,Completed,15
O001126,C00237,2025-12-11,Completed,5
O001127,C00830,2026-05-09,Completed,0
O001128,C01033,2025-08-06,Completed,15
O001129,C01314,2026-08-15,Completed,10
O001130,C00818,2026-05-06,Completed,5
O001131,C01018,2026-02-12,Completed,10
O001132,C00796,2026-03-23,Completed,30
O001133,C01381,2025-10-28,Completed,0
O001134,C00792,2026-03-30,Completed,5
O001135,C01139,2026-05-30,Completed,20
O001136,C01440,2026-05-19,Completed,15
O001137,C01361,2026-04-11,Completed,30
O001138,C01346,2026-07-21,Completed,0
O001139,C00458,2026-03-03,Completed,15
O001140,C01450,2026-08-16,Completed,0
O001141,C01041,2026-03-31,Completed,0
O001142,C01798,2025-08-31,Completed,10
O001143,C01393,2025-10-07,Completed,10
O001144,C00791,2026-03-26,Completed,0
O001145,C01546,2026-06-05,Completed,20
O001146,C00949,2025-10-22,Completed,10
O001147,C01045,2026-04-29,Completed,0
O001148,C01257,2026-01-03,Completed,0
O001149,C01965,2025-07-30,Completed,0
O001150,C00605,2026-02-18,Completed,5
O001151,C00021,2025-11-30,Cancelled,10
O001152,C00414,2026-02-11,Completed,5
O001153,C01815,2026-07-05,Completed,0
O001154,C00892,2025-12-07,Completed,30
O001155,C01248,2025-12-27,Completed,5
O001156,C00241,2026-03-14,Completed,5
O001157,C01330,2026-01-20,Completed,5
O001158,C01576,2025-11-23,Completed,0
O001159,C00495,2026-04-22,Completed,0
O001160,C01400,2026-04-18,Completed,0
O001161,C01009,2026-01-26,Completed,5
O001162,C01622,2026-03-26,Completed,10
O001163,C00698,2026-08-15,Completed,5
O001164,C00307,2025-07-02,Completed,0
O001165,C00300,2026-08-14,Completed,0
O001166,C00773,2026-05-25,Completed,0
O001167,C01000,2026-07-04,Completed,0
O001168,C01804,2026-06-08,Completed,15
O001169,C01982,2025-12-01,Completed,10
O001170,C01509,2026-04-21,Completed,0
O001171,C01608,2025-12-20,Completed,0
O001172,C00217,2026-03-30,Completed,10
O001173,C00334,2026-06-21,Completed,20
O001174,C01266,2025-08-30,Completed,15
O001175,C01894,2026-04-19,Completed,30
O001176,C00761,2025-08-23,Completed,0
O001177,C01143,2025-12-04,Completed,15
O001178,C01544,2026-06-03,Cancelled,15
O001179,C00355,2026-06-11,Completed,15
O001180,C00629,2025-08-18,Completed,5
O001181,C01422,2026-03-14,Completed,0
O001182,C00868,2025-10-10,Completed,20
O001183,C00916,2025-11-18,Completed,0
O001184,C01129,2026-08-03,Completed,10
O001185,C01793,2026-01-25,Completed,0
O001186,C01504,2026-03-11,Completed,0
O001187,C01620,2026-07-16,Completed,20
O001188,C01285,2026-04-20,Completed,0
O001189,C01225,2026-02-07,Completed,30
O001190,C00217,2026-07-24,Completed,5
O001191,C00647,2026-06-18,Completed,10
O001192,C01081,2026-03-23,Completed,0
O001193,C00640,2025-07-05,Completed,20
O001194,C01689,2025-07-11,Completed,5
O001195,C01103,2026-02-06,Completed,10
O001196,C00246,2026-05-13,Cancelled,30
O001197,C01459,2026-03-25,Completed,10
O001198,C00961,2026-02-07,Completed,0
O001199,C00284,2026-01-03,Completed,10
O001200,C00612,2026-04-04,Completed,20
O001201,C00086,2026-05-11,Completed,15
O001202,C01722,2025-08-04,Completed,0
O001203,C00076,2026-04-12,Completed,5
O001204,C01664,2025-12-01,Completed,10
O001205,C01095,2026-05-03,Completed,5
O001206,C00046,2026-03-06,Completed,20
O001207,C01154,2025-12-19,Completed,0
O001208,C00869,2026-07-31,Completed,10
O001209,C00474,2026-02-13,Completed,10
O001210,C01573,2026-07-13,Completed,0
O001211,C00107,2026-03-09,Completed,0
O001212,C00934,2026-08-13,Completed,0
O001213,C00215,2026-02-23,Completed,5
O001214,C00344,2025-10-11,Completed,10
O001215,C01126,2025-12-27,Completed,30
O001216,C00691,2026-05-02,Completed,5
O001217,C01959,2025-04-15,Completed,10
O001218,C00396,2026-08-16,Completed,15
O001219,C01716,2025-04-18,Completed,10
O001220,C01564,2026-02-04,Completed,15
O001221,C00462,2026-02-03,Completed,5
O001222,C00032,2026-01-14,Completed,10
O001223,C00992,2025-08-05,Completed,0
O001224,C01480,2026-07-13,Completed,5
O001225,C00078,2026-08-17,Completed,20
O001226,C00015,2026-03-15,Completed,0
O001227,C01137,2026-01-03,Completed,5
O001228,C00859,2025-11-30,Completed,10
O001229,C01025,2026-04-17,Completed,15
O001230,C01152,2025-12-21,Completed,0
O001231,C00463,2026-03-11,Completed,10
O001232,C00240,2025-11-21,Completed,10
O001233,C01824,2026-03-10,Completed,0
O001234,C00312,2025-06-29,Completed,0
O001235,C01842,2026-07-08,Completed,10
O001236,C01203,2025-04-09,Completed,5
O001237,C00376,2026-01-19,Completed,0
O001238,C01943,2026-07-05,Completed,10
O001239,C01670,2026-01-21,Completed,0
O001240,C01653,2026-07-25,Completed,0
O001241,C01738,2026-07-01,Completed,15
O001242,C01641,2026-01-12,Completed,15
O001243,C00162,2026-08-15,Completed,30
O001244,C01988,2026-03-14,Completed,0
O001245,C00147,2026-07-18,Completed,10
O001246,C01518,2026-02-28,Completed,0
O001247,C00121,2026-03-26,Completed,0
O001248,C00029,2026-07-11,Completed,15
O001249,C01977,2026-05-02,Completed,0
O001250,C00548,2025-12-09,Completed,20
O001251,C00595,2025-10-12,Completed,0
O001252,C01107,2025-08-29,Completed,0
O001253,C01046,2026-05-12,Completed,10
O001254,C00930,2026-03-26,Completed,10
O001255,C00568,2025-04-19,Cancelled,5
O001256,C00394,2026-02-25,Completed,20
O001257,C01911,2026-03-23,Completed,0
O001258,C01933,2025-09-19,Completed,10
O001259,C00753,2025-09-06,Completed,0
O001260,C01748,2026-07-10,Completed,0
O001261,C00108,2026-01-31,Completed,0
O001262,C00328,2025-07-03,Completed,10
O001263,C01443,2025-03-23,Cancelled,15
O001264,C01872,2026-04-24,Completed,5
O001265,C01765,2026-04-24,Completed,0
O001266,C00638,2026-06-19,Completed,15
O001267,C01413,2026-04-04,Completed,10
O001268,C01330,2025-05-03,Completed,10
O001269,C01296,2025-10-30,Completed,20
O001270,C00995,2026-03-22,Cancelled,15
O001271,C00890,2026-04-17,Completed,0
O001272,C00755,2026-07-14,Completed,5
O001273,C00263,2025-12-22,Completed,0
O001274,C01360,2026-06-26,Completed,0
O001275,C01119,2025-09-18,Completed,5
O001276,C01105,2025-12-22,Completed,0
O001277,C01232,2026-02-21,Completed,0
O001278,C00876,2026-04-19,Completed,15
O001279,C01098,2026-03-10,Completed,0
O001280,C00722,2025-08-19,Completed,10
O001281,C00407,2026-06-18,Completed,0
O001282,C00495,2025-03-24,Completed,5
O001283,C01825,2025-09-04,Completed,0
O001284,C00855,2026-01-20,Completed,5
O001285,C00807,2026-06-04,Completed,0
O001286,C00928,2026-03-04,Completed,15
O001287,C01889,2026-06-11,Completed,10
O001288,C00751,2026-02-15,Completed,0
O001289,C00056,2026-03-23,Completed,10
O001290,C00722,2026-07-17,Completed,0
O001291,C00041,2026-04-03,Completed,10
O001292,C00046,2026-07-21,Completed,0
O001293,C01869,2026-07-27,Completed,20
O001294,C00861,2026-08-06,Completed,15
O001295,C00539,2025-12-18,Completed,20
O001296,C01554,2026-02-07,Completed,0
O001297,C00052,2025-06-02,Completed,5
O001298,C00886,2025-09-30,Completed,20
O001299,C00820,2026-01-23,Completed,5
O001300,C01784,2026-06-06,Completed,10
O001301,C00834,2025-03-12,Completed,5
O001302,C00755,2026-08-01,Completed,5
O001303,C01743,2025-10-24,Completed,15
O001304,C00104,2026-04-17,Completed,10
O001305,C01063,2026-07-09,Completed,5
O001306,C01256,2025-09-19,Completed,5
O001307,C00036,2026-07-21,Completed,0
O001308,C01170,2026-08-11,Completed,0
O001309,C01544,2026-08-17,Cancelled,15
O001310,C01179,2026-06-22,Completed,0
O001311,C01835,2025-04-14,Completed,0
O001312,C00112,2026-05-30,Completed,15
O001313,C00984,2025-12-01,Cancelled,10
O001314,C01446,2026-01-11,Completed,0
O001315,C01101,2026-02-03,Completed,15
O001316,C00741,2026-05-09,Completed,5
O001317,C01559,2025-09-09,Cancelled,10
O001318,C01709,2026-01-07,Completed,0
O001319,C00233,2026-05-11,Completed,15
O001320,C01132,2025-10-13,Completed,5
O001321,C00795,2026-02-28,Completed,5
O001322,C01837,2026-02-11,Completed,0
O001323,C01305,2026-03-01,Completed,5
O001324,C00812,2025-09-02,Completed,0
O001325,C01183,2025-09-24,Completed,0
O001326,C01037,2025-11-02,Completed,0
O001327,C00993,2026-05-28,Completed,0
O001328,C01852,2025-10-26,Completed,0
O001329,C01302,2025-11-29,Completed,20
O001330,C01380,2025-08-09,Completed,10
O001331,C01345,2026-03-22,Completed,15
O001332,C00703,2025-05-31,Completed,0
O001333,C00606,2026-08-20,Completed,10
O001334,C00442,2026-06-09,Completed,5
O001335,C00475,2026-01-10,Completed,0
O001336,C00502,2026-03-29,Cancelled,10
O001337,C00695,2026-05-07,Completed,15
O001338,C01953,2026-04-27,Completed,5
O001339,C00670,2025-12-05,Completed,0
O001340,C01291,2026-02-15,Completed,10
O001341,C00565,2025-07-25,Completed,15
O001342,C00220,2026-04-13,Completed,0
O001343,C01675,2026-08-14,Cancelled,0
O001344,C00834,2026-01-15,Completed,10
O001345,C01452,2026-06-05,Completed,20
O001346,C01932,2025-12-09,Cancelled,0
O001347,C00561,2026-04-30,Completed,20
O001348,C01992,2025-09-02,Completed,0
O001349,C00845,2025-10-26,Completed,15
O001350,C00336,2026-07-21,Completed,0
O001351,C00346,2026-07-22,Completed,0
O001352,C01685,2025-05-26,Completed,10
O001353,C00408,2025-11-22,Completed,10
O001354,C01903,2026-04-04,Completed,0
O001355,C00596,2026-05-21,Completed,20
O001356,C00606,2026-02-22,Completed,0
O001357,C00832,2026-04-16,Completed,20
O001358,C00072,2026-08-19,Completed,5
O001359,C01217,2025-07-11,Completed,0
O001360,C01433,2026-03-27,Completed,0
O001361,C00794,2026-04-17,Completed,10
O001362,C00120,2026-08-17,Completed,30
O001363,C01697,2025-05-27,Completed,5
O001364,C00462,2025-07-11,Completed,10
O001365,C01116,2026-05-28,Completed,10
O001366,C01644,2026-06-23,Completed,5
O001367,C01181,2026-03-21,Completed,15
O001368,C01827,2026-08-01,Completed,0
O001369,C01557,2025-02-24,Completed,0
O001370,C01877,2026-06-05,Completed,20
O001371,C00005,2026-03-26,Completed,5
O001372,C01608,2026-06-26,Completed,15
O001373,C00792,2026-07-21,Completed,10
O001374,C01574,2026-05-05,Completed,10
O001375,C01265,2025-12-28,Completed,15
O001376,C01067,2025-08-31,Completed,0
O001377,C01556,2026-08-19,Completed,0
O001378,C00280,2026-06-25,Completed,15
O001379,C01178,2025-08-26,Completed,5
O001380,C01955,2026-05-20,Completed,5
O001381,C01374,2026-02-05,Completed,15
O001382,C00500,2025-11-18,Completed,15
O001383,C00517,2025-07-27,Completed,0
O001384,C01177,2026-02-07,Completed,30
O001385,C01400,2025-12-23,Completed,5
O001386,C01936,2026-03-27,Completed,15
O001387,C00354,2026-04-03,Completed,0
O001388,C00923,2025-09-02,Completed,20
O001389,C01878,2026-03-11,Completed,10
O001390,C01447,2026-01-15,Completed,0
O001391,C01518,2026-03-30,Completed,0
O001392,C01005,2026-03-07,Completed,5
O001393,C01893,2025-11-26,Completed,0
O001394,C01283,2026-06-26,Completed,20
O001395,C00864,2026-05-24,Completed,0
O001396,C01534,2025-09-07,Completed,15
O001397,C00510,2026-03-24,Completed,5
O001398,C01398,2025-09-02,Cancelled,5
O001399,C00761,2025-06-30,Completed,15
O001400,C01707,2026-03-12,Completed,0
O001401,C00186,2026-04-30,Completed,15
O001402,C01298,2026-03-10,Completed,0
O001403,C01680,2025-09-30,Completed,10
O001404,C00256,2026-05-07,Completed,10
O001405,C01083,2026-06-21,Completed,0
O001406,C01513,2026-01-09,Completed,15
O001407,C01006,2026-03-22,Completed,10
O001408,C01023,2025-11-27,Completed,15
O001409,C01453,2025-10-15,Completed,15
O001410,C01605,2026-06-26,Completed,10
O001411,C00685,2026-03-17,Completed,20
O001412,C00027,2026-07-24,Completed,0
O001413,C01054,2025-10-30,Completed,10
O001414,C01013,2025-09-07,Completed,0
O001415,C01318,2026-05-12,Completed,30
O001416,C01136,2025-11-19,Completed,5
O001417,C01523,2026-01-17,Completed,10
O001418,C01190,2026-07-31,Completed,10
O001419,C00468,2026-04-21,Completed,20
O001420,C00959,2026-06-15,Completed,20
O001421,C01517,2026-03-19,Completed,5
O001422,C01854,2025-08-08,Completed,10
O001423,C01527,2025-08-11,Completed,10
O001424,C01247,2026-06-05,Completed,0
O001425,C01375,2025-07-12,Completed,20
O001426,C00041,2026-08-14,Completed,5
O001427,C00717,2026-05-28,Completed,0
O001428,C00610,2026-07-12,Completed,0
O001429,C00555,2025-11-07,Completed,10
O001430,C00198,2026-05-15,Completed,0
O001431,C00520,2025-12-19,Completed,5
O001432,C01489,2026-04-30,Completed,20
O001433,C01767,2026-04-12,Completed,10
O001434,C00698,2026-01-31,Completed,20
O001435,C01756,2026-03-09,Completed,10
O001436,C01572,2026-04-20,Completed,20
O001437,C01634,2026-02-25,Completed,10
O001438,C00559,2026-01-30,Completed,0
O001439,C00037,2025-11-05,Completed,15
O001440,C01052,2025-08-14,Completed,20
O001441,C01443,2025-08-27,Completed,0
O001442,C01496,2026-01-15,Completed,0
O001443,C01809,2026-08-18,Completed,10
O001444,C01548,2026-05-03,Completed,10
O001445,C00463,2026-05-21,Completed,0
O001446,C00244,2026-04-18,Completed,10
O001447,C01311,2025-08-15,Completed,15
O001448,C00818,2025-11-20,Completed,5
O001449,C00890,2025-07-09,Completed,0
O001450,C00844,2025-10-22,Cancelled,5
O001451,C01019,2026-02-03,Completed,15
O001452,C00775,2026-04-20,Completed,5
O001453,C00820,2026-03-31,Completed,5
O001454,C01754,2026-01-23,Completed,10
O001455,C00718,2026-08-05,Completed,10
O001456,C01607,2025-10-13,Completed,0
O001457,C00023,2026-07-31,Completed,0
O001458,C01105,2025-10-08,Completed,0
O001459,C00851,2025-05-09,Cancelled,10
O001460,C01478,2026-03-16,Completed,0
O001461,C01366,2026-06-26,Completed,0
O001462,C00776,2026-01-25,Completed,15
O001463,C00828,2025-12-17,Completed,0
O001464,C00757,2026-03-24,Completed,0
O001465,C00036,2026-03-01,Completed,0
O001466,C00830,2025-05-28,Completed,5
O001467,C00366,2025-11-07,Completed,10
O001468,C00431,2026-06-22,Completed,20
O001469,C01434,2025-11-04,Completed,0
O001470,C01775,2026-02-13,Completed,10
O001471,C01213,2026-06-17,Completed,20
O001472,C00290,2026-08-06,Completed,5
O001473,C01663,2026-02-03,Completed,10
O001474,C01413,2026-04-13,Completed,15
O001475,C00857,2026-08-17,Completed,0
O001476,C01675,2025-04-03,Completed,0
O001477,C01898,2026-06-13,Completed,0
O001478,C01222,2026-02-05,Completed,15
O001479,C01173,2026-08-14,Completed,0
O001480,C00202,2026-07-12,Completed,10
O001481,C00913,2026-02-03,Completed,0
O001482,C00531,2025-10-24,Completed,0
O001483,C00213,2026-07-27,Completed,30
O001484,C01713,2026-04-28,Completed,0
O001485,C00549,2026-03-11,Completed,20
O001486,C01760,2025-08-29,Completed,10
O001487,C01228,2026-01-13,Completed,0
O001488,C01213,2026-06-13,Completed,0
O001489,C00046,2026-04-23,Completed,0
O001490,C01033,2026-04-26,Completed,5
O001491,C00506,2025-10-09,Completed,0
O001492,C01482,2026-02-01,Completed,15
O001493,C00837,2026-06-05,Completed,0
O001494,C01857,2025-07-14,Completed,5
O001495,C01838,2026-02-20,Completed,0
O001496,C01094,2025-09-23,Cancelled,0
O001497,C00679,2025-10-14,Completed,0
O001498,C01644,2026-07-30,Completed,15
O001499,C01669,2026-06-05,Completed,0
O001500,C01463,2025-12-23,Completed,10
O001501,C00117,2026-03-10,Completed,5
O001502,C01554,2026-02-19,Completed,30
O001503,C00592,2026-07-05,Completed,5
O001504,C00301,2026-04-09,Cancelled,0
O001505,C01151,2025-11-01,Completed,30
O001506,C00528,2026-05-02,Completed,0
O001507,C01670,2026-06-17,Completed,15
O001508,C00360,2026-07-06,Completed,15
O001509,C01733,2026-03-13,Completed,0
O001510,C00135,2026-04-09,Completed,30
O001511,C01213,2026-07-08,Completed,20
O001512,C01285,2026-07-23,Completed,10
O001513,C00864,2025-08-06,Completed,15
O001514,C00674,2025-10-31,Completed,0
O001515,C01738,2026-08-19,Completed,15
O001516,C01426,2026-03-12,Completed,10
O001517,C01330,2025-04-19,Cancelled,10
O001518,C01159,2026-06-25,Completed,15
O001519,C00899,2025-11-03,Completed,15
O001520,C00910,2025-11-16,Completed,0
O001521,C00948,2025-11-26,Completed,10
O001522,C00172,2026-04-03,Completed,0
O001523,C00066,2026-07-19,Completed,0
O001524,C00158,2025-09-21,Completed,15
O001525,C00944,2025-04-09,Completed,0
O001526,C00850,2026-03-19,Completed,30
O001527,C00079,2026-06-06,Completed,5
O001528,C00260,2026-08-16,Completed,0
O001529,C00855,2026-04-19,Completed,20
O001530,C00439,2026-05-06,Completed,5
O001531,C01305,2025-09-14,Completed,0
O001532,C00199,2026-04-16,Completed,10
O001533,C01552,2025-08-31,Completed,10
O001534,C01772,2026-02-19,Completed,5
O001535,C00535,2025-07-30,Completed,15
O001536,C01124,2025-09-24,Completed,0
O001537,C01152,2025-06-26,Completed,30
O001538,C01926,2025-10-19,Completed,20
O001539,C00557,2026-03-20,Completed,0
O001540,C00599,2026-07-23,Completed,0
O001541,C00818,2026-06-06,Cancelled,20
O001542,C01567,2026-05-27,Completed,0
O001543,C01236,2026-02-16,Cancelled,0
O001544,C01665,2026-07-19,Completed,0
O001545,C00930,2026-02-15,Completed,10
O001546,C01413,2026-01-25,Completed,20
O001547,C00478,2026-04-05,Completed,0
O001548,C00695,2025-07-02,Completed,0
O001549,C00534,2026-02-17,Completed,0
O001550,C00891,2025-12-21,Completed,0
O001551,C01444,2026-04-07,Completed,15
O001552,C00844,2025-07-28,Completed,5
O001553,C00184,2026-04-14,Completed,0
O001554,C01433,2026-05-10,Completed,15
O001555,C00008,2026-02-06,Completed,0
O001556,C00775,2026-03-23,Completed,15
O001557,C00677,2025-09-11,Completed,20
O001558,C01337,2025-09-07,Completed,5
O001559,C00191,2026-06-29,Completed,5
O001560,C01111,2026-05-02,Cancelled,10
O001561,C00619,2026-02-17,Completed,0
O001562,C01913,2026-07-03,Completed,20
O001563,C00541,2026-03-15,Completed,20
O001564,C00151,2025-10-30,Completed,0
O001565,C01137,2026-03-28,Completed,10
O001566,C01860,2025-12-12,Completed,5
O001567,C01671,2025-12-03,Completed,5
O001568,C00723,2026-07-02,Completed,5
O001569,C00333,2026-04-16,Completed,0
O001570,C00172,2026-07-27,Completed,10
O001571,C01855,2025-11-08,Completed,10
O001572,C01065,2026-01-30,Completed,15
O001573,C00865,2025-09-24,Completed,15
O001574,C01797,2026-06-11,Completed,0
O001575,C01406,2026-04-19,Completed,5
O001576,C00034,2026-02-26,Completed,0
O001577,C00348,2025-06-11,Completed,15
O001578,C01778,2026-05-24,Completed,0
O001579,C00870,2026-07-12,Completed,0
O001580,C00083,2026-01-21,Completed,5
O001581,C00290,2026-07-12,Completed,5
O001582,C01869,2026-08-01,Completed,5
O001583,C01782,2026-02-28,Completed,5
O001584,C00531,2025-09-24,Cancelled,10
O001585,C01897,2025-12-23,Completed,0
O001586,C01475,2026-03-01,Completed,0
O001587,C00008,2026-04-07,Cancelled,15
O001588,C01742,2026-08-15,Completed,20
O001589,C01849,2025-10-23,Completed,15
O001590,C00579,2026-01-29,Completed,0
O001591,C01968,2026-08-03,Completed,5
O001592,C00963,2025-11-29,Completed,10
O001593,C01452,2026-04-28,Completed,5
O001594,C01509,2026-06-07,Completed,15
O001595,C00307,2025-06-17,Completed,10
O001596,C00382,2026-01-03,Completed,15
O001597,C00698,2025-09-30,Completed,20
O001598,C00568,2026-02-06,Completed,0
O001599,C00006,2026-04-05,Completed,0
O001600,C01503,2026-06-22,Cancelled,10
O001601,C01786,2026-04-04,Completed,20
O001602,C00128,2026-03-19,Completed,0
O001603,C00546,2026-03-24,Completed,0
O001604,C00391,2026-02-25,Completed,0
O001605,C00172,2026-03-30,Completed,5
O001606,C00207,2026-07-07,Completed,20
O001607,C01325,2026-06-30,Completed,10
O001608,C00783,2026-04-19,Completed,15
O001609,C00168,2026-01-03,Completed,5
O001610,C01749,2026-05-11,Completed,5
O001611,C00271,2025-09-11,Cancelled,10
O001612,C01034,2026-06-09,Completed,20
O001613,C01375,2025-10-01,Completed,30
O001614,C00239,2026-06-13,Completed,10
O001615,C01461,2026-06-07,Completed,5
O001616,C00211,2026-03-08,Completed,20
O001617,C01658,2025-11-17,Completed,5
O001618,C00904,2026-05-06,Completed,10
O001619,C01285,2026-08-13,Completed,0
O001620,C00412,2025-09-19,Completed,10
O001621,C00430,2025-04-04,Completed,5
O001622,C01373,2026-02-21,Completed,5
O001623,C01812,2026-02-20,Completed,10
O001624,C00663,2026-06-12,Completed,0
O001625,C01173,2026-06-04,Completed,5
O001626,C01809,2025-09-29,Completed,5
O001627,C01798,2025-07-24,Completed,5
O001628,C01709,2025-11-04,Completed,20
O001629,C00623,2026-06-17,Completed,15
O001630,C00743,2026-01-26,Completed,10
O001631,C00751,2026-05-14,Completed,5
O001632,C01618,2026-01-01,Completed,0
O001633,C00133,2026-01-03,Completed,0
O001634,C00987,2025-09-25,Cancelled,0
O001635,C00987,2025-03-02,Completed,20
O001636,C00233,2026-01-07,Completed,10
O001637,C01407,2026-05-30,Completed,10
O001638,C00507,2026-05-04,Completed,5
O001639,C00520,2026-07-30,Completed,10
O001640,C00847,2025-02-09,Completed,20
O001641,C01614,2026-02-07,Completed,20
O001642,C00239,2025-07-27,Completed,0
O001643,C00368,2025-11-25,Completed,20
O001644,C01315,2026-08-19,Completed,15
O001645,C01646,2025-06-21,Cancelled,0
O001646,C01318,2026-08-05,Completed,20
O001647,C00423,2025-04-21,Completed,5
O001648,C00662,2025-07-17,Completed,0
O001649,C00811,2026-03-11,Completed,0
O001650,C01161,2026-05-24,Completed,0
O001651,C01538,2025-08-28,Completed,0
O001652,C01896,2026-08-03,Completed,10
O001653,C00601,2026-04-17,Completed,0
O001654,C01173,2026-03-05,Completed,0
O001655,C00016,2025-05-29,Completed,0
O001656,C01059,2026-06-11,Completed,10
O001657,C01883,2025-12-29,Completed,15
O001658,C00031,2026-01-02,Completed,20
O001659,C00951,2025-04-05,Completed,0
O001660,C00302,2026-02-17,Completed,15
O001661,C01437,2026-02-04,Completed,0
O001662,C01882,2025-12-08,Completed,0
O001663,C01979,2026-03-20,Completed,20
O001664,C00332,2026-05-19,Completed,10
O001665,C01715,2025-08-16,Completed,0
O001666,C01033,2025-11-27,Completed,10
O001667,C00426,2026-04-07,Completed,30
O001668,C00091,2026-06-04,Completed,0
O001669,C01499,2026-08-18,Completed,30
O001670,C01338,2026-02-24,Completed,5
O001671,C01259,2026-03-17,Completed,0
O001672,C01185,2026-03-18,Completed,0
O001673,C02000,2026-01-09,Completed,5
O001674,C00468,2025-11-20,Completed,0
O001675,C00780,2026-02-24,Completed,20
O001676,C00955,2026-02-09,Completed,5
O001677,C00058,2025-12-23,Completed,0
O001678,C01497,2026-01-04,Completed,30
O001679,C00915,2026-02-05,Completed,0
O001680,C00765,2026-02-27,Completed,10
O001681,C00410,2025-07-17,Completed,0
O001682,C00552,2025-06-10,Completed,30
O001683,C00169,2026-04-10,Completed,0
O001684,C01722,2025-10-30,Completed,5
O001685,C01321,2025-10-03,Completed,0
O001686,C01560,2025-07-08,Completed,0
O001687,C00792,2026-07-24,Completed,20
O001688,C01402,2026-01-03,Completed,5
O001689,C01546,2026-03-13,Completed,20
O001690,C01922,2026-06-18,Completed,10
O001691,C01726,2026-03-13,Cancelled,10
O001692,C00978,2026-05-25,Completed,15
O001693,C01871,2026-03-02,Completed,20
O001694,C00037,2025-09-23,Completed,0
O001695,C01058,2025-06-06,Completed,5
O001696,C01176,2026-07-02,Completed,20
O001697,C01859,2025-04-10,Completed,20
O001698,C00032,2025-06-05,Completed,0
O001699,C01256,2025-10-18,Completed,5
O001700,C01964,2026-03-13,Completed,10
O001701,C01191,2025-12-14,Completed,0
O001702,C01180,2026-05-27,Completed,20
O001703,C00333,2026-07-16,Completed,10
O001704,C01227,2025-05-19,Cancelled,0
O001705,C00847,2025-11-16,Completed,10
O001706,C00877,2025-11-15,Completed,15
O001707,C00465,2025-08-28,Completed,0
O001708,C00056,2026-07-22,Completed,20
O001709,C01499,2026-07-28,Cancelled,10
O001710,C01530,2026-04-13,Completed,0
O001711,C00112,2026-08-04,Cancelled,0
O001712,C01331,2025-09-19,Completed,0
O001713,C01557,2026-06-21,Completed,20
O001714,C01060,2026-08-15,Completed,5
O001715,C01198,2026-01-01,Completed,0
O001716,C01959,2025-11-17,Completed,0
O001717,C01190,2026-08-17,Completed,15
O001718,C00999,2026-06-04,Completed,0
O001719,C00113,2025-10-13,Completed,10
O001720,C00031,2025-06-17,Completed,10
O001721,C00446,2026-05-06,Completed,15
O001722,C01841,2025-04-25,Completed,5
O001723,C01514,2026-04-07,Completed,10
O001724,C00024,2026-04-10,Completed,0
O001725,C00327,2026-05-02,Completed,5
O001726,C00434,2026-06-16,Completed,0
O001727,C01306,2026-01-25,Completed,0
O001728,C01581,2026-06-17,Completed,10
O001729,C00527,2026-01-24,Completed,20
O001730,C00072,2026-03-13,Completed,0
O001731,C00221,2026-02-26,Completed,0
O001732,C00299,2026-05-25,Completed,0
O001733,C01463,2026-03-01,Completed,20
O001734,C00991,2026-07-27,Completed,10
O001735,C01276,2026-01-29,Completed,20
O001736,C01437,2026-06-13,Completed,10
O001737,C00156,2025-09-13,Completed,0
O001738,C00069,2025-10-06,Completed,5
O001739,C00654,2026-04-16,Completed,20
O001740,C01448,2025-09-14,Completed,30
O001741,C01295,2026-08-07,Completed,20
O001742,C01938,2026-08-03,Completed,0
O001743,C01719,2026-08-05,Completed,5
O001744,C00107,2026-04-09,Completed,15
O001745,C00667,2025-05-25,Completed,5
O001746,C01283,2026-01-24,Completed,5
O001747,C00416,2026-05-26,Cancelled,0
O001748,C00867,2025-07-06,Completed,15
O001749,C01950,2026-06-23,Completed,20
O001750,C00040,2026-08-15,Completed,0
O001751,C00095,2026-03-19,Completed,0
O001752,C01490,2026-01-25,Completed,5
O001753,C00528,2025-04-17,Completed,0
O001754,C01272,2026-03-17,Completed,10
O001755,C00509,2026-04-06,Completed,15
O001756,C00897,2026-01-03,Completed,15
O001757,C00191,2026-04-05,Completed,0
O001758,C00420,2026-05-21,Completed,0
O001759,C00339,2026-01-06,Cancelled,5
O001760,C00605,2026-01-16,Completed,0
O001761,C01691,2026-03-29,Completed,15
O001762,C00671,2026-08-15,Completed,20
O001763,C01966,2026-02-22,Completed,5
O001764,C00052,2026-08-13,Completed,0
O001765,C00731,2026-08-04,Completed,30
O001766,C01038,2025-10-26,Completed,0
O001767,C00866,2025-09-24,Completed,0
O001768,C00986,2026-03-28,Completed,5
O001769,C00989,2026-03-24,Completed,0
O001770,C00393,2026-06-10,Completed,5
O001771,C00549,2026-01-25,Completed,20
O001772,C00983,2025-03-30,Completed,5
O001773,C00491,2026-05-11,Completed,0
O001774,C00113,2026-05-28,Completed,0
O001775,C01423,2026-06-27,Cancelled,10
O001776,C00466,2026-02-07,Completed,10
O001777,C01681,2025-09-08,Completed,10
O001778,C01721,2026-06-27,Completed,5
O001779,C00994,2026-05-11,Completed,0
O001780,C01818,2026-05-13,Completed,15
O001781,C01204,2025-08-12,Completed,5
O001782,C01311,2026-06-17,Completed,0
O001783,C00162,2026-08-13,Completed,5
O001784,C01810,2025-07-21,Completed,15
O001785,C01140,2025-08-23,Completed,10
O001786,C01947,2026-07-08,Completed,5
O001787,C00851,2025-10-29,Completed,0
O001788,C00015,2025-04-29,Completed,0
O001789,C00305,2026-06-14,Completed,20
O001790,C01985,2026-05-29,Completed,5
O001791,C01151,2026-04-22,Completed,20
O001792,C01389,2026-03-23,Completed,0
O001793,C01075,2026-02-27,Completed,5
O001794,C01169,2026-08-06,Completed,0
O001795,C01873,2026-03-22,Completed,0
O001796,C00494,2026-03-10,Cancelled,0
O001797,C00650,2026-08-01,Completed,0
O001798,C00726,2026-01-29,Completed,0
O001799,C01777,2026-01-23,Completed,10
O001800,C01253,2026-07-26,Completed,15
O001801,C01200,2026-03-13,Completed,0
O001802,C00753,2026-01-20,Completed,30
O001803,C01219,2026-05-20,Completed,20
O001804,C00106,2026-02-28,Completed,0
O001805,C01756,2026-05-12,Completed,0
O001806,C01117,2026-07-29,Completed,10
O001807,C01883,2026-07-21,Completed,10
O001808,C00070,2026-07-28,Completed,0
O001809,C01708,2025-12-20,Completed,0
O001810,C00424,2026-08-04,Completed,15
O001811,C01853,2025-11-15,Completed,5
O001812,C00112,2026-06-14,Completed,0
O001813,C00815,2025-07-07,Completed,0
O001814,C00534,2026-04-29,Completed,0
O001815,C01022,2026-01-09,Completed,30
O001816,C01886,2026-05-20,Completed,20
O001817,C00046,2026-02-05,Completed,0
O001818,C00074,2026-03-09,Completed,20
O001819,C00688,2025-06-11,Completed,0
O001820,C01891,2025-08-21,Cancelled,0
O001821,C00479,2026-03-10,Cancelled,5
O001822,C01716,2026-05-09,Completed,15
O001823,C00270,2025-10-14,Completed,0
O001824,C00257,2026-07-29,Completed,5
O001825,C01848,2026-06-22,Completed,10
O001826,C01309,2025-11-26,Completed,10
O001827,C00656,2026-04-19,Completed,5
O001828,C01964,2026-05-07,Completed,0
O001829,C01889,2025-12-26,Completed,10
O001830,C00186,2026-04-29,Completed,0
O001831,C01671,2025-08-24,Completed,10
O001832,C01313,2026-06-22,Completed,0
O001833,C01826,2026-08-02,Completed,10
O001834,C00704,2025-10-27,Completed,5
O001835,C01212,2026-02-24,Completed,0
O001836,C01500,2025-12-19,Completed,0
O001837,C01802,2026-03-01,Completed,10
O001838,C01319,2026-07-29,Completed,15
O001839,C00997,2026-07-17,Completed,0
O001840,C00661,2025-06-30,Completed,0
O001841,C00570,2026-01-17,Completed,30
O001842,C01072,2026-02-15,Completed,0
O001843,C00957,2026-04-30,Completed,0
O001844,C01412,2025-11-25,Completed,0
O001845,C00561,2026-04-30,Completed,20
O001846,C01298,2026-03-03,Completed,15
O001847,C01432,2025-11-23,Completed,5
O001848,C01349,2026-05-31,Completed,5
O001849,C01226,2026-04-26,Completed,20
O001850,C01627,2026-05-20,Completed,0
O001851,C01940,2025-10-07,Completed,0
O001852,C01038,2026-06-07,Completed,30
O001853,C01680,2026-01-15,Completed,10
O001854,C00068,2026-02-27,Cancelled,10
O001855,C01376,2026-04-03,Cancelled,20
O001856,C01957,2026-05-17,Completed,0
O001857,C00192,2026-07-31,Completed,5
O001858,C01264,2025-12-07,Completed,0
O001859,C00881,2025-11-28,Completed,0
O001860,C01668,2025-10-07,Completed,0
O001861,C00198,2026-04-30,Completed,10
O001862,C01500,2025-12-09,Completed,0
O001863,C01819,2026-05-26,Completed,5
O001864,C00471,2026-08-08,Completed,10
O001865,C00188,2026-01-24,Completed,0
O001866,C01039,2026-07-30,Completed,5
O001867,C00518,2026-05-23,Completed,0
O001868,C00921,2026-03-29,Completed,10
O001869,C00901,2026-06-04,Completed,15
O001870,C00377,2026-07-19,Completed,20
O001871,C00607,2025-11-15,Completed,30
O001872,C01231,2026-01-16,Completed,15
O001873,C01771,2026-06-11,Completed,0
O001874,C01154,2026-06-04,Completed,5
O001875,C01663,2026-04-28,Completed,30
O001876,C00771,2026-03-20,Completed,15
O001877,C00459,2026-05-03,Completed,0
O001878,C01278,2025-08-19,Completed,0
O001879,C01051,2025-02-10,Completed,20
O001880,C00194,2026-02-21,Completed,10
O001881,C01888,2026-06-15,Completed,10
O001882,C00484,2026-06-03,Completed,30
O001883,C00373,2026-08-16,Completed,0
O001884,C00871,2026-02-09,Completed,15
O001885,C00823,2026-07-10,Completed,0
O001886,C00453,2026-05-25,Completed,0
O001887,C01707,2026-01-14,Completed,5
O001888,C01927,2026-07-28,Completed,0
O001889,C00679,2026-04-20,Completed,5
O001890,C00116,2025-10-06,Completed,10
O001891,C01869,2026-04-22,Completed,0
O001892,C01297,2025-08-10,Completed,0
O001893,C01507,2025-09-02,Completed,10
O001894,C00458,2026-02-17,Completed,5
O001895,C00774,2026-02-19,Completed,0
O001896,C01874,2026-07-01,Completed,0
O001897,C00714,2026-07-31,Completed,15
O001898,C01813,2025-08-20,Cancelled,0
O001899,C01160,2026-06-19,Completed,10
O001900,C00574,2026-06-29,Cancelled,5
O001901,C00992,2026-01-08,Completed,15
O001902,C01950,2025-12-21,Completed,20
O001903,C01354,2025-05-14,Completed,15
O001904,C01838,2026-06-18,Completed,20
O001905,C01045,2026-07-12,Completed,0
O001906,C00830,2026-04-08,Completed,30
O001907,C00056,2026-02-11,Completed,10
O001908,C00522,2025-09-12,Completed,0
O001909,C01003,2026-06-21,Completed,15
O001910,C00833,2025-08-01,Completed,0
O001911,C01676,2026-04-09,Completed,15
O001912,C01155,2025-10-31,Cancelled,0
O001913,C00584,2025-06-23,Completed,15
O001914,C01768,2026-04-05,Completed,20
O001915,C00758,2026-03-28,Completed,0
O001916,C00194,2025-11-25,Completed,5
O001917,C01394,2025-06-27,Completed,0
O001918,C00164,2026-03-15,Completed,5
O001919,C01268,2026-04-21,Completed,5
O001920,C01534,2026-03-27,Completed,30
O001921,C00589,2026-07-11,Completed,10
O001922,C00904,2026-01-13,Completed,20
O001923,C00826,2025-10-27,Completed,0
O001924,C00029,2026-06-04,Completed,10
O001925,C01687,2026-05-25,Completed,10
O001926,C00689,2026-02-05,Completed,10
O001927,C01864,2026-01-18,Completed,0
O001928,C01242,2025-12-04,Completed,0
O001929,C01629,2026-02-19,Completed,15
O001930,C01271,2026-07-24,Completed,20
O001931,C00992,2026-04-13,Completed,0
O001932,C01950,2026-06-18,Cancelled,30
O001933,C00073,2025-04-05,Completed,5
O001934,C00687,2026-08-14,Completed,0
O001935,C00702,2025-09-28,Completed,0
O001936,C01726,2026-05-12,Completed,15
O001937,C00904,2026-08-12,Completed,10
O001938,C00908,2026-04-30,Completed,0
O001939,C01369,2026-05-04,Completed,0
O001940,C01326,2026-03-25,Completed,5
O001941,C01316,2025-04-09,Completed,20
O001942,C01360,2026-02-18,Completed,0
O001943,C00824,2025-06-19,Completed,0
O001944,C01907,2026-04-24,Completed,15
O001945,C00833,2025-09-06,Completed,5
O001946,C00801,2026-07-24,Completed,0
O001947,C00516,2026-01-26,Cancelled,0
O001948,C01233,2025-09-18,Completed,5
O001949,C00093,2026-02-09,Completed,0
O001950,C01346,2026-02-13,Completed,0
O001951,C01754,2026-03-11,Completed,20
O001952,C01131,2026-05-12,Completed,5
O001953,C00664,2026-07-09,Completed,10
O001954,C00051,2025-06-12,Completed,10
O001955,C00988,2025-08-20,Completed,0
O001956,C01798,2025-08-22,Completed,0
O001957,C00241,2026-06-09,Completed,10
O001958,C00490,2025-11-24,Completed,30
O001959,C01243,2025-12-31,Cancelled,5
O001960,C00453,2026-08-12,Completed,0
O001961,C00431,2026-03-04,Cancelled,5
O001962,C01947,2026-03-26,Completed,0
O001963,C01797,2026-03-29,Completed,15
O001964,C00814,2025-10-29,Completed,5
O001965,C00389,2026-05-03,Completed,5
O001966,C01943,2026-02-26,Cancelled,5
O001967,C01538,2026-01-21,Completed,10
O001968,C01092,2026-03-16,Completed,15
O001969,C01618,2026-05-07,Completed,0
O001970,C01076,2026-01-23,Cancelled,20
O001971,C01415,2025-06-22,Completed,0
O001972,C01767,2026-03-07,Completed,15
O001973,C00633,2025-04-26,Completed,0
O001974,C00161,2025-12-09,Completed,5
O001975,C01696,2026-08-06,Completed,15
O001976,C00969,2026-07-02,Completed,20
O001977,C01081,2025-12-13,Completed,30
O001978,C01026,2026-07-16,Completed,15
O001979,C00730,2026-05-23,Completed,0
O001980,C01151,2026-07-21,Completed,10
O001981,C00984,2025-07-06,Completed,5
O001982,C01243,2026-01-03,Cancelled,15
O001983,C00452,2026-06-05,Completed,20
O001984,C00789,2026-04-11,Completed,0
O001985,C00121,2026-03-06,Completed,5
O001986,C00561,2025-06-23,Completed,15
O001987,C00432,2026-08-05,Cancelled,5
O001988,C00817,2026-02-15,Completed,20
O001989,C01213,2025-09-26,Completed,10
O001990,C00383,2026-01-23,Completed,0
O001991,C01571,2026-02-02,Completed,5
O001992,C01060,2026-06-25,Completed,0
O001993,C00403,2026-02-19,Completed,0
O001994,C01363,2026-05-31,Completed,0
O001995,C00844,2025-08-18,Completed,0
O001996,C00034,2026-05-10,Completed,15
O001997,C01081,2026-02-18,Completed,20
O001998,C01984,2025-11-23,Completed,5
O001999,C01018,2026-06-10,Cancelled,10
O002000,C01650,2026-07-18,Completed,20
O002001,C00431,2025-10-18,Completed,0
O002002,C00972,2026-06-19,Completed,5
O002003,C01439,2025-09-14,Completed,0
O002004,C00367,2026-03-19,Completed,0
O002005,C01556,2026-08-08,Completed,15
O002006,C01644,2026-03-05,Completed,15
O002007,C00676,2026-06-21,Completed,0
O002008,C00238,2026-04-28,Completed,30
O002009,C01147,2026-06-26,Completed,10
O002010,C00455,2026-01-06,Completed,10
O002011,C01799,2026-06-15,Completed,15
O002012,C00862,2026-06-22,Completed,0
O002013,C01577,2025-06-19,Completed,5
O002014,C01147,2026-05-16,Completed,0
O002015,C01743,2026-05-28,Completed,20
O002016,C00292,2026-06-30,Completed,15
O002017,C00055,2025-06-01,Completed,0
O002018,C01221,2025-08-28,Completed,15
O002019,C00802,2026-08-07,Completed,0
O002020,C01842,2026-07-31,Completed,10
O002021,C01468,2025-10-10,Completed,15
O002022,C01511,2026-06-30,Completed,0
O002023,C00950,2026-02-18,Completed,30
O002024,C00957,2025-10-20,Completed,0
O002025,C01304,2026-05-03,Completed,0
O002026,C00703,2025-05-04,Completed,15
O002027,C00085,2025-09-25,Completed,10
O002028,C00317,2026-06-03,Completed,5
O002029,C00612,2026-08-15,Cancelled,15
O002030,C00917,2025-12-11,Completed,0
O002031,C01477,2025-06-18,Completed,0
O002032,C01694,2026-05-16,Completed,5
O002033,C00872,2026-08-02,Completed,0
O002034,C01207,2025-07-25,Completed,10
O002035,C01798,2026-02-03,Completed,5
O002036,C01221,2025-05-15,Completed,5
O002037,C00759,2026-03-27,Completed,5
O002038,C01919,2026-05-08,Completed,30
O002039,C01706,2026-04-15,Completed,10
O002040,C01563,2026-05-20,Completed,15
O002041,C00087,2026-02-07,Completed,15
O002042,C00286,2025-12-01,Completed,0
O002043,C01446,2026-05-31,Completed,15
O002044,C00915,2026-01-15,Completed,10
O002045,C01837,2026-08-16,Completed,5
O002046,C01589,2025-09-04,Completed,15
O002047,C00988,2025-09-02,Completed,20
O002048,C00197,2026-07-19,Cancelled,15
O002049,C01195,2025-11-02,Completed,5
O002050,C00447,2025-03-30,Completed,0
O002051,C00048,2026-01-27,Completed,10
O002052,C00504,2026-07-09,Completed,5
O002053,C01892,2025-04-10,Completed,5
O002054,C01937,2026-04-11,Completed,20
O002055,C01051,2025-03-13,Completed,0
O002056,C00598,2026-05-06,Cancelled,10
O002057,C00936,2025-09-21,Completed,15
O002058,C01432,2026-08-08,Completed,20
O002059,C01572,2026-06-12,Completed,0
O002060,C01093,2025-10-21,Completed,0
O002061,C01632,2026-08-04,Completed,0
O002062,C01317,2025-09-04,Completed,15
O002063,C00405,2026-05-30,Completed,5
O002064,C01928,2026-07-25,Completed,0
O002065,C00920,2026-07-25,Completed,0
O002066,C01946,2026-07-25,Completed,0
O002067,C01973,2025-08-11,Completed,20
O002068,C01420,2026-04-22,Completed,20
O002069,C00751,2026-03-26,Completed,5
O002070,C00167,2026-03-07,Completed,10
O002071,C01492,2026-06-27,Completed,15
O002072,C01898,2026-01-20,Completed,0
O002073,C00128,2026-02-07,Completed,5
O002074,C01666,2026-02-20,Completed,10
O002075,C01352,2026-07-13,Completed,0
O002076,C00163,2025-08-13,Completed,5
O002077,C01670,2026-07-13,Completed,5
O002078,C01147,2026-01-15,Completed,15
O002079,C00300,2025-11-10,Completed,10
O002080,C01423,2026-05-09,Completed,15
O002081,C01395,2026-04-03,Completed,5
O002082,C00136,2025-10-14,Completed,0
O002083,C01067,2025-09-10,Completed,5
O002084,C01820,2026-03-25,Completed,5
O002085,C00903,2025-09-21,Completed,5
O002086,C00758,2025-09-07,Completed,15
O002087,C01516,2026-05-18,Completed,0
O002088,C00957,2025-06-17,Completed,0
O002089,C00361,2026-06-12,Completed,5
O002090,C01626,2026-06-18,Completed,0
O002091,C00344,2025-10-20,Completed,5
O002092,C00983,2025-06-14,Completed,0
O002093,C00962,2026-07-15,Completed,10
O002094,C00235,2026-08-10,Completed,10
O002095,C01594,2025-11-09,Completed,5
O002096,C01960,2026-07-04,Completed,0
O002097,C01359,2025-09-19,Completed,0
O002098,C00631,2026-03-17,Completed,10
O002099,C00308,2025-09-22,Completed,20
O002100,C00360,2026-02-28,Completed,0
O002101,C00733,2026-03-20,Completed,10
O002102,C00344,2026-03-05,Completed,10
O002103,C00657,2026-02-24,Completed,5
O002104,C01211,2025-04-14,Completed,0
O002105,C00875,2026-03-24,Completed,15
O002106,C00725,2026-06-22,Completed,0
O002107,C01687,2026-07-27,Completed,0
O002108,C01553,2025-06-15,Completed,10
O002109,C00818,2025-08-15,Cancelled,5
O002110,C01542,2026-03-19,Completed,10
O002111,C00973,2026-06-20,Completed,15
O002112,C01051,2026-02-05,Completed,5
O002113,C00529,2026-04-12,Completed,15
O002114,C01974,2026-03-15,Completed,10
O002115,C00123,2025-11-26,Completed,5
O002116,C00557,2025-09-17,Completed,0
O002117,C00701,2026-05-30,Completed,0
O002118,C01231,2025-10-06,Completed,5
O002119,C01910,2025-11-17,Completed,10
O002120,C00724,2026-05-18,Completed,20
O002121,C00698,2026-02-13,Completed,0
O002122,C00959,2026-07-22,Completed,5
O002123,C00630,2026-06-03,Completed,5
O002124,C00067,2025-11-12,Completed,20
O002125,C01715,2025-06-08,Completed,5
O002126,C01491,2025-06-12,Completed,30
O002127,C01096,2025-09-06,Completed,30
O002128,C00159,2026-03-29,Completed,5
O002129,C00251,2025-05-20,Completed,20
O002130,C00575,2026-07-25,Completed,0
O002131,C01873,2026-08-09,Completed,20
O002132,C01597,2026-05-11,Completed,15
O002133,C00344,2025-07-25,Completed,5
O002134,C01557,2025-03-12,Completed,10
O002135,C00073,2026-06-10,Completed,5
O002136,C01324,2026-01-01,Completed,5
O002137,C01100,2026-05-15,Completed,5
O002138,C01540,2026-06-10,Completed,15
O002139,C00028,2026-01-31,Completed,0
O002140,C00202,2025-04-19,Cancelled,0
O002141,C00019,2025-11-04,Completed,10
O002142,C00311,2026-05-13,Completed,30
O002143,C00498,2026-04-06,Completed,5
O002144,C00207,2026-06-20,Completed,0
O002145,C01367,2026-02-11,Completed,0
O002146,C01836,2026-03-22,Completed,20
O002147,C00602,2026-02-07,Completed,10
O002148,C01392,2026-03-06,Completed,0
O002149,C01225,2026-05-14,Completed,0
O002150,C00991,2026-06-05,Cancelled,5
O002151,C01245,2026-08-08,Completed,10
O002152,C00053,2026-06-02,Completed,0
O002153,C01582,2026-08-10,Completed,0
O002154,C00820,2025-09-29,Completed,10
O002155,C01143,2026-06-04,Completed,10
O002156,C01948,2025-11-22,Completed,10
O002157,C00426,2026-06-22,Completed,20
O002158,C00460,2025-05-07,Completed,0
O002159,C00051,2025-11-25,Completed,10
O002160,C01928,2025-09-07,Completed,5
O002161,C00533,2025-10-26,Completed,0
O002162,C01114,2025-10-23,Completed,30
O002163,C01332,2025-11-13,Completed,30
O002164,C01640,2026-07-03,Completed,15
O002165,C00814,2025-10-01,Completed,0
O002166,C01027,2026-02-27,Completed,20
O002167,C00477,2026-04-18,Completed,0
O002168,C00736,2026-04-01,Completed,0
O002169,C01284,2025-11-21,Completed,0
O002170,C00723,2026-04-04,Completed,0
O002171,C01406,2026-08-04,Cancelled,20
O002172,C01465,2026-02-09,Completed,5
O002173,C01738,2026-01-25,Completed,5
O002174,C00099,2025-04-08,Cancelled,5
O002175,C01688,2026-03-02,Completed,30
O002176,C00137,2026-04-19,Completed,10
O002177,C00404,2026-03-04,Completed,0
O002178,C00278,2026-06-26,Completed,15
O002179,C00688,2026-05-06,Completed,15
O002180,C00579,2026-06-07,Completed,5
O002181,C00553,2025-11-09,Completed,30
O002182,C00404,2026-02-22,Completed,10
O002183,C01682,2026-06-13,Completed,10
O002184,C00651,2025-05-10,Completed,0
O002185,C01857,2025-07-21,Completed,5
O002186,C01161,2026-05-06,Completed,0
O002187,C01509,2026-03-31,Completed,10
O002188,C00260,2026-03-26,Cancelled,5
O002189,C01566,2026-05-17,Completed,5
O002190,C01295,2025-04-02,Cancelled,10
O002191,C01198,2025-12-04,Completed,20
O002192,C00579,2026-02-17,Completed,0
O002193,C01391,2025-05-07,Completed,0
O002194,C01961,2025-08-19,Completed,0
O002195,C00233,2026-06-16,Completed,10
O002196,C00171,2026-02-26,Completed,20
O002197,C00977,2026-05-14,Completed,0
O002198,C01252,2026-03-24,Completed,30
O002199,C01219,2026-05-17,Completed,0
O002200,C00250,2026-08-03,Completed,20
O002201,C01358,2026-03-28,Completed,15
O002202,C01586,2025-07-27,Completed,15
O002203,C01431,2025-11-09,Cancelled,0
O002204,C01627,2026-01-14,Cancelled,20
O002205,C01897,2026-08-05,Completed,0
O002206,C00963,2026-07-12,Completed,0
O002207,C00950,2026-08-02,Completed,15
O002208,C01706,2025-07-23,Completed,5
O002209,C00199,2026-06-04,Completed,0
O002210,C00349,2025-09-29,Completed,0
O002211,C00138,2025-12-26,Completed,10
O002212,C01674,2026-04-04,Completed,10
O002213,C00839,2026-01-10,Completed,20
O002214,C01918,2025-08-25,Completed,0
O002215,C01176,2026-03-16,Completed,20
O002216,C00064,2026-04-12,Completed,10
O002217,C01951,2026-03-22,Completed,20
O002218,C01408,2026-04-25,Cancelled,0
O002219,C00577,2025-08-24,Completed,5
O002220,C00079,2026-06-17,Cancelled,10
O002221,C00889,2026-03-27,Completed,10
O002222,C00483,2026-02-18,Completed,0
O002223,C01318,2026-06-15,Completed,0
O002224,C01414,2026-06-16,Completed,0
O002225,C00441,2026-07-10,Completed,0
O002226,C01587,2026-08-15,Completed,5
O002227,C01391,2025-12-20,Completed,0
O002228,C01170,2026-07-12,Completed,5
O002229,C01176,2025-08-06,Completed,0
O002230,C01157,2026-06-26,Completed,5
O002231,C00044,2025-12-25,Completed,0
O002232,C01777,2026-06-20,Completed,0
O002233,C01245,2026-08-15,Completed,0
O002234,C00038,2025-10-16,Completed,30
O002235,C00841,2026-05-09,Completed,5
O002236,C01089,2026-03-13,Cancelled,0
O002237,C00465,2025-11-09,Completed,5
O002238,C00756,2025-10-17,Completed,0
O002239,C01007,2026-07-27,Completed,5
O002240,C01387,2025-07-29,Completed,20
O002241,C01563,2026-05-15,Completed,15
O002242,C01162,2025-04-15,Completed,5
O002243,C00809,2026-02-06,Completed,15
O002244,C01180,2025-12-13,Completed,30
O002245,C00906,2026-08-17,Completed,0
O002246,C01219,2026-03-26,Completed,0
O002247,C01158,2025-11-17,Completed,5
O002248,C01033,2025-07-11,Completed,5
O002249,C01169,2026-06-21,Cancelled,30
O002250,C00457,2025-11-12,Completed,0
O002251,C01384,2025-11-06,Completed,10
O002252,C00112,2026-04-04,Completed,10
O002253,C00392,2026-05-06,Completed,30
O002254,C00082,2025-04-28,Completed,15
O002255,C01970,2026-07-04,Completed,0
O002256,C00110,2026-07-24,Completed,0
O002257,C00964,2025-08-09,Completed,0
O002258,C00811,2026-01-17,Cancelled,5
O002259,C01374,2026-07-12,Completed,0
O002260,C00088,2025-06-09,Completed,10
O002261,C00586,2026-06-04,Completed,10
O002262,C00797,2026-08-18,Completed,15
O002263,C00346,2026-08-10,Completed,0
O002264,C01038,2025-07-08,Completed,20
O002265,C01779,2025-11-14,Completed,0
O002266,C00744,2026-03-26,Completed,5
O002267,C01850,2026-08-09,Cancelled,0
O002268,C01399,2026-07-19,Completed,0
O002269,C00825,2026-05-08,Completed,0
O002270,C01725,2025-07-08,Completed,10
O002271,C01540,2026-02-24,Completed,20
O002272,C00996,2026-07-24,Completed,0
O002273,C00624,2025-10-12,Completed,10
O002274,C01656,2026-01-16,Completed,0
O002275,C00045,2026-06-05,Completed,10
O002276,C00809,2026-04-30,Completed,20
O002277,C01834,2026-01-23,Completed,0
O002278,C00872,2026-05-07,Completed,5
O002279,C01683,2026-04-29,Completed,20
O002280,C01146,2026-01-15,Completed,20
O002281,C01706,2026-08-16,Completed,5
O002282,C00230,2026-01-25,Completed,0
O002283,C01978,2026-06-19,Completed,5
O002284,C01888,2026-01-09,Completed,5
O002285,C01182,2025-12-05,Completed,0
O002286,C00308,2026-04-05,Completed,0
O002287,C01428,2026-01-01,Completed,30
O002288,C00096,2025-05-15,Completed,0
O002289,C00540,2026-07-24,Completed,5
O002290,C00333,2025-10-02,Completed,0
O002291,C01000,2025-07-07,Completed,5
O002292,C01572,2025-10-11,Completed,0
O002293,C01288,2026-02-15,Completed,10
O002294,C00706,2025-12-20,Completed,10
O002295,C00064,2026-03-05,Completed,0
O002296,C01894,2026-08-07,Completed,5
O002297,C00444,2026-06-14,Completed,10
O002298,C00450,2026-04-09,Completed,5
O002299,C01984,2026-04-23,Completed,20
O002300,C00393,2026-05-12,Completed,15
O002301,C01449,2026-07-03,Completed,5
O002302,C00028,2026-08-06,Completed,10
O002303,C01529,2025-08-24,Completed,10
O002304,C01324,2025-09-03,Completed,15
O002305,C00750,2025-10-15,Completed,0
O002306,C00262,2026-05-23,Completed,5
O002307,C00123,2026-03-21,Completed,15
O002308,C01740,2026-05-07,Completed,15
O002309,C00731,2026-08-13,Completed,0
O002310,C01551,2026-03-20,Completed,0
O002311,C01625,2025-09-23,Completed,0
O002312,C01134,2026-06-11,Completed,5
O002313,C01942,2026-03-09,Completed,5
O002314,C01322,2025-11-09,Completed,20
O002315,C01056,2026-02-03,Completed,20
O002316,C01358,2026-02-23,Completed,15
O002317,C00032,2025-04-07,Completed,0
O002318,C00845,2026-03-28,Completed,0
O002319,C01675,2025-11-08,Completed,30
O002320,C00755,2025-06-05,Completed,0
O002321,C01358,2026-03-01,Completed,10
O002322,C00226,2025-10-28,Completed,15
O002323,C01628,2025-10-12,Cancelled,5
O002324,C01177,2026-05-10,Completed,5
O002325,C01141,2025-10-19,Completed,20
O002326,C01858,2025-08-20,Completed,15
O002327,C00979,2026-05-28,Completed,0
O002328,C00684,2026-06-09,Completed,5
O002329,C01782,2026-08-03,Completed,5
O002330,C00741,2026-08-11,Completed,0
O002331,C00393,2026-03-03,Completed,5
O002332,C01618,2025-09-16,Completed,20
O002333,C00184,2026-04-01,Completed,5
O002334,C00160,2026-04-17,Completed,10
O002335,C00254,2026-03-30,Completed,10
O002336,C01746,2025-02-17,Completed,20
O002337,C01941,2026-07-23,Completed,0
O002338,C00098,2026-05-27,Completed,20
O002339,C01600,2026-02-28,Completed,5
O002340,C00614,2025-10-07,Completed,20
O002341,C01124,2026-08-13,Completed,20
O002342,C00531,2026-07-30,Completed,30
O002343,C01113,2025-10-04,Cancelled,30
O002344,C01950,2026-04-26,Completed,20
O002345,C01301,2026-06-09,Completed,0
O002346,C01158,2026-01-18,Completed,20
O002347,C01899,2026-05-03,Completed,10
O002348,C00019,2025-09-30,Completed,0
O002349,C01681,2025-07-06,Completed,15
O002350,C01897,2026-03-12,Completed,5
O002351,C01901,2026-04-15,Completed,0
O002352,C01945,2026-05-08,Completed,15
O002353,C00364,2026-03-08,Cancelled,15
O002354,C01799,2026-07-05,Completed,0
O002355,C01772,2025-12-20,Completed,0
O002356,C00587,2025-11-16,Completed,5
O002357,C01275,2026-04-05,Completed,30
O002358,C01432,2026-03-06,Completed,0
O002359,C00978,2026-02-03,Cancelled,0
O002360,C01705,2026-06-07,Completed,0
O002361,C00318,2026-08-11,Completed,0
O002362,C00916,2025-11-27,Completed,10
O002363,C01117,2026-07-20,Completed,0
O002364,C00641,2026-07-14,Completed,5
O002365,C00703,2026-04-08,Completed,0
O002366,C00387,2026-06-07,Completed,0
O002367,C00656,2026-08-14,Completed,20
O002368,C01292,2026-01-11,Completed,15
O002369,C01713,2025-12-23,Completed,0
O002370,C01257,2026-08-08,Completed,0
O002371,C00214,2025-02-20,Cancelled,20
O002372,C00182,2026-05-17,Completed,0
O002373,C00432,2026-03-26,Completed,15
O002374,C01226,2026-04-23,Completed,10
O002375,C00669,2026-04-01,Completed,5
O002376,C01236,2026-01-15,Completed,10
O002377,C01360,2026-02-12,Completed,5
O002378,C00028,2025-08-31,Completed,0
O002379,C01901,2026-05-05,Cancelled,10
O002380,C00029,2025-11-30,Completed,5
O002381,C01503,2026-03-31,Completed,0
O002382,C01230,2026-08-01,Completed,5
O002383,C00922,2025-11-23,Cancelled,15
O002384,C01673,2026-07-02,Completed,30
O002385,C01210,2025-11-16,Completed,20
O002386,C00666,2026-05-19,Completed,20
O002387,C01683,2026-02-21,Completed,5
O002388,C00535,2026-04-28,Cancelled,10
O002389,C00111,2025-12-31,Completed,15
O002390,C01180,2026-01-10,Completed,15
O002391,C00106,2025-12-19,Completed,5
O002392,C00261,2026-05-14,Completed,5
O002393,C00709,2026-06-24,Completed,5
O002394,C00575,2026-03-06,Completed,10
O002395,C00585,2026-06-18,Completed,20
O002396,C01327,2026-04-23,Completed,0
O002397,C01382,2026-06-06,Completed,10
O002398,C00146,2026-04-04,Completed,0
O002399,C01824,2026-07-17,Completed,0
O002400,C00100,2026-06-26,Cancelled,30
O002401,C01936,2026-03-31,Completed,10
O002402,C01241,2025-08-23,Completed,10
O002403,C00593,2026-05-08,Completed,0
O002404,C00047,2025-10-26,Completed,0
O002405,C01815,2026-06-15,Completed,5
O002406,C01735,2026-02-23,Cancelled,0
O002407,C01728,2026-04-30,Completed,0
O002408,C00098,2026-06-22,Completed,0
O002409,C00242,2026-04-04,Completed,10
O002410,C00385,2026-08-04,Completed,0
O002411,C01149,2025-05-07,Completed,20
O002412,C00345,2026-04-04,Completed,5
O002413,C00296,2026-06-20,Completed,10
O002414,C01009,2026-01-20,Completed,20
O002415,C01089,2026-03-15,Completed,0
O002416,C01224,2025-10-26,Completed,10
O002417,C00803,2026-07-11,Completed,0
O002418,C00430,2026-05-10,Completed,5
O002419,C01113,2026-08-19,Completed,15
O002420,C00778,2025-10-18,Completed,0
O002421,C01346,2026-04-24,Completed,20
O002422,C00626,2025-10-17,Completed,10
O002423,C00450,2026-04-09,Completed,20
O002424,C00822,2026-05-19,Completed,5
O002425,C00762,2026-01-08,Completed,5
O002426,C01579,2026-07-11,Completed,0
O002427,C01090,2026-07-09,Completed,5
O002428,C00287,2026-04-03,Completed,0
O002429,C00237,2025-05-28,Completed,0
O002430,C00009,2025-12-30,Completed,20
O002431,C01903,2026-07-12,Completed,0
O002432,C00412,2025-12-23,Completed,5
O002433,C01468,2025-12-07,Completed,30
O002434,C00810,2026-06-01,Completed,30
O002435,C00979,2025-10-02,Completed,15
O002436,C01251,2025-11-07,Completed,0
O002437,C01747,2025-11-06,Completed,0
O002438,C01493,2025-11-13,Completed,5
O002439,C00839,2026-04-19,Cancelled,10
O002440,C00213,2026-03-23,Completed,0
O002441,C00801,2025-11-02,Completed,20
O002442,C00987,2026-03-18,Completed,15
O002443,C01034,2025-05-31,Completed,0
O002444,C01245,2026-06-27,Completed,0
O002445,C01152,2025-11-28,Completed,0
O002446,C00205,2025-10-31,Completed,10
O002447,C01645,2026-08-03,Completed,0
O002448,C00747,2026-03-09,Completed,0
O002449,C00755,2025-06-14,Completed,5
O002450,C01032,2025-07-06,Completed,10
O002451,C00273,2026-08-07,Completed,0
O002452,C00782,2025-11-11,Completed,0
O002453,C00025,2026-07-24,Completed,20
O002454,C00515,2026-06-10,Completed,5
O002455,C00914,2026-08-03,Completed,0
O002456,C01586,2025-11-08,Completed,10
O002457,C01626,2026-08-11,Completed,5
O002458,C00403,2026-07-20,Completed,0
O002459,C00950,2026-07-25,Completed,10
O002460,C01251,2025-10-28,Completed,15
O002461,C00949,2025-08-01,Completed,20
O002462,C00662,2025-10-11,Completed,0
O002463,C00509,2026-07-15,Cancelled,5
O002464,C00543,2026-08-20,Completed,0
O002465,C01038,2025-11-21,Completed,0
O002466,C01705,2025-05-31,Completed,20
O002467,C00832,2026-04-07,Completed,0
O002468,C00589,2026-02-02,Cancelled,0
O002469,C01537,2026-02-19,Completed,10
O002470,C00653,2026-05-25,Completed,30
O002471,C00372,2026-06-22,Completed,20
O002472,C01691,2026-06-01,Completed,10
O002473,C00638,2025-12-02,Completed,15
O002474,C01625,2025-08-19,Completed,5
O002475,C01300,2025-10-12,Completed,30
O002476,C00160,2026-04-19,Completed,10
O002477,C01733,2025-10-11,Completed,0
O002478,C01750,2026-07-18,Completed,15
O002479,C01395,2026-08-16,Completed,5
O002480,C01597,2026-07-04,Completed,15
O002481,C00216,2026-05-29,Completed,0
O002482,C01826,2026-03-23,Completed,5
O002483,C01071,2026-03-22,Completed,10
O002484,C01973,2026-04-06,Completed,5
O002485,C01216,2026-04-10,Completed,20
O002486,C00010,2026-02-11,Completed,15
O002487,C01595,2026-05-22,Completed,10
O002488,C01914,2026-06-29,Completed,20
O002489,C00991,2026-03-27,Cancelled,5
O002490,C00661,2025-08-05,Completed,15
O002491,C01321,2026-02-07,Completed,10
O002492,C00671,2026-02-07,Completed,5
O002493,C01638,2025-04-17,Completed,0
O002494,C01702,2026-07-29,Completed,5
O002495,C00542,2025-07-16,Completed,5
O002496,C00851,2025-08-03,Completed,0
O002497,C00769,2026-03-10,Completed,10
O002498,C01326,2026-06-01,Completed,0
O002499,C00938,2025-10-19,Completed,10
O002500,C00073,2025-12-05,Completed,0
O002501,C01574,2026-04-11,Completed,10
O002502,C00879,2025-11-10,Completed,0
O002503,C01633,2026-02-18,Completed,0
O002504,C00750,2025-05-19,Completed,5
O002505,C00824,2025-08-02,Completed,15
O002506,C00060,2026-05-10,Completed,5
O002507,C00685,2025-12-12,Completed,0
O002508,C01847,2026-06-03,Completed,0
O002509,C01836,2025-07-06,Completed,10
O002510,C01745,2026-05-15,Completed,0
O002511,C01940,2026-01-23,Completed,10
O002512,C00577,2025-05-06,Cancelled,0
O002513,C00602,2026-04-29,Completed,0
O002514,C00512,2026-06-03,Completed,10
O002515,C00936,2026-05-25,Completed,5
O002516,C01421,2026-07-18,Completed,30
O002517,C00898,2026-03-22,Completed,5
O002518,C01996,2026-02-09,Completed,10
O002519,C00754,2026-07-10,Completed,10
O002520,C00149,2026-06-16,Completed,5
O002521,C00280,2026-05-10,Completed,20
O002522,C01069,2026-08-03,Completed,0
O002523,C00294,2026-04-29,Completed,0
O002524,C00803,2025-12-26,Completed,5
O002525,C01444,2026-07-14,Completed,0
O002526,C00271,2026-03-02,Completed,0
O002527,C00206,2025-07-03,Completed,0
O002528,C00877,2026-08-07,Completed,0
O002529,C01944,2025-12-20,Completed,20
O002530,C01414,2026-07-20,Completed,0
O002531,C00806,2026-06-13,Cancelled,0
O002532,C00568,2026-03-08,Completed,20
O002533,C01203,2025-04-20,Completed,0
O002534,C01983,2026-05-21,Completed,20
O002535,C01258,2025-12-17,Completed,0
O002536,C00184,2026-05-01,Completed,10
O002537,C01105,2026-02-08,Completed,5
O002538,C01930,2026-03-28,Completed,0
O002539,C00631,2025-11-16,Completed,0
O002540,C00243,2025-12-20,Completed,20
O002541,C00077,2026-06-22,Completed,15
O002542,C01079,2026-01-29,Cancelled,10
O002543,C01401,2026-02-28,Completed,5
O002544,C00676,2026-07-28,Completed,0
O002545,C00276,2025-05-10,Completed,5
O002546,C00811,2026-03-28,Completed,10
O002547,C01633,2026-07-08,Completed,10
O002548,C00529,2026-03-10,Completed,15
O002549,C01370,2026-07-10,Completed,10
O002550,C01390,2026-03-26,Completed,20
O002551,C00823,2026-05-22,Completed,20
O002552,C01899,2026-06-30,Completed,10
O002553,C01867,2026-06-12,Completed,10
O002554,C00123,2025-11-27,Completed,5
O002555,C01721,2026-02-25,Completed,5
O002556,C00425,2026-08-04,Completed,0
O002557,C01961,2025-11-23,Completed,0
O002558,C01263,2026-03-25,Completed,30
O002559,C00266,2026-04-17,Completed,5
O002560,C00391,2026-07-30,Completed,20
O002561,C00764,2026-06-08,Completed,15
O002562,C00826,2026-08-19,Completed,15
O002563,C00281,2025-10-28,Completed,20
O002564,C01400,2026-06-19,Completed,15
O002565,C01524,2026-05-09,Completed,20
O002566,C01433,2026-05-28,Completed,20
O002567,C01585,2026-07-05,Completed,0
O002568,C00007,2025-12-04,Completed,5
O002569,C00666,2026-05-10,Completed,5
O002570,C01804,2026-06-04,Completed,10
O002571,C01422,2026-08-09,Completed,5
O002572,C00954,2026-03-08,Cancelled,0
O002573,C01831,2025-06-06,Completed,0
O002574,C01634,2026-04-11,Completed,5
O002575,C01165,2025-06-01,Completed,0
O002576,C00950,2026-07-27,Completed,0
O002577,C00910,2026-02-16,Completed,15
O002578,C01605,2025-06-18,Completed,5
O002579,C01627,2025-05-19,Completed,10
O002580,C01808,2025-09-27,Completed,5
O002581,C01480,2026-01-26,Completed,0
O002582,C01761,2026-06-18,Completed,0
O002583,C00560,2025-05-24,Completed,5
O002584,C00779,2026-05-19,Completed,20
O002585,C00074,2026-07-22,Completed,5
O002586,C01717,2026-07-31,Completed,5
O002587,C01246,2025-11-02,Completed,0
O002588,C00664,2025-10-07,Completed,10
O002589,C01522,2026-03-14,Completed,15
O002590,C01665,2026-08-08,Completed,15
O002591,C00550,2026-08-06,Completed,0
O002592,C01743,2025-12-26,Cancelled,0
O002593,C01491,2026-06-14,Completed,30
O002594,C00308,2026-07-11,Completed,5
O002595,C00996,2026-05-16,Completed,0
O002596,C01878,2026-07-31,Completed,5
O002597,C01217,2026-07-10,Completed,30
O002598,C00853,2025-07-11,Cancelled,15
O002599,C01515,2026-04-18,Completed,10
O002600,C00822,2025-10-23,Cancelled,5
O002601,C00995,2026-01-01,Completed,30
O002602,C00958,2025-10-23,Completed,0
O002603,C01702,2025-02-03,Completed,0
O002604,C01467,2026-06-28,Completed,5
O002605,C00787,2026-06-09,Completed,10
O002606,C01834,2026-05-12,Completed,15
O002607,C00945,2025-03-08,Completed,0
O002608,C01568,2026-03-08,Completed,0
O002609,C01625,2025-10-25,Completed,5
O002610,C00973,2026-02-13,Completed,15
O002611,C01868,2025-04-15,Completed,20
O002612,C01004,2026-02-15,Completed,0
O002613,C01832,2025-10-17,Completed,0
O002614,C00063,2026-07-29,Completed,10
O002615,C01565,2026-02-04,Completed,5
O002616,C01136,2026-03-30,Completed,0
O002617,C01779,2025-09-20,Completed,10
O002618,C00527,2026-03-05,Completed,5
O002619,C01367,2025-09-19,Completed,0
O002620,C01702,2026-06-10,Completed,0
O002621,C00578,2026-03-07,Completed,5
O002622,C01230,2026-03-14,Completed,0
O002623,C00723,2026-04-15,Completed,5
O002624,C00708,2026-04-01,Completed,0
O002625,C00170,2026-01-31,Completed,20
O002626,C00359,2026-07-09,Completed,30
O002627,C00917,2025-08-23,Cancelled,5
O002628,C01503,2026-04-05,Completed,5
O002629,C01929,2026-05-24,Completed,15
O002630,C00982,2026-01-07,Completed,15
O002631,C01149,2025-09-07,Completed,30
O002632,C01527,2025-12-19,Completed,20
O002633,C01046,2026-07-25,Cancelled,20
O002634,C00234,2025-12-08,Completed,20
O002635,C01186,2026-04-17,Cancelled,20
O002636,C01167,2026-05-31,Completed,0
O002637,C00994,2026-05-05,Completed,5
O002638,C00107,2026-01-17,Completed,0
O002639,C01134,2026-04-12,Completed,0
O002640,C00752,2025-09-20,Completed,10
O002641,C00985,2026-06-16,Completed,20
O002642,C00624,2025-12-10,Completed,15
O002643,C00405,2026-04-18,Completed,0
O002644,C01781,2025-12-04,Cancelled,20
O002645,C01160,2025-09-04,Completed,30
O002646,C00689,2026-01-25,Completed,0
O002647,C01716,2025-08-15,Completed,0
O002648,C01347,2026-05-23,Completed,20
O002649,C00630,2025-11-15,Completed,0
O002650,C00489,2026-05-13,Completed,0
O002651,C01549,2026-03-29,Completed,15
O002652,C01268,2026-01-18,Completed,30
O002653,C00703,2026-05-09,Completed,15
O002654,C01442,2025-08-10,Completed,0
O002655,C01449,2026-08-07,Completed,0
O002656,C00654,2026-04-01,Completed,15
O002657,C01523,2025-12-03,Completed,10
O002658,C00648,2026-01-15,Completed,10
O002659,C01314,2026-04-15,Cancelled,10
O002660,C01162,2026-06-17,Completed,5
O002661,C00983,2025-11-18,Completed,5
O002662,C01016,2026-06-12,Completed,15
O002663,C00320,2025-12-30,Completed,0
O002664,C00931,2025-12-22,Completed,0
O002665,C01985,2026-05-16,Completed,20
O002666,C01775,2026-08-06,Cancelled,0
O002667,C00480,2026-07-20,Completed,0
O002668,C00845,2026-01-19,Cancelled,10
O002669,C00484,2026-03-31,Completed,0
O002670,C01849,2026-02-03,Completed,0
O002671,C01389,2026-02-04,Completed,15
O002672,C00611,2026-04-09,Completed,15
O002673,C00917,2026-05-06,Cancelled,5
O002674,C00099,2025-10-17,Completed,0
O002675,C01425,2025-11-01,Completed,5
O002676,C01303,2026-08-14,Completed,5
O002677,C00744,2026-07-07,Completed,15
O002678,C01084,2026-03-17,Completed,20
O002679,C01164,2026-06-10,Completed,15
O002680,C01949,2025-10-21,Completed,0
O002681,C00076,2026-01-29,Completed,5
O002682,C00190,2026-05-27,Completed,0
O002683,C01743,2026-05-12,Completed,10
O002684,C01356,2025-07-07,Completed,0
O002685,C01390,2026-01-13,Completed,0
O002686,C00245,2026-07-28,Completed,0
O002687,C00214,2025-07-30,Completed,10
O002688,C01549,2026-03-17,Completed,5
O002689,C00784,2026-08-03,Completed,0
O002690,C00428,2025-11-23,Completed,0
O002691,C00319,2025-11-04,Completed,30
O002692,C00321,2026-02-21,Completed,0
O002693,C00454,2025-06-07,Completed,5
O002694,C00540,2026-05-31,Completed,0
O002695,C00490,2026-07-29,Completed,10
O002696,C00385,2026-07-23,Completed,5
O002697,C01898,2026-06-06,Completed,0
O002698,C00718,2026-06-07,Completed,0
O002699,C00228,2026-07-20,Cancelled,15
O002700,C00878,2026-05-31,Completed,5
O002701,C01983,2026-06-28,Completed,10
O002702,C00356,2026-02-08,Completed,0
O002703,C01352,2026-05-01,Completed,0
O002704,C00102,2025-08-25,Completed,20
O002705,C01086,2026-03-23,Completed,5
O002706,C01219,2026-04-15,Completed,10
O002707,C01480,2026-07-23,Cancelled,10
O002708,C01648,2026-05-21,Completed,20
O002709,C01783,2026-06-27,Completed,10
O002710,C01274,2026-01-20,Completed,0
O002711,C00797,2026-04-20,Completed,0
O002712,C00963,2025-10-14,Completed,10
O002713,C00373,2026-07-13,Completed,10
O002714,C00647,2026-02-14,Completed,15
O002715,C01398,2025-12-29,Completed,0
O002716,C01897,2026-01-25,Completed,10
O002717,C00132,2026-02-23,Completed,20
O002718,C01150,2026-06-21,Completed,30
O002719,C00744,2026-05-13,Completed,5
O002720,C00744,2026-08-13,Completed,0
O002721,C00829,2025-08-12,Completed,15
O002722,C00333,2026-03-02,Completed,10
O002723,C00219,2026-07-18,Cancelled,5
O002724,C00141,2026-04-03,Completed,30
O002725,C00110,2026-04-20,Completed,20
O002726,C01994,2025-12-22,Completed,5
O002727,C01070,2026-04-13,Completed,10
O002728,C01460,2026-04-23,Cancelled,30
O002729,C01189,2026-02-10,Completed,5
O002730,C01538,2026-02-01,Completed,20
O002731,C01873,2025-12-14,Completed,5
O002732,C01303,2026-04-08,Completed,0
O002733,C00299,2026-07-06,Completed,5
O002734,C00031,2025-05-07,Completed,0
O002735,C00827,2026-03-05,Completed,0
O002736,C01287,2026-01-25,Completed,0
O002737,C00728,2025-08-16,Completed,0
O002738,C00855,2026-06-16,Completed,30
O002739,C00300,2025-04-03,Completed,0
O002740,C00156,2026-07-04,Completed,0
O002741,C01552,2026-07-04,Completed,0
O002742,C01364,2026-05-16,Completed,5
O002743,C00585,2026-05-14,Completed,20
O002744,C00309,2025-04-29,Completed,0
O002745,C00916,2025-10-15,Completed,20
O002746,C01474,2025-09-06,Completed,0
O002747,C00052,2025-12-10,Completed,10
O002748,C00310,2025-11-03,Cancelled,5
O002749,C01787,2026-06-23,Completed,5
O002750,C01523,2026-07-10,Completed,15
O002751,C00534,2026-05-14,Completed,10
O002752,C00231,2026-02-10,Completed,15
O002753,C00278,2026-04-28,Completed,10
O002754,C00748,2026-05-18,Completed,15
O002755,C00055,2026-06-14,Completed,0
O002756,C01306,2026-06-20,Completed,0
O002757,C00808,2025-12-01,Completed,15
O002758,C01866,2025-12-15,Completed,10
O002759,C01269,2026-01-11,Cancelled,0
O002760,C00794,2025-09-27,Completed,20
O002761,C01716,2025-03-04,Completed,10
O002762,C00892,2026-06-14,Completed,5
O002763,C01816,2026-05-19,Completed,5
O002764,C01750,2025-09-03,Completed,0
O002765,C00192,2026-02-02,Completed,0
O002766,C01182,2026-06-02,Completed,0
O002767,C01359,2026-01-07,Completed,20
O002768,C01492,2026-05-03,Completed,0
O002769,C00212,2025-12-14,Completed,5
O002770,C00246,2026-04-10,Completed,10
O002771,C01614,2026-08-02,Completed,0
O002772,C00606,2026-08-08,Completed,5
O002773,C01978,2026-07-27,Completed,5
O002774,C00707,2025-12-25,Completed,20
O002775,C01845,2025-09-16,Completed,5
O002776,C01335,2025-11-23,Cancelled,30
O002777,C01168,2026-06-23,Completed,20
O002778,C00197,2026-02-25,Completed,10
O002779,C01516,2025-09-25,Completed,0
O002780,C01045,2026-04-19,Completed,5
O002781,C00111,2026-01-11,Completed,15
O002782,C00434,2026-04-09,Completed,15
O002783,C00988,2026-05-04,Completed,5
O002784,C00727,2026-03-30,Completed,0
O002785,C00149,2026-05-07,Completed,30
O002786,C01245,2025-12-12,Completed,0
O002787,C01498,2026-05-04,Completed,20
O002788,C01177,2026-08-05,Completed,0
O002789,C01343,2025-06-11,Completed,5
O002790,C00076,2026-04-25,Completed,15
O002791,C01799,2026-03-15,Completed,20
O002792,C00360,2026-03-27,Completed,0
O002793,C00678,2026-08-02,Completed,10
O002794,C00204,2026-08-04,Completed,10
O002795,C00924,2026-07-08,Completed,15
O002796,C00356,2026-02-24,Completed,0
O002797,C01747,2026-03-29,Completed,5
O002798,C01569,2025-11-05,Cancelled,0
O002799,C00380,2025-08-03,Completed,20
O002800,C00539,2025-11-03,Completed,10
O002801,C01774,2026-03-24,Completed,5
O002802,C00610,2026-07-22,Completed,0
O002803,C00705,2026-05-28,Completed,0
O002804,C00010,2026-04-13,Cancelled,10
O002805,C01891,2025-11-14,Completed,20
O002806,C01659,2026-01-09,Completed,5
O002807,C00161,2025-11-17,Completed,5
O002808,C01675,2025-11-03,Completed,0
O002809,C01110,2026-04-14,Completed,10
O002810,C01793,2025-09-09,Completed,5
O002811,C00567,2026-07-28,Completed,5
O002812,C00675,2026-07-04,Completed,0
O002813,C01424,2026-04-29,Completed,20
O002814,C00442,2026-01-28,Completed,0
O002815,C01221,2026-08-02,Completed,0
O002816,C01184,2025-07-19,Completed,10
O002817,C00929,2026-05-30,Completed,5
O002818,C01333,2026-04-26,Completed,0
O002819,C01806,2026-06-09,Completed,0
O002820,C00016,2026-04-09,Completed,20
O002821,C01032,2026-07-04,Completed,20
O002822,C01860,2025-11-25,Completed,0
O002823,C01391,2026-07-09,Completed,10
O002824,C00902,2025-09-21,Completed,10
O002825,C01624,2026-01-11,Completed,0
O002826,C00576,2025-10-15,Completed,0
O002827,C01255,2026-03-11,Completed,0
O002828,C01677,2026-07-15,Completed,20
O002829,C00156,2025-12-05,Completed,0
O002830,C00930,2026-01-27,Completed,20
O002831,C01622,2026-01-08,Completed,5
O002832,C01482,2026-05-20,Completed,10
O002833,C01382,2026-06-17,Completed,5
O002834,C01792,2025-10-18,Completed,0
O002835,C00547,2026-01-14,Completed,10
O002836,C00865,2026-01-20,Cancelled,20
O002837,C01779,2025-08-19,Completed,10
O002838,C00111,2026-06-01,Completed,0
O002839,C00770,2026-06-24,Completed,0
O002840,C00846,2026-03-18,Cancelled,10
O002841,C00965,2025-04-25,Completed,15
O002842,C01573,2025-07-27,Cancelled,20
O002843,C01370,2026-06-03,Completed,10
O002844,C01761,2026-07-12,Completed,0
O002845,C01695,2025-07-27,Completed,15
O002846,C00557,2025-06-13,Completed,5
O002847,C00499,2025-12-31,Completed,10
O002848,C01913,2026-03-23,Completed,5
O002849,C00640,2025-10-15,Completed,0
O002850,C01751,2026-05-10,Completed,10
O002851,C01244,2026-04-05,Completed,5
O002852,C01090,2025-08-23,Completed,5
O002853,C00615,2026-08-09,Cancelled,10
O002854,C01406,2026-03-10,Completed,0
O002855,C01405,2025-06-25,Completed,10
O002856,C01623,2026-02-27,Completed,0
O002857,C01458,2026-02-17,Completed,5
O002858,C00164,2026-06-15,Completed,15
O002859,C01219,2026-05-12,Completed,0
O002860,C01024,2026-06-02,Completed,20
O002861,C00565,2025-09-06,Completed,5
O002862,C00031,2025-08-17,Completed,0
O002863,C00381,2025-10-21,Cancelled,20
O002864,C01095,2025-08-24,Completed,0
O002865,C01912,2026-07-06,Completed,15
O002866,C00291,2026-01-27,Completed,10
O002867,C01907,2026-04-24,Completed,0
O002868,C00042,2026-04-26,Completed,10
O002869,C00069,2025-06-18,Completed,30
O002870,C01403,2026-01-12,Completed,30
O002871,C00063,2026-01-23,Completed,15
O002872,C01489,2025-08-07,Completed,0
O002873,C00934,2026-06-01,Completed,0
O002874,C00174,2026-06-01,Completed,10
O002875,C00434,2026-08-06,Completed,0
O002876,C00596,2026-07-06,Completed,5
O002877,C00044,2025-11-02,Completed,0
O002878,C01180,2026-06-21,Completed,5
O002879,C00214,2025-03-31,Completed,20
O002880,C00664,2025-10-23,Completed,10
O002881,C00228,2026-08-17,Completed,0
O002882,C00162,2026-04-18,Completed,5
O002883,C00801,2025-11-20,Completed,0
O002884,C01941,2026-04-25,Cancelled,5
O002885,C01464,2026-01-12,Completed,10
O002886,C01601,2026-05-29,Completed,0
O002887,C00797,2026-05-13,Completed,10
O002888,C01689,2026-08-12,Completed,5
O002889,C00961,2026-07-21,Completed,0
O002890,C01762,2025-07-26,Completed,20
O002891,C01181,2026-05-31,Completed,10
O002892,C00875,2026-07-18,Completed,0
O002893,C01971,2026-06-08,Completed,0
O002894,C01817,2026-06-23,Completed,15
O002895,C01649,2026-05-08,Completed,20
O002896,C00134,2026-03-08,Completed,10
O002897,C00681,2026-06-04,Completed,5
O002898,C00949,2026-06-29,Completed,20
O002899,C00194,2026-05-27,Completed,15
O002900,C00216,2026-04-29,Completed,10
O002901,C00471,2026-08-06,Completed,0
O002902,C01784,2026-07-24,Completed,5
O002903,C00947,2025-06-20,Completed,10
O002904,C01062,2026-01-23,Completed,0
O002905,C01950,2026-02-22,Completed,5
O002906,C00151,2025-11-23,Completed,5
O002907,C01943,2026-08-18,Completed,0
O002908,C00782,2025-07-14,Completed,10
O002909,C00691,2026-05-26,Completed,0
O002910,C01328,2025-06-14,Completed,0
O002911,C00650,2026-04-09,Completed,10
O002912,C01924,2025-07-31,Completed,20
O002913,C01913,2026-06-22,Cancelled,15
O002914,C00379,2026-03-19,Completed,0
O002915,C00485,2026-05-24,Completed,0
O002916,C00565,2026-02-07,Completed,15
O002917,C01293,2026-08-05,Completed,5
O002918,C00173,2026-03-27,Completed,10
O002919,C01611,2026-07-11,Completed,0
O002920,C00161,2025-10-01,Completed,15
O002921,C00640,2025-04-17,Completed,5
O002922,C00202,2025-05-01,Completed,10
O002923,C00472,2026-07-23,Completed,0
O002924,C01401,2025-06-29,Completed,5
O002925,C01747,2026-06-29,Completed,5
O002926,C01932,2026-05-02,Completed,0
O002927,C01156,2026-06-08,Completed,20
O002928,C01329,2025-08-29,Completed,20
O002929,C00277,2026-01-13,Completed,0
O002930,C01820,2026-08-05,Completed,10
O002931,C00308,2025-10-24,Completed,0
O002932,C01620,2026-03-20,Completed,0
O002933,C01979,2025-12-22,Completed,5
O002934,C01184,2025-10-20,Completed,5
O002935,C00865,2026-05-26,Completed,20
O002936,C01864,2026-07-17,Completed,0
O002937,C00788,2026-04-07,Completed,15
O002938,C00812,2025-06-10,Completed,15
O002939,C00730,2026-06-12,Completed,10
O002940,C00375,2026-03-24,Completed,0
O002941,C01574,2026-05-05,Completed,0
O002942,C00226,2026-04-13,Completed,15
O002943,C01339,2025-09-11,Completed,0
O002944,C01849,2026-05-29,Completed,0
O002945,C01800,2025-05-04,Completed,0
O002946,C01778,2025-03-24,Completed,10
O002947,C00905,2026-01-09,Completed,5
O002948,C01288,2026-04-09,Completed,5
O002949,C01333,2026-05-15,Completed,20
O002950,C00950,2026-06-29,Completed,10
O002951,C00369,2025-07-21,Completed,10
O002952,C01047,2025-11-15,Completed,0
O002953,C01625,2025-09-01,Completed,20
O002954,C01931,2026-02-04,Completed,0
O002955,C01241,2026-04-11,Cancelled,0
O002956,C00745,2026-02-25,Completed,10
O002957,C00622,2025-07-14,Completed,0
O002958,C00575,2026-07-29,Completed,30
O002959,C01735,2026-06-04,Completed,15
O002960,C01739,2026-07-16,Completed,0
O002961,C00389,2026-04-30,Cancelled,20
O002962,C00714,2025-12-16,Completed,10
O002963,C00724,2025-08-19,Completed,10
O002964,C00265,2025-04-07,Completed,0
O002965,C00232,2026-03-08,Completed,5
O002966,C01427,2026-07-11,Completed,5
O002967,C00555,2026-02-16,Completed,0
O002968,C00391,2025-12-26,Completed,0
O002969,C00482,2026-02-28,Completed,0
O002970,C01582,2026-08-01,Completed,5
O002971,C01371,2025-10-09,Completed,15
O002972,C01512,2025-10-29,Completed,5
O002973,C00344,2026-06-23,Completed,0
O002974,C00924,2026-05-10,Completed,0
O002975,C00673,2026-08-05,Completed,10
O002976,C00727,2026-07-05,Completed,5
O002977,C01124,2025-12-23,Completed,0
O002978,C01410,2026-06-15,Completed,10
O002979,C00642,2025-10-13,Completed,0
O002980,C00513,2026-01-01,Completed,15
O002981,C00734,2026-06-06,Completed,30
O002982,C00141,2026-07-10,Completed,0
O002983,C01976,2026-05-17,Completed,10
O002984,C01447,2026-04-19,Completed,15
O002985,C00169,2025-12-03,Completed,30
O002986,C01371,2025-08-14,Completed,5
O002987,C00057,2026-05-27,Completed,15
O002988,C00501,2026-06-28,Completed,5
O002989,C01402,2026-04-10,Completed,10
O002990,C00813,2026-05-09,Completed,20
O002991,C01747,2026-06-16,Completed,0
O002992,C01532,2026-01-11,Completed,10
O002993,C01025,2025-03-16,Completed,20
O002994,C00900,2026-06-04,Completed,0
O002995,C01585,2025-10-21,Completed,10
O002996,C01798,2025-09-17,Completed,0
O002997,C01857,2025-07-25,Completed,15
O002998,C01579,2025-08-29,Completed,0
O002999,C01540,2026-07-16,Completed,0
O003000,C01197,2025-07-24,Completed,0
O003001,C01810,2026-08-13,Completed,10
O003002,C00798,2026-04-07,Completed,0
O003003,C01595,2026-06-30,Completed,10
O003004,C01590,2026-06-24,Completed,15
O003005,C01944,2026-02-25,Completed,0
O003006,C00834,2025-11-25,Completed,0
O003007,C01619,2026-08-06,Cancelled,0
O003008,C01575,2025-12-30,Completed,10
O003009,C01784,2025-06-29,Completed,10
O003010,C00849,2025-04-05,Completed,10
O003011,C00880,2026-04-08,Completed,10
O003012,C00054,2025-07-04,Completed,0
O003013,C00883,2026-05-24,Completed,0
O003014,C00176,2025-08-05,Completed,5
O003015,C00531,2026-08-09,Completed,10
O003016,C01221,2026-06-30,Completed,20
O003017,C00302,2026-01-14,Completed,0
O003018,C00573,2025-09-13,Completed,15
O003019,C01698,2026-07-14,Completed,5
O003020,C00409,2026-08-01,Completed,0
O003021,C00617,2026-01-12,Completed,5
O003022,C01263,2026-06-28,Completed,5
O003023,C01230,2026-02-20,Completed,5
O003024,C00626,2025-04-27,Completed,10
O003025,C00832,2026-04-13,Completed,20
O003026,C01166,2026-04-11,Completed,5
O003027,C01551,2026-02-16,Completed,10
O003028,C00009,2026-07-16,Completed,0
O003029,C00569,2026-08-11,Completed,15
O003030,C00579,2025-10-09,Completed,20
O003031,C01724,2026-08-05,Completed,5
O003032,C01207,2026-01-18,Completed,0
O003033,C01937,2026-02-21,Completed,10
O003034,C01934,2025-06-25,Completed,10
O003035,C00640,2025-08-16,Completed,0
O003036,C00346,2026-04-17,Completed,10
O003037,C01495,2026-04-19,Completed,0
O003038,C01863,2026-03-20,Completed,20
O003039,C00464,2026-04-16,Completed,10
O003040,C01307,2025-12-28,Completed,10
O003041,C01016,2026-03-24,Completed,0
O003042,C00258,2026-07-07,Completed,10
O003043,C00904,2025-10-22,Completed,20
O003044,C01381,2026-01-22,Completed,5
O003045,C01942,2026-05-20,Completed,5
O003046,C00702,2026-07-21,Completed,0
O003047,C01561,2026-05-23,Completed,0
O003048,C01810,2026-04-27,Completed,10
O003049,C00433,2026-07-19,Completed,10
O003050,C01904,2025-10-14,Completed,0
O003051,C01510,2026-07-13,Completed,10
O003052,C01147,2026-06-06,Completed,0
O003053,C00551,2026-07-01,Completed,0
O003054,C00833,2025-11-10,Completed,10
O003055,C01439,2026-04-05,Completed,0
O003056,C00815,2026-05-24,Completed,0
O003057,C00525,2026-08-17,Completed,10
O003058,C00233,2026-01-13,Completed,0
O003059,C00961,2025-07-31,Completed,5
O003060,C01505,2026-03-26,Completed,0
O003061,C01860,2025-12-30,Completed,0
O003062,C01485,2026-02-20,Completed,0
O003063,C00691,2026-03-25,Completed,5
O003064,C01649,2026-06-25,Cancelled,0
O003065,C01138,2025-07-06,Completed,0
O003066,C01275,2025-12-10,Completed,20
O003067,C01086,2026-03-30,Completed,15
O003068,C00330,2025-07-01,Completed,10
O003069,C00813,2026-06-02,Completed,0
O003070,C00892,2026-03-27,Completed,0
O003071,C00269,2026-08-19,Completed,5
O003072,C01569,2026-04-24,Completed,0
O003073,C00792,2026-07-11,Completed,5
O003074,C01589,2025-09-13,Completed,0
O003075,C00924,2026-07-12,Completed,5
O003076,C01492,2026-02-07,Completed,0
O003077,C01200,2026-08-06,Completed,0
O003078,C01074,2025-10-04,Completed,5
O003079,C01700,2026-06-14,Completed,15
O003080,C01709,2025-05-11,Completed,10
O003081,C01857,2025-04-07,Completed,0
O003082,C00870,2026-05-23,Completed,0
O003083,C00409,2026-04-06,Cancelled,0
O003084,C00173,2026-01-27,Completed,0
O003085,C00858,2026-01-05,Completed,0
O003086,C01106,2025-10-08,Completed,5
O003087,C00226,2026-06-16,Completed,15
O003088,C01301,2025-12-31,Completed,0
O003089,C01906,2026-06-28,Completed,20
O003090,C00245,2026-05-06,Completed,0
O003091,C00507,2025-12-27,Completed,20
O003092,C01832,2026-01-30,Cancelled,0
O003093,C01497,2025-11-29,Completed,10
O003094,C00930,2025-10-04,Completed,0
O003095,C01452,2026-01-20,Completed,0
O003096,C00752,2026-07-13,Completed,0
O003097,C00666,2026-01-25,Completed,0
O003098,C00554,2026-03-09,Completed,0
O003099,C00150,2025-09-10,Completed,10
O003100,C01937,2026-02-10,Cancelled,0
O003101,C01085,2026-02-05,Completed,10
O003102,C00007,2026-06-09,Completed,10
O003103,C01936,2026-08-11,Completed,0
O003104,C00606,2026-07-01,Completed,0
O003105,C01153,2026-08-01,Completed,20
O003106,C01764,2026-05-04,Completed,30
O003107,C00066,2026-06-09,Completed,30
O003108,C01602,2026-07-06,Completed,0
O003109,C01524,2026-06-02,Completed,0
O003110,C01722,2026-02-21,Completed,30
O003111,C01376,2026-08-03,Completed,30
O003112,C01325,2026-03-03,Completed,30
O003113,C00032,2025-05-07,Completed,10
O003114,C01091,2025-11-12,Completed,10
O003115,C00643,2026-06-14,Completed,20
O003116,C00239,2026-03-11,Completed,20
O003117,C00476,2026-03-29,Completed,5
O003118,C01927,2026-05-25,Completed,10
O003119,C00802,2026-02-13,Completed,20
O003120,C00142,2025-08-24,Completed,5
O003121,C01875,2026-05-23,Completed,0
O003122,C01874,2026-05-23,Completed,15
O003123,C00210,2025-09-03,Completed,0
O003124,C00981,2025-11-10,Completed,30
O003125,C01884,2026-05-21,Completed,5
O003126,C01050,2026-07-29,Completed,5
O003127,C01154,2026-08-04,Completed,20
O003128,C01740,2025-12-15,Completed,0
O003129,C01740,2025-08-03,Completed,20
O003130,C00699,2026-07-02,Completed,0
O003131,C00875,2025-08-11,Completed,0
O003132,C01546,2026-08-14,Cancelled,0
O003133,C00592,2026-07-04,Completed,0
O003134,C00390,2026-05-04,Cancelled,10
O003135,C01071,2026-02-03,Completed,20
O003136,C01690,2026-06-16,Completed,10
O003137,C00795,2026-03-12,Completed,0
O003138,C00103,2026-02-15,Completed,10
O003139,C00119,2025-03-18,Completed,10
O003140,C01390,2026-07-13,Completed,15
O003141,C00435,2026-08-18,Completed,10
O003142,C00752,2026-07-10,Completed,5
O003143,C00318,2026-07-01,Completed,0
O003144,C01856,2026-04-12,Completed,15
O003145,C00739,2026-05-30,Completed,0
O003146,C00744,2026-04-12,Completed,5
O003147,C00090,2025-11-19,Completed,0
O003148,C01649,2026-04-15,Completed,0
O003149,C00351,2026-05-01,Cancelled,10
O003150,C01550,2026-03-14,Completed,5
O003151,C01120,2026-05-11,Completed,0
O003152,C01690,2026-01-11,Completed,30
O003153,C00523,2025-12-15,Completed,30
O003154,C01206,2025-05-14,Completed,10
O003155,C01947,2026-02-21,Completed,0
O003156,C01386,2026-02-10,Completed,10
O003157,C01015,2025-07-14,Completed,0
O003158,C00779,2025-12-24,Completed,0
O003159,C00730,2026-07-15,Completed,0
O003160,C01153,2026-03-17,Completed,15
O003161,C00751,2026-05-25,Completed,5
O003162,C01609,2025-08-11,Completed,20
O003163,C01740,2025-08-25,Completed,20
O003164,C00629,2025-12-08,Completed,0
O003165,C00937,2026-03-09,Completed,0
O003166,C01294,2026-07-18,Cancelled,10
O003167,C00115,2026-08-02,Completed,10
O003168,C01601,2026-03-13,Completed,20
O003169,C00328,2026-01-22,Completed,10
O003170,C00808,2025-06-15,Completed,0
O003171,C00553,2025-06-11,Completed,0
O003172,C00608,2026-06-18,Completed,0
O003173,C01668,2025-10-04,Cancelled,10
O003174,C01879,2026-02-14,Completed,20
O003175,C01233,2026-02-08,Completed,5
O003176,C01425,2026-04-17,Completed,0
O003177,C00003,2025-06-13,Cancelled,15
O003178,C00004,2026-04-21,Completed,0
O003179,C00308,2026-01-10,Completed,0
O003180,C01178,2025-12-14,Completed,30
O003181,C01721,2025-12-09,Cancelled,15
O003182,C01430,2026-06-15,Completed,0
O003183,C00045,2026-07-20,Completed,10
O003184,C00661,2025-10-03,Completed,15
O003185,C01732,2026-06-06,Completed,15
O003186,C00043,2026-05-13,Completed,10
O003187,C00607,2026-02-06,Completed,20
O003188,C01639,2026-07-16,Completed,30
O003189,C00616,2026-07-25,Completed,5
O003190,C00025,2026-04-22,Completed,10
O003191,C01474,2026-03-25,Completed,20
O003192,C01758,2026-06-15,Completed,20
O003193,C01015,2025-10-29,Completed,10
O003194,C00201,2026-04-06,Completed,0
O003195,C01957,2026-03-19,Completed,15
O003196,C01233,2025-11-15,Completed,0
O003197,C00107,2025-12-16,Completed,10
O003198,C01394,2025-08-02,Completed,0
O003199,C00035,2026-07-20,Completed,0
O003200,C00727,2026-03-21,Completed,5
O003201,C01692,2026-04-26,Completed,0
O003202,C01598,2025-05-27,Completed,5
O003203,C01459,2026-07-06,Completed,0
O003204,C00036,2026-06-20,Completed,0
O003205,C01672,2026-02-14,Completed,5
O003206,C01963,2026-06-27,Completed,10
O003207,C00699,2026-07-28,Completed,15
O003208,C00425,2026-08-04,Completed,0
O003209,C02000,2026-08-03,Completed,0
O003210,C00719,2026-03-31,Completed,5
O003211,C00210,2026-08-05,Completed,5
O003212,C01652,2026-06-26,Completed,0
O003213,C00689,2026-02-05,Completed,5
O003214,C01356,2026-02-14,Completed,30
O003215,C00327,2026-02-11,Completed,0
O003216,C01991,2026-02-20,Completed,0
O003217,C01874,2026-02-16,Completed,20
O003218,C01227,2025-09-06,Completed,5
O003219,C00161,2026-07-11,Completed,0
O003220,C00225,2026-08-08,Completed,0
O003221,C01249,2026-03-17,Completed,5
O003222,C01421,2026-03-30,Completed,0
O003223,C00837,2026-02-16,Completed,5
O003224,C01860,2025-06-14,Completed,0
O003225,C00202,2026-07-29,Completed,10
O003226,C00982,2025-11-29,Completed,0
O003227,C01720,2026-04-07,Completed,30
O003228,C01722,2025-08-04,Completed,15
O003229,C00060,2026-04-19,Completed,20
O003230,C01768,2026-05-31,Completed,0
O003231,C01574,2026-04-16,Completed,0
O003232,C01498,2026-06-10,Completed,15
O003233,C01381,2026-06-17,Completed,30
O003234,C00160,2025-11-05,Completed,20
O003235,C00948,2025-09-03,Completed,0
O003236,C00302,2026-04-11,Completed,5
O003237,C01081,2025-11-10,Completed,15
O003238,C00685,2026-01-14,Completed,10
O003239,C00970,2026-07-07,Completed,10
O003240,C00767,2026-06-17,Completed,5
O003241,C00202,2025-07-09,Completed,10
O003242,C01997,2026-07-16,Completed,15
O003243,C00652,2025-05-25,Completed,5
O003244,C01154,2025-10-08,Completed,0
O003245,C01935,2026-03-19,Completed,30
O003246,C01176,2026-05-06,Completed,0
O003247,C01596,2026-04-22,Completed,15
O003248,C01790,2026-06-03,Completed,0
O003249,C00869,2026-05-07,Completed,5
O003250,C01582,2026-04-13,Completed,5
O003251,C01106,2025-09-21,Completed,0
O003252,C01847,2026-06-05,Completed,10
O003253,C01775,2026-06-29,Completed,5
O003254,C00948,2026-01-20,Completed,0
O003255,C00859,2026-04-22,Completed,0
O003256,C00884,2026-07-11,Completed,0
O003257,C01658,2025-11-04,Cancelled,10
O003258,C00956,2026-05-25,Completed,10
O003259,C00762,2026-01-16,Completed,5
O003260,C00102,2025-06-12,Completed,5
O003261,C01028,2026-03-04,Completed,20
O003262,C01938,2026-03-25,Completed,10
O003263,C00612,2026-04-09,Completed,5
O003264,C01959,2025-03-21,Completed,0
O003265,C00104,2026-03-23,Completed,0
O003266,C00555,2026-08-02,Completed,5
O003267,C00973,2026-06-23,Completed,5
O003268,C01395,2025-10-22,Completed,30
O003269,C00485,2026-06-13,Completed,0
O003270,C00849,2025-09-19,Completed,10
O003271,C01351,2026-03-15,Completed,10
O003272,C00342,2026-07-27,Completed,0
O003273,C01404,2026-07-13,Completed,5
O003274,C00042,2026-05-08,Completed,5
O003275,C00862,2026-08-14,Completed,0
O003276,C00933,2025-12-20,Completed,10
O003277,C00696,2026-03-07,Completed,15
O003278,C00867,2026-07-16,Completed,15
O003279,C01679,2025-09-26,Completed,0
O003280,C01963,2026-03-31,Completed,30
O003281,C01440,2026-08-04,Completed,0
O003282,C00646,2025-12-17,Cancelled,0
O003283,C01646,2025-12-21,Completed,0
O003284,C00240,2026-01-01,Completed,15
O003285,C00454,2026-06-08,Completed,0
O003286,C00027,2026-04-22,Completed,20
O003287,C00949,2025-04-17,Cancelled,30
O003288,C00155,2025-07-29,Completed,5
O003289,C01208,2025-10-09,Completed,10
O003290,C00122,2026-07-05,Completed,5
O003291,C01504,2025-09-20,Completed,30
O003292,C01851,2026-05-12,Cancelled,10
O003293,C01483,2026-06-08,Completed,5
O003294,C00993,2026-06-17,Completed,0
O003295,C01148,2025-04-17,Completed,0
O003296,C00154,2026-05-06,Completed,30
O003297,C01581,2026-06-16,Completed,5
O003298,C01497,2026-05-06,Completed,15
O003299,C00467,2026-04-10,Completed,0
O003300,C01519,2026-04-03,Completed,0
O003301,C00804,2026-03-14,Completed,15
O003302,C01463,2026-04-09,Completed,15
O003303,C01399,2026-06-21,Completed,15
O003304,C01361,2025-12-18,Cancelled,30
O003305,C01100,2025-08-31,Completed,0
O003306,C00055,2025-10-02,Completed,0
O003307,C01243,2026-01-03,Completed,20
O003308,C01290,2026-08-15,Completed,5
O003309,C01087,2026-07-01,Completed,15
O003310,C00307,2026-01-20,Completed,15
O003311,C00034,2026-04-02,Completed,5
O003312,C00655,2026-01-31,Completed,10
O003313,C00594,2025-06-23,Completed,15
O003314,C01808,2025-06-21,Cancelled,5
O003315,C00144,2026-01-22,Completed,5
O003316,C01195,2025-10-25,Completed,0
O003317,C00881,2025-12-09,Completed,0
O003318,C01684,2026-08-15,Completed,5
O003319,C01762,2026-06-01,Completed,0
O003320,C00675,2025-07-21,Completed,0
O003321,C01176,2026-04-28,Completed,20
O003322,C00893,2026-08-20,Completed,0
O003323,C01155,2026-07-10,Completed,15
O003324,C01590,2026-07-26,Completed,30
O003325,C01384,2026-04-24,Completed,15
O003326,C01004,2025-11-19,Cancelled,20
O003327,C01746,2026-06-27,Completed,0
O003328,C01441,2026-03-20,Completed,5
O003329,C00242,2026-07-22,Completed,10
O003330,C00735,2026-06-19,Completed,15
O003331,C00025,2026-04-05,Completed,5
O003332,C01620,2026-03-01,Completed,20
O003333,C01782,2026-03-19,Completed,0
O003334,C01789,2025-12-20,Completed,15
O003335,C01794,2026-04-07,Completed,20
O003336,C00559,2026-08-01,Completed,0
O003337,C00240,2026-07-02,Completed,20
O003338,C00685,2026-01-24,Completed,0
O003339,C01067,2026-06-17,Completed,5
O003340,C01768,2026-06-24,Completed,30
O003341,C01459,2026-06-26,Completed,0
O003342,C00750,2025-11-17,Completed,5
O003343,C00560,2026-08-15,Completed,5
O003344,C01793,2025-08-22,Completed,10
O003345,C00196,2026-04-14,Completed,10
O003346,C00034,2026-03-13,Completed,5
O003347,C00618,2026-05-25,Completed,30
O003348,C00643,2026-03-17,Completed,10
O003349,C01170,2026-04-30,Completed,10
O003350,C01910,2025-09-17,Completed,20
O003351,C00612,2026-05-09,Completed,30
O003352,C01728,2025-10-26,Completed,0
O003353,C01063,2026-02-12,Completed,0
O003354,C00370,2026-05-24,Completed,0
O003355,C01582,2026-05-15,Completed,5
O003356,C01776,2026-04-21,Completed,0
O003357,C01222,2025-10-15,Completed,5
O003358,C00605,2026-07-14,Completed,5
O003359,C00339,2025-05-30,Completed,5
O003360,C00419,2026-08-11,Completed,5
O003361,C01548,2026-06-14,Cancelled,10
O003362,C01429,2025-11-07,Completed,10
O003363,C01076,2025-12-22,Completed,5
O003364,C00574,2026-06-07,Completed,15
O003365,C00201,2025-10-18,Completed,10
O003366,C00130,2026-02-12,Completed,20
O003367,C01093,2026-06-06,Completed,15
O003368,C00909,2026-03-22,Completed,0
O003369,C00209,2026-06-07,Completed,20
O003370,C00058,2026-03-10,Completed,5
O003371,C00243,2025-10-25,Completed,15
O003372,C01639,2026-01-08,Cancelled,20
O003373,C00018,2026-05-31,Completed,20
O003374,C01082,2026-02-22,Completed,0
O003375,C00487,2025-08-10,Completed,0
O003376,C00207,2026-04-08,Completed,10
O003377,C00924,2026-02-08,Completed,0
O003378,C01121,2026-03-16,Cancelled,20
O003379,C01963,2026-06-01,Completed,10
O003380,C00624,2026-05-31,Completed,30
O003381,C00282,2026-05-26,Completed,0
O003382,C01612,2025-10-01,Completed,0
O003383,C01236,2026-04-13,Completed,10
O003384,C00305,2026-05-24,Completed,20
O003385,C01949,2025-11-27,Completed,10
O003386,C01586,2026-04-05,Completed,0
O003387,C01763,2026-05-12,Completed,0
O003388,C00701,2026-04-17,Completed,20
O003389,C00096,2026-01-08,Completed,0
O003390,C00640,2026-03-15,Completed,15
O003391,C01315,2026-07-06,Completed,15
O003392,C01634,2026-04-04,Completed,5
O003393,C00794,2025-02-22,Completed,0
O003394,C00934,2026-05-18,Completed,0
O003395,C01634,2026-08-17,Completed,5
O003396,C01666,2026-07-20,Completed,5
O003397,C00580,2025-06-15,Completed,5
O003398,C00985,2026-07-25,Completed,0
O003399,C01888,2026-07-12,Completed,30
O003400,C00250,2026-05-19,Completed,20
O003401,C01932,2026-06-16,Completed,5
O003402,C01063,2026-08-06,Completed,20
O003403,C00030,2026-07-02,Completed,15
O003404,C01005,2026-01-03,Completed,15
O003405,C00024,2025-09-28,Completed,10
O003406,C01971,2026-03-14,Completed,15
O003407,C01112,2026-05-24,Completed,0
O003408,C00589,2026-08-17,Completed,20
O003409,C00078,2025-03-11,Completed,0
O003410,C01570,2026-05-02,Completed,10
O003411,C01298,2026-06-30,Completed,0
O003412,C01007,2026-03-31,Completed,0
O003413,C01972,2025-06-09,Completed,0
O003414,C00352,2025-08-21,Cancelled,10
O003415,C01968,2026-05-01,Completed,0
O003416,C01586,2026-01-12,Completed,20
O003417,C01447,2026-03-07,Completed,20
O003418,C00949,2025-06-18,Completed,0
O003419,C00334,2025-12-01,Cancelled,0
O003420,C00935,2025-07-29,Completed,10
O003421,C01190,2026-03-17,Completed,15
O003422,C01947,2026-08-03,Completed,10
O003423,C01888,2026-01-30,Completed,15
O003424,C00181,2026-03-12,Completed,10
O003425,C00634,2025-10-27,Completed,5
O003426,C01451,2025-11-27,Completed,5
O003427,C00274,2025-07-25,Cancelled,0
O003428,C01658,2026-07-28,Completed,5
O003429,C00699,2026-08-18,Completed,10
O003430,C00621,2026-07-16,Completed,0
O003431,C00248,2026-01-07,Completed,10
O003432,C00030,2026-04-07,Completed,10
O003433,C00985,2026-03-15,Completed,5
O003434,C00168,2026-05-12,Completed,0
O003435,C01009,2026-07-25,Completed,20
O003436,C01083,2026-03-11,Completed,30
O003437,C00310,2026-04-28,Completed,5
O003438,C00481,2025-09-12,Completed,0
O003439,C00628,2026-08-13,Completed,0
O003440,C01492,2026-01-17,Completed,20
O003441,C01993,2026-02-02,Completed,10
O003442,C00340,2026-07-28,Completed,0
O003443,C00077,2026-07-29,Completed,30
O003444,C01875,2026-08-17,Completed,5
O003445,C01064,2025-10-31,Completed,10
O003446,C01821,2025-04-04,Completed,0
O003447,C00109,2026-05-17,Completed,0
O003448,C00423,2025-10-28,Completed,20
O003449,C00526,2026-08-20,Completed,15
O003450,C00875,2026-02-16,Completed,20
O003451,C01364,2026-05-21,Completed,0
O003452,C01279,2026-01-30,Completed,0
O003453,C00765,2026-03-06,Completed,0
O003454,C01304,2026-08-05,Completed,0
O003455,C00660,2026-05-15,Completed,20
O003456,C01054,2026-07-17,Cancelled,0
O003457,C00993,2025-11-13,Completed,10
O003458,C00701,2025-12-07,Completed,10
O003459,C00931,2026-08-02,Completed,10
O003460,C01360,2026-08-20,Completed,0
O003461,C01749,2026-07-01,Cancelled,0
O003462,C00019,2026-05-29,Completed,0
O003463,C00552,2025-04-22,Completed,0
O003464,C00652,2025-12-31,Completed,0
O003465,C00741,2026-05-09,Cancelled,0
O003466,C01438,2025-08-28,Completed,0
O003467,C01894,2026-05-23,Completed,5
O003468,C00327,2026-04-01,Cancelled,5
O003469,C00455,2025-11-03,Completed,5
O003470,C01282,2025-12-08,Completed,10
O003471,C00377,2026-03-30,Completed,5
O003472,C00582,2026-03-25,Completed,0
O003473,C00220,2025-08-13,Completed,0
O003474,C00946,2026-04-13,Completed,0
O003475,C01173,2026-08-06,Completed,5
O003476,C00826,2025-03-11,Completed,5
O003477,C01658,2026-04-16,Completed,20
O003478,C01997,2026-06-27,Completed,0
O003479,C01996,2025-12-26,Completed,5
O003480,C00277,2026-07-17,Completed,15
O003481,C00141,2026-07-08,Completed,0
O003482,C01543,2025-07-23,Completed,0
O003483,C00543,2026-04-03,Completed,0
O003484,C01068,2026-08-13,Cancelled,10
O003485,C01507,2025-09-16,Completed,10
O003486,C01615,2026-06-09,Completed,0
O003487,C00768,2026-01-26,Completed,10
O003488,C00784,2026-08-07,Completed,0
O003489,C01828,2026-03-10,Completed,10
O003490,C00350,2025-08-28,Completed,0
O003491,C01479,2025-12-20,Completed,15
O003492,C01319,2025-12-03,Completed,5
O003493,C00503,2026-04-07,Completed,0
O003494,C01248,2025-08-17,Completed,0
O003495,C01498,2026-03-20,Completed,5
O003496,C01871,2026-05-10,Completed,5
O003497,C00178,2026-06-27,Completed,15
O003498,C00103,2026-01-19,Cancelled,0
O003499,C01936,2026-03-09,Completed,20
O003500,C00810,2025-08-28,Completed,0
O003501,C00027,2026-06-12,Completed,15
O003502,C00298,2026-06-20,Completed,5
O003503,C00588,2025-07-23,Completed,15
O003504,C01590,2026-04-05,Completed,10
O003505,C00936,2025-08-28,Completed,0
O003506,C00306,2025-12-12,Completed,5
O003507,C01972,2026-01-21,Completed,0
O003508,C00958,2026-02-09,Completed,5
O003509,C00636,2026-02-18,Completed,10
O003510,C00557,2025-08-28,Completed,0
O003511,C01994,2026-05-11,Completed,20
O003512,C00357,2025-03-31,Completed,20
O003513,C00194,2025-10-10,Completed,10
O003514,C00620,2026-06-16,Completed,20
O003515,C01674,2026-04-25,Completed,0
O003516,C00447,2025-01-15,Cancelled,20
O003517,C00385,2025-11-26,Completed,5
O003518,C01112,2026-06-22,Completed,0
O003519,C00869,2026-07-14,Completed,0
O003520,C00542,2026-04-28,Completed,0
O003521,C01881,2025-09-17,Completed,10
O003522,C01702,2026-07-18,Completed,5
O003523,C00812,2025-07-09,Completed,10
O003524,C01775,2025-12-03,Completed,15
O003525,C00805,2025-05-23,Completed,0
O003526,C01414,2026-02-16,Completed,10
O003527,C01285,2026-02-22,Completed,15
O003528,C01941,2026-04-05,Completed,0
O003529,C00221,2026-07-12,Completed,0
O003530,C00293,2026-01-23,Completed,0
O003531,C01979,2026-01-27,Completed,15
O003532,C01793,2026-03-02,Completed,0
O003533,C01202,2025-06-02,Completed,0
O003534,C00760,2026-07-08,Completed,10
O003535,C01397,2025-12-15,Completed,10
O003536,C00480,2026-06-02,Completed,0
O003537,C00974,2026-04-05,Completed,20
O003538,C01493,2026-07-27,Completed,30
O003539,C01107,2026-07-11,Cancelled,0
O003540,C00985,2025-09-05,Completed,15
O003541,C00416,2025-05-16,Completed,15
O003542,C01725,2025-09-24,Completed,5
O003543,C01562,2025-08-09,Completed,0
O003544,C01578,2026-05-21,Completed,0
O003545,C00147,2026-07-20,Completed,5
O003546,C01956,2025-11-17,Completed,0
O003547,C00328,2026-01-01,Completed,0
O003548,C00386,2026-03-15,Completed,10
O003549,C00787,2026-02-17,Completed,5
O003550,C01114,2026-03-12,Completed,0
O003551,C00904,2026-01-24,Completed,10
O003552,C00280,2025-12-03,Completed,5
O003553,C01810,2025-11-17,Completed,0
O003554,C01106,2026-07-30,Completed,10
O003555,C01447,2026-08-03,Completed,0
O003556,C00084,2026-08-13,Completed,15
O003557,C01921,2026-05-19,Cancelled,0
O003558,C01710,2025-10-19,Completed,10
O003559,C00765,2025-12-12,Completed,0
O003560,C01192,2025-12-28,Completed,5
O003561,C01811,2026-06-17,Completed,0
O003562,C00512,2026-05-26,Completed,5
O003563,C01352,2026-05-17,Completed,5
O003564,C01588,2026-04-02,Completed,0
O003565,C01473,2025-11-27,Completed,5
O003566,C01865,2026-02-19,Completed,5
O003567,C01569,2026-04-04,Completed,0
O003568,C00210,2026-06-01,Completed,0
O003569,C01700,2025-11-06,Completed,5
O003570,C00737,2025-11-05,Completed,5
O003571,C00017,2026-05-28,Completed,10
O003572,C01720,2026-05-26,Completed,10
O003573,C00809,2026-07-12,Completed,0
O003574,C01296,2025-08-10,Completed,5
O003575,C01714,2026-06-15,Completed,5
O003576,C00345,2026-02-07,Completed,5
O003577,C01106,2025-10-29,Completed,0
O003578,C01852,2026-01-16,Completed,20
O003579,C00644,2026-02-07,Completed,5
O003580,C00241,2026-08-16,Completed,20
O003581,C01495,2026-07-16,Completed,30
O003582,C01989,2026-06-29,Completed,10
O003583,C01814,2025-06-22,Completed,5
O003584,C00209,2026-05-13,Completed,5
O003585,C00389,2026-05-07,Completed,10
O003586,C01090,2025-10-09,Completed,5
O003587,C01291,2025-08-15,Completed,0
O003588,C00179,2025-07-13,Completed,10
O003589,C01029,2025-08-15,Completed,0
O003590,C00816,2026-04-12,Completed,10
O003591,C01911,2026-07-04,Completed,15
O003592,C00132,2026-05-27,Completed,10
O003593,C00419,2025-11-24,Completed,15
O003594,C01226,2026-06-01,Completed,0
O003595,C01224,2026-06-01,Completed,5
O003596,C00213,2025-10-06,Completed,0
O003597,C01076,2025-11-21,Cancelled,20
O003598,C01136,2025-04-16,Completed,0
O003599,C01609,2026-04-17,Completed,15
O003600,C01434,2025-02-23,Completed,15
O003601,C01210,2026-08-06,Completed,10
O003602,C00018,2026-06-26,Completed,0
O003603,C01593,2026-02-18,Completed,5
O003604,C01933,2025-12-04,Completed,0
O003605,C01265,2025-02-25,Completed,0
O003606,C00918,2026-02-28,Cancelled,10
O003607,C01840,2026-03-18,Completed,0
O003608,C01738,2026-08-20,Completed,0
O003609,C00409,2025-10-30,Completed,30
O003610,C00058,2026-08-20,Completed,0
O003611,C00605,2026-05-11,Completed,5
O003612,C00403,2026-03-22,Completed,5
O003613,C01830,2025-12-20,Completed,5
O003614,C01837,2026-05-01,Completed,0
O003615,C00892,2026-03-28,Completed,0
O003616,C01435,2026-02-25,Completed,0
O003617,C01254,2025-05-31,Completed,0
O003618,C01305,2026-06-24,Completed,0
O003619,C00702,2026-06-14,Completed,0
O003620,C01014,2026-05-24,Completed,20
O003621,C01689,2025-11-02,Completed,5
O003622,C00717,2025-08-04,Completed,5
O003623,C00757,2025-12-23,Completed,20
O003624,C01173,2026-01-07,Completed,20
O003625,C00939,2025-11-06,Completed,30
O003626,C01581,2025-12-24,Completed,5
O003627,C01775,2026-06-03,Completed,10
O003628,C00936,2025-08-26,Completed,0
O003629,C01738,2026-02-09,Completed,20
O003630,C01526,2025-08-09,Cancelled,30
O003631,C00177,2025-10-13,Completed,15
O003632,C00266,2026-02-24,Completed,20
O003633,C00259,2026-04-12,Completed,10
O003634,C01965,2026-01-09,Completed,30
O003635,C00195,2026-06-11,Completed,5
O003636,C00036,2025-11-10,Completed,15
O003637,C01992,2025-12-21,Completed,0
O003638,C01084,2026-06-11,Completed,5
O003639,C00189,2025-12-20,Completed,20
O003640,C01099,2026-04-17,Completed,0
O003641,C01697,2026-06-27,Completed,5
O003642,C00407,2025-12-11,Completed,10
O003643,C00036,2026-04-04,Completed,0
O003644,C00924,2026-03-30,Completed,10
O003645,C01873,2026-06-05,Completed,30
O003646,C01512,2026-05-16,Completed,30
O003647,C00462,2026-06-30,Completed,0
O003648,C01851,2025-12-19,Completed,5
O003649,C00955,2026-04-13,Completed,15
O003650,C00339,2026-02-05,Completed,15
O003651,C01272,2025-05-09,Cancelled,5
O003652,C01639,2025-04-20,Completed,20
O003653,C01061,2026-02-02,Completed,0
O003654,C01941,2026-07-17,Completed,10
O003655,C01401,2026-07-11,Completed,5
O003656,C01760,2025-05-04,Completed,10
O003657,C01018,2026-04-28,Completed,0
O003658,C00616,2026-05-11,Completed,0
O003659,C00656,2026-04-30,Completed,5
O003660,C01238,2026-04-23,Completed,20
O003661,C01133,2026-03-29,Completed,20
O003662,C00682,2026-06-18,Completed,0
O003663,C00639,2025-10-30,Completed,5
O003664,C00570,2025-07-05,Completed,10
O003665,C01086,2026-03-15,Completed,20
O003666,C00846,2026-02-03,Completed,5
O003667,C00493,2025-09-26,Completed,10
O003668,C01193,2025-10-16,Completed,10
O003669,C00215,2026-05-22,Completed,10
O003670,C00337,2026-04-18,Completed,5
O003671,C00360,2026-05-29,Completed,5
O003672,C00654,2026-05-19,Completed,5
O003673,C00057,2026-07-24,Completed,0
O003674,C01100,2026-07-19,Completed,5
O003675,C00950,2026-02-04,Completed,20
O003676,C00011,2025-12-07,Completed,5
O003677,C01208,2025-03-02,Cancelled,15
O003678,C01110,2026-01-12,Completed,5
O003679,C01600,2026-02-16,Completed,10
O003680,C01262,2025-09-22,Cancelled,5
O003681,C01760,2026-05-15,Completed,30
O003682,C00531,2026-02-28,Completed,20
O003683,C01109,2026-06-29,Completed,5
O003684,C00681,2026-05-10,Completed,0
O003685,C00603,2025-10-02,Completed,0
O003686,C01556,2026-07-08,Completed,5
O003687,C01144,2026-08-05,Completed,5
O003688,C00619,2026-05-30,Completed,5
O003689,C00732,2026-07-06,Completed,15
O003690,C01244,2026-02-05,Cancelled,10
O003691,C01383,2026-03-22,Completed,0
O003692,C00918,2026-04-24,Completed,20
O003693,C01354,2026-07-31,Completed,0
O003694,C01374,2025-07-31,Completed,0
O003695,C00123,2026-02-21,Completed,5
O003696,C00789,2026-01-22,Completed,5
O003697,C01607,2025-12-19,Completed,10
O003698,C01542,2026-04-19,Completed,0
O003699,C00796,2026-04-01,Completed,20
O003700,C01231,2025-11-28,Completed,20
O003701,C01379,2025-11-03,Completed,0
O003702,C01074,2025-12-26,Completed,0
O003703,C01978,2026-07-23,Completed,15
O003704,C00162,2026-02-01,Completed,0
O003705,C01200,2026-06-10,Completed,15
O003706,C00222,2026-03-19,Completed,0
O003707,C00618,2025-12-07,Completed,10
O003708,C01895,2025-10-29,Completed,5
O003709,C01755,2025-12-11,Completed,0
O003710,C00225,2026-04-07,Completed,10
O003711,C01993,2026-03-26,Completed,0
O003712,C00117,2025-11-25,Completed,0
O003713,C00812,2026-07-09,Completed,5
O003714,C01654,2025-10-03,Completed,15
O003715,C01791,2026-03-01,Completed,0
O003716,C00627,2025-08-22,Completed,0
O003717,C01989,2026-02-21,Completed,0
O003718,C00033,2025-06-10,Completed,5
O003719,C01778,2025-06-12,Completed,10
O003720,C01780,2025-10-09,Completed,0
O003721,C00453,2026-06-29,Completed,0
O003722,C01145,2025-04-26,Completed,5
O003723,C00098,2025-06-21,Completed,10
O003724,C00349,2026-01-08,Completed,0
O003725,C01036,2026-07-15,Completed,5
O003726,C01657,2026-07-08,Completed,0
O003727,C00297,2026-03-30,Completed,5
O003728,C01099,2026-05-09,Completed,5
O003729,C00094,2025-08-21,Completed,5
O003730,C00182,2026-05-19,Completed,0
O003731,C00962,2025-04-27,Cancelled,0
O003732,C01591,2025-09-29,Completed,20
O003733,C00454,2025-12-08,Completed,10
O003734,C00764,2026-03-03,Completed,10
O003735,C01596,2025-09-27,Completed,5
O003736,C01976,2025-06-27,Completed,10
O003737,C01594,2025-11-22,Completed,5
O003738,C00190,2026-08-08,Completed,10
O003739,C00079,2026-03-13,Completed,0
O003740,C01469,2025-06-07,Completed,15
O003741,C01079,2026-03-22,Completed,0
O003742,C01446,2026-06-08,Completed,5
O003743,C00394,2026-04-26,Completed,20
O003744,C01064,2026-01-15,Completed,10
O003745,C01614,2026-05-30,Completed,10
O003746,C01409,2025-12-12,Completed,15
O003747,C01748,2026-05-29,Completed,20
O003748,C01634,2026-01-17,Completed,10
O003749,C01563,2026-08-07,Completed,10
O003750,C01916,2026-01-30,Completed,10
O003751,C01396,2026-03-11,Completed,15
O003752,C01189,2026-06-01,Completed,30
O003753,C00684,2026-06-10,Completed,30
O003754,C01845,2026-06-17,Completed,0
O003755,C01565,2026-07-18,Completed,0
O003756,C01060,2026-02-02,Completed,5
O003757,C00146,2026-05-07,Completed,0
O003758,C00154,2026-08-16,Completed,5
O003759,C00723,2026-05-02,Completed,20
O003760,C01819,2026-05-24,Completed,5
O003761,C00543,2026-02-13,Completed,0
O003762,C00169,2026-05-18,Completed,10
O003763,C00988,2025-12-12,Completed,0
O003764,C00133,2026-05-20,Completed,10
O003765,C01059,2026-06-08,Completed,5
O003766,C00967,2026-07-15,Completed,20
O003767,C01640,2026-03-11,Completed,20
O003768,C00392,2025-09-22,Completed,10
O003769,C01225,2025-12-20,Completed,5
O003770,C01040,2025-10-14,Completed,10
O003771,C01936,2026-02-02,Completed,5
O003772,C01439,2026-07-04,Completed,5
O003773,C00177,2025-09-06,Completed,0
O003774,C01174,2026-05-28,Completed,15
O003775,C00709,2026-04-28,Cancelled,10
O003776,C01101,2026-07-28,Completed,0
O003777,C01832,2026-08-01,Completed,20
O003778,C00248,2026-06-02,Completed,20
O003779,C00996,2026-03-06,Completed,5
O003780,C00806,2026-04-09,Completed,20
O003781,C01967,2026-01-04,Completed,30
O003782,C01813,2025-12-09,Completed,0
O003783,C00924,2025-11-11,Completed,0
O003784,C00698,2026-07-02,Completed,0
O003785,C00878,2025-09-27,Completed,15
O003786,C00364,2026-06-23,Completed,5
O003787,C01476,2026-06-23,Completed,10
O003788,C00937,2026-02-08,Completed,15
O003789,C01251,2025-11-12,Completed,5
O003790,C01791,2026-01-18,Completed,10
O003791,C00328,2026-01-09,Completed,0
O003792,C01478,2026-04-14,Completed,0
O003793,C01131,2026-06-26,Completed,10
O003794,C01749,2026-04-11,Completed,0
O003795,C01842,2026-08-04,Completed,15
O003796,C01189,2026-01-08,Cancelled,15
O003797,C00668,2026-08-10,Completed,10
O003798,C00061,2026-03-16,Completed,0
O003799,C01186,2026-07-05,Completed,30
O003800,C00031,2025-03-18,Completed,15
O003801,C00562,2025-06-28,Completed,15
O003802,C00204,2026-02-26,Completed,0
O003803,C00988,2026-01-24,Completed,10
O003804,C00898,2026-01-26,Completed,10
O003805,C01690,2026-04-17,Completed,15
O003806,C00199,2025-09-09,Completed,5
O003807,C01093,2025-12-24,Completed,0
O003808,C00840,2026-03-24,Completed,20
O003809,C00578,2025-09-27,Completed,0
O003810,C01526,2025-11-09,Completed,0
O003811,C00611,2026-08-09,Completed,10
O003812,C00994,2026-02-22,Completed,30
O003813,C01286,2025-12-03,Completed,0
O003814,C01697,2025-04-14,Completed,30
O003815,C01604,2026-02-11,Completed,10
O003816,C00728,2026-04-08,Completed,5
O003817,C01962,2025-06-25,Completed,10
O003818,C00659,2026-03-02,Completed,5
O003819,C00970,2026-05-07,Completed,0
O003820,C00202,2026-01-17,Completed,5
O003821,C00866,2026-07-08,Completed,5
O003822,C01330,2026-03-19,Completed,5
O003823,C01249,2026-02-22,Completed,10
O003824,C01915,2026-04-03,Completed,15
O003825,C00878,2026-06-10,Completed,0
O003826,C00838,2026-07-20,Completed,0
O003827,C01337,2025-10-02,Completed,5
O003828,C01318,2026-06-22,Cancelled,5
O003829,C00576,2026-08-15,Completed,0
O003830,C00950,2026-07-09,Completed,10
O003831,C01439,2026-02-22,Completed,15
O003832,C00617,2026-04-22,Completed,30
O003833,C01819,2025-10-14,Completed,20
O003834,C01709,2026-01-25,Completed,0
O003835,C01219,2026-02-25,Completed,5
O003836,C00205,2026-07-14,Completed,0
O003837,C01553,2025-09-09,Completed,10
O003838,C01701,2026-06-09,Completed,10
O003839,C00839,2026-02-01,Completed,10
O003840,C01839,2026-07-10,Completed,20
O003841,C00385,2026-02-17,Completed,10
O003842,C01529,2026-07-14,Completed,30
O003843,C00053,2025-09-04,Completed,15
O003844,C01938,2026-06-23,Completed,30
O003845,C00016,2025-08-07,Completed,0
O003846,C00129,2026-08-17,Completed,5
O003847,C00750,2025-12-22,Completed,15
O003848,C00976,2025-06-01,Completed,10
O003849,C01940,2026-08-16,Completed,20
O003850,C00148,2025-07-07,Completed,10
O003851,C00068,2026-06-08,Cancelled,20
O003852,C01632,2025-11-25,Completed,20
O003853,C01142,2026-03-08,Cancelled,10
O003854,C01809,2025-09-26,Completed,0
O003855,C01176,2025-10-28,Completed,0
O003856,C01309,2026-03-26,Completed,0
O003857,C01301,2026-07-07,Completed,15
O003858,C00404,2026-08-18,Completed,5
O003859,C00336,2026-06-12,Completed,0
O003860,C00315,2025-03-15,Completed,0
O003861,C00176,2025-05-26,Completed,20
O003862,C01069,2026-07-01,Completed,20
O003863,C01606,2026-06-13,Completed,10
O003864,C01704,2025-12-05,Completed,0
O003865,C00275,2026-06-18,Completed,5
O003866,C00988,2026-08-20,Completed,15
O003867,C01480,2026-03-07,Completed,5
O003868,C01874,2026-01-10,Completed,0
O003869,C00073,2025-08-10,Completed,5
O003870,C00998,2026-06-13,Completed,15
O003871,C00505,2025-05-10,Completed,5
O003872,C00052,2026-03-13,Cancelled,5
O003873,C00827,2026-07-14,Completed,15
O003874,C00797,2026-07-29,Completed,0
O003875,C01656,2025-07-03,Cancelled,10
O003876,C00786,2026-01-26,Completed,0
O003877,C01994,2025-10-06,Completed,5
O003878,C01820,2026-05-13,Completed,0
O003879,C01085,2026-03-03,Completed,20
O003880,C01329,2025-12-31,Completed,30
O003881,C00889,2026-01-12,Completed,0
O003882,C00815,2025-06-09,Completed,5
O003883,C00212,2025-08-22,Completed,30
O003884,C00968,2026-07-27,Completed,5
O003885,C00737,2025-07-11,Cancelled,5
O003886,C01305,2025-06-10,Completed,0
O003887,C00760,2026-02-27,Completed,10
O003888,C01494,2026-01-24,Completed,10
O003889,C00844,2026-08-06,Completed,20
O003890,C00142,2026-07-23,Cancelled,15
O003891,C01890,2026-07-04,Completed,10
O003892,C01205,2026-05-16,Completed,10
O003893,C00485,2026-05-18,Completed,0
O003894,C01034,2025-02-03,Completed,0
O003895,C00705,2026-01-06,Completed,10
O003896,C01081,2026-02-16,Completed,20
O003897,C00912,2026-08-01,Completed,0
O003898,C00041,2026-05-17,Completed,20
O003899,C01632,2025-10-20,Completed,10
O003900,C00209,2026-03-29,Completed,0
O003901,C00109,2026-01-25,Completed,0
O003902,C01577,2025-04-10,Completed,0
O003903,C01829,2026-01-23,Completed,10
O003904,C00548,2026-05-08,Completed,0
O003905,C01555,2025-11-08,Completed,0
O003906,C01635,2025-07-09,Completed,15
O003907,C01823,2026-07-08,Completed,0
O003908,C01484,2026-08-15,Completed,0
O003909,C01730,2026-04-03,Completed,10
O003910,C00624,2025-09-26,Completed,5
O003911,C00663,2026-05-15,Completed,5
O003912,C01122,2026-07-11,Completed,10
O003913,C01280,2026-06-15,Completed,10
O003914,C00347,2026-01-22,Completed,0
O003915,C01021,2026-06-14,Completed,5
O003916,C01612,2025-06-30,Completed,15
O003917,C00087,2025-10-29,Completed,10
O003918,C01401,2026-03-08,Completed,15
O003919,C01434,2026-02-13,Completed,10
O003920,C01114,2026-05-28,Completed,0
O003921,C00619,2026-03-11,Completed,15
O003922,C01714,2025-11-27,Completed,5
O003923,C00799,2025-12-07,Completed,15
O003924,C01613,2026-07-16,Completed,15
O003925,C00533,2025-09-10,Completed,10
O003926,C01165,2026-05-10,Completed,15
O003927,C00130,2025-08-26,Completed,0
O003928,C00944,2026-04-05,Cancelled,30
O003929,C00019,2025-12-03,Cancelled,0
O003930,C01868,2025-10-22,Completed,0
O003931,C00499,2026-01-03,Completed,5
O003932,C00685,2026-01-07,Completed,5
O003933,C00119,2025-12-16,Completed,0
O003934,C01236,2026-05-24,Completed,0
O003935,C01664,2026-02-04,Completed,0
O003936,C01519,2026-03-05,Completed,20
O003937,C01151,2025-12-12,Completed,10
O003938,C00529,2026-04-25,Completed,15
O003939,C01505,2026-02-23,Completed,5
O003940,C00921,2026-08-07,Completed,5
O003941,C00314,2025-03-28,Completed,15
O003942,C00403,2026-03-08,Completed,5
O003943,C00970,2026-07-18,Completed,20
O003944,C01726,2026-02-20,Completed,15
O003945,C01154,2026-04-12,Completed,0
O003946,C01413,2026-06-23,Completed,0
O003947,C00190,2026-03-11,Completed,10
O003948,C01585,2025-12-13,Completed,20
O003949,C02000,2026-03-27,Completed,15
O003950,C00804,2026-06-16,Completed,15
O003951,C00505,2025-06-24,Completed,20
O003952,C00746,2025-09-05,Completed,5
O003953,C00300,2025-07-13,Completed,30
O003954,C01316,2025-08-20,Completed,20
O003955,C01711,2025-08-08,Completed,10
O003956,C00344,2025-11-23,Completed,0
O003957,C00278,2026-06-13,Completed,20
O003958,C01881,2026-06-07,Completed,0
O003959,C00315,2025-08-16,Completed,10
O003960,C01957,2026-01-30,Completed,10
O003961,C01101,2025-12-30,Completed,0
O003962,C01471,2026-03-20,Completed,15
O003963,C00883,2026-02-08,Completed,0
O003964,C01706,2025-07-22,Completed,15
O003965,C01890,2026-08-09,Completed,5
O003966,C00568,2026-04-20,Completed,30
O003967,C00648,2026-05-17,Completed,10
O003968,C01538,2026-03-16,Completed,30
O003969,C01674,2026-05-09,Completed,5
O003970,C00056,2025-12-02,Cancelled,15
O003971,C01176,2026-08-05,Completed,0
O003972,C00965,2026-07-12,Completed,20
O003973,C00694,2026-06-23,Completed,0
O003974,C00508,2026-07-09,Cancelled,0
O003975,C00712,2026-06-26,Completed,5
O003976,C00654,2026-06-11,Completed,10
O003977,C00538,2026-07-12,Completed,20
O003978,C01092,2025-11-04,Completed,5
O003979,C01305,2026-02-23,Completed,5
O003980,C00001,2026-01-27,Cancelled,5
O003981,C00399,2026-07-17,Completed,15
O003982,C00855,2026-05-26,Completed,5
O003983,C01085,2026-07-21,Completed,10
O003984,C01620,2026-02-20,Completed,0
O003985,C01959,2025-03-16,Completed,0
O003986,C00928,2026-06-30,Completed,0
O003987,C01764,2025-12-12,Completed,20
O003988,C01845,2025-11-12,Cancelled,5
O003989,C00361,2026-01-26,Completed,0
O003990,C01220,2026-04-19,Completed,0
O003991,C00232,2026-03-05,Completed,0
O003992,C00572,2026-06-05,Completed,20
O003993,C01040,2026-07-03,Completed,10
O003994,C00263,2026-03-16,Completed,20
O003995,C00583,2026-07-30,Completed,15
O003996,C01285,2026-08-17,Completed,20
O003997,C01098,2025-09-08,Completed,5
O003998,C01399,2026-07-28,Completed,5
O003999,C01890,2026-04-22,Completed,15
O004000,C01454,2026-06-17,Completed,5
O004001,C00893,2026-01-23,Completed,0
O004002,C00057,2026-07-06,Completed,15
O004003,C00679,2025-10-17,Completed,10
O004004,C01931,2026-06-09,Completed,10
O004005,C01715,2026-07-28,Completed,0
O004006,C00750,2026-03-07,Completed,0
O004007,C01783,2026-05-16,Completed,15
O004008,C00013,2026-04-24,Completed,10
O004009,C00690,2026-04-28,Completed,10
O004010,C00184,2026-02-21,Completed,5
O004011,C01265,2026-04-11,Completed,20
O004012,C01683,2026-03-05,Completed,5
O004013,C00345,2026-08-04,Cancelled,5
O004014,C01820,2026-03-11,Completed,30
O004015,C00292,2026-01-12,Completed,10
O004016,C01162,2026-03-01,Completed,0
O004017,C00447,2025-12-21,Completed,0
O004018,C01423,2026-08-07,Completed,15
O004019,C00591,2025-07-01,Completed,10
O004020,C00831,2026-03-16,Completed,0
O004021,C01487,2025-07-18,Completed,0
O004022,C01365,2025-10-20,Completed,30
O004023,C00428,2026-02-05,Completed,10
O004024,C00096,2025-10-03,Completed,0
O004025,C00884,2026-08-03,Completed,0
O004026,C00448,2026-07-01,Completed,0
O004027,C01284,2025-12-29,Completed,10
O004028,C01623,2025-11-14,Completed,0
O004029,C00200,2026-01-05,Completed,0
O004030,C00176,2025-04-10,Completed,10
O004031,C00383,2026-02-22,Completed,10
O004032,C00334,2026-08-03,Completed,10
O004033,C00685,2025-07-27,Completed,20
O004034,C00840,2026-08-11,Completed,0
O004035,C01319,2025-12-03,Completed,0
O004036,C01924,2025-06-09,Cancelled,0
O004037,C00664,2025-04-26,Completed,10
O004038,C01008,2025-09-22,Completed,0
O004039,C01156,2026-01-28,Completed,0
O004040,C01184,2025-06-01,Completed,5
O004041,C01497,2026-03-15,Cancelled,10
O004042,C00080,2025-09-12,Completed,0
O004043,C00919,2026-07-23,Completed,15
O004044,C00993,2025-10-02,Cancelled,15
O004045,C01748,2026-01-09,Cancelled,10
O004046,C00972,2026-08-09,Cancelled,30
O004047,C00030,2026-03-15,Completed,15
O004048,C00594,2026-02-06,Completed,0
O004049,C01021,2026-03-15,Completed,0
O004050,C00492,2026-08-13,Completed,15
O004051,C01008,2025-07-10,Completed,0
O004052,C01003,2026-07-13,Completed,0
O004053,C01379,2026-01-26,Completed,0
O004054,C00399,2026-05-13,Completed,5
O004055,C00778,2026-08-10,Completed,20
O004056,C01261,2025-03-26,Completed,10
O004057,C00115,2026-07-26,Completed,5
O004058,C00573,2026-07-10,Completed,10
O004059,C01116,2026-06-29,Completed,0
O004060,C00498,2025-08-30,Completed,0
O004061,C01972,2026-04-11,Cancelled,10
O004062,C01916,2026-01-15,Completed,5
O004063,C00780,2026-02-20,Completed,20
O004064,C01750,2026-05-27,Completed,5
O004065,C00396,2026-07-04,Completed,10
O004066,C00845,2025-12-02,Completed,5
O004067,C00850,2026-05-29,Completed,0
O004068,C00358,2026-02-28,Completed,15
O004069,C01806,2026-03-12,Cancelled,0
O004070,C01330,2025-08-30,Completed,10
O004071,C01863,2026-07-15,Completed,5
O004072,C01411,2026-01-22,Completed,20
O004073,C01268,2025-03-02,Completed,5
O004074,C00058,2026-08-08,Completed,5
O004075,C00593,2026-01-17,Completed,10
O004076,C00786,2026-07-15,Completed,0
O004077,C00399,2026-07-28,Completed,10
O004078,C01840,2025-09-19,Completed,10
O004079,C01367,2026-05-22,Completed,0
O004080,C01551,2026-03-03,Completed,0
O004081,C00287,2025-12-11,Completed,5
O004082,C01342,2026-07-26,Completed,15
O004083,C00644,2026-05-29,Completed,0
O004084,C01198,2026-08-01,Completed,10
O004085,C00854,2025-09-26,Completed,10
O004086,C01956,2025-11-03,Completed,5
O004087,C00903,2025-06-18,Completed,20
O004088,C00942,2025-11-15,Completed,10
O004089,C01243,2025-11-13,Completed,0
O004090,C00657,2026-03-16,Cancelled,10
O004091,C00266,2026-07-26,Completed,0
O004092,C01959,2025-03-14,Cancelled,0
O004093,C00994,2026-06-27,Completed,10
O004094,C00373,2026-04-15,Completed,20
O004095,C00924,2026-07-16,Completed,0
O004096,C00035,2026-06-02,Completed,10
O004097,C00998,2025-11-23,Completed,15
O004098,C01925,2026-08-11,Completed,0
O004099,C01129,2026-03-10,Completed,5
O004100,C00157,2026-06-11,Completed,15
O004101,C01156,2026-08-12,Completed,5
O004102,C01452,2026-06-08,Completed,10
O004103,C00497,2026-07-31,Completed,0
O004104,C01980,2026-03-22,Completed,5
O004105,C01516,2026-04-06,Completed,20
O004106,C00915,2026-02-01,Completed,0
O004107,C01671,2026-06-24,Cancelled,30
O004108,C00236,2026-02-27,Cancelled,0
O004109,C01559,2026-04-24,Completed,15
O004110,C00961,2026-04-24,Completed,5
O004111,C01967,2026-05-26,Completed,20
O004112,C00393,2026-07-08,Completed,0
O004113,C00153,2026-06-07,Completed,10
O004114,C00593,2026-07-05,Completed,15
O004115,C00368,2025-08-17,Completed,0
O004116,C01464,2026-07-28,Completed,20
O004117,C01264,2026-02-19,Completed,5
O004118,C00518,2026-04-16,Completed,10
O004119,C00060,2026-02-07,Completed,15
O004120,C01231,2026-05-25,Completed,15
O004121,C01513,2026-04-17,Completed,15
O004122,C01991,2025-11-26,Completed,0
O004123,C00587,2025-12-29,Completed,0
O004124,C01701,2026-05-23,Completed,5
O004125,C01415,2025-12-21,Completed,5
O004126,C00084,2026-07-22,Completed,20
O004127,C00424,2026-02-25,Completed,5
O004128,C00569,2026-06-19,Completed,15
O004129,C00133,2026-02-05,Completed,15
O004130,C00640,2025-11-26,Completed,20
O004131,C00494,2026-08-18,Completed,0
O004132,C01873,2026-02-01,Completed,20
O004133,C00815,2026-03-07,Completed,0
O004134,C01704,2025-10-29,Completed,15
O004135,C00657,2026-05-17,Completed,10
O004136,C01489,2025-11-30,Completed,15
O004137,C01264,2026-06-23,Completed,30
O004138,C01272,2026-08-15,Completed,5
O004139,C00074,2025-12-18,Completed,10
O004140,C00239,2026-08-15,Completed,0
O004141,C00946,2026-05-07,Completed,20
O004142,C01431,2025-09-12,Completed,0
O004143,C01909,2025-12-30,Completed,10
O004144,C01916,2026-06-03,Completed,30
O004145,C00109,2026-08-04,Completed,0
O004146,C00828,2025-07-10,Completed,0
O004147,C01643,2025-06-05,Completed,5
O004148,C01381,2026-04-29,Completed,0
O004149,C01528,2026-08-20,Completed,0
O004150,C01220,2026-06-16,Completed,20
O004151,C01449,2025-07-16,Completed,5
O004152,C00467,2025-12-07,Completed,20
O004153,C00647,2026-07-18,Completed,30
O004154,C00543,2025-11-12,Completed,15
O004155,C01051,2025-03-16,Completed,10
O004156,C01037,2025-02-27,Completed,5
O004157,C01608,2025-11-22,Completed,20
O004158,C01405,2026-07-13,Completed,0
O004159,C00571,2026-04-08,Completed,5
O004160,C01413,2026-01-14,Completed,0
O004161,C01036,2026-07-03,Completed,5
O004162,C01077,2026-05-14,Completed,20
O004163,C00913,2025-06-16,Completed,0
O004164,C01827,2026-02-04,Cancelled,30
O004165,C00703,2026-07-27,Completed,0
O004166,C00569,2026-03-27,Completed,0
O004167,C01655,2025-05-12,Completed,10
O004168,C00168,2026-07-04,Completed,0
O004169,C01223,2025-05-12,Completed,5
O004170,C00891,2025-06-30,Completed,10
O004171,C01022,2025-12-21,Completed,0
O004172,C01372,2025-02-22,Completed,0
O004173,C00250,2026-04-17,Completed,10
O004174,C01401,2025-11-27,Completed,20
O004175,C00474,2025-03-05,Cancelled,0
O004176,C01579,2026-02-19,Completed,0
O004177,C00229,2025-11-14,Completed,0
O004178,C01376,2026-07-04,Completed,0
O004179,C01965,2026-06-21,Completed,30
O004180,C01376,2026-04-06,Completed,0
O004181,C01884,2026-04-30,Completed,10
O004182,C01106,2025-07-20,Completed,10
O004183,C00636,2026-07-02,Completed,0
O004184,C00367,2026-08-11,Cancelled,10
O004185,C00011,2026-08-20,Completed,5
O004186,C01574,2026-07-22,Completed,20
O004187,C00125,2026-04-10,Completed,10
O004188,C01474,2026-06-26,Completed,0
O004189,C00990,2026-03-07,Completed,0
O004190,C00406,2026-05-29,Completed,0
O004191,C01981,2026-08-03,Completed,20
O004192,C00180,2026-07-15,Completed,5
O004193,C00232,2026-02-22,Completed,10
O004194,C00561,2025-10-20,Completed,30
O004195,C01524,2026-08-05,Completed,30
O004196,C01552,2026-02-08,Completed,0
O004197,C00295,2026-04-12,Completed,5
O004198,C01420,2026-01-05,Completed,10
O004199,C00907,2026-04-05,Completed,5
O004200,C01143,2025-11-11,Completed,20
O004201,C01674,2025-12-19,Completed,15
O004202,C01928,2025-11-10,Completed,5
O004203,C01587,2025-11-17,Completed,30
O004204,C00177,2026-08-15,Completed,15
O004205,C01587,2026-01-11,Completed,10
O004206,C00056,2026-03-14,Cancelled,5
O004207,C00641,2026-04-19,Completed,5
O004208,C01198,2026-08-18,Completed,10
O004209,C01280,2025-11-14,Completed,0
O004210,C01397,2025-08-20,Completed,5
O004211,C01515,2025-11-08,Completed,20
O004212,C00078,2026-07-15,Completed,15
O004213,C01518,2026-07-28,Completed,0
O004214,C00973,2026-01-24,Completed,30
O004215,C00194,2025-10-16,Completed,10
O004216,C00799,2025-11-17,Completed,10
O004217,C00149,2026-03-15,Cancelled,10
O004218,C01860,2026-03-21,Completed,0
O004219,C00307,2026-07-14,Cancelled,10
O004220,C01334,2026-06-15,Completed,0
O004221,C01850,2025-04-19,Completed,5
O004222,C00660,2026-07-20,Completed,5
O004223,C00395,2026-06-07,Completed,0
O004224,C00632,2025-05-14,Completed,10
O004225,C01311,2025-12-08,Completed,5
O004226,C00227,2025-10-13,Completed,5
O004227,C01757,2025-11-13,Cancelled,0
O004228,C00603,2025-10-23,Completed,0
O004229,C01048,2026-04-21,Completed,20
O004230,C01054,2025-09-10,Completed,20
O004231,C01908,2026-05-18,Completed,0
O004232,C00431,2025-09-13,Completed,10
O004233,C00364,2026-02-15,Completed,10
O004234,C01267,2025-08-05,Completed,20
O004235,C00204,2026-05-20,Completed,5
O004236,C01844,2026-01-19,Completed,10
O004237,C00588,2026-03-04,Completed,20
O004238,C01362,2025-06-28,Completed,0
O004239,C00808,2025-09-18,Completed,0
O004240,C01602,2025-08-05,Completed,0
O004241,C00880,2026-03-13,Completed,10
O004242,C01392,2026-04-01,Completed,5
O004243,C00507,2025-12-05,Completed,15
O004244,C01405,2026-06-18,Cancelled,0
O004245,C00351,2026-07-30,Completed,10
O004246,C01343,2026-02-22,Completed,0
O004247,C00342,2026-03-08,Completed,10
O004248,C01316,2026-04-11,Completed,5
O004249,C01140,2025-12-18,Completed,10
O004250,C01323,2026-03-11,Completed,5
O004251,C01492,2026-04-14,Completed,0
O004252,C01015,2026-07-25,Completed,20
O004253,C00882,2025-04-12,Completed,0
O004254,C01526,2026-01-11,Completed,10
O004255,C01440,2026-04-14,Completed,15
O004256,C00107,2026-07-18,Completed,5
O004257,C01878,2026-06-10,Completed,0
O004258,C01937,2026-06-09,Completed,10
O004259,C01393,2026-03-16,Completed,5
O004260,C01308,2025-11-26,Completed,15
O004261,C00098,2025-05-23,Completed,0
O004262,C00883,2026-01-15,Completed,30
O004263,C00450,2026-06-26,Completed,0
O004264,C00121,2026-02-01,Completed,5
O004265,C00318,2026-04-10,Completed,0
O004266,C01218,2025-12-09,Completed,10
O004267,C00202,2026-07-20,Completed,5
O004268,C01975,2026-01-26,Completed,15
O004269,C00472,2026-04-22,Completed,20
O004270,C00413,2026-05-28,Completed,10
O004271,C01239,2025-11-26,Completed,10
O004272,C00483,2026-01-30,Completed,5
O004273,C01342,2026-03-23,Completed,10
O004274,C01950,2025-06-22,Completed,10
O004275,C01019,2026-02-03,Completed,15
O004276,C01548,2026-07-13,Completed,5
O004277,C00567,2026-04-07,Completed,15
O004278,C00051,2025-02-16,Completed,0
O004279,C00793,2025-05-21,Completed,5
O004280,C01833,2025-05-13,Completed,15
O004281,C00502,2026-01-27,Completed,10
O004282,C00069,2025-09-25,Completed,30
O004283,C00223,2026-06-08,Completed,0
O004284,C00886,2026-05-15,Completed,5
O004285,C01281,2025-05-01,Completed,5
O004286,C00053,2025-04-16,Completed,10
O004287,C00053,2026-06-04,Completed,10
O004288,C01161,2026-05-27,Cancelled,15
O004289,C01678,2025-12-06,Completed,0
O004290,C01659,2026-06-19,Cancelled,20
O004291,C00530,2026-03-08,Completed,0
O004292,C00315,2025-08-29,Completed,20
O004293,C01133,2026-03-26,Completed,10
O004294,C00667,2025-06-12,Completed,0
O004295,C01163,2026-07-01,Cancelled,15
O004296,C00170,2026-03-11,Completed,15
O004297,C00519,2026-03-22,Completed,30
O004298,C00426,2025-10-20,Completed,5
O004299,C00107,2025-05-13,Completed,5
O004300,C01689,2026-05-08,Completed,5
O004301,C01296,2026-02-05,Completed,0
O004302,C00498,2026-07-02,Completed,10
O004303,C00530,2026-07-01,Completed,0
O004304,C01487,2026-05-27,Completed,30
O004305,C00363,2025-12-29,Completed,20
O004306,C00782,2025-12-14,Completed,10
O004307,C01817,2025-06-20,Completed,15
O004308,C00445,2025-10-04,Completed,20
O004309,C00630,2026-04-20,Completed,0
O004310,C00905,2025-12-24,Completed,0
O004311,C01591,2025-09-22,Completed,20
O004312,C01987,2026-07-16,Completed,0
O004313,C01587,2026-06-18,Completed,15
O004314,C00896,2026-06-16,Completed,0
O004315,C00601,2026-03-25,Completed,0
O004316,C01885,2025-07-10,Completed,30
O004317,C01647,2026-03-27,Completed,30
O004318,C01935,2025-12-25,Completed,0
O004319,C01818,2025-11-11,Completed,0
O004320,C01361,2026-08-18,Completed,5
O004321,C01435,2026-05-27,Completed,5
O004322,C00948,2026-02-05,Completed,0
O004323,C00492,2025-08-06,Cancelled,5
O004324,C00481,2026-04-03,Completed,10
O004325,C01249,2025-10-14,Completed,15
O004326,C01912,2026-07-01,Completed,5
O004327,C01562,2025-12-30,Completed,10
O004328,C00778,2025-05-31,Completed,10
O004329,C00392,2025-10-23,Completed,20
O004330,C01628,2025-12-19,Completed,20
O004331,C01141,2025-12-24,Completed,5
O004332,C01818,2026-04-26,Completed,0
O004333,C00617,2025-11-28,Completed,15
O004334,C00128,2026-06-06,Completed,20
O004335,C00571,2026-05-12,Cancelled,0
O004336,C01873,2025-08-12,Completed,15
O004337,C01591,2026-08-13,Completed,20
O004338,C01755,2026-03-30,Completed,5
O004339,C00854,2025-10-01,Completed,0
O004340,C00672,2026-01-20,Completed,5
O004341,C01990,2025-11-24,Completed,10
O004342,C00353,2026-03-04,Completed,10
O004343,C01347,2026-03-06,Completed,0
O004344,C01751,2026-07-17,Completed,0
O004345,C00705,2026-08-17,Cancelled,10
O004346,C00081,2026-05-22,Completed,0
O004347,C01974,2026-07-26,Completed,0
O004348,C01467,2026-01-26,Completed,10
O004349,C01574,2026-07-30,Completed,10
O004350,C01641,2026-07-14,Completed,10
O004351,C00862,2026-05-16,Completed,0
O004352,C01453,2026-06-09,Completed,10
O004353,C01185,2025-12-30,Completed,20
O004354,C01031,2026-02-25,Completed,15
O004355,C00347,2025-10-25,Completed,20
O004356,C01989,2026-01-24,Completed,15
O004357,C00528,2026-06-08,Completed,0
O004358,C01948,2025-12-14,Completed,5
O004359,C00400,2025-10-28,Completed,5
O004360,C00126,2026-08-08,Completed,0
O004361,C01427,2026-03-28,Completed,15
O004362,C01118,2026-06-28,Completed,0
O004363,C00025,2026-05-27,Cancelled,10
O004364,C00199,2026-05-13,Completed,0
O004365,C01378,2025-05-01,Completed,0
O004366,C00010,2026-03-22,Cancelled,10
O004367,C01762,2025-01-27,Completed,0
O004368,C00442,2026-04-02,Completed,20
O004369,C01928,2026-07-29,Completed,15
O004370,C01012,2026-02-03,Completed,10
O004371,C01562,2025-06-20,Completed,15
O004372,C00798,2026-08-15,Completed,30
O004373,C00392,2025-06-23,Cancelled,15
O004374,C00116,2026-04-07,Completed,0
O004375,C00776,2025-11-16,Completed,5
O004376,C01562,2026-06-01,Completed,10
O004377,C01125,2026-04-12,Completed,10
O004378,C00311,2026-02-18,Completed,10
O004379,C00991,2026-03-23,Completed,15
O004380,C00481,2026-05-21,Cancelled,5
O004381,C00965,2025-07-09,Completed,10
O004382,C01864,2025-12-02,Completed,10
O004383,C00462,2026-08-11,Completed,10
O004384,C00234,2026-03-11,Completed,0
O004385,C01747,2026-01-13,Completed,0
O004386,C00395,2026-02-18,Completed,10
O004387,C00234,2026-04-03,Cancelled,10
O004388,C01971,2026-04-13,Completed,5
O004389,C00909,2026-05-02,Completed,5
O004390,C00279,2026-07-05,Completed,0
O004391,C00718,2025-12-01,Completed,0
O004392,C00438,2025-08-31,Completed,0
O004393,C01154,2025-09-05,Completed,10
O004394,C00220,2026-01-30,Completed,5
O004395,C01449,2026-03-29,Completed,0
O004396,C01709,2026-04-10,Completed,0
O004397,C00896,2026-01-18,Completed,10
O004398,C01915,2026-02-06,Completed,5
O004399,C00801,2025-09-18,Completed,30
O004400,C00496,2026-01-17,Completed,5
O004401,C01152,2026-06-05,Completed,0
O004402,C00851,2025-05-08,Completed,0
O004403,C01652,2025-11-19,Completed,0
O004404,C00684,2025-10-30,Completed,5
O004405,C00535,2026-04-08,Cancelled,15
O004406,C00444,2025-08-17,Completed,10
O004407,C01384,2026-08-20,Completed,5
O004408,C01046,2026-03-24,Completed,0
O004409,C00501,2026-04-05,Completed,15
O004410,C00147,2026-04-17,Completed,0
O004411,C00886,2025-10-21,Completed,15
O004412,C00345,2026-02-15,Completed,0
O004413,C01730,2025-10-11,Completed,0
O004414,C01013,2026-04-08,Completed,0
O004415,C00889,2026-03-29,Completed,0
O004416,C00884,2026-07-04,Completed,10
O004417,C01958,2026-03-27,Completed,5
O004418,C01214,2026-04-27,Completed,20
O004419,C00095,2026-01-22,Completed,10
O004420,C00691,2026-04-21,Completed,0
O004421,C00896,2026-04-08,Completed,0
O004422,C00484,2026-03-29,Completed,0
O004423,C00632,2026-07-02,Completed,0
O004424,C00965,2026-04-26,Completed,10
O004425,C00637,2026-01-11,Completed,20
O004426,C01705,2025-11-14,Completed,20
O004427,C00085,2025-06-21,Completed,10
O004428,C00536,2026-04-26,Completed,10
O004429,C00507,2026-05-26,Completed,20
O004430,C00448,2025-11-27,Completed,0
O004431,C00328,2026-03-17,Completed,10
O004432,C00488,2026-02-09,Completed,0
O004433,C01548,2026-06-06,Completed,0
O004434,C01527,2025-10-15,Completed,20
O004435,C01296,2025-04-21,Completed,15
O004436,C00415,2026-01-01,Completed,30
O004437,C01460,2026-07-08,Completed,5
O004438,C01043,2026-01-13,Completed,0
O004439,C00265,2025-05-04,Completed,10
O004440,C00183,2025-09-07,Completed,15
O004441,C01579,2025-12-23,Completed,0
O004442,C00347,2025-07-01,Completed,0
O004443,C01492,2026-07-29,Completed,0
O004444,C01215,2026-07-24,Completed,10
O004445,C00110,2026-05-20,Cancelled,0
O004446,C01088,2026-07-17,Completed,0
O004447,C01992,2026-05-26,Completed,20
O004448,C01627,2026-05-23,Completed,5
O004449,C01832,2026-07-02,Completed,20
O004450,C01428,2026-04-22,Completed,15
O004451,C00410,2025-04-13,Completed,0
O004452,C01155,2025-10-27,Completed,0
O004453,C01210,2026-03-14,Completed,5
O004454,C00384,2025-06-05,Completed,0
O004455,C01158,2025-06-23,Completed,20
O004456,C01264,2025-06-26,Completed,0
O004457,C01831,2026-01-29,Completed,10
O004458,C00235,2025-11-23,Completed,0
O004459,C00904,2026-07-17,Completed,20
O004460,C01552,2025-11-01,Completed,0
O004461,C01043,2025-12-04,Completed,5
O004462,C01041,2025-09-27,Completed,10
O004463,C01034,2026-07-13,Completed,5
O004464,C01943,2026-05-11,Completed,0
O004465,C01560,2026-01-21,Completed,0
O004466,C01086,2026-03-21,Completed,5
O004467,C00189,2026-01-05,Completed,5
O004468,C01670,2025-12-19,Completed,0
O004469,C01036,2026-06-13,Completed,15
O004470,C01018,2026-04-03,Completed,5
O004471,C00371,2026-02-26,Completed,5
O004472,C00840,2026-07-26,Completed,15
O004473,C00408,2026-07-07,Completed,0
O004474,C01867,2025-06-14,Completed,20
O004475,C00452,2026-07-12,Completed,10
O004476,C00479,2025-09-24,Completed,10
O004477,C00508,2026-07-05,Completed,5
O004478,C00578,2026-08-10,Completed,5
O004479,C01472,2026-05-24,Completed,15
O004480,C00346,2026-07-19,Completed,10
O004481,C01174,2025-08-30,Completed,20
O004482,C01284,2026-05-31,Completed,10
O004483,C00651,2026-08-18,Completed,0
O004484,C01736,2026-05-04,Completed,0
O004485,C01056,2026-06-19,Completed,15
O004486,C00368,2026-07-28,Completed,15
O004487,C01621,2026-03-30,Completed,30
O004488,C00279,2026-07-12,Completed,15
O004489,C01863,2026-05-30,Completed,10
O004490,C00326,2026-06-04,Completed,5
O004491,C01568,2026-06-30,Completed,5
O004492,C01296,2025-09-24,Completed,10
O004493,C01334,2025-12-25,Completed,0
O004494,C01037,2026-05-20,Completed,0
O004495,C01006,2026-06-03,Completed,20
O004496,C00256,2026-08-02,Completed,30
O004497,C00256,2026-06-17,Completed,30
O004498,C00903,2026-06-09,Completed,0
O004499,C00055,2025-08-27,Completed,5
O004500,C01934,2026-03-26,Completed,0
O004501,C01572,2026-06-20,Completed,0
O004502,C00075,2026-06-24,Completed,10
O004503,C01061,2026-04-02,Cancelled,0
O004504,C01745,2026-07-11,Completed,10
O004505,C00683,2026-01-24,Completed,0
O004506,C01544,2025-05-16,Completed,5
O004507,C00514,2025-12-12,Completed,0
O004508,C01081,2026-01-18,Completed,30
O004509,C00367,2026-05-04,Completed,0
O004510,C01939,2025-07-19,Completed,20
O004511,C00940,2025-12-11,Completed,10
O004512,C01540,2026-07-05,Completed,0
O004513,C00323,2026-01-01,Completed,5
O004514,C00553,2026-04-03,Completed,5
O004515,C01375,2025-05-03,Completed,30
O004516,C00291,2026-06-11,Completed,5
O004517,C01851,2026-02-04,Completed,0
O004518,C00685,2026-01-19,Completed,5
O004519,C01351,2026-08-06,Completed,15
O004520,C00345,2025-12-24,Completed,5
O004521,C01625,2025-07-23,Cancelled,30
O004522,C01400,2025-12-18,Completed,30
O004523,C00363,2026-07-26,Completed,0
O004524,C01270,2025-09-19,Completed,0
O004525,C00774,2025-07-09,Completed,20
O004526,C00096,2025-06-15,Completed,0
O004527,C00996,2026-04-03,Completed,0
O004528,C01343,2025-03-04,Completed,0
O004529,C01370,2026-05-19,Completed,20
O004530,C00324,2025-12-01,Completed,20
O004531,C00719,2026-03-12,Completed,0
O004532,C00457,2026-05-12,Completed,15
O004533,C01212,2026-02-23,Completed,0
O004534,C00852,2025-09-12,Completed,15
O004535,C00989,2026-03-28,Completed,0
O004536,C00915,2026-01-21,Completed,0
O004537,C00767,2026-02-26,Completed,10
O004538,C00624,2026-01-09,Completed,15
O004539,C00162,2026-08-02,Completed,5
O004540,C00829,2025-09-12,Completed,15
O004541,C01657,2025-04-24,Completed,5
O004542,C00296,2025-08-24,Completed,30
O004543,C00151,2025-11-14,Completed,5
O004544,C00570,2025-09-21,Completed,15
O004545,C01988,2026-01-12,Completed,10
O004546,C01153,2025-10-08,Completed,0
O004547,C00965,2025-06-23,Completed,0
O004548,C01897,2026-06-25,Cancelled,10
O004549,C00869,2026-06-08,Completed,10
O004550,C00790,2025-12-13,Completed,5
O004551,C01756,2025-11-23,Cancelled,15
O004552,C01323,2026-04-09,Completed,0
O004553,C00254,2026-08-03,Completed,10
O004554,C01857,2026-02-08,Completed,5
O004555,C01086,2026-06-23,Completed,30
O004556,C01766,2025-05-12,Completed,10
O004557,C01735,2026-06-18,Completed,0
O004558,C01671,2026-06-13,Completed,5
O004559,C00234,2025-11-10,Completed,15
O004560,C01779,2025-08-19,Completed,0
O004561,C00156,2026-03-16,Cancelled,0
O004562,C01596,2025-11-21,Completed,10
O004563,C01211,2025-07-16,Completed,0
O004564,C00262,2026-06-28,Completed,5
O004565,C01330,2025-08-04,Completed,10
O004566,C01295,2025-02-23,Cancelled,10
O004567,C01247,2026-01-25,Completed,0
O004568,C00077,2026-05-10,Completed,5
O004569,C00357,2025-04-11,Completed,0
O004570,C01793,2025-12-22,Completed,15
O004571,C01494,2025-12-30,Completed,5
O004572,C01199,2026-07-17,Cancelled,0
O004573,C01951,2026-04-20,Completed,5
O004574,C01731,2026-05-08,Completed,0
O004575,C01676,2026-04-17,Cancelled,15
O004576,C01713,2026-03-17,Completed,0
O004577,C01527,2025-09-15,Completed,0
O004578,C01133,2026-08-12,Completed,0
O004579,C00099,2026-01-11,Completed,20
O004580,C01413,2026-07-09,Completed,10
O004581,C00825,2026-03-18,Completed,20
O004582,C00760,2026-05-30,Completed,10
O004583,C01424,2026-07-14,Completed,0
O004584,C00141,2026-07-27,Completed,20
O004585,C00560,2026-04-24,Completed,15
O004586,C00580,2025-06-15,Completed,0
O004587,C01462,2026-02-26,Completed,10
O004588,C00956,2026-07-17,Completed,5
O004589,C00586,2026-03-10,Completed,0
O004590,C00219,2026-02-03,Completed,5
O004591,C00560,2025-08-31,Completed,0
O004592,C01504,2026-01-21,Completed,0
O004593,C00179,2026-04-12,Completed,0
O004594,C01930,2026-03-21,Completed,0
O004595,C00329,2026-05-13,Completed,0
O004596,C01273,2026-03-16,Completed,10
O004597,C01599,2026-08-16,Completed,0
O004598,C00512,2026-07-14,Completed,30
O004599,C00564,2026-04-15,Completed,10
O004600,C00042,2026-08-11,Completed,20
O004601,C00412,2025-04-25,Cancelled,15
O004602,C01376,2026-05-15,Completed,10
O004603,C00637,2026-03-04,Completed,20
O004604,C00137,2025-05-22,Completed,10
O004605,C00306,2026-05-26,Completed,5
O004606,C00915,2026-01-20,Completed,20
O004607,C00672,2026-06-20,Completed,0
O004608,C00080,2025-02-10,Completed,15
O004609,C01396,2026-01-12,Completed,30
O004610,C00248,2026-01-26,Completed,5
O004611,C01664,2025-07-01,Completed,0
O004612,C00071,2026-04-08,Completed,0
O004613,C00620,2026-05-14,Completed,15
O004614,C00528,2025-07-18,Completed,20
O004615,C01631,2026-04-22,Completed,0
O004616,C01230,2026-05-12,Completed,10
O004617,C00908,2025-03-20,Completed,0
O004618,C00229,2026-06-24,Completed,0
O004619,C00497,2026-08-20,Completed,5
O004620,C01854,2026-04-05,Completed,30
O004621,C01364,2026-07-07,Completed,10
O004622,C01364,2026-06-29,Completed,5
O004623,C00736,2025-10-10,Completed,10
O004624,C00834,2025-04-27,Completed,15
O004625,C01916,2026-03-27,Cancelled,30
O004626,C00861,2026-03-02,Completed,15
O004627,C01879,2026-05-30,Cancelled,0
O004628,C00422,2026-06-16,Completed,5
O004629,C01674,2026-08-11,Completed,0
O004630,C00219,2025-07-03,Completed,0
O004631,C00961,2026-06-24,Completed,5
O004632,C00103,2026-02-07,Cancelled,0
O004633,C01199,2026-04-15,Completed,30
O004634,C01159,2025-09-21,Completed,15
O004635,C00831,2026-07-25,Completed,20
O004636,C00493,2025-09-08,Completed,10
O004637,C01150,2026-03-22,Completed,10
O004638,C00886,2026-03-11,Completed,5
O004639,C01207,2025-03-23,Completed,20
O004640,C00566,2025-05-02,Completed,10
O004641,C01834,2026-08-14,Completed,10
O004642,C01116,2026-05-31,Completed,5
O004643,C00234,2026-02-10,Completed,0
O004644,C00964,2025-08-17,Completed,15
O004645,C01124,2026-04-01,Completed,0
O004646,C00320,2025-06-10,Completed,20
O004647,C00296,2025-08-12,Completed,0
O004648,C01624,2025-05-14,Completed,15
O004649,C00401,2025-07-20,Completed,0
O004650,C00550,2026-06-30,Cancelled,0
O004651,C00774,2026-07-06,Completed,10
O004652,C01251,2025-09-12,Completed,15
O004653,C01819,2026-01-31,Completed,15
O004654,C00645,2026-03-28,Completed,0
O004655,C00377,2026-06-30,Completed,10
O004656,C01607,2026-03-02,Completed,5
O004657,C01321,2026-08-20,Cancelled,30
O004658,C00748,2026-07-09,Completed,15
O004659,C01607,2025-05-19,Completed,0
O004660,C00105,2025-10-26,Completed,0
O004661,C00375,2025-12-09,Completed,10
O004662,C01236,2026-04-20,Completed,0
O004663,C01745,2026-05-26,Completed,30
O004664,C00874,2026-04-19,Completed,10
O004665,C01584,2026-05-12,Completed,0
O004666,C01605,2025-07-06,Completed,0
O004667,C01120,2026-07-09,Completed,0
O004668,C01705,2026-01-16,Completed,5
O004669,C01125,2026-05-22,Completed,0
O004670,C01642,2025-12-10,Completed,0
O004671,C00396,2026-07-13,Completed,10
O004672,C01330,2026-08-10,Completed,0
O004673,C00867,2025-11-06,Completed,0
O004674,C00835,2026-08-16,Completed,5
O004675,C01172,2026-07-31,Completed,0
O004676,C00986,2026-03-16,Completed,0
O004677,C01643,2026-03-08,Completed,5
O004678,C00507,2026-01-08,Completed,20
O004679,C01460,2026-03-12,Completed,0
O004680,C00757,2026-04-18,Completed,5
O004681,C00060,2026-04-01,Completed,10
O004682,C00799,2026-03-30,Completed,15
O004683,C00266,2026-07-22,Completed,0
O004684,C00980,2025-12-26,Cancelled,15
O004685,C01862,2026-06-21,Completed,5
O004686,C00932,2026-01-18,Cancelled,0
O004687,C01668,2026-07-27,Completed,0
O004688,C01722,2025-03-01,Completed,0
O004689,C01570,2026-06-08,Completed,10
O004690,C00300,2026-02-20,Completed,30
O004691,C01783,2025-12-19,Completed,20
O004692,C00309,2025-04-18,Completed,0
O004693,C01858,2026-08-06,Cancelled,10
O004694,C00438,2026-03-04,Completed,0
O004695,C00383,2026-08-10,Completed,0
O004696,C00066,2026-06-22,Completed,0
O004697,C00657,2025-12-31,Completed,10
O004698,C00556,2026-02-27,Completed,30
O004699,C00052,2026-08-18,Completed,10
O004700,C01406,2025-12-28,Completed,0
O004701,C00155,2025-04-02,Completed,0
O004702,C01547,2026-06-07,Cancelled,5
O004703,C01229,2026-01-24,Completed,15
O004704,C00533,2025-08-20,Completed,15
O004705,C00195,2025-07-03,Completed,0
O004706,C01451,2026-03-29,Completed,0
O004707,C01549,2026-04-13,Completed,0
O004708,C00397,2026-06-09,Completed,0
O004709,C01025,2026-03-05,Completed,0
O004710,C01207,2026-04-28,Completed,10
O004711,C01604,2026-03-29,Completed,10
O004712,C01065,2025-03-18,Completed,30
O004713,C00018,2026-06-23,Completed,15
O004714,C00332,2026-06-07,Completed,10
O004715,C00941,2026-06-16,Completed,0
O004716,C01370,2026-06-10,Completed,0
O004717,C00743,2026-06-18,Completed,10
O004718,C02000,2025-03-19,Completed,0
O004719,C01653,2025-12-30,Completed,5
O004720,C01991,2026-01-25,Completed,0
O004721,C00305,2026-08-01,Completed,0
O004722,C00932,2025-11-30,Completed,10
O004723,C01769,2026-03-30,Cancelled,0
O004724,C00441,2026-04-23,Completed,15
O004725,C00764,2025-11-16,Completed,5
O004726,C01571,2025-12-14,Completed,5
O004727,C00125,2026-03-28,Completed,10
O004728,C01260,2026-05-15,Completed,10
O004729,C01267,2026-04-29,Completed,10
O004730,C01125,2026-05-05,Completed,10
O004731,C01355,2026-04-05,Completed,0
O004732,C00165,2026-04-25,Completed,15
O004733,C00728,2025-11-26,Completed,15
O004734,C00083,2025-10-08,Completed,0
O004735,C01677,2026-06-14,Completed,0
O004736,C01651,2026-08-12,Completed,5
O004737,C00343,2026-08-14,Completed,5
O004738,C00536,2026-02-15,Completed,15
O004739,C00011,2026-01-04,Completed,0
O004740,C00622,2026-05-13,Completed,15
O004741,C00251,2026-08-06,Completed,15
O004742,C00298,2026-07-27,Completed,0
O004743,C01577,2025-04-27,Completed,0
O004744,C00053,2026-07-18,Completed,30
O004745,C00791,2026-08-15,Completed,5
O004746,C01095,2025-12-17,Completed,30
O004747,C01636,2026-01-24,Completed,0
O004748,C01573,2025-07-19,Completed,5
O004749,C00018,2025-11-12,Completed,0
O004750,C00871,2025-10-10,Completed,10
O004751,C00164,2026-08-07,Cancelled,15
O004752,C00668,2026-07-12,Completed,10
O004753,C01196,2026-08-07,Completed,20
O004754,C01500,2026-07-15,Completed,0
O004755,C00573,2025-12-27,Completed,0
O004756,C01539,2026-04-12,Completed,0
O004757,C01911,2026-03-31,Completed,20
O004758,C01684,2025-07-22,Completed,0
O004759,C00537,2025-12-16,Completed,0
O004760,C00430,2025-05-26,Completed,10
O004761,C00457,2026-01-02,Completed,15
O004762,C01892,2025-12-19,Completed,0
O004763,C00820,2026-04-07,Completed,20
O004764,C00894,2025-10-01,Completed,10
O004765,C00201,2025-01-29,Completed,0
O004766,C01262,2026-01-27,Completed,30
O004767,C01893,2026-07-03,Completed,0
O004768,C00489,2026-08-02,Completed,5
O004769,C00413,2026-03-08,Cancelled,0
O004770,C00221,2025-09-22,Completed,30
O004771,C01954,2026-08-04,Completed,20
O004772,C01445,2026-08-06,Completed,0
O004773,C00878,2026-06-19,Completed,5
O004774,C01060,2026-06-26,Completed,5
O004775,C00768,2026-04-15,Completed,0
O004776,C00111,2026-03-10,Completed,10
O004777,C01055,2026-07-28,Completed,20
O004778,C01534,2026-03-22,Completed,20
O004779,C00555,2025-07-14,Completed,0
O004780,C01680,2026-03-04,Cancelled,15
O004781,C01611,2026-06-29,Completed,5
O004782,C01262,2026-01-31,Completed,5
O004783,C00808,2025-12-09,Completed,0
O004784,C00532,2026-04-30,Completed,5
O004785,C01731,2026-08-14,Completed,15
O004786,C01207,2025-12-12,Completed,20
O004787,C00201,2025-07-18,Completed,15
O004788,C00140,2026-04-05,Completed,0
O004789,C00360,2026-04-19,Completed,30
O004790,C01107,2026-06-15,Completed,30
O004791,C01498,2026-05-01,Completed,10
O004792,C00785,2026-01-08,Completed,0
O004793,C00177,2026-02-21,Completed,20
O004794,C00250,2026-08-05,Cancelled,10
O004795,C00126,2026-08-09,Completed,10
O004796,C01010,2025-04-08,Completed,10
O004797,C01192,2026-06-18,Completed,20
O004798,C00357,2026-07-28,Completed,0
O004799,C00253,2026-03-17,Completed,5
O004800,C00900,2026-05-03,Completed,15
O004801,C00685,2025-10-29,Completed,0
O004802,C01951,2026-07-12,Completed,0
O004803,C01655,2025-05-09,Cancelled,0
O004804,C01480,2026-06-13,Cancelled,0
O004805,C00182,2026-02-06,Completed,15
O004806,C00182,2026-05-03,Completed,10
O004807,C00883,2026-03-04,Completed,15
O004808,C00208,2026-04-08,Completed,0
O004809,C00156,2026-06-03,Completed,20
O004810,C01527,2026-06-19,Completed,5
O004811,C01308,2025-11-23,Completed,5
O004812,C00408,2026-03-04,Completed,15
O004813,C01840,2026-05-25,Completed,5
O004814,C01527,2026-03-13,Completed,5
O004815,C01366,2025-11-13,Completed,5
O004816,C00740,2026-02-10,Completed,20
O004817,C00736,2025-12-30,Completed,0
O004818,C01312,2025-08-29,Completed,0
O004819,C01448,2026-01-14,Completed,0
O004820,C00519,2025-09-27,Completed,0
O004821,C01870,2026-04-30,Cancelled,0
O004822,C00807,2026-01-31,Completed,5
O004823,C00572,2026-08-11,Completed,20
O004824,C01785,2026-05-13,Completed,10
O004825,C01446,2026-01-15,Completed,10
O004826,C00936,2025-12-16,Completed,15
O004827,C01016,2026-04-17,Completed,10
O004828,C00400,2025-12-24,Cancelled,30
O004829,C01604,2026-03-25,Completed,30
O004830,C01114,2026-07-28,Completed,0
O004831,C01564,2026-03-29,Completed,15
O004832,C00407,2026-05-13,Completed,20
O004833,C01273,2026-04-07,Completed,0
O004834,C01458,2026-05-15,Completed,5
O004835,C00601,2026-04-26,Completed,10
O004836,C00993,2026-06-19,Completed,15
O004837,C00957,2025-05-22,Completed,10
O004838,C00856,2026-07-19,Completed,5
O004839,C00787,2026-05-31,Cancelled,10
O004840,C01177,2026-03-03,Completed,10
O004841,C00312,2025-09-18,Completed,10
O004842,C01969,2026-01-08,Completed,30
O004843,C00053,2025-06-18,Cancelled,0
O004844,C00267,2026-07-13,Completed,0
O004845,C01260,2026-07-07,Completed,0
O004846,C01871,2025-11-25,Completed,5
O004847,C01537,2026-03-09,Completed,15
O004848,C00826,2025-11-15,Completed,0
O004849,C01098,2026-02-07,Cancelled,15
O004850,C01340,2026-05-18,Completed,0
O004851,C01123,2025-05-16,Completed,0
O004852,C00796,2026-07-19,Completed,20
O004853,C01677,2026-02-09,Completed,15
O004854,C00344,2025-05-10,Completed,15
O004855,C01305,2026-01-02,Completed,0
O004856,C01063,2026-07-24,Completed,30
O004857,C00489,2026-08-13,Completed,15
O004858,C00508,2026-05-18,Cancelled,0
O004859,C00772,2025-10-04,Completed,20
O004860,C01421,2025-10-25,Cancelled,0
O004861,C01419,2025-05-28,Completed,5
O004862,C00420,2026-03-22,Completed,20
O004863,C00429,2025-10-28,Completed,15
O004864,C00750,2026-07-03,Completed,0
O004865,C00879,2026-05-21,Completed,0
O004866,C01247,2026-06-02,Completed,5
O004867,C01960,2026-04-06,Completed,0
O004868,C01575,2026-07-23,Completed,0
O004869,C01028,2026-03-25,Cancelled,5
O004870,C00531,2026-03-25,Completed,0
O004871,C01729,2025-10-27,Completed,0
O004872,C01767,2025-09-06,Completed,5
O004873,C01786,2026-08-12,Completed,0
O004874,C00086,2026-03-23,Cancelled,0
O004875,C01956,2026-01-12,Completed,5
O004876,C00852,2025-11-17,Completed,10
O004877,C01126,2026-07-26,Completed,0
O004878,C01454,2025-11-08,Completed,0
O004879,C01079,2026-07-11,Completed,20
O004880,C01089,2025-07-12,Completed,10
O004881,C01202,2026-01-26,Completed,10
O004882,C01860,2026-02-25,Cancelled,5
O004883,C01923,2026-05-16,Completed,5
O004884,C01725,2025-07-01,Completed,5
O004885,C01926,2025-12-19,Completed,5
O004886,C00900,2026-03-29,Completed,20
O004887,C00281,2025-11-27,Completed,5
O004888,C01386,2026-05-15,Completed,15
O004889,C01604,2026-06-21,Completed,5
O004890,C00639,2026-04-15,Completed,0
O004891,C00960,2026-04-20,Completed,0
O004892,C01500,2025-09-09,Completed,0
O004893,C00917,2025-11-28,Completed,20
O004894,C00593,2026-01-05,Completed,5
O004895,C00231,2026-08-20,Completed,10
O004896,C00820,2025-11-19,Completed,5
O004897,C01104,2025-10-07,Completed,0
O004898,C00766,2026-06-04,Completed,5
O004899,C01623,2026-02-05,Completed,0
O004900,C00289,2025-12-25,Completed,15
O004901,C01609,2025-12-08,Completed,0
O004902,C01662,2026-03-18,Completed,30
O004903,C00852,2026-06-06,Completed,5
O004904,C00614,2026-07-27,Completed,15
O004905,C00493,2026-04-05,Completed,15
O004906,C00877,2026-02-19,Completed,0
O004907,C01028,2026-01-09,Completed,0
O004908,C00584,2026-04-06,Completed,15
O004909,C01836,2025-04-19,Completed,0
O004910,C01813,2026-05-09,Completed,10
O004911,C01949,2026-05-05,Cancelled,5
O004912,C00462,2025-07-12,Completed,0
O004913,C00268,2026-06-10,Completed,10
O004914,C01990,2025-10-24,Completed,0
O004915,C01774,2026-06-02,Completed,10
O004916,C01679,2025-09-27,Completed,0
O004917,C00268,2025-07-06,Completed,5
O004918,C01201,2025-06-06,Cancelled,0
O004919,C00899,2026-03-31,Completed,0
O004920,C01141,2025-11-11,Completed,5
O004921,C00920,2026-02-17,Completed,15
O004922,C00204,2026-06-09,Completed,30
O004923,C00861,2026-01-11,Completed,5
O004924,C01227,2026-01-20,Completed,30
O004925,C01420,2026-07-01,Completed,0
O004926,C00241,2026-05-03,Completed,10
O004927,C00931,2025-11-08,Completed,5
O004928,C01153,2026-04-20,Completed,0
O004929,C01351,2026-04-03,Cancelled,15
O004930,C00429,2025-11-26,Cancelled,0
O004931,C01745,2026-05-27,Completed,15
O004932,C01271,2026-07-04,Completed,30
O004933,C01073,2026-07-06,Completed,5
O004934,C00143,2025-09-21,Completed,20
O004935,C00005,2026-03-06,Completed,5
O004936,C01861,2026-07-30,Completed,15
O004937,C01967,2026-04-23,Completed,10
O004938,C00660,2026-07-05,Completed,5
O004939,C00160,2026-07-21,Completed,20
O004940,C01384,2026-03-25,Completed,0
O004941,C00986,2026-01-06,Cancelled,10
O004942,C01242,2026-02-13,Completed,5
O004943,C00231,2026-06-29,Completed,0
O004944,C01510,2026-01-26,Completed,10
O004945,C00216,2026-02-02,Completed,10
O004946,C01427,2025-09-03,Completed,10
O004947,C00142,2026-07-16,Completed,30
O004948,C00487,2025-08-19,Completed,10
O004949,C00155,2025-05-22,Completed,20
O004950,C00621,2025-10-29,Completed,5
O004951,C00351,2026-07-15,Completed,5
O004952,C01172,2025-05-16,Completed,0
O004953,C01466,2026-06-29,Completed,15
O004954,C01235,2026-07-01,Completed,20
O004955,C00697,2026-02-14,Cancelled,15
O004956,C01852,2025-12-19,Cancelled,5
O004957,C01125,2026-07-25,Completed,5
O004958,C01155,2025-09-29,Completed,5
O004959,C00917,2026-02-24,Completed,0
O004960,C00769,2025-12-21,Cancelled,5
O004961,C00601,2026-07-12,Completed,15
O004962,C01839,2026-06-07,Completed,0
O004963,C01172,2026-08-20,Completed,0
O004964,C00356,2025-12-25,Completed,15
O004965,C00817,2026-02-11,Completed,30
O004966,C00783,2025-12-31,Completed,5
O004967,C00637,2026-05-22,Cancelled,30
O004968,C00245,2025-07-08,Completed,15
O004969,C01772,2026-04-22,Completed,20
O004970,C01820,2026-04-16,Completed,0
O004971,C00443,2025-12-11,Completed,0
O004972,C00980,2026-01-04,Completed,10
O004973,C00401,2025-08-08,Completed,0
O004974,C01410,2026-06-28,Completed,5
O004975,C00052,2025-11-28,Completed,10
O004976,C01932,2026-06-03,Completed,0
O004977,C00204,2026-05-25,Completed,0
O004978,C00362,2026-06-19,Completed,20
O004979,C00842,2026-02-16,Completed,0
O004980,C00859,2026-08-11,Completed,5
O004981,C00225,2026-01-06,Completed,30
O004982,C01366,2025-11-06,Completed,0
O004983,C00522,2026-01-09,Completed,15
O004984,C01850,2026-03-13,Completed,0
O004985,C00656,2026-04-15,Completed,10
O004986,C01209,2026-05-18,Completed,20
O004987,C00357,2026-03-21,Completed,5
O004988,C00472,2026-04-27,Completed,15
O004989,C00608,2026-03-24,Completed,20
O004990,C01324,2026-06-16,Completed,15
O004991,C00110,2026-07-14,Completed,0
O004992,C01934,2025-07-11,Completed,0
O004993,C00463,2026-05-20,Completed,5
O004994,C01914,2026-07-12,Completed,5
O004995,C01091,2025-07-07,Completed,0
O004996,C00506,2025-09-20,Completed,10
O004997,C00483,2026-01-21,Completed,0
O004998,C01675,2025-09-04,Completed,30
O004999,C00569,2026-07-28,Completed,10
O005000,C01828,2026-08-10,Completed,10
O005001,C00085,2025-09-27,Cancelled,0
O005002,C00227,2026-06-29,Completed,10
O005003,C00135,2026-01-04,Completed,30
O005004,C01737,2026-05-21,Completed,5
O005005,C00027,2026-05-02,Completed,0
O005006,C00224,2025-06-27,Completed,5
O005007,C00467,2026-07-13,Completed,0
O005008,C00780,2026-05-13,Completed,0
O005009,C00961,2026-07-01,Completed,15
O005010,C00022,2026-03-04,Completed,15
O005011,C00745,2025-09-06,Completed,20
O005012,C00672,2026-06-25,Completed,5
O005013,C00152,2026-02-03,Completed,5
O005014,C01193,2025-09-26,Completed,0
O005015,C00300,2026-06-22,Completed,0
O005016,C00421,2025-07-25,Completed,15
O005017,C00638,2026-07-24,Cancelled,5
O005018,C01152,2025-08-27,Completed,15
O005019,C01029,2026-01-05,Completed,0
O005020,C00420,2026-07-13,Completed,0
O005021,C01643,2025-10-29,Completed,10
O005022,C00480,2026-01-08,Completed,5
O005023,C01302,2026-07-24,Completed,0
O005024,C01300,2026-05-12,Completed,0
O005025,C00712,2025-06-25,Completed,0
O005026,C01733,2025-08-24,Completed,10
O005027,C01489,2026-08-03,Completed,0
O005028,C01418,2026-06-30,Completed,20
O005029,C00878,2025-10-20,Completed,5
O005030,C00269,2025-12-09,Completed,5
O005031,C01717,2026-04-29,Completed,30
O005032,C00005,2026-07-30,Completed,5
O005033,C00471,2026-08-18,Completed,5
O005034,C01580,2026-07-15,Completed,30
O005035,C00030,2026-07-24,Completed,15
O005036,C01856,2026-05-02,Completed,20
O005037,C01490,2026-05-14,Completed,20
O005038,C01018,2026-03-21,Completed,5
O005039,C01193,2025-05-29,Completed,30
O005040,C01624,2026-03-24,Completed,5
O005041,C00384,2026-05-08,Completed,15
O005042,C00578,2025-10-02,Completed,20
O005043,C00928,2025-07-06,Completed,0
O005044,C01291,2026-05-25,Completed,0
O005045,C01015,2026-08-05,Cancelled,0
O005046,C00974,2025-10-04,Completed,0
O005047,C00833,2025-08-14,Completed,5
O005048,C01161,2026-06-13,Cancelled,0
O005049,C01761,2026-04-23,Completed,0
O005050,C00757,2025-07-28,Completed,15
O005051,C00722,2025-11-02,Completed,0
O005052,C01347,2025-10-10,Completed,10
O005053,C00756,2025-11-03,Completed,0
O005054,C00627,2026-03-12,Completed,0
O005055,C00673,2026-01-01,Cancelled,30
O005056,C01940,2026-02-17,Completed,0
O005057,C01050,2026-07-19,Completed,10
O005058,C01634,2026-04-14,Completed,5
O005059,C01212,2025-12-02,Completed,20
O005060,C00698,2026-07-17,Completed,15
O005061,C00330,2026-02-25,Completed,20
O005062,C01450,2026-08-16,Completed,0
O005063,C00021,2025-10-12,Completed,10
O005064,C01801,2026-04-27,Completed,20
O005065,C01945,2026-08-13,Completed,5
O005066,C01687,2026-06-30,Completed,20
O005067,C00617,2025-12-14,Completed,20
O005068,C00959,2026-04-05,Completed,20
O005069,C00960,2026-02-24,Completed,0
O005070,C01845,2026-05-30,Completed,5
O005071,C01081,2026-01-15,Completed,30
O005072,C00952,2025-08-14,Completed,10
O005073,C01539,2026-04-16,Completed,0
O005074,C00815,2026-01-26,Completed,5
O005075,C01422,2026-06-14,Completed,5
O005076,C01818,2026-03-23,Completed,30
O005077,C01606,2026-04-25,Completed,0
O005078,C00846,2026-05-10,Completed,10
O005079,C00436,2026-08-07,Completed,5
O005080,C00172,2026-03-01,Completed,5
O005081,C00723,2026-04-09,Completed,0
O005082,C01696,2025-10-22,Completed,0
O005083,C01352,2026-05-10,Completed,10
O005084,C01933,2025-09-14,Cancelled,15
O005085,C01439,2025-12-06,Completed,5
O005086,C01994,2026-02-23,Completed,0
O005087,C00680,2026-02-10,Cancelled,10
O005088,C00148,2026-06-03,Completed,10
O005089,C01343,2025-07-16,Completed,15
O005090,C01542,2025-12-01,Cancelled,10
O005091,C01699,2026-03-14,Completed,0
O005092,C01002,2025-10-19,Completed,20
O005093,C00004,2026-03-24,Completed,0
O005094,C00695,2025-10-01,Completed,30
O005095,C00096,2025-10-27,Completed,15
O005096,C01157,2026-07-01,Completed,20
O005097,C00259,2026-02-13,Completed,0
O005098,C01077,2026-03-17,Completed,30
O005099,C01751,2026-07-26,Completed,15
O005100,C01418,2026-05-01,Completed,15
O005101,C01309,2025-10-30,Completed,0
O005102,C00584,2026-01-18,Completed,30
O005103,C01820,2026-07-13,Completed,0
O005104,C00500,2026-07-28,Completed,0
O005105,C01938,2026-05-01,Completed,5
O005106,C00940,2025-09-26,Completed,5
O005107,C00172,2026-07-07,Completed,0
O005108,C00958,2026-05-16,Completed,15
O005109,C01689,2026-01-25,Cancelled,0
O005110,C00402,2025-10-19,Completed,5
O005111,C01405,2025-08-15,Completed,15
O005112,C01968,2026-01-15,Completed,0
O005113,C01487,2026-01-17,Completed,15
O005114,C00841,2026-07-12,Completed,5
O005115,C01742,2026-02-20,Completed,10
O005116,C01029,2026-08-18,Completed,15
O005117,C00928,2025-06-30,Cancelled,5
O005118,C01772,2026-07-31,Completed,0
O005119,C01277,2025-12-08,Completed,0
O005120,C01790,2026-03-26,Completed,20
O005121,C01421,2026-05-03,Completed,5
O005122,C01344,2026-04-01,Completed,5
O005123,C01224,2025-10-19,Completed,5
O005124,C00858,2025-11-02,Completed,0
O005125,C00020,2026-01-22,Completed,5
O005126,C00358,2026-02-08,Completed,20
O005127,C01061,2026-05-01,Completed,15
O005128,C00510,2026-08-08,Completed,0
O005129,C00779,2025-09-09,Completed,10
O005130,C01893,2026-07-27,Completed,0
O005131,C01987,2026-02-01,Completed,5
O005132,C01837,2025-12-24,Completed,0
O005133,C01127,2025-05-12,Completed,0
O005134,C01782,2026-04-17,Completed,30
O005135,C01423,2026-05-14,Completed,0
O005136,C00664,2026-04-19,Completed,10
O005137,C01938,2025-11-04,Completed,10
O005138,C01157,2026-06-24,Completed,0
O005139,C00369,2025-08-08,Completed,30
O005140,C01945,2026-04-11,Completed,10
O005141,C00546,2026-04-28,Completed,10
O005142,C01061,2026-04-11,Completed,5
O005143,C01871,2026-06-21,Completed,0
O005144,C00708,2026-08-13,Completed,5
O005145,C00134,2026-07-18,Completed,0
O005146,C01085,2025-11-25,Completed,0
O005147,C01752,2025-08-06,Completed,0
O005148,C01288,2025-11-08,Completed,15
O005149,C01722,2026-01-27,Completed,30
O005150,C00618,2026-08-06,Completed,0
O005151,C00491,2026-02-22,Completed,5
O005152,C00175,2025-12-11,Completed,30
O005153,C00810,2026-05-06,Completed,5
O005154,C01610,2025-08-09,Completed,0
O005155,C01363,2025-10-04,Completed,30
O005156,C01776,2026-01-03,Completed,0
O005157,C01748,2026-08-01,Completed,15
O005158,C00932,2026-08-09,Completed,0
O005159,C01205,2026-05-11,Completed,15
O005160,C01703,2026-08-05,Completed,0
O005161,C00723,2026-07-26,Completed,0
O005162,C01088,2026-03-07,Completed,20
O005163,C00213,2025-05-21,Completed,0
O005164,C00895,2026-03-28,Completed,10
O005165,C01330,2026-06-21,Cancelled,15
O005166,C01191,2026-04-03,Completed,20
O005167,C01040,2026-02-05,Completed,0
O005168,C01983,2026-06-28,Completed,20
O005169,C00416,2026-04-23,Cancelled,15
O005170,C00744,2026-08-13,Completed,5
O005171,C00076,2026-02-02,Completed,0
O005172,C01718,2025-07-26,Completed,5
O005173,C00984,2026-04-26,Cancelled,0
O005174,C00292,2025-11-20,Completed,5
O005175,C00477,2025-04-07,Completed,30
O005176,C00695,2026-08-04,Completed,0
O005177,C00101,2026-01-22,Completed,10
O005178,C01902,2025-08-04,Completed,5
O005179,C00790,2026-01-19,Completed,0
O005180,C00890,2025-11-15,Completed,5
O005181,C00887,2026-03-08,Completed,30
O005182,C00913,2026-04-22,Completed,0
O005183,C01343,2025-09-22,Completed,0
O005184,C00278,2026-06-07,Cancelled,30
O005185,C00532,2026-03-13,Completed,20
O005186,C01255,2026-08-04,Completed,10
O005187,C01615,2026-05-06,Completed,5
O005188,C00973,2026-07-21,Completed,5
O005189,C01605,2025-10-19,Completed,10
O005190,C00175,2025-06-18,Completed,30
O005191,C01038,2025-03-31,Completed,0
O005192,C00154,2026-06-18,Completed,0
O005193,C01098,2026-03-21,Completed,5
O005194,C01530,2025-11-17,Completed,5
O005195,C01919,2026-07-20,Completed,5
O005196,C00528,2025-05-07,Completed,10
O005197,C01107,2025-08-02,Completed,10
O005198,C01606,2026-05-07,Completed,0
O005199,C00533,2026-08-06,Completed,5
O005200,C00032,2025-03-26,Completed,5
O005201,C01203,2026-07-03,Completed,5
O005202,C01792,2025-09-06,Completed,0
O005203,C01259,2025-08-07,Completed,5
O005204,C00213,2026-07-03,Completed,0
O005205,C00435,2026-04-26,Completed,0
O005206,C00312,2026-03-23,Completed,15
O005207,C01041,2026-05-27,Completed,10
O005208,C00217,2026-07-24,Completed,10
O005209,C00400,2025-04-11,Completed,0
O005210,C00959,2025-09-02,Completed,5
O005211,C00867,2026-04-19,Completed,0
O005212,C00945,2026-04-11,Completed,0
O005213,C01103,2026-07-31,Completed,0
O005214,C01130,2025-05-08,Completed,10
O005215,C00148,2025-08-03,Completed,0
O005216,C00901,2026-06-04,Completed,15
O005217,C00973,2026-06-24,Completed,0
O005218,C00943,2026-01-27,Completed,0
O005219,C00201,2026-02-07,Completed,0
O005220,C00535,2026-05-31,Completed,10
O005221,C01307,2026-07-14,Completed,5
O005222,C00044,2026-03-29,Completed,0
O005223,C01706,2025-12-20,Completed,0
O005224,C00311,2026-03-28,Completed,10
O005225,C01830,2026-05-27,Completed,0
O005226,C00718,2025-12-20,Completed,5
O005227,C00093,2026-02-10,Completed,10
O005228,C01186,2026-05-16,Completed,20
O005229,C00254,2026-05-01,Completed,10
O005230,C00822,2025-09-08,Completed,10
O005231,C00871,2026-08-08,Cancelled,20
O005232,C01180,2026-02-11,Completed,15
O005233,C00724,2026-01-13,Completed,15
O005234,C00322,2025-11-25,Completed,0
O005235,C01003,2026-06-24,Completed,10
O005236,C01428,2026-08-06,Completed,0
O005237,C01330,2025-06-19,Completed,10
O005238,C00921,2026-04-01,Completed,5
O005239,C01213,2026-07-20,Completed,15
O005240,C00394,2026-03-01,Completed,10
O005241,C00021,2025-09-26,Completed,5
O005242,C00867,2025-05-28,Completed,10
O005243,C00280,2025-11-19,Completed,0
O005244,C01640,2025-05-25,Completed,5
O005245,C01448,2025-04-21,Completed,20
O005246,C00171,2026-07-26,Completed,30
O005247,C01801,2026-02-16,Completed,0
O005248,C00106,2025-10-18,Completed,0
O005249,C00921,2026-05-22,Completed,0
O005250,C01488,2026-08-15,Cancelled,15
O005251,C01453,2026-08-03,Completed,15
O005252,C00661,2025-12-16,Completed,0
O005253,C00231,2026-03-14,Cancelled,10
O005254,C00757,2025-12-27,Completed,5
O005255,C01367,2025-07-24,Completed,15
O005256,C00749,2026-05-07,Completed,0
O005257,C01802,2026-01-20,Completed,0
O005258,C01596,2025-09-10,Completed,15
O005259,C00948,2026-03-09,Completed,0
O005260,C01402,2026-08-04,Completed,0
O005261,C00431,2025-06-16,Completed,0
O005262,C01380,2026-05-17,Completed,0
O005263,C01686,2026-06-20,Completed,15
O005264,C00313,2026-08-16,Completed,0
O005265,C01691,2025-09-10,Completed,0
O005266,C00863,2025-05-06,Completed,0
O005267,C00014,2026-05-02,Completed,0
O005268,C01796,2025-09-07,Completed,15
O005269,C00680,2026-07-05,Completed,10
O005270,C01682,2026-06-05,Completed,5
O005271,C01117,2026-03-08,Completed,15
O005272,C01543,2026-06-18,Cancelled,20
O005273,C00319,2026-05-01,Completed,10
O005274,C01911,2026-04-02,Completed,0
O005275,C00885,2025-08-13,Completed,15
O005276,C00222,2026-08-07,Completed,0
O005277,C01722,2025-03-02,Completed,5
O005278,C00415,2026-04-18,Completed,0
O005279,C01172,2025-09-28,Completed,5
O005280,C00509,2026-04-13,Completed,0
O005281,C00493,2025-08-27,Completed,0
O005282,C01115,2026-05-01,Completed,5
O005283,C00024,2026-03-26,Completed,10
O005284,C01185,2026-02-14,Completed,20
O005285,C00145,2026-06-20,Completed,10
O005286,C01244,2025-11-14,Completed,0
O005287,C01343,2025-02-11,Completed,5
O005288,C01270,2025-10-01,Completed,5
O005289,C00848,2026-01-03,Completed,20
O005290,C01668,2025-10-31,Completed,5
O005291,C00101,2026-06-27,Completed,5
O005292,C01585,2026-05-01,Completed,0
O005293,C01455,2026-06-15,Completed,15
O005294,C00816,2026-02-06,Completed,5
O005295,C00669,2025-11-15,Completed,20
O005296,C01517,2026-06-21,Completed,0
O005297,C01942,2026-01-10,Completed,10
O005298,C01912,2026-03-12,Completed,5
O005299,C00889,2026-04-07,Completed,0
O005300,C00472,2026-07-08,Completed,0
O005301,C00900,2026-02-10,Completed,15
O005302,C01502,2026-07-14,Cancelled,0
O005303,C01031,2026-07-10,Completed,0
O005304,C00212,2025-08-08,Completed,20
O005305,C01642,2026-04-05,Completed,5
O005306,C00779,2026-05-01,Completed,10
O005307,C01807,2026-04-15,Completed,5
O005308,C01980,2026-06-25,Completed,15
O005309,C01066,2026-01-24,Completed,20
O005310,C00901,2026-05-23,Completed,10
O005311,C00340,2026-04-13,Completed,20
O005312,C00105,2025-11-27,Completed,0
O005313,C01565,2026-07-28,Completed,30
O005314,C01018,2026-02-11,Completed,5
O005315,C00860,2026-05-18,Completed,0
O005316,C00437,2026-07-08,Completed,30
O005317,C01071,2025-11-17,Completed,0
O005318,C01682,2026-05-11,Completed,15
O005319,C00200,2025-10-17,Completed,0
O005320,C00896,2025-12-12,Completed,5
O005321,C00553,2025-09-06,Completed,10
O005322,C00147,2026-04-17,Completed,0
O005323,C00409,2025-11-05,Completed,10
O005324,C00046,2026-03-14,Completed,0
O005325,C01448,2025-05-28,Completed,0
O005326,C01550,2026-03-29,Completed,0
O005327,C00273,2026-08-14,Completed,30
O005328,C00634,2025-10-06,Completed,0
O005329,C01744,2026-01-03,Completed,0
O005330,C00026,2026-07-02,Completed,10
O005331,C00018,2026-07-28,Completed,10
O005332,C01458,2025-06-11,Completed,0
O005333,C00867,2025-04-30,Completed,5
O005334,C01356,2026-02-26,Completed,5
O005335,C01372,2025-02-14,Completed,20
O005336,C01349,2025-12-10,Completed,20
O005337,C01874,2026-04-13,Completed,0
O005338,C01000,2026-05-04,Completed,0
O005339,C01949,2026-03-25,Completed,0
O005340,C00930,2025-11-21,Completed,5
O005341,C00810,2025-08-20,Completed,5
O005342,C00659,2026-05-07,Completed,10
O005343,C01839,2025-11-27,Completed,30
O005344,C00160,2025-10-15,Completed,10
O005345,C00964,2025-11-29,Completed,15
O005346,C00327,2025-11-14,Cancelled,10
O005347,C01936,2025-11-28,Completed,0
O005348,C00350,2025-09-30,Completed,10
O005349,C01690,2026-07-13,Completed,0
O005350,C01253,2026-05-07,Completed,0
O005351,C01779,2026-05-07,Completed,10
O005352,C01336,2025-12-10,Completed,0
O005353,C01314,2026-07-03,Completed,10
O005354,C01933,2026-04-26,Completed,20
O005355,C01446,2025-11-28,Completed,10
O005356,C01188,2025-03-07,Completed,0
O005357,C00269,2026-07-25,Completed,0
O005358,C01462,2025-07-17,Completed,0
O005359,C01137,2025-10-30,Completed,5
O005360,C00364,2025-05-02,Completed,0
O005361,C00699,2026-03-24,Completed,20
O005362,C01545,2026-08-04,Completed,15
O005363,C01269,2026-02-08,Completed,15
O005364,C01459,2026-08-08,Completed,5
O005365,C00435,2026-08-06,Completed,20
O005366,C01163,2025-02-22,Completed,0
O005367,C01261,2025-07-08,Completed,30
O005368,C01949,2025-06-14,Completed,0
O005369,C01328,2025-08-28,Completed,0
O005370,C01094,2026-01-30,Completed,30
O005371,C01131,2026-05-19,Cancelled,0
O005372,C00036,2026-01-15,Completed,10
O005373,C01043,2025-02-17,Completed,0
O005374,C01542,2026-06-09,Completed,0
O005375,C01633,2026-02-11,Completed,5
O005376,C01883,2026-07-30,Completed,10
O005377,C00468,2026-07-09,Completed,5
O005378,C01114,2025-08-11,Completed,0
O005379,C01174,2025-09-09,Cancelled,5
O005380,C01532,2025-07-07,Completed,20
O005381,C00050,2025-11-19,Completed,10
O005382,C00299,2026-05-15,Completed,15
O005383,C01826,2026-07-08,Completed,0
O005384,C00013,2026-01-08,Completed,20
O005385,C01156,2026-01-23,Completed,10
O005386,C00269,2026-05-13,Cancelled,10
O005387,C00526,2026-04-04,Completed,0
O005388,C01691,2025-12-05,Cancelled,20
O005389,C00643,2026-05-14,Completed,10
O005390,C00129,2026-06-11,Completed,5
O005391,C00455,2025-10-03,Completed,20
O005392,C00611,2026-04-20,Completed,0
O005393,C01704,2026-01-15,Completed,15
O005394,C01111,2026-03-07,Completed,10
O005395,C01265,2025-03-08,Completed,0
O005396,C01097,2026-06-10,Cancelled,15
O005397,C01624,2026-03-24,Completed,20
O005398,C01783,2026-05-05,Completed,0
O005399,C00809,2026-05-15,Completed,0
O005400,C00634,2025-10-12,Completed,0
O005401,C01694,2025-07-27,Completed,5
O005402,C01214,2026-07-24,Completed,5
O005403,C01304,2026-01-13,Completed,0
O005404,C01129,2026-06-13,Completed,0
O005405,C01230,2026-03-02,Completed,10
O005406,C00407,2026-06-26,Cancelled,20
O005407,C00965,2025-09-10,Completed,5
O005408,C00406,2026-05-31,Completed,0
O005409,C00179,2026-04-23,Completed,15
O005410,C01915,2026-03-11,Completed,20
O005411,C00337,2026-02-18,Completed,15
O005412,C01408,2026-08-20,Completed,10
O005413,C00333,2025-09-28,Cancelled,5
O005414,C00883,2026-06-01,Completed,15
O005415,C01615,2026-01-02,Completed,15
O005416,C00188,2026-03-10,Cancelled,0
O005417,C01029,2025-09-16,Completed,10
O005418,C00971,2025-09-18,Completed,5
O005419,C01477,2026-07-06,Completed,0
O005420,C00504,2026-04-01,Completed,0
O005421,C01553,2025-08-28,Completed,5
O005422,C00351,2026-04-09,Completed,10
O005423,C01834,2026-06-17,Completed,30
O005424,C00543,2025-12-20,Completed,30
O005425,C01062,2025-09-24,Completed,10
O005426,C00487,2025-06-09,Completed,15
O005427,C01263,2026-01-19,Cancelled,5
O005428,C00404,2026-01-24,Completed,10
O005429,C01596,2025-12-12,Completed,0
O005430,C01246,2025-10-26,Cancelled,10
O005431,C01932,2025-12-15,Completed,10
O005432,C01562,2026-03-28,Completed,0
O005433,C01054,2026-02-10,Completed,30
O005434,C00747,2026-03-05,Completed,20
O005435,C01007,2026-01-30,Completed,5
O005436,C00444,2026-08-06,Completed,0
O005437,C01461,2025-10-16,Completed,5
O005438,C00579,2026-05-04,Completed,0
O005439,C00168,2026-08-17,Cancelled,0
O005440,C01753,2026-08-01,Completed,5
O005441,C01037,2026-01-10,Completed,5
O005442,C00993,2026-06-20,Completed,0
O005443,C00544,2025-10-17,Completed,0
O005444,C01998,2026-03-22,Completed,0
O005445,C01898,2026-01-05,Completed,0
O005446,C01987,2026-02-20,Completed,20
O005447,C00436,2026-08-13,Completed,30
O005448,C01885,2025-05-15,Completed,0
O005449,C01487,2025-08-01,Completed,0
O005450,C01256,2026-08-12,Completed,0
O005451,C01443,2025-05-04,Completed,0
O005452,C01142,2026-07-25,Completed,5
O005453,C00419,2026-01-29,Completed,10
O005454,C00323,2025-11-30,Completed,0
O005455,C00128,2026-04-07,Completed,30
O005456,C00214,2025-09-15,Completed,0
O005457,C00421,2026-01-20,Completed,20
O005458,C00143,2025-07-17,Completed,15
O005459,C00119,2025-10-04,Completed,10
O005460,C00830,2026-03-14,Completed,15
O005461,C00272,2026-06-23,Completed,5
O005462,C00627,2026-01-31,Completed,15
O005463,C01077,2026-06-24,Completed,15
O005464,C00548,2026-06-29,Cancelled,15
O005465,C00304,2025-11-11,Completed,10
O005466,C01766,2026-03-13,Completed,5
O005467,C01249,2025-11-13,Completed,30
O005468,C00934,2026-01-17,Completed,5
O005469,C01143,2025-12-09,Cancelled,30
O005470,C00637,2026-02-22,Completed,0
O005471,C00781,2026-07-19,Completed,0
O005472,C01453,2026-05-04,Completed,15
O005473,C01956,2025-10-11,Completed,15
O005474,C01971,2026-04-12,Completed,0
O005475,C01153,2026-07-19,Completed,0
O005476,C00237,2025-07-19,Completed,0
O005477,C01509,2026-08-15,Cancelled,0
O005478,C00223,2025-04-29,Completed,0
O005479,C01423,2026-03-30,Completed,5
O005480,C01372,2026-07-07,Completed,5
O005481,C01739,2026-06-10,Completed,0
O005482,C00717,2026-07-16,Completed,0
O005483,C00665,2026-07-09,Completed,10
O005484,C01769,2026-03-18,Completed,5
O005485,C00727,2026-01-29,Completed,0
O005486,C01070,2026-07-31,Completed,15
O005487,C00445,2026-04-25,Completed,15
O005488,C00473,2026-06-29,Completed,5
O005489,C00263,2026-08-03,Completed,0
O005490,C00867,2025-10-17,Completed,0
O005491,C01814,2026-02-11,Completed,20
O005492,C00127,2025-07-21,Completed,0
O005493,C00008,2026-05-09,Completed,5
O005494,C00386,2026-03-18,Completed,20
O005495,C00358,2026-05-03,Completed,5
O005496,C01794,2026-02-05,Completed,0
O005497,C00288,2026-01-21,Completed,0
O005498,C00030,2026-07-11,Completed,0
O005499,C01638,2025-06-15,Completed,5
O005500,C01275,2026-01-26,Completed,0
O005501,C00837,2026-02-01,Completed,5
O005502,C00019,2026-07-21,Completed,15
O005503,C01011,2025-08-05,Completed,0
O005504,C00163,2025-10-04,Completed,5
O005505,C01768,2026-05-04,Cancelled,5
O005506,C00669,2026-01-17,Cancelled,15
O005507,C01792,2026-07-11,Completed,0
O005508,C01604,2026-08-03,Completed,0
O005509,C01493,2026-06-14,Completed,5
O005510,C00902,2026-02-22,Completed,10
O005511,C00686,2026-05-18,Completed,10
O005512,C01100,2025-07-27,Completed,0
O005513,C01556,2026-05-25,Completed,15
O005514,C00255,2026-01-19,Completed,0
O005515,C01059,2026-03-28,Completed,15
O005516,C01092,2025-09-08,Completed,30
O005517,C00687,2026-03-12,Completed,5
O005518,C01708,2026-04-13,Completed,10
O005519,C00019,2025-09-19,Completed,0
O005520,C01646,2025-09-03,Completed,15
O005521,C00308,2025-07-13,Completed,0
O005522,C01921,2025-09-28,Completed,15
O005523,C00082,2025-09-16,Completed,5
O005524,C00753,2026-08-05,Completed,0
O005525,C01747,2025-08-28,Completed,10
O005526,C00498,2026-03-24,Completed,0
O005527,C01224,2025-12-27,Completed,5
O005528,C00355,2026-05-13,Completed,5
O005529,C01480,2026-06-19,Completed,0
O005530,C01258,2025-12-09,Completed,5
O005531,C00500,2026-03-27,Completed,0
O005532,C00189,2025-11-27,Completed,0
O005533,C01369,2026-02-21,Completed,5
O005534,C01233,2025-12-23,Completed,10
O005535,C00942,2026-02-26,Completed,5
O005536,C00346,2026-04-16,Cancelled,10
O005537,C00343,2026-04-18,Completed,0
O005538,C01448,2026-03-27,Cancelled,0
O005539,C01240,2026-03-05,Completed,10
O005540,C01486,2025-05-18,Completed,5
O005541,C01004,2025-12-11,Completed,0
O005542,C01775,2026-03-11,Completed,0
O005543,C00758,2026-07-20,Completed,0
O005544,C01576,2026-07-16,Completed,5
O005545,C00922,2026-05-28,Completed,0
O005546,C00059,2026-05-12,Completed,0
O005547,C01969,2025-08-18,Completed,15
O005548,C00549,2025-03-13,Completed,10
O005549,C00678,2026-05-22,Completed,0
O005550,C00225,2025-10-30,Completed,10
O005551,C00643,2026-06-20,Completed,10
O005552,C00311,2025-12-17,Completed,0
O005553,C01499,2026-02-18,Completed,30
O005554,C00998,2026-01-10,Completed,5
O005555,C01815,2026-08-02,Completed,10
O005556,C01654,2026-04-27,Completed,10
O005557,C01783,2026-08-19,Completed,5
O005558,C01885,2025-06-11,Completed,5
O005559,C01098,2026-03-06,Completed,0
O005560,C01734,2026-05-24,Completed,0
O005561,C01844,2025-12-23,Completed,5
O005562,C01520,2026-06-14,Completed,0
O005563,C01803,2026-05-27,Completed,20
O005564,C00357,2025-06-25,Completed,20
O005565,C01678,2025-10-03,Completed,0
O005566,C01126,2026-07-17,Completed,20
O005567,C01024,2026-06-16,Completed,10
O005568,C01084,2026-03-10,Completed,10
O005569,C01799,2026-08-17,Completed,0
O005570,C01839,2025-11-14,Completed,10
O005571,C00350,2025-08-19,Completed,0
O005572,C00259,2026-08-06,Completed,0
O005573,C00920,2026-03-02,Completed,0
O005574,C01585,2026-06-17,Completed,0
O005575,C01926,2025-10-23,Completed,30
O005576,C00036,2026-01-06,Cancelled,30
O005577,C01665,2026-07-23,Completed,0
O005578,C01690,2025-11-11,Cancelled,0
O005579,C01475,2025-06-07,Completed,0
O005580,C00962,2026-02-08,Cancelled,0
O005581,C01138,2026-08-14,Completed,0
O005582,C01227,2025-08-13,Completed,30
O005583,C00816,2026-01-04,Completed,0
O005584,C01525,2026-07-14,Cancelled,0
O005585,C00373,2026-07-27,Completed,0
O005586,C00011,2025-07-08,Completed,15
O005587,C01159,2026-08-05,Completed,15
O005588,C00586,2026-06-26,Completed,0
O005589,C00209,2026-01-11,Cancelled,5
O005590,C01882,2025-09-15,Completed,15
O005591,C00195,2025-07-27,Completed,20
O005592,C01256,2026-07-09,Completed,10
O005593,C00297,2026-08-06,Completed,30
O005594,C01229,2026-07-04,Completed,0
O005595,C02000,2025-04-28,Completed,0
O005596,C00590,2026-04-07,Completed,0
O005597,C00448,2026-08-04,Completed,10
O005598,C00457,2025-03-22,Completed,5
O005599,C00705,2026-03-16,Completed,10
O005600,C01804,2026-05-15,Completed,10
O005601,C01545,2025-08-07,Cancelled,5
O005602,C01302,2025-11-30,Completed,0
O005603,C00580,2025-06-06,Completed,20
O005604,C01437,2025-05-06,Completed,10
O005605,C00091,2026-07-09,Completed,5
O005606,C00805,2026-07-11,Completed,20
O005607,C01134,2026-08-04,Completed,0
O005608,C00023,2026-04-21,Completed,10
O005609,C01977,2026-05-05,Completed,10
O005610,C00198,2026-08-13,Completed,5
O005611,C00523,2025-10-01,Completed,5
O005612,C00314,2025-03-26,Completed,0
O005613,C01079,2026-06-30,Completed,0
O005614,C00629,2025-04-19,Completed,15
O005615,C01947,2026-06-28,Completed,0
O005616,C01034,2025-05-06,Cancelled,30
O005617,C00297,2026-07-08,Completed,0
O005618,C00382,2026-08-18,Completed,20
O005619,C01160,2026-02-27,Completed,10
O005620,C00121,2025-09-05,Completed,5
O005621,C01947,2026-04-07,Completed,0
O005622,C00487,2025-11-07,Completed,0
O005623,C01143,2026-03-25,Completed,0
O005624,C00761,2026-07-17,Completed,30
O005625,C00357,2025-05-05,Completed,10
O005626,C01992,2026-03-01,Cancelled,0
O005627,C00882,2026-08-11,Completed,10
O005628,C00920,2026-03-20,Completed,15
O005629,C01116,2026-06-12,Completed,20
O005630,C00656,2026-04-28,Completed,30
O005631,C01592,2025-09-17,Completed,10
O005632,C01514,2025-10-22,Completed,5
O005633,C00031,2025-08-21,Completed,5
O005634,C01916,2026-07-23,Completed,15
O005635,C01015,2026-06-11,Completed,20
O005636,C00793,2026-06-04,Completed,5
O005637,C01306,2026-04-23,Completed,0
O005638,C00500,2025-07-22,Completed,15
O005639,C01517,2026-06-06,Cancelled,0
O005640,C01759,2026-08-04,Completed,5
O005641,C01230,2026-08-10,Completed,0
O005642,C01467,2026-08-03,Completed,0
O005643,C01594,2026-04-09,Completed,0
O005644,C01699,2025-12-31,Completed,20
O005645,C01442,2026-02-21,Completed,0
O005646,C01853,2025-09-08,Completed,20
O005647,C01537,2026-03-21,Completed,0
O005648,C01057,2025-04-16,Completed,20
O005649,C00030,2026-03-02,Completed,10
O005650,C00760,2026-04-24,Completed,10
O005651,C00615,2026-02-14,Completed,0
O005652,C01696,2026-07-02,Completed,5
O005653,C01619,2025-11-19,Completed,5
O005654,C01728,2026-03-01,Completed,10
O005655,C01066,2026-02-03,Completed,0
O005656,C00928,2025-10-03,Completed,5
O005657,C00850,2026-05-17,Completed,5
O005658,C01552,2025-10-22,Completed,0
O005659,C00415,2026-07-16,Completed,0
O005660,C01062,2026-02-08,Completed,0
O005661,C01642,2026-02-04,Completed,0
O005662,C01540,2026-01-31,Completed,5
O005663,C01466,2026-08-05,Completed,5
O005664,C01556,2026-04-13,Completed,0
O005665,C00906,2026-07-11,Completed,0
O005666,C00172,2026-06-05,Completed,5
O005667,C00682,2026-02-28,Completed,15
O005668,C01754,2026-01-20,Completed,10
O005669,C01580,2026-08-06,Completed,20
O005670,C00355,2025-08-31,Completed,20
O005671,C00136,2026-08-14,Completed,0
O005672,C01691,2026-05-17,Completed,20
O005673,C00342,2026-02-28,Completed,20
O005674,C00399,2026-06-04,Completed,10
O005675,C01211,2025-08-09,Completed,0
O005676,C00787,2026-07-15,Cancelled,0
O005677,C00048,2026-08-17,Completed,10
O005678,C01645,2026-02-10,Completed,10
O005679,C00938,2026-08-15,Completed,10
O005680,C01933,2026-01-08,Completed,10
O005681,C00729,2026-08-18,Completed,15
O005682,C00434,2026-06-17,Completed,10
O005683,C00856,2026-06-24,Completed,10
O005684,C00036,2026-04-07,Completed,10
O005685,C01161,2026-04-08,Completed,5
O005686,C01097,2026-06-17,Completed,15
O005687,C00338,2026-05-12,Completed,0
O005688,C01945,2026-08-01,Completed,20
O005689,C01533,2026-05-28,Completed,0
O005690,C00257,2026-07-05,Completed,0
O005691,C01356,2025-03-11,Completed,0
O005692,C00487,2025-07-26,Cancelled,15
O005693,C00591,2025-06-09,Completed,30
O005694,C01625,2025-10-13,Completed,15
O005695,C00259,2026-03-12,Completed,5
O005696,C00075,2025-11-18,Completed,5
O005697,C01335,2025-06-16,Completed,20
O005698,C01892,2025-04-08,Completed,15
O005699,C01822,2026-07-14,Completed,0
O005700,C01147,2026-03-15,Completed,0
O005701,C01457,2025-11-24,Completed,5
O005702,C01715,2025-07-16,Completed,10
O005703,C00565,2025-12-01,Completed,15
O005704,C01894,2026-07-05,Completed,10
O005705,C00990,2025-12-23,Completed,0
O005706,C01385,2025-06-27,Completed,0
O005707,C01428,2026-02-25,Completed,0
O005708,C01517,2026-02-25,Completed,0
O005709,C00688,2026-01-06,Completed,20
O005710,C01430,2026-08-08,Cancelled,10
O005711,C01610,2025-05-03,Completed,10
O005712,C01704,2026-03-15,Completed,0
O005713,C01746,2026-05-26,Completed,5
O005714,C01533,2025-12-30,Completed,0
O005715,C01056,2025-11-02,Completed,5
O005716,C00911,2026-02-05,Cancelled,30
O005717,C01615,2026-03-27,Completed,20
O005718,C00460,2025-12-05,Completed,30
O005719,C01480,2026-07-20,Completed,10
O005720,C00982,2026-06-01,Completed,10
O005721,C00707,2026-01-10,Completed,0
O005722,C00395,2026-02-22,Completed,0
O005723,C00676,2026-02-14,Completed,10
O005724,C01100,2025-05-01,Completed,0
O005725,C01436,2026-01-26,Completed,0
O005726,C00482,2026-07-22,Cancelled,15
O005727,C00892,2026-08-15,Completed,5
O005728,C01246,2026-08-16,Completed,20
O005729,C01083,2026-07-30,Completed,10
O005730,C00563,2025-10-06,Completed,5
O005731,C00618,2025-12-20,Completed,0
O005732,C00335,2025-07-28,Completed,0
O005733,C01744,2025-12-22,Completed,10
O005734,C01313,2026-02-08,Completed,5
O005735,C00207,2025-08-11,Completed,30
O005736,C01256,2026-01-22,Completed,0
O005737,C00335,2025-08-05,Completed,5
O005738,C00913,2026-05-09,Completed,20
O005739,C00886,2026-04-07,Completed,10
O005740,C00396,2026-05-05,Completed,10
O005741,C01919,2026-06-04,Cancelled,5
O005742,C01599,2026-08-14,Completed,0
O005743,C01651,2026-06-16,Completed,5
O005744,C01810,2025-10-02,Completed,20
O005745,C01594,2025-07-08,Cancelled,5
O005746,C01243,2025-04-30,Completed,0
O005747,C01449,2026-03-06,Completed,5
O005748,C00922,2026-01-17,Completed,10
O005749,C01175,2025-09-04,Completed,10
O005750,C00896,2026-01-19,Completed,15
O005751,C01012,2025-07-31,Completed,0
O005752,C01763,2026-06-07,Completed,5
O005753,C00081,2026-04-23,Completed,20
O005754,C00765,2026-06-08,Completed,5
O005755,C00622,2025-09-24,Completed,10
O005756,C00946,2025-12-01,Completed,10
O005757,C00155,2026-06-03,Completed,20
O005758,C00618,2026-07-05,Completed,0
O005759,C01401,2025-06-19,Completed,20
O005760,C00531,2025-09-04,Completed,5
O005761,C01565,2026-03-28,Completed,0
O005762,C01947,2026-07-17,Completed,5
O005763,C01526,2025-04-12,Completed,5
O005764,C01694,2026-02-25,Completed,15
O005765,C00491,2026-05-01,Completed,0
O005766,C00210,2025-12-23,Completed,5
O005767,C01702,2026-03-25,Completed,0
O005768,C01328,2025-07-21,Completed,0
O005769,C00342,2026-05-31,Completed,10
O005770,C01801,2025-09-10,Completed,5
O005771,C01142,2026-07-02,Completed,10
O005772,C01550,2026-06-28,Completed,15
O005773,C01445,2026-06-28,Completed,15
O005774,C00374,2025-12-08,Completed,10
O005775,C00423,2025-08-26,Completed,0
O005776,C01290,2026-07-20,Completed,5
O005777,C01479,2026-01-18,Completed,15
O005778,C01352,2026-06-06,Completed,15
O005779,C01062,2025-11-22,Completed,15
O005780,C01864,2026-01-02,Completed,20
O005781,C00781,2026-05-29,Completed,0
O005782,C01375,2025-10-31,Completed,0
O005783,C01305,2026-06-15,Completed,15
O005784,C01958,2026-05-18,Completed,30
O005785,C00406,2026-03-13,Completed,10
O005786,C01809,2025-07-22,Completed,10
O005787,C01606,2026-06-23,Completed,10
O005788,C01297,2026-03-31,Completed,0
O005789,C01729,2026-04-28,Completed,5
O005790,C01876,2026-06-08,Completed,0
O005791,C00291,2026-05-30,Completed,20
O005792,C01962,2025-09-20,Cancelled,20
O005793,C00335,2025-08-17,Completed,5
O005794,C01490,2026-07-10,Completed,0
O005795,C01462,2026-03-20,Completed,5
O005796,C01605,2026-07-04,Completed,10
O005797,C01546,2026-06-28,Completed,0
O005798,C01431,2025-12-17,Completed,10
O005799,C00165,2026-04-16,Cancelled,10
O005800,C00231,2025-08-25,Cancelled,10
O005801,C01705,2025-07-28,Completed,0
O005802,C00727,2026-01-25,Completed,0
O005803,C00560,2025-10-20,Completed,15
O005804,C00790,2026-05-27,Completed,0
O005805,C00821,2025-06-21,Completed,30
O005806,C01480,2026-02-18,Completed,5
O005807,C01175,2026-05-10,Completed,10
O005808,C01752,2026-01-07,Completed,15
O005809,C00961,2025-11-01,Completed,0
O005810,C00990,2025-11-30,Completed,15
O005811,C00020,2026-04-27,Completed,0
O005812,C00554,2026-05-19,Completed,5
O005813,C01901,2026-03-05,Completed,0
O005814,C00006,2025-11-07,Completed,0
O005815,C01113,2026-06-03,Completed,10
O005816,C01703,2025-12-13,Completed,5
O005817,C00745,2026-02-25,Completed,0
O005818,C01295,2026-04-12,Completed,5
O005819,C00625,2026-03-12,Completed,10
O005820,C00454,2026-08-18,Completed,5
O005821,C01361,2026-06-17,Completed,0
O005822,C00004,2026-04-09,Completed,5
O005823,C01664,2026-02-17,Completed,5
O005824,C00094,2025-09-18,Completed,0
O005825,C00498,2026-01-30,Completed,0
O005826,C00936,2026-01-31,Completed,20
O005827,C00511,2026-05-06,Completed,20
O005828,C00073,2026-07-01,Completed,5
O005829,C00325,2026-05-19,Completed,0
O005830,C00031,2026-04-30,Completed,20
O005831,C01664,2025-06-27,Completed,30
O005832,C01642,2025-11-29,Completed,5
O005833,C00681,2025-02-27,Completed,5
O005834,C00211,2026-05-19,Completed,0
O005835,C00838,2025-11-21,Completed,0
O005836,C01368,2026-06-23,Completed,15
O005837,C00523,2025-09-09,Completed,0
O005838,C01155,2026-04-05,Completed,0
O005839,C00024,2026-01-05,Completed,0
O005840,C01209,2025-07-23,Completed,20
O005841,C00721,2026-07-13,Completed,5
O005842,C01804,2026-03-28,Completed,10
O005843,C00984,2025-10-20,Completed,0
O005844,C00379,2026-01-23,Completed,10
O005845,C00934,2025-12-26,Completed,0
O005846,C01738,2026-01-20,Cancelled,15
O005847,C00601,2026-05-26,Completed,5
O005848,C01127,2025-08-23,Completed,0
O005849,C01717,2026-06-19,Completed,10
O005850,C00538,2026-06-22,Completed,20
O005851,C00295,2026-07-02,Completed,0
O005852,C00746,2025-05-07,Completed,5
O005853,C01080,2026-01-17,Completed,10
O005854,C00793,2026-06-10,Completed,0
O005855,C00345,2026-01-10,Completed,5
O005856,C00922,2025-12-15,Completed,20
O005857,C01383,2026-05-09,Completed,0
O005858,C00746,2025-05-03,Completed,30
O005859,C01119,2026-05-28,Completed,0
O005860,C01148,2026-06-11,Completed,5
O005861,C00860,2025-10-10,Completed,0
O005862,C01142,2026-02-28,Cancelled,10
O005863,C01077,2026-02-23,Completed,10
O005864,C00176,2025-12-29,Completed,5
O005865,C01381,2025-12-27,Completed,10
O005866,C01303,2026-06-16,Completed,5
O005867,C01066,2026-05-16,Completed,0
O005868,C00168,2025-12-22,Completed,20
O005869,C01623,2026-03-31,Completed,0
O005870,C00028,2026-05-19,Completed,10
O005871,C00262,2025-12-23,Completed,5
O005872,C00197,2026-07-18,Completed,0
O005873,C01663,2026-04-17,Completed,5
O005874,C01489,2025-11-16,Completed,10
O005875,C01400,2026-02-14,Completed,0
O005876,C01144,2026-06-23,Completed,30
O005877,C01664,2026-07-07,Cancelled,10
O005878,C00919,2026-08-13,Completed,10
O005879,C01729,2025-06-12,Completed,0
O005880,C01226,2026-07-08,Completed,0
O005881,C00716,2026-06-18,Completed,0
O005882,C01933,2025-12-23,Completed,5
O005883,C01576,2026-05-08,Completed,15
O005884,C00011,2025-10-28,Completed,20
O005885,C00123,2026-04-10,Completed,0
O005886,C00213,2026-03-30,Completed,0
O005887,C00707,2025-08-17,Completed,0
O005888,C00619,2026-02-18,Completed,0
O005889,C00782,2026-08-07,Completed,5
O005890,C00841,2025-12-30,Completed,5
O005891,C01464,2026-02-19,Completed,0
O005892,C00316,2026-03-25,Completed,20
O005893,C01209,2026-07-13,Completed,0
O005894,C01108,2025-05-12,Completed,30
O005895,C01836,2026-06-02,Completed,15
O005896,C01194,2026-06-19,Cancelled,5
O005897,C01385,2025-12-25,Completed,0
O005898,C00078,2026-06-02,Completed,0
O005899,C00038,2026-07-17,Completed,15
O005900,C00323,2026-04-23,Completed,0
O005901,C00087,2025-04-06,Cancelled,10
O005902,C01906,2026-03-08,Completed,10
O005903,C00025,2026-01-20,Completed,15
O005904,C01534,2026-08-18,Cancelled,0
O005905,C00660,2026-04-17,Completed,5
O005906,C00055,2026-04-24,Completed,0
O005907,C01463,2025-12-20,Cancelled,15
O005908,C01868,2026-02-15,Completed,15
O005909,C00118,2026-02-04,Completed,5
O005910,C00634,2026-05-05,Completed,5
O005911,C00805,2025-06-29,Completed,0
O005912,C00297,2026-01-19,Completed,0
O005913,C01959,2026-08-01,Completed,0
O005914,C00025,2026-03-31,Completed,20
O005915,C01372,2025-02-09,Completed,20
O005916,C00114,2026-03-19,Completed,0
O005917,C00983,2026-03-21,Completed,10
O005918,C01595,2026-01-08,Completed,20
O005919,C00847,2025-07-10,Completed,0
O005920,C01448,2026-01-21,Completed,20
O005921,C01177,2026-07-19,Cancelled,0
O005922,C01967,2026-01-27,Completed,0
O005923,C00896,2026-03-06,Completed,0
O005924,C00668,2026-06-13,Completed,0
O005925,C01594,2025-12-29,Completed,5
O005926,C00481,2025-10-18,Cancelled,0
O005927,C01601,2025-11-13,Completed,15
O005928,C00593,2026-02-14,Completed,0
O005929,C00197,2025-05-02,Completed,0
O005930,C01114,2026-02-27,Cancelled,20
O005931,C01439,2026-04-13,Completed,5
O005932,C00658,2025-12-12,Completed,5
O005933,C00980,2025-10-10,Completed,5
O005934,C00246,2026-05-19,Completed,10
O005935,C00849,2025-05-22,Cancelled,20
O005936,C01631,2026-05-31,Completed,0
O005937,C00288,2025-12-06,Completed,0
O005938,C00987,2026-05-05,Completed,5
O005939,C00389,2026-03-23,Completed,0
O005940,C01289,2026-05-13,Completed,30
O005941,C00403,2026-07-23,Completed,5
O005942,C00304,2026-01-24,Completed,10
O005943,C01070,2026-06-17,Completed,20
O005944,C00818,2025-11-01,Completed,0
O005945,C01527,2025-10-28,Completed,15
O005946,C00458,2026-01-11,Completed,5
O005947,C00916,2025-12-31,Completed,0
O005948,C00600,2026-03-16,Completed,5
O005949,C00931,2026-01-20,Completed,5
O005950,C01098,2025-10-23,Completed,0
O005951,C00978,2026-04-20,Completed,30
O005952,C00038,2026-02-20,Completed,0
O005953,C01266,2026-02-16,Completed,5
O005954,C00996,2026-07-09,Cancelled,15
O005955,C01215,2026-04-25,Completed,10
O005956,C01891,2025-04-21,Completed,10
O005957,C01896,2026-01-17,Completed,10
O005958,C00100,2026-04-11,Completed,5
O005959,C01531,2026-08-02,Completed,0
O005960,C01423,2026-04-27,Completed,30
O005961,C00957,2026-08-02,Completed,0
O005962,C00816,2025-09-16,Completed,10
O005963,C01794,2026-06-09,Completed,0
O005964,C00608,2026-08-19,Completed,10
O005965,C01688,2025-08-18,Completed,0
O005966,C00876,2025-07-22,Completed,0
O005967,C01786,2026-06-01,Completed,30
O005968,C00640,2025-06-29,Completed,20
O005969,C00328,2025-12-19,Completed,10
O005970,C01864,2026-01-28,Completed,5
O005971,C00497,2026-06-14,Completed,15
O005972,C00925,2025-09-16,Completed,20
O005973,C01400,2026-03-12,Completed,20
O005974,C01187,2026-07-04,Completed,5
O005975,C01327,2026-01-30,Completed,0
O005976,C01270,2026-03-22,Completed,20
O005977,C01463,2025-10-18,Completed,0
O005978,C00056,2026-01-28,Completed,0
O005979,C01087,2026-03-10,Cancelled,0
O005980,C01576,2025-11-06,Completed,5
O005981,C00612,2026-08-10,Completed,5
O005982,C00627,2026-06-13,Completed,10
O005983,C01735,2026-07-29,Completed,15
O005984,C00627,2026-06-07,Completed,0
O005985,C00216,2026-06-15,Completed,0
O005986,C00225,2026-02-22,Completed,20
O005987,C01038,2026-03-04,Completed,5
O005988,C00166,2025-11-09,Completed,0
O005989,C01328,2026-05-20,Completed,10
O005990,C00216,2026-02-18,Completed,15
O005991,C01067,2026-03-31,Completed,0
O005992,C00230,2025-12-19,Completed,15
O005993,C01620,2026-07-24,Cancelled,0
O005994,C00708,2026-04-23,Completed,20
O005995,C00397,2026-02-18,Completed,0
O005996,C00662,2025-06-22,Completed,0
O005997,C01309,2026-06-09,Completed,5
O005998,C01492,2026-04-20,Completed,0
O005999,C01502,2026-03-21,Completed,0
O006000,C01915,2026-07-02,Completed,0
O006001,C01774,2026-07-03,Completed,5
O006002,C01873,2026-03-01,Completed,15
O006003,C00074,2026-08-08,Completed,5
O006004,C00235,2026-04-26,Completed,0
O006005,C00642,2026-01-11,Completed,5
O006006,C01044,2025-12-04,Completed,5
O006007,C00864,2025-10-13,Completed,20
O006008,C00899,2026-07-26,Completed,0
O006009,C01848,2026-07-08,Completed,10
O006010,C01605,2025-07-04,Completed,30
O006011,C00458,2026-05-05,Completed,5
O006012,C01937,2026-03-15,Completed,0
O006013,C01831,2026-07-01,Completed,0
O006014,C01278,2026-04-09,Completed,0
O006015,C00203,2026-04-06,Completed,0
O006016,C01872,2026-03-26,Completed,10
O006017,C00292,2026-03-18,Cancelled,10
O006018,C01963,2026-04-21,Completed,0
O006019,C01023,2026-04-15,Completed,20
O006020,C00523,2025-08-03,Completed,15
O006021,C00252,2025-08-16,Completed,5
O006022,C00500,2026-08-16,Completed,0
O006023,C00769,2026-06-07,Completed,15
O006024,C00322,2026-04-24,Completed,20
O006025,C01555,2026-06-26,Completed,15
O006026,C00159,2026-05-10,Completed,0
O006027,C00670,2025-06-19,Completed,0
O006028,C01756,2026-07-05,Completed,0
O006029,C01464,2026-08-11,Completed,15
O006030,C01643,2025-06-21,Completed,5
O006031,C00523,2026-04-30,Completed,5
O006032,C01524,2026-03-25,Completed,10
O006033,C01460,2025-04-11,Completed,0
O006034,C00621,2026-02-21,Completed,0
O006035,C00773,2026-03-17,Completed,0
O006036,C00283,2025-10-12,Completed,5
O006037,C00368,2025-11-30,Completed,0
O006038,C01729,2025-06-27,Completed,5
O006039,C00594,2025-10-13,Completed,5
O006040,C00737,2026-05-15,Completed,0
O006041,C00320,2025-05-31,Completed,20
O006042,C01723,2026-08-15,Completed,0
O006043,C01355,2025-08-16,Completed,0
O006044,C00938,2026-05-31,Completed,10
O006045,C00808,2025-05-23,Completed,5
O006046,C01664,2025-12-05,Completed,10
O006047,C00093,2026-01-06,Completed,0
O006048,C00602,2025-05-12,Completed,15
O006049,C01434,2025-07-13,Completed,0
O006050,C00650,2026-03-05,Completed,0
O006051,C01238,2025-05-25,Completed,0
O006052,C00868,2025-12-05,Completed,15
O006053,C00827,2026-05-29,Completed,0
O006054,C01351,2026-05-06,Completed,0
O006055,C01049,2026-02-08,Completed,15
O006056,C00561,2026-02-28,Completed,0
O006057,C00343,2026-06-06,Completed,0
O006058,C01521,2026-05-18,Completed,30
O006059,C01199,2026-05-24,Completed,15
O006060,C00440,2026-04-30,Completed,0
O006061,C01083,2026-03-07,Completed,5
O006062,C00953,2026-06-22,Completed,0
O006063,C01980,2025-12-22,Completed,0
O006064,C01941,2026-08-13,Completed,0
O006065,C00044,2026-01-16,Completed,20
O006066,C00601,2026-06-19,Cancelled,0
O006067,C01842,2026-04-10,Completed,15
O006068,C01548,2025-10-07,Completed,0
O006069,C01231,2026-07-22,Completed,0
O006070,C01531,2026-07-30,Completed,0
O006071,C01582,2026-07-12,Completed,15
O006072,C01606,2026-06-13,Completed,5
O006073,C01636,2026-05-16,Completed,15
O006074,C01377,2026-05-19,Completed,10
O006075,C01847,2025-04-11,Completed,5
O006076,C00052,2026-04-10,Completed,15
O006077,C01441,2026-07-21,Completed,0
O006078,C00872,2026-08-17,Completed,5
O006079,C00595,2026-04-22,Completed,20
O006080,C00599,2026-01-21,Completed,20
O006081,C01650,2026-06-30,Completed,15
O006082,C00467,2026-08-17,Completed,10
O006083,C01318,2026-06-11,Completed,10
O006084,C01544,2025-12-15,Completed,0
O006085,C01058,2025-05-05,Cancelled,5
O006086,C01110,2026-01-26,Completed,0
O006087,C01706,2026-02-01,Completed,5
O006088,C01586,2026-03-18,Completed,5
O006089,C00020,2026-08-18,Completed,0
O006090,C01723,2026-04-17,Completed,30
O006091,C00765,2025-11-15,Completed,15
O006092,C01242,2025-05-23,Cancelled,0
O006093,C01115,2026-04-15,Completed,5
O006094,C00829,2026-01-28,Cancelled,5
O006095,C01431,2025-04-09,Completed,5
O006096,C00411,2026-03-22,Cancelled,5
O006097,C00013,2026-06-15,Completed,10
O006098,C01803,2026-05-02,Completed,10
O006099,C00618,2026-01-16,Completed,20
O006100,C00795,2025-11-30,Completed,10
O006101,C00639,2026-03-24,Completed,15
O006102,C01819,2025-11-05,Completed,5
O006103,C00999,2026-05-27,Completed,0
O006104,C01904,2025-05-28,Completed,10
O006105,C01997,2026-04-09,Completed,0
O006106,C01797,2026-05-07,Completed,5
O006107,C00417,2026-03-21,Completed,5
O006108,C00280,2026-07-11,Completed,0
O006109,C00310,2026-01-06,Completed,15
O006110,C01459,2026-06-29,Completed,10
O006111,C00785,2026-04-02,Cancelled,15
O006112,C00556,2026-03-12,Completed,10
O006113,C00038,2026-02-21,Completed,15
O006114,C00410,2025-08-23,Completed,10
O006115,C01811,2026-03-08,Completed,15
O006116,C01695,2026-04-16,Completed,0
O006117,C00744,2026-06-30,Completed,20
O006118,C01170,2026-04-26,Completed,0
O006119,C01506,2025-04-19,Completed,10
O006120,C00337,2026-06-07,Completed,15
O006121,C01429,2026-08-10,Completed,5
O006122,C00185,2025-11-26,Cancelled,0
O006123,C01424,2026-08-17,Completed,15
O006124,C00874,2026-05-02,Completed,0
O006125,C00465,2025-11-27,Completed,20
O006126,C01349,2026-03-16,Completed,15
O006127,C00910,2025-08-31,Completed,0
O006128,C01310,2025-03-10,Completed,5
O006129,C01004,2026-06-13,Completed,5
O006130,C00734,2026-03-03,Completed,0
O006131,C00836,2026-08-15,Completed,10
O006132,C00073,2026-07-21,Completed,0
O006133,C00333,2026-02-12,Completed,10
O006134,C00876,2026-06-21,Completed,5
O006135,C01990,2025-12-18,Completed,10
O006136,C00662,2026-05-27,Cancelled,15
O006137,C01482,2025-12-22,Completed,20
O006138,C00283,2026-07-24,Completed,10
O006139,C01078,2026-06-29,Completed,5
O006140,C00849,2026-05-08,Completed,10
O006141,C01202,2025-07-17,Cancelled,5
O006142,C01631,2026-06-16,Completed,30
O006143,C00472,2026-08-02,Completed,15
O006144,C01575,2025-12-11,Completed,20
O006145,C01418,2026-04-03,Completed,5
O006146,C00528,2025-10-04,Completed,5
O006147,C01568,2026-03-23,Completed,5
O006148,C01213,2026-07-17,Completed,0
O006149,C01575,2026-01-16,Completed,0
O006150,C01220,2026-08-20,Completed,30
O006151,C00457,2025-12-11,Completed,30
O006152,C01707,2026-05-04,Completed,0
O006153,C01838,2026-02-19,Completed,5
O006154,C00659,2026-03-18,Completed,10
O006155,C00276,2026-05-07,Completed,15
O006156,C00246,2026-01-25,Completed,0
O006157,C00137,2025-09-23,Completed,5
O006158,C01511,2026-06-14,Completed,0
O006159,C01742,2026-01-13,Completed,0
O006160,C01253,2026-05-04,Completed,10
O006161,C01355,2026-06-14,Completed,10
O006162,C00711,2026-05-10,Completed,15
O006163,C00920,2026-03-04,Completed,15
O006164,C01406,2026-07-12,Completed,30
O006165,C00579,2026-04-29,Cancelled,5
O006166,C00052,2026-05-18,Completed,0
O006167,C00600,2026-07-01,Completed,15
O006168,C01129,2026-07-01,Completed,15
O006169,C01025,2026-08-13,Completed,15
O006170,C00508,2026-03-15,Completed,30
O006171,C00128,2026-03-17,Completed,0
O006172,C00499,2025-11-26,Completed,5
O006173,C01628,2026-05-29,Completed,15
O006174,C01072,2026-01-12,Completed,15
O006175,C00355,2026-08-11,Completed,5
O006176,C01940,2026-02-10,Completed,0
O006177,C00332,2026-06-15,Completed,0
O006178,C01233,2025-09-19,Completed,0
O006179,C01439,2026-05-01,Completed,0
O006180,C01037,2026-02-17,Completed,20
O006181,C01716,2026-03-28,Cancelled,5
O006182,C00418,2026-04-20,Completed,15
O006183,C01040,2026-02-20,Completed,30
O006184,C01076,2025-10-05,Completed,15
O006185,C00740,2026-01-10,Completed,10
O006186,C00273,2026-04-15,Completed,15
O006187,C01545,2026-06-17,Completed,10
O006188,C01987,2026-05-17,Cancelled,15
O006189,C01890,2026-08-18,Completed,10
O006190,C01549,2026-06-29,Completed,0
O006191,C01485,2026-02-28,Completed,5
O006192,C01904,2025-08-03,Completed,10
O006193,C01552,2026-01-06,Completed,0
O006194,C01546,2026-04-14,Completed,0
O006195,C00417,2026-05-19,Completed,15
O006196,C00053,2025-04-01,Completed,5
O006197,C00650,2026-06-27,Completed,0
O006198,C00318,2026-04-02,Completed,5
O006199,C00394,2026-07-25,Completed,0
O006200,C01363,2026-05-09,Completed,15
O006201,C00744,2026-04-30,Completed,0
O006202,C01832,2025-12-07,Completed,0
O006203,C01860,2026-04-03,Completed,5
O006204,C01120,2026-04-11,Completed,5
O006205,C00025,2026-06-21,Completed,0
O006206,C00208,2025-12-27,Completed,0
O006207,C01544,2026-01-27,Cancelled,0
O006208,C00318,2026-02-17,Completed,0
O006209,C00462,2026-03-11,Completed,0
O006210,C00136,2026-08-19,Completed,0
O006211,C00964,2025-08-27,Cancelled,10
O006212,C01838,2026-04-21,Cancelled,5
O006213,C01755,2026-07-28,Completed,15
O006214,C00083,2025-10-07,Completed,20
O006215,C00480,2026-07-08,Completed,5
O006216,C00304,2025-07-20,Cancelled,0
O006217,C00671,2026-01-15,Completed,0
O006218,C01304,2026-07-05,Completed,10
O006219,C00784,2026-05-29,Completed,0
O006220,C00968,2026-05-14,Completed,0
O006221,C01710,2026-02-04,Completed,10
O006222,C00664,2026-05-07,Completed,10
O006223,C00198,2026-08-15,Cancelled,0
O006224,C01349,2025-12-02,Completed,10
O006225,C00139,2026-05-26,Completed,0
O006226,C01212,2026-04-02,Completed,0
O006227,C00400,2026-04-07,Completed,5
O006228,C00749,2026-07-20,Completed,0
O006229,C00721,2026-05-01,Completed,0
O006230,C01551,2026-04-27,Completed,0
O006231,C01480,2026-03-29,Completed,0
O006232,C01783,2026-06-01,Completed,10
O006233,C00605,2026-07-02,Completed,15
O006234,C01995,2026-04-08,Completed,15
O006235,C01638,2025-09-02,Completed,0
O006236,C00583,2026-03-04,Cancelled,5
O006237,C00284,2026-05-28,Completed,0
O006238,C01423,2026-06-28,Completed,15
O006239,C00189,2025-12-31,Completed,5
O006240,C01642,2026-07-11,Completed,10
O006241,C01107,2025-10-06,Completed,0
O006242,C00133,2025-12-12,Completed,5
O006243,C01398,2025-08-31,Completed,0
O006244,C00806,2026-07-10,Completed,15
O006245,C01151,2026-05-20,Completed,0
O006246,C01524,2026-07-28,Completed,5
O006247,C01725,2025-05-06,Completed,20
O006248,C00140,2026-07-05,Completed,15
O006249,C00395,2026-03-11,Completed,15
O006250,C00573,2026-07-27,Completed,5
O006251,C00186,2026-06-20,Completed,0
O006252,C00371,2026-08-11,Completed,15
O006253,C00608,2026-02-28,Completed,0
O006254,C01507,2025-10-28,Completed,0
O006255,C00495,2025-08-18,Completed,0
O006256,C01404,2026-08-10,Completed,0
O006257,C01656,2025-10-03,Completed,5
O006258,C00636,2026-07-23,Completed,5
O006259,C00855,2026-03-24,Completed,0
O006260,C00008,2026-07-22,Completed,10
O006261,C00238,2026-07-22,Completed,10
O006262,C01906,2026-05-11,Completed,30
O006263,C00614,2026-04-29,Completed,20
O006264,C00280,2026-06-09,Completed,20
O006265,C00520,2026-05-31,Completed,5
O006266,C01113,2026-06-04,Completed,0
O006267,C00793,2025-08-09,Cancelled,10
O006268,C00946,2025-10-31,Completed,0
O006269,C01367,2025-11-01,Completed,10
O006270,C01979,2026-08-02,Completed,5
O006271,C01284,2026-01-29,Completed,0
O006272,C00882,2025-07-17,Completed,0
O006273,C01287,2025-09-05,Completed,10
O006274,C01122,2025-07-22,Cancelled,0
O006275,C01179,2026-02-07,Completed,5
O006276,C00990,2025-11-04,Completed,5
O006277,C01402,2026-05-21,Completed,15
O006278,C00962,2026-06-30,Completed,10
O006279,C00308,2025-07-03,Completed,0
O006280,C00761,2025-11-23,Completed,10
O006281,C01409,2025-10-17,Completed,0
O006282,C01231,2026-01-14,Completed,5
O006283,C01949,2026-07-15,Completed,0
O006284,C01092,2025-11-03,Cancelled,0
O006285,C01332,2026-06-29,Completed,10
O006286,C01971,2026-08-09,Completed,30
O006287,C00964,2026-06-07,Completed,30
O006288,C00286,2026-01-24,Completed,10
O006289,C01031,2026-07-06,Completed,5
O006290,C01813,2025-09-14,Completed,15
O006291,C01645,2026-03-28,Completed,10
O006292,C00921,2026-02-26,Completed,5
O006293,C00158,2026-07-16,Completed,5
O006294,C00853,2025-07-05,Completed,0
O006295,C00401,2026-05-18,Completed,5
O006296,C00476,2026-07-02,Completed,0
O006297,C00638,2026-03-08,Completed,0
O006298,C01483,2026-03-26,Completed,10
O006299,C01591,2026-05-14,Cancelled,10
O006300,C00739,2026-01-23,Completed,0
O006301,C01516,2025-09-27,Completed,0
O006302,C01284,2026-06-25,Completed,15
O006303,C01941,2026-06-03,Completed,15
O006304,C01231,2026-06-24,Completed,0
O006305,C00934,2026-04-01,Completed,10
O006306,C01388,2026-07-16,Completed,10
O006307,C01019,2025-12-15,Completed,0
O006308,C00803,2026-02-10,Completed,15
O006309,C01843,2026-07-13,Completed,10
O006310,C00873,2026-06-23,Completed,10
O006311,C00524,2025-12-05,Completed,15
O006312,C00178,2026-07-21,Completed,0
O006313,C00411,2025-12-24,Completed,20
O006314,C00599,2026-07-04,Completed,0
O006315,C00019,2026-06-24,Completed,0
O006316,C00445,2026-03-22,Completed,10
O006317,C00359,2025-11-20,Completed,0
O006318,C01135,2026-05-18,Completed,0
O006319,C00212,2026-06-11,Completed,15
O006320,C00948,2026-01-21,Completed,10
O006321,C00171,2025-09-10,Cancelled,5
O006322,C01957,2026-02-06,Completed,5
O006323,C00792,2026-06-14,Completed,0
O006324,C00904,2026-05-03,Completed,15
O006325,C01045,2026-07-25,Completed,10
O006326,C01321,2026-03-22,Completed,10
O006327,C00213,2025-06-03,Completed,10
O006328,C01473,2026-06-16,Completed,20
O006329,C01726,2026-05-27,Completed,20
O006330,C01015,2025-10-03,Completed,30
O006331,C01541,2026-06-16,Completed,10
O006332,C01208,2025-03-20,Completed,0
O006333,C01430,2026-04-23,Cancelled,0
O006334,C00835,2025-09-21,Completed,5
O006335,C01374,2025-04-14,Completed,5
O006336,C01257,2025-06-03,Completed,0
O006337,C01756,2025-09-08,Completed,5
O006338,C00338,2026-06-14,Completed,5
O006339,C00345,2026-04-12,Completed,15
O006340,C01704,2026-02-04,Cancelled,0
O006341,C01460,2026-04-01,Completed,5
O006342,C01019,2026-06-25,Completed,10
O006343,C02000,2025-11-28,Cancelled,15
O006344,C00962,2025-10-25,Completed,5
O006345,C00233,2025-05-12,Completed,0
O006346,C00681,2026-04-03,Completed,30
O006347,C01090,2026-08-07,Completed,5
O006348,C00311,2026-02-05,Completed,10
O006349,C01458,2025-07-02,Completed,0
O006350,C00699,2026-05-21,Completed,10
O006351,C00878,2026-05-05,Completed,10
O006352,C01779,2026-07-13,Completed,0
O006353,C01992,2025-09-29,Completed,5
O006354,C01738,2026-01-30,Completed,5
O006355,C00450,2026-06-10,Completed,0
O006356,C00207,2026-01-09,Completed,15
O006357,C01821,2026-06-22,Completed,10
O006358,C01129,2026-06-14,Completed,10
O006359,C00180,2026-02-17,Completed,0
O006360,C01643,2026-04-22,Completed,0
O006361,C00331,2026-05-05,Completed,20
O006362,C01685,2026-01-24,Completed,10
O006363,C01765,2026-06-13,Completed,0
O006364,C01005,2025-12-16,Completed,5
O006365,C01614,2025-11-28,Completed,0
O006366,C00875,2025-08-12,Completed,20
O006367,C00660,2026-08-14,Completed,5
O006368,C01798,2025-08-18,Completed,5
O006369,C00266,2025-11-09,Completed,5
O006370,C01730,2026-07-24,Completed,10
O006371,C00052,2025-07-16,Completed,10
O006372,C01303,2026-06-24,Completed,10
O006373,C00887,2026-07-01,Completed,5
O006374,C01914,2026-04-09,Completed,0
O006375,C01757,2025-05-28,Completed,5
O006376,C00648,2026-08-18,Completed,15
O006377,C01398,2025-05-06,Completed,0
O006378,C00900,2026-03-21,Completed,10
O006379,C01445,2026-05-27,Completed,10
O006380,C01865,2025-11-04,Completed,10
O006381,C00165,2026-07-26,Completed,10
O006382,C00742,2026-07-15,Completed,15
O006383,C00522,2026-07-17,Completed,0
O006384,C00018,2025-11-03,Completed,0
O006385,C01907,2025-11-25,Completed,20
O006386,C01610,2026-07-27,Completed,10
O006387,C00401,2025-06-07,Completed,0
O006388,C01620,2026-07-27,Cancelled,10
O006389,C01096,2025-09-02,Completed,15
O006390,C00273,2025-06-29,Completed,20
O006391,C00429,2026-05-30,Completed,20
O006392,C01737,2026-05-11,Completed,10
O006393,C01556,2026-02-10,Cancelled,0
O006394,C00647,2025-11-29,Completed,5
O006395,C01983,2026-04-14,Completed,0
O006396,C00096,2025-03-28,Completed,10
O006397,C00402,2026-04-25,Completed,0
O006398,C00362,2026-03-09,Completed,20
O006399,C01866,2025-11-08,Completed,5
O006400,C00495,2026-01-09,Completed,10
O006401,C01460,2025-04-06,Completed,15
O006402,C00241,2026-02-12,Completed,0
O006403,C00283,2026-04-19,Completed,5
O006404,C00930,2025-11-28,Completed,0
O006405,C01820,2026-04-30,Completed,10
O006406,C01550,2026-07-15,Completed,15
O006407,C00014,2026-05-19,Completed,5
O006408,C01746,2025-12-21,Completed,20
O006409,C00333,2025-10-25,Completed,10
O006410,C01103,2025-11-10,Completed,0
O006411,C00414,2025-10-21,Completed,5
O006412,C00022,2026-05-01,Completed,20
O006413,C00330,2025-03-01,Completed,0
O006414,C01799,2026-08-02,Completed,5
O006415,C00205,2026-06-03,Completed,20
O006416,C00791,2026-02-18,Completed,0
O006417,C01835,2026-02-03,Completed,15
O006418,C00912,2026-04-11,Completed,10
O006419,C01236,2025-12-21,Completed,5
O006420,C01608,2026-07-19,Completed,15
O006421,C01749,2026-07-04,Completed,10
O006422,C01640,2025-12-14,Completed,10
O006423,C00489,2026-05-14,Completed,0
O006424,C01013,2026-07-22,Completed,30
O006425,C01760,2025-04-30,Completed,20
O006426,C00755,2025-06-23,Completed,0
O006427,C01867,2025-03-02,Completed,10
O006428,C00248,2025-12-31,Completed,20
O006429,C00773,2026-07-08,Completed,5
O006430,C01211,2025-04-24,Completed,0
O006431,C00259,2026-06-28,Completed,15
O006432,C01364,2026-06-02,Completed,15
O006433,C01588,2026-02-18,Completed,5
O006434,C00844,2025-07-07,Completed,10
O006435,C00457,2025-01-16,Completed,30
O006436,C00679,2026-03-30,Completed,5
O006437,C00043,2026-07-17,Cancelled,10
O006438,C00469,2026-01-05,Completed,10
O006439,C00202,2025-10-19,Completed,5
O006440,C00644,2026-08-14,Completed,0
O006441,C00508,2026-07-30,Completed,15
O006442,C01212,2025-11-22,Completed,10
O006443,C01602,2026-04-17,Completed,0
O006444,C00612,2026-07-15,Completed,20
O006445,C00219,2025-11-21,Completed,5
O006446,C00681,2025-04-08,Completed,10
O006447,C00861,2026-06-21,Completed,0
O006448,C01471,2026-06-26,Completed,20
O006449,C00171,2025-11-20,Completed,20
O006450,C00989,2026-04-13,Completed,0
O006451,C00711,2026-05-06,Completed,0
O006452,C01559,2026-03-18,Completed,5
O006453,C00812,2026-07-07,Completed,10
O006454,C00629,2025-04-28,Completed,10
O006455,C00537,2026-06-11,Completed,15
O006456,C01385,2025-07-07,Completed,15
O006457,C00791,2026-01-20,Completed,10
O006458,C00698,2025-08-10,Completed,10
O006459,C00501,2026-06-05,Completed,10
O006460,C01591,2026-03-20,Completed,0
O006461,C00498,2025-10-10,Completed,10
O006462,C00948,2026-07-08,Completed,5
O006463,C01773,2025-10-10,Completed,20
O006464,C00082,2025-05-16,Completed,20
O006465,C01833,2026-01-12,Completed,0
O006466,C00868,2026-05-18,Completed,10
O006467,C00068,2025-07-30,Completed,0
O006468,C00258,2026-06-30,Completed,15
O006469,C00035,2026-06-14,Completed,5
O006470,C00007,2025-06-05,Completed,15
O006471,C01139,2026-01-15,Completed,0
O006472,C01509,2026-08-08,Completed,10
O006473,C01971,2026-05-05,Completed,0
O006474,C01221,2026-01-02,Completed,5
O006475,C01314,2026-08-05,Completed,10
O006476,C00187,2026-01-01,Cancelled,0
O006477,C01520,2026-02-26,Completed,15
O006478,C01828,2026-08-13,Completed,15
O006479,C01874,2026-05-13,Completed,10
O006480,C00178,2026-07-13,Completed,10
O006481,C00044,2026-08-07,Completed,0
O006482,C00586,2026-01-20,Completed,10
O006483,C01604,2026-05-24,Completed,15
O006484,C00306,2025-07-25,Completed,0
O006485,C01209,2025-04-22,Completed,5
O006486,C01954,2026-05-05,Completed,10
O006487,C00179,2025-12-21,Completed,10
O006488,C00292,2026-07-15,Completed,10
O006489,C00594,2026-07-19,Cancelled,10
O006490,C01705,2025-12-24,Completed,20
O006491,C00847,2026-03-05,Completed,0
O006492,C01498,2026-01-08,Completed,15
O006493,C00565,2026-02-15,Completed,10
O006494,C00490,2026-08-15,Completed,0
O006495,C00345,2026-02-21,Completed,0
O006496,C01847,2025-11-14,Completed,0
O006497,C00294,2026-03-23,Completed,5
O006498,C01693,2026-05-24,Completed,15
O006499,C00344,2026-02-03,Completed,0
O006500,C00950,2026-03-02,Completed,10
O006501,C00309,2026-05-23,Completed,30
O006502,C00259,2026-05-29,Completed,5
O006503,C01045,2026-06-22,Completed,0
O006504,C00350,2026-07-02,Completed,15
O006505,C01770,2025-05-27,Completed,10
O006506,C01565,2026-05-23,Completed,0
O006507,C00033,2025-09-19,Completed,0
O006508,C01553,2025-07-25,Completed,30
O006509,C00073,2025-10-18,Completed,5
O006510,C00959,2026-03-15,Completed,15
O006511,C00840,2026-05-22,Completed,15
O006512,C00390,2026-07-05,Completed,0
O006513,C00903,2026-02-27,Completed,0
O006514,C00701,2026-02-07,Completed,5
O006515,C00926,2026-06-20,Completed,5
O006516,C01726,2026-01-15,Completed,10
O006517,C00010,2026-07-19,Completed,5
O006518,C01568,2026-02-05,Completed,0
O006519,C00146,2026-03-19,Completed,0
O006520,C00702,2025-11-29,Completed,30
O006521,C01130,2026-01-13,Completed,15
O006522,C01845,2025-09-20,Completed,0
O006523,C01376,2026-06-24,Completed,0
O006524,C00811,2026-08-13,Completed,30
O006525,C00255,2026-02-26,Completed,20
O006526,C01793,2025-12-16,Cancelled,20
O006527,C00020,2026-01-28,Completed,20
O006528,C00072,2026-05-03,Completed,5
O006529,C00299,2026-03-03,Completed,10
O006530,C01729,2026-04-17,Completed,20
O006531,C01632,2026-05-03,Completed,15
O006532,C01628,2026-06-07,Completed,5
O006533,C00417,2026-07-31,Completed,15
O006534,C00422,2026-04-11,Completed,10
O006535,C00338,2026-07-14,Completed,0
O006536,C01088,2026-08-12,Completed,5
O006537,C00329,2026-06-18,Completed,0
O006538,C01337,2026-04-12,Completed,0
O006539,C00962,2025-08-11,Completed,5
O006540,C01011,2026-04-16,Completed,0
O006541,C00263,2025-09-05,Completed,5
O006542,C00628,2025-12-05,Completed,0
O006543,C00305,2026-03-25,Completed,5
O006544,C00666,2026-01-23,Completed,0
O006545,C00604,2026-05-10,Completed,0
O006546,C00907,2026-03-08,Completed,30
O006547,C00988,2026-03-25,Completed,5
O006548,C01420,2026-02-05,Completed,20
O006549,C00343,2026-07-01,Completed,20
O006550,C01279,2025-12-26,Cancelled,15
O006551,C01525,2026-03-05,Completed,0
O006552,C01969,2025-09-05,Completed,5
O006553,C00492,2025-09-08,Completed,5
O006554,C00998,2025-12-18,Completed,0
O006555,C01350,2026-03-20,Completed,5
O006556,C00555,2025-12-25,Completed,5
O006557,C01194,2026-05-25,Completed,0
O006558,C00892,2026-04-22,Completed,20
O006559,C00565,2026-02-11,Completed,15
O006560,C00365,2025-10-29,Completed,10
O006561,C01709,2025-06-21,Completed,15
O006562,C00105,2025-11-29,Cancelled,10
O006563,C01085,2025-12-02,Completed,10
O006564,C00875,2026-08-11,Completed,0
O006565,C01460,2025-05-09,Cancelled,15
O006566,C00865,2025-10-20,Completed,10
O006567,C01507,2026-07-23,Completed,5
O006568,C00343,2026-05-26,Completed,5
O006569,C00885,2025-10-05,Completed,5
O006570,C01318,2026-08-15,Completed,5
O006571,C01883,2026-02-07,Completed,5
O006572,C00160,2026-06-19,Completed,15
O006573,C00989,2026-07-12,Completed,0
O006574,C00247,2026-06-01,Completed,5
O006575,C00585,2026-04-30,Completed,0
O006576,C00410,2025-03-23,Completed,0
O006577,C01635,2026-01-14,Completed,0
O006578,C01870,2026-03-02,Cancelled,10
O006579,C00027,2025-03-27,Completed,0
O006580,C01091,2026-01-23,Completed,5
O006581,C00489,2026-07-06,Completed,5
O006582,C00841,2026-03-02,Cancelled,0
O006583,C01864,2026-06-04,Completed,15
O006584,C01203,2025-11-26,Completed,0
O006585,C01973,2026-01-28,Completed,0
O006586,C01196,2026-04-18,Cancelled,15
O006587,C00778,2025-06-28,Cancelled,10
O006588,C00886,2026-06-01,Completed,0
O006589,C00175,2025-07-12,Completed,5
O006590,C00693,2026-07-15,Completed,10
O006591,C01649,2026-01-29,Completed,0
O006592,C00224,2025-09-24,Completed,5
O006593,C01412,2026-05-01,Completed,20
O006594,C00084,2026-03-02,Completed,5
O006595,C01889,2026-04-20,Completed,30
O006596,C01759,2026-07-10,Cancelled,20
O006597,C01572,2026-08-03,Completed,0
O006598,C01791,2026-04-20,Completed,10
O006599,C01904,2026-01-23,Completed,20
O006600,C01029,2026-04-24,Completed,0
O006601,C01315,2026-04-16,Completed,5
O006602,C01474,2025-10-17,Completed,30
O006603,C00944,2025-08-30,Completed,10
O006604,C01227,2025-07-22,Completed,0
O006605,C01134,2026-08-06,Completed,15
O006606,C00637,2026-03-16,Completed,15
O006607,C00850,2026-07-28,Completed,20
O006608,C01430,2025-12-23,Completed,15
O006609,C01935,2026-04-09,Completed,0
O006610,C00191,2026-03-25,Completed,0
O006611,C00616,2026-08-09,Completed,10
O006612,C00673,2026-06-08,Completed,5
O006613,C01127,2025-08-26,Completed,0
O006614,C01348,2025-07-17,Completed,0
O006615,C01117,2026-08-11,Completed,20
O006616,C00460,2025-02-05,Completed,0
O006617,C00532,2026-03-13,Completed,5
O006618,C00098,2025-11-14,Completed,5
O006619,C01549,2026-07-24,Completed,0
O006620,C01904,2025-10-02,Completed,10
O006621,C01480,2025-11-12,Completed,5
O006622,C01807,2026-08-17,Completed,15
O006623,C00699,2026-06-28,Completed,0
O006624,C01943,2026-07-26,Completed,0
O006625,C00960,2026-07-14,Completed,0
O006626,C01444,2026-04-01,Completed,0
O006627,C01874,2026-06-05,Completed,15
O006628,C00395,2026-06-09,Completed,0
O006629,C01753,2026-08-03,Cancelled,0
O006630,C01508,2026-03-25,Cancelled,10
O006631,C00912,2026-05-04,Completed,0
O006632,C00242,2026-04-28,Cancelled,30
O006633,C01720,2026-05-16,Completed,20
O006634,C00005,2025-10-15,Completed,0
O006635,C01185,2026-08-19,Completed,5
O006636,C01528,2026-06-01,Completed,15
O006637,C00652,2026-04-04,Completed,15
O006638,C01154,2026-02-08,Completed,10
O006639,C01220,2026-02-24,Completed,30
O006640,C01639,2025-01-23,Completed,0
O006641,C01171,2026-07-11,Completed,0
O006642,C01524,2026-06-09,Completed,0
O006643,C00104,2026-05-29,Completed,0
O006644,C01541,2026-05-28,Completed,15
O006645,C01783,2026-02-03,Completed,5
O006646,C00295,2026-05-11,Completed,0
O006647,C00686,2026-03-15,Completed,5
O006648,C00890,2026-07-18,Cancelled,20
O006649,C01291,2025-05-22,Completed,5
O006650,C00313,2025-12-19,Completed,10
O006651,C01566,2026-03-07,Completed,15
O006652,C01539,2025-07-30,Completed,0
O006653,C00311,2026-02-11,Completed,5
O006654,C00414,2026-03-22,Completed,0
O006655,C00633,2025-07-30,Completed,20
O006656,C01416,2026-06-01,Cancelled,0
O006657,C01042,2026-03-13,Completed,10
O006658,C01799,2026-07-26,Completed,0
O006659,C00129,2026-07-13,Completed,5
O006660,C01107,2026-06-01,Completed,20
O006661,C01382,2026-04-13,Completed,5
O006662,C01310,2025-12-18,Completed,0
O006663,C01727,2026-08-04,Completed,10
O006664,C01254,2025-06-19,Completed,30
O006665,C01249,2025-07-26,Completed,10
O006666,C00375,2026-08-04,Completed,5
O006667,C00132,2026-02-13,Completed,10
O006668,C00992,2026-03-16,Completed,10
O006669,C01333,2026-07-21,Completed,0
O006670,C01402,2026-06-17,Completed,5
O006671,C01096,2026-03-29,Completed,0
O006672,C00653,2026-06-10,Completed,10
O006673,C00496,2025-10-03,Completed,0
O006674,C00808,2026-04-01,Completed,20
O006675,C00320,2025-06-16,Completed,20
O006676,C01757,2026-01-21,Completed,15
O006677,C01178,2025-10-10,Completed,10
O006678,C01193,2025-05-12,Completed,15
O006679,C01651,2026-05-01,Completed,5
O006680,C01800,2025-11-21,Completed,5
O006681,C00230,2025-12-27,Completed,10
O006682,C01186,2026-07-21,Completed,10
O006683,C01215,2026-06-15,Completed,5
O006684,C01548,2025-12-03,Completed,0
O006685,C01363,2025-06-27,Completed,0
O006686,C00807,2025-10-23,Completed,15
O006687,C01329,2025-06-28,Completed,0
O006688,C01565,2026-06-04,Completed,15
O006689,C00888,2026-08-20,Completed,10
O006690,C00916,2026-04-24,Completed,0
O006691,C00166,2026-02-08,Completed,20
O006692,C00332,2026-02-08,Completed,0
O006693,C01617,2026-05-02,Completed,0
O006694,C01590,2026-03-16,Completed,0
O006695,C00488,2025-07-05,Completed,5
O006696,C01398,2025-05-16,Completed,10
O006697,C01338,2026-05-15,Completed,5
O006698,C00820,2026-07-01,Completed,10
O006699,C00202,2026-06-12,Completed,5
O006700,C01621,2025-12-29,Completed,0
O006701,C01824,2026-05-18,Completed,0
O006702,C01623,2026-05-22,Completed,0
O006703,C01938,2025-11-05,Completed,0
O006704,C01319,2026-08-11,Completed,15
O006705,C00521,2026-02-22,Completed,20
O006706,C00602,2025-09-02,Completed,0
O006707,C01449,2025-08-06,Completed,0
O006708,C01047,2026-01-08,Completed,0
O006709,C00304,2026-04-06,Completed,10
O006710,C01618,2026-04-09,Completed,10
O006711,C00259,2026-03-01,Completed,10
O006712,C01290,2026-03-10,Completed,10
O006713,C00978,2026-06-17,Completed,0
O006714,C00143,2025-05-07,Completed,5
O006715,C00552,2025-03-08,Completed,5
O006716,C01678,2026-05-28,Completed,0
O006717,C00177,2025-12-05,Completed,15
O006718,C00323,2026-01-24,Completed,5
O006719,C01394,2025-05-17,Completed,0
O006720,C01053,2026-06-08,Completed,10
O006721,C01081,2025-11-26,Completed,15
O006722,C00899,2026-07-17,Completed,10
O006723,C00154,2025-12-31,Completed,15
O006724,C01899,2025-11-27,Completed,5
O006725,C00879,2025-08-18,Completed,0
O006726,C00518,2026-08-18,Completed,0
O006727,C01340,2025-11-07,Completed,0
O006728,C01103,2026-05-06,Cancelled,0
O006729,C00262,2026-03-20,Completed,15
O006730,C00940,2025-10-21,Completed,30
O006731,C01952,2025-08-17,Cancelled,5
O006732,C00693,2026-07-24,Completed,0
O006733,C01275,2026-07-05,Completed,10
O006734,C01158,2026-05-22,Completed,5
O006735,C00605,2026-06-12,Completed,30
O006736,C00988,2026-07-08,Completed,0
O006737,C01918,2026-08-07,Completed,0
O006738,C00459,2026-07-13,Completed,15
O006739,C00682,2026-03-01,Completed,0
O006740,C01104,2025-09-03,Completed,0
O006741,C01932,2026-01-26,Completed,0
O006742,C00536,2026-07-13,Completed,0
O006743,C00133,2026-05-10,Completed,20
O006744,C00269,2026-08-09,Completed,15
O006745,C01949,2025-07-19,Completed,0
O006746,C00325,2025-12-21,Completed,0
O006747,C00211,2026-05-16,Completed,15
O006748,C00214,2026-06-24,Completed,0
O006749,C00895,2026-07-10,Completed,0
O006750,C01402,2025-12-25,Completed,0
O006751,C00603,2025-07-17,Completed,30
O006752,C00863,2025-04-22,Completed,5
O006753,C01327,2026-05-17,Completed,30
O006754,C00102,2025-07-26,Completed,0
O006755,C01207,2026-01-10,Completed,10
O006756,C01113,2026-04-23,Completed,0
O006757,C01899,2026-03-14,Completed,10
O006758,C00091,2025-08-17,Completed,15
O006759,C00934,2026-04-16,Completed,0
O006760,C01233,2026-08-07,Completed,20
O006761,C01654,2026-04-26,Completed,30
O006762,C01301,2026-03-16,Completed,30
O006763,C00843,2026-02-21,Completed,0
O006764,C01107,2025-07-21,Completed,15
O006765,C01346,2026-07-23,Completed,0
O006766,C00605,2026-03-26,Completed,5
O006767,C00136,2026-06-27,Completed,0
O006768,C01063,2026-01-14,Completed,5
O006769,C01070,2026-08-19,Completed,30
O006770,C00278,2026-08-03,Completed,0
O006771,C00749,2025-11-18,Completed,0
O006772,C01191,2026-03-16,Completed,0
O006773,C00232,2026-04-03,Completed,10
O006774,C00087,2026-06-30,Completed,15
O006775,C01066,2026-03-29,Completed,15
O006776,C01165,2025-10-30,Completed,10
O006777,C00442,2026-07-13,Completed,30
O006778,C01480,2025-06-14,Completed,5
O006779,C00270,2026-03-12,Completed,5
O006780,C01102,2026-03-26,Completed,20
O006781,C00421,2026-02-22,Completed,20
O006782,C00462,2026-06-01,Completed,0
O006783,C00038,2026-02-05,Completed,10
O006784,C00434,2025-12-21,Completed,10
O006785,C01781,2026-01-05,Completed,15
O006786,C00168,2026-02-28,Completed,0
O006787,C01824,2026-02-10,Completed,10
O006788,C00345,2026-01-20,Completed,0
O006789,C00159,2026-07-03,Completed,10
O006790,C00055,2025-05-30,Completed,5
O006791,C00801,2025-11-30,Completed,5
O006792,C01615,2026-02-27,Completed,10
O006793,C01259,2025-06-05,Completed,10
O006794,C01679,2025-12-09,Cancelled,20
O006795,C00523,2025-05-31,Completed,15
O006796,C01414,2026-03-30,Completed,10
O006797,C01013,2025-08-18,Completed,10
O006798,C00207,2025-09-24,Completed,0
O006799,C01234,2026-04-29,Completed,20
O006800,C01302,2025-10-02,Completed,20
O006801,C01696,2026-01-11,Completed,0
O006802,C01623,2025-12-17,Completed,20
O006803,C00818,2026-01-20,Completed,0
O006804,C00097,2026-06-23,Completed,5
O006805,C01979,2026-01-11,Completed,0
O006806,C01567,2026-06-30,Completed,20
O006807,C01853,2026-03-15,Completed,5
O006808,C00052,2026-02-17,Completed,5
O006809,C00323,2025-11-01,Completed,5
O006810,C00556,2026-07-12,Completed,10
O006811,C00534,2026-03-23,Completed,0
O006812,C00044,2026-01-28,Completed,20
O006813,C01609,2025-10-09,Completed,20
O006814,C01499,2026-05-25,Completed,0
O006815,C01247,2025-11-25,Cancelled,0
O006816,C01942,2025-10-11,Completed,0
O006817,C01358,2026-08-08,Completed,0
O006818,C01187,2026-06-18,Completed,0
O006819,C00786,2026-07-31,Completed,0
O006820,C01412,2025-10-05,Completed,15
O006821,C01542,2026-04-19,Completed,0
O006822,C00597,2025-05-08,Completed,10
O006823,C01324,2025-08-13,Completed,0
O006824,C01175,2026-06-19,Completed,20
O006825,C01604,2026-03-19,Completed,5
O006826,C00444,2025-06-21,Cancelled,0
O006827,C00292,2026-04-25,Completed,10
O006828,C01235,2026-08-15,Completed,0
O006829,C01585,2026-01-06,Completed,15
O006830,C01480,2026-03-14,Completed,0
O006831,C01907,2026-07-22,Completed,0
O006832,C01590,2026-06-05,Completed,0
O006833,C01895,2026-05-30,Completed,5
O006834,C00648,2026-04-29,Completed,0
O006835,C01755,2026-03-29,Completed,5
O006836,C00026,2026-03-27,Completed,15
O006837,C00883,2026-05-16,Completed,20
O006838,C00855,2026-04-21,Completed,0
O006839,C01546,2026-06-01,Completed,10
O006840,C01226,2026-03-03,Completed,10
O006841,C01193,2026-06-16,Completed,5
O006842,C00208,2025-11-16,Completed,0
O006843,C00867,2025-05-29,Completed,0
O006844,C01449,2025-06-09,Cancelled,20
O006845,C00090,2026-08-20,Completed,0
O006846,C01787,2025-04-26,Completed,10
O006847,C00007,2026-04-14,Completed,0
O006848,C01537,2026-04-05,Completed,30
O006849,C01611,2026-07-26,Completed,30
O006850,C01365,2026-06-22,Completed,0
O006851,C00834,2026-05-13,Completed,20
O006852,C00348,2026-06-25,Completed,5
O006853,C01419,2025-09-30,Completed,0
O006854,C01557,2025-07-15,Completed,0
O006855,C00889,2026-07-19,Completed,15
O006856,C01521,2026-04-06,Cancelled,0
O006857,C00671,2025-08-24,Completed,0
O006858,C01372,2026-04-23,Completed,0
O006859,C00471,2026-01-08,Completed,5
O006860,C01170,2026-04-22,Completed,0
O006861,C00564,2026-08-07,Completed,15
O006862,C00059,2026-02-08,Completed,10
O006863,C00166,2025-08-09,Completed,15
O006864,C00362,2025-10-23,Completed,0
O006865,C01068,2025-07-20,Completed,5
O006866,C01604,2026-05-26,Completed,0
O006867,C01354,2025-03-19,Completed,0
O006868,C01761,2026-05-15,Completed,0
O006869,C00522,2025-08-31,Completed,0
O006870,C00641,2026-04-27,Completed,0
O006871,C01958,2025-12-14,Completed,10
O006872,C01862,2026-03-26,Completed,0
O006873,C00014,2025-11-19,Completed,10
O006874,C00246,2025-11-12,Completed,0
O006875,C00436,2026-03-27,Completed,0
O006876,C01950,2026-07-16,Completed,5
O006877,C01478,2025-07-04,Completed,0
O006878,C00628,2026-08-04,Completed,0
O006879,C00266,2025-11-19,Completed,0
O006880,C01838,2026-04-05,Completed,15
O006881,C01273,2026-01-13,Completed,30
O006882,C00996,2026-04-04,Cancelled,10
O006883,C00157,2026-04-08,Completed,5
O006884,C01480,2026-05-12,Completed,0
O006885,C00314,2025-12-16,Completed,5
O006886,C01993,2026-04-06,Completed,10
O006887,C00165,2026-03-25,Completed,0
O006888,C01303,2026-03-14,Completed,0
O006889,C01962,2026-04-17,Completed,0
O006890,C00498,2025-08-30,Completed,0
O006891,C01858,2025-07-20,Cancelled,0
O006892,C00014,2025-12-25,Completed,0
O006893,C01451,2025-12-17,Completed,10
O006894,C01516,2026-06-20,Completed,20
O006895,C00958,2026-08-09,Completed,10
O006896,C00381,2026-04-05,Completed,10
O006897,C00133,2026-04-16,Completed,5
O006898,C01035,2026-08-19,Completed,5
O006899,C00312,2026-05-24,Completed,15
O006900,C00296,2025-09-29,Completed,5
O006901,C01060,2025-11-23,Completed,10
O006902,C00076,2025-12-27,Completed,10
O006903,C00453,2026-08-16,Cancelled,0
O006904,C00791,2026-05-17,Completed,20
O006905,C01936,2026-06-03,Completed,0
O006906,C01104,2025-09-30,Completed,5
O006907,C01634,2026-07-04,Completed,10
O006908,C00708,2026-05-12,Completed,5
O006909,C00298,2025-10-23,Completed,5
O006910,C00841,2025-09-09,Completed,5
O006911,C00279,2026-05-17,Completed,0
O006912,C00127,2025-12-03,Completed,0
O006913,C00548,2026-04-06,Completed,15
O006914,C01923,2026-02-07,Completed,5
O006915,C01799,2026-02-07,Completed,0
O006916,C01100,2026-05-27,Completed,0
O006917,C00815,2025-11-16,Completed,5
O006918,C00790,2025-04-19,Completed,0
O006919,C01995,2025-08-12,Completed,0
O006920,C01514,2026-03-05,Completed,20
O006921,C00228,2026-03-11,Completed,20
O006922,C01411,2026-02-20,Completed,10
O006923,C01325,2026-04-13,Completed,0
O006924,C01205,2025-11-29,Cancelled,0
O006925,C01270,2025-08-12,Completed,5
O006926,C01955,2026-05-14,Completed,30
O006927,C01454,2026-05-23,Completed,0
O006928,C01306,2025-12-13,Completed,0
O006929,C01008,2025-07-10,Completed,0
O006930,C00233,2025-12-26,Completed,0
O006931,C01923,2026-06-03,Cancelled,0
O006932,C01026,2026-03-11,Completed,0
O006933,C01738,2026-05-16,Completed,0
O006934,C01978,2026-05-14,Completed,15
O006935,C00862,2026-08-14,Completed,5
O006936,C01127,2025-07-14,Completed,0
O006937,C01768,2026-08-12,Completed,10
O006938,C01018,2026-03-26,Completed,5
O006939,C00650,2025-03-13,Completed,30
O006940,C01630,2026-03-14,Completed,5
O006941,C00407,2025-09-23,Completed,15
O006942,C00554,2026-03-01,Completed,20
O006943,C00388,2026-04-20,Completed,20
O006944,C01920,2026-07-31,Completed,5
O006945,C01612,2025-08-08,Completed,0
O006946,C01241,2025-08-26,Completed,0
O006947,C00470,2026-01-29,Completed,0
O006948,C01590,2026-04-05,Completed,0
O006949,C00222,2026-07-21,Completed,0
O006950,C00270,2026-05-30,Completed,15
O006951,C01456,2026-04-25,Completed,15
O006952,C00028,2026-04-29,Completed,5
O006953,C00384,2026-03-22,Completed,10
O006954,C00929,2025-10-27,Completed,0
O006955,C00240,2025-12-19,Completed,20
O006956,C01672,2026-05-14,Completed,0
O006957,C01701,2026-06-25,Completed,10
O006958,C00372,2026-07-08,Completed,0
O006959,C01884,2025-12-27,Completed,30
O006960,C01045,2026-06-01,Completed,10
O006961,C01305,2026-08-16,Completed,0
O006962,C01269,2026-07-06,Cancelled,0
O006963,C01978,2026-04-14,Completed,10
O006964,C01923,2026-06-02,Completed,10
O006965,C00090,2026-04-10,Completed,20
O006966,C00824,2025-07-22,Completed,5
O006967,C00127,2025-05-30,Cancelled,20
O006968,C01953,2026-04-29,Completed,0
O006969,C00513,2025-11-11,Completed,0
O006970,C00183,2025-06-18,Completed,15
O006971,C01245,2026-06-02,Completed,15
O006972,C01004,2026-01-27,Completed,10
O006973,C01132,2026-06-18,Completed,5
O006974,C01622,2026-06-11,Completed,0
O006975,C01079,2025-12-24,Completed,20
O006976,C00380,2026-06-06,Completed,10
O006977,C01258,2025-07-05,Completed,15
O006978,C01915,2026-04-13,Completed,10
O006979,C00413,2026-01-09,Completed,10
O006980,C00539,2025-12-23,Completed,15
O006981,C00414,2025-12-18,Completed,0
O006982,C00835,2025-09-07,Completed,5
O006983,C00655,2026-04-04,Completed,5
O006984,C00187,2026-08-09,Completed,0
O006985,C00324,2025-12-21,Completed,0
O006986,C01783,2026-03-31,Completed,15
O006987,C00180,2026-04-29,Completed,10
O006988,C00376,2026-07-12,Completed,0
O006989,C01041,2026-06-11,Completed,0
O006990,C00749,2026-05-29,Cancelled,0
O006991,C01657,2025-07-15,Completed,0
O006992,C01648,2026-07-13,Completed,0
O006993,C01001,2026-05-10,Completed,10
O006994,C00269,2026-06-13,Cancelled,5
O006995,C00975,2026-05-08,Completed,10
O006996,C01148,2025-09-22,Completed,0
O006997,C01936,2026-08-20,Completed,15
O006998,C01074,2026-02-20,Completed,15
O006999,C01096,2026-01-15,Completed,0
O007000,C01741,2026-01-27,Completed,20
O007001,C01896,2025-06-16,Completed,20
O007002,C00085,2026-03-06,Completed,0
O007003,C00732,2026-08-04,Completed,15
O007004,C01188,2025-10-06,Completed,0
O007005,C01787,2026-03-26,Completed,10
O007006,C01124,2025-11-28,Completed,0
O007007,C01225,2026-04-21,Completed,10
O007008,C01015,2026-06-30,Completed,20
O007009,C00851,2025-11-24,Completed,30
O007010,C01555,2025-12-29,Completed,5
O007011,C00784,2026-02-26,Completed,0
O007012,C00900,2026-06-29,Completed,0
O007013,C00310,2025-09-05,Completed,0
O007014,C01596,2025-10-18,Completed,30
O007015,C00981,2026-07-29,Cancelled,0
O007016,C00014,2025-08-20,Completed,5
O007017,C00590,2026-08-07,Completed,10
O007018,C01385,2026-03-31,Completed,5
O007019,C00263,2026-07-14,Completed,0
O007020,C00471,2026-04-02,Completed,0
O007021,C01082,2025-10-14,Completed,5
O007022,C01048,2026-04-16,Completed,20
O007023,C01263,2026-08-18,Completed,10
O007024,C01399,2026-05-14,Completed,10
O007025,C00007,2026-03-05,Completed,15
O007026,C00043,2026-07-06,Completed,5
O007027,C00226,2026-04-28,Cancelled,10
O007028,C01205,2025-11-19,Completed,0
O007029,C01964,2026-05-11,Completed,0
O007030,C01755,2026-02-19,Completed,5
O007031,C01997,2026-03-27,Completed,5
O007032,C00212,2025-03-02,Completed,5
O007033,C00350,2025-04-11,Completed,15
O007034,C01567,2026-04-28,Completed,5
O007035,C01151,2026-08-17,Completed,20
O007036,C00079,2026-01-22,Completed,10
O007037,C01472,2026-05-14,Completed,15
O007038,C00183,2026-06-20,Completed,15
O007039,C00093,2026-03-21,Completed,5
O007040,C00581,2026-08-02,Completed,15
O007041,C01770,2026-04-28,Completed,15
O007042,C01871,2025-12-04,Completed,0
O007043,C01043,2025-08-10,Cancelled,0
O007044,C01116,2026-03-23,Completed,5
O007045,C00943,2025-09-27,Completed,15
O007046,C01640,2025-11-18,Completed,0
O007047,C01045,2026-06-07,Completed,10
O007048,C01207,2026-02-14,Completed,5
O007049,C01625,2026-02-15,Completed,0
O007050,C00689,2026-05-12,Completed,10
O007051,C00319,2026-01-05,Completed,0
O007052,C00441,2026-05-23,Completed,0
O007053,C01729,2025-06-16,Completed,0
O007054,C00657,2026-08-01,Completed,10
O007055,C00918,2026-07-01,Completed,0
O007056,C00900,2026-06-01,Completed,15
O007057,C00983,2026-01-28,Completed,0
O007058,C00126,2026-06-23,Completed,5
O007059,C00274,2026-04-25,Completed,0
O007060,C00276,2025-02-16,Completed,10
O007061,C01323,2026-04-01,Completed,0
O007062,C00332,2026-07-13,Completed,5
O007063,C00360,2026-07-08,Completed,10
O007064,C00878,2025-10-14,Completed,15
O007065,C01193,2025-05-22,Completed,0
O007066,C00239,2025-09-06,Completed,15
O007067,C01094,2025-09-18,Completed,5
O007068,C01226,2026-05-28,Completed,10
O007069,C01689,2025-07-09,Completed,5
O007070,C00362,2026-03-23,Completed,0
O007071,C00812,2026-05-14,Completed,0
O007072,C01404,2026-01-17,Cancelled,0
O007073,C00591,2025-08-21,Completed,15
O007074,C00578,2026-07-28,Completed,10
O007075,C01511,2026-03-14,Completed,0
O007076,C00890,2025-07-12,Completed,15
O007077,C00716,2026-03-17,Completed,10
O007078,C01513,2026-03-17,Completed,5
O007079,C00599,2025-12-25,Completed,0
O007080,C00328,2025-12-06,Completed,20
O007081,C01971,2026-05-21,Completed,15
O007082,C01065,2026-06-03,Completed,10
O007083,C01927,2025-10-15,Completed,10
O007084,C01863,2026-06-30,Completed,30
O007085,C00173,2026-07-01,Cancelled,10
O007086,C01784,2025-11-10,Completed,10
O007087,C01676,2026-06-17,Completed,0
O007088,C01688,2026-05-30,Completed,20
O007089,C01354,2025-06-07,Completed,0
O007090,C01346,2026-02-14,Completed,0
O007091,C00390,2026-05-15,Completed,5
O007092,C00913,2025-10-08,Cancelled,0
O007093,C00119,2025-10-01,Completed,0
O007094,C01087,2026-08-06,Completed,0
O007095,C01009,2026-07-28,Completed,5
O007096,C00560,2025-12-20,Completed,0
O007097,C01684,2026-03-03,Completed,10
O007098,C01943,2026-05-16,Completed,5
O007099,C01535,2026-08-01,Completed,20
O007100,C01278,2025-10-25,Completed,5
O007101,C01218,2025-08-06,Completed,0
O007102,C01511,2026-03-14,Completed,0
O007103,C01740,2026-01-13,Completed,10
O007104,C01543,2026-07-21,Completed,0
O007105,C00831,2025-08-21,Completed,30
O007106,C01794,2026-07-26,Completed,0
O007107,C01904,2026-08-01,Completed,15
O007108,C01382,2025-12-18,Completed,0
O007109,C01189,2026-03-25,Completed,20
O007110,C00438,2026-04-01,Completed,0
O007111,C00861,2026-01-18,Cancelled,15
O007112,C00841,2025-11-08,Completed,0
O007113,C01781,2026-07-12,Completed,5
O007114,C00446,2026-08-05,Completed,10
O007115,C01150,2026-07-24,Cancelled,5
O007116,C00387,2026-02-08,Completed,20
O007117,C01169,2026-05-22,Completed,0
O007118,C01025,2025-06-21,Completed,5
O007119,C01073,2026-04-05,Completed,15
O007120,C00368,2026-01-04,Completed,10
O007121,C01087,2026-03-08,Completed,0
O007122,C01437,2025-12-09,Completed,0
O007123,C00147,2026-04-17,Completed,15
O007124,C01433,2026-03-30,Completed,5
O007125,C00947,2025-10-15,Completed,5
O007126,C00600,2026-03-10,Completed,5
O007127,C00952,2026-07-31,Completed,5
O007128,C01337,2025-11-16,Completed,0
O007129,C01263,2026-06-06,Completed,0
O007130,C01739,2026-04-08,Completed,20
O007131,C01919,2026-02-22,Completed,20
O007132,C00814,2025-11-22,Completed,10
O007133,C01689,2025-10-15,Completed,15
O007134,C01532,2025-06-25,Completed,5
O007135,C00528,2025-08-31,Completed,5
O007136,C00617,2026-01-18,Completed,10
O007137,C00804,2026-03-19,Completed,10
O007138,C01539,2026-02-13,Completed,10
O007139,C00331,2026-08-09,Completed,5
O007140,C01025,2026-05-26,Completed,5
O007141,C01780,2025-06-17,Completed,0
O007142,C00471,2026-03-07,Completed,0
O007143,C00713,2026-06-29,Completed,0
O007144,C01321,2025-12-02,Completed,30
O007145,C01847,2026-08-11,Completed,0
O007146,C01387,2026-05-14,Completed,15
O007147,C01749,2026-05-08,Completed,10
O007148,C01774,2026-06-12,Completed,10
O007149,C00980,2025-07-01,Completed,0
O007150,C01781,2026-02-04,Completed,0
O007151,C01253,2026-04-25,Completed,15
O007152,C01654,2026-05-23,Completed,10
O007153,C00298,2025-10-19,Cancelled,0
O007154,C00962,2026-05-19,Completed,0
O007155,C00792,2026-03-17,Completed,10
O007156,C00446,2025-06-12,Completed,5
O007157,C00934,2026-06-05,Completed,0
O007158,C00232,2025-11-30,Completed,20
O007159,C01172,2025-11-11,Completed,5
O007160,C01441,2026-03-28,Completed,0
O007161,C01234,2026-03-02,Completed,10
O007162,C00139,2026-05-15,Completed,5
O007163,C00980,2026-03-21,Completed,0
O007164,C00538,2026-07-10,Cancelled,5
O007165,C01819,2026-02-22,Completed,10
O007166,C00921,2026-03-28,Completed,5
O007167,C01202,2026-02-27,Completed,0
O007168,C01239,2026-06-30,Completed,5
O007169,C00797,2026-08-05,Completed,0
O007170,C01725,2025-03-19,Completed,10
O007171,C00620,2026-05-11,Completed,5
O007172,C01448,2025-12-18,Completed,0
O007173,C00486,2025-11-23,Completed,10
O007174,C01566,2025-10-27,Completed,5
O007175,C01500,2026-06-14,Completed,0
O007176,C00125,2025-08-21,Completed,0
O007177,C01878,2026-01-13,Completed,15
O007178,C00988,2025-05-16,Completed,5
O007179,C01555,2025-12-16,Completed,0
O007180,C01424,2026-06-14,Completed,30
O007181,C00058,2026-02-21,Completed,5
O007182,C01109,2026-03-31,Completed,5
O007183,C00108,2025-08-15,Completed,15
O007184,C00027,2025-05-19,Completed,10
O007185,C01993,2025-12-20,Completed,0
O007186,C01963,2026-06-01,Completed,10
O007187,C00458,2026-05-24,Completed,10
O007188,C01436,2026-01-27,Completed,0
O007189,C00895,2026-06-17,Completed,15
O007190,C00767,2026-05-26,Completed,20
O007191,C00450,2026-05-31,Completed,0
O007192,C00961,2026-06-19,Completed,5
O007193,C00230,2025-09-10,Completed,0
O007194,C01631,2026-06-18,Cancelled,10
O007195,C01197,2026-05-20,Completed,5
O007196,C00946,2026-02-24,Completed,0
O007197,C00296,2025-08-20,Completed,15
O007198,C00713,2026-02-27,Completed,15
O007199,C00779,2025-07-19,Completed,5
O007200,C01983,2026-07-04,Completed,10
O007201,C01242,2026-07-27,Completed,0
O007202,C00724,2026-07-10,Completed,5
O007203,C01591,2026-04-12,Completed,15
O007204,C00532,2026-07-30,Completed,15
O007205,C00879,2025-09-19,Completed,20
O007206,C01760,2025-01-17,Completed,0
O007207,C01330,2025-05-23,Completed,5
O007208,C01145,2026-07-13,Completed,5
O007209,C01516,2026-01-12,Completed,0
O007210,C01631,2025-12-20,Completed,0
O007211,C00184,2026-04-14,Completed,10
O007212,C00825,2026-07-16,Completed,0
O007213,C01599,2026-03-04,Completed,0
O007214,C00125,2025-08-31,Completed,15
O007215,C00216,2026-02-28,Completed,10
O007216,C00761,2025-05-10,Completed,20
O007217,C00928,2026-06-21,Completed,5
O007218,C01426,2025-12-04,Completed,5
O007219,C01853,2026-06-07,Completed,5
O007220,C01502,2026-02-17,Completed,0
O007221,C00648,2026-05-04,Completed,0
O007222,C01662,2026-07-27,Completed,0
O007223,C00956,2025-08-01,Completed,5
O007224,C01898,2025-10-22,Completed,10
O007225,C00651,2025-08-27,Completed,15
O007226,C01915,2026-04-26,Completed,5
O007227,C01403,2025-06-17,Completed,0
O007228,C01568,2026-02-09,Completed,15
O007229,C01333,2026-07-03,Completed,10
O007230,C00946,2026-07-09,Completed,0
O007231,C00297,2026-06-14,Completed,0
O007232,C01931,2026-04-16,Cancelled,20
O007233,C01600,2026-03-02,Completed,5
O007234,C00882,2025-06-20,Completed,10
O007235,C01758,2026-03-14,Completed,0
O007236,C01336,2026-06-13,Completed,15
O007237,C01838,2026-03-05,Completed,5
O007238,C01844,2025-11-24,Cancelled,20
O007239,C01793,2026-07-18,Completed,0
O007240,C01106,2026-05-27,Completed,10
O007241,C01222,2026-04-23,Completed,10
O007242,C01451,2025-10-25,Completed,15
O007243,C00787,2026-07-17,Completed,10
O007244,C00652,2025-05-16,Completed,5
O007245,C01079,2026-04-19,Completed,0
O007246,C00524,2025-07-07,Completed,0
O007247,C00872,2026-08-20,Completed,0
O007248,C01123,2025-11-24,Completed,5
O007249,C00919,2025-05-29,Completed,0
O007250,C01383,2026-02-26,Completed,5
O007251,C00395,2025-10-27,Completed,20
O007252,C01522,2026-06-07,Completed,0
O007253,C01645,2026-02-04,Completed,0
O007254,C00912,2026-05-26,Completed,15
O007255,C01090,2025-07-05,Completed,5
O007256,C01038,2025-10-22,Completed,10
O007257,C01984,2026-04-24,Completed,0
O007258,C01366,2026-08-16,Completed,0
O007259,C01443,2025-09-03,Completed,10
O007260,C01974,2025-12-08,Completed,10
O007261,C01492,2026-07-14,Completed,20
O007262,C00991,2026-02-27,Cancelled,0
O007263,C00632,2026-02-22,Completed,5
O007264,C00197,2025-10-26,Completed,5
O007265,C00534,2025-12-07,Completed,0
O007266,C00923,2026-06-03,Completed,15
O007267,C00037,2026-05-27,Completed,10
O007268,C01664,2026-04-04,Completed,5
O007269,C01776,2026-06-27,Completed,0
O007270,C01468,2025-06-28,Completed,10
O007271,C01060,2026-06-11,Completed,0
O007272,C01327,2025-11-21,Completed,20
O007273,C00831,2026-02-13,Completed,10
O007274,C00819,2026-08-05,Completed,0
O007275,C01243,2025-08-16,Completed,10
O007276,C00909,2026-06-04,Completed,10
O007277,C01911,2026-04-07,Cancelled,5
O007278,C00781,2026-06-01,Completed,0
O007279,C01886,2026-01-05,Completed,0
O007280,C01969,2025-08-17,Completed,5
O007281,C00425,2026-07-04,Completed,0
O007282,C01251,2026-05-22,Completed,15
O007283,C00610,2026-04-01,Cancelled,0
O007284,C01727,2026-05-02,Completed,15
O007285,C01649,2025-12-04,Completed,15
O007286,C01548,2026-05-31,Completed,10
O007287,C01611,2026-06-02,Completed,5
O007288,C01751,2026-05-28,Completed,0
O007289,C00255,2026-03-19,Completed,30
O007290,C01191,2026-07-03,Completed,20
O007291,C01505,2026-03-12,Completed,15
O007292,C01465,2026-04-25,Cancelled,5
O007293,C00283,2025-11-03,Completed,0
O007294,C00756,2025-10-26,Completed,10
O007295,C01350,2026-06-17,Completed,10
O007296,C00376,2025-09-18,Completed,0
O007297,C01257,2025-09-13,Completed,10
O007298,C00221,2026-07-12,Completed,5
O007299,C00736,2025-07-16,Completed,5
O007300,C00430,2025-07-29,Completed,20
O007301,C01365,2025-08-03,Completed,10
O007302,C00514,2025-12-23,Completed,5
O007303,C01764,2026-05-21,Completed,0
O007304,C01353,2025-10-24,Completed,5
O007305,C01543,2025-06-23,Completed,0
O007306,C01021,2026-05-13,Completed,10
O007307,C01668,2026-04-22,Completed,10
O007308,C00557,2025-10-17,Completed,15
O007309,C01631,2026-08-12,Completed,20
O007310,C01191,2025-03-23,Completed,0
O007311,C01320,2026-01-15,Completed,15
O007312,C01320,2026-04-27,Completed,0
O007313,C01233,2025-12-19,Completed,20
O007314,C00351,2026-01-23,Completed,5
O007315,C00932,2025-05-26,Completed,20
O007316,C01437,2025-06-25,Completed,0
O007317,C01872,2026-05-27,Completed,15
O007318,C01761,2026-04-10,Cancelled,5
O007319,C01248,2025-12-20,Completed,5
O007320,C00809,2026-03-23,Completed,0
O007321,C01747,2026-02-14,Completed,0
O007322,C00862,2026-04-16,Completed,15
O007323,C00958,2025-10-31,Completed,0
O007324,C01534,2026-02-14,Completed,10
O007325,C01758,2026-05-17,Completed,20
O007326,C00554,2026-07-07,Completed,20
O007327,C01110,2026-02-14,Completed,10
O007328,C00139,2026-01-06,Completed,15
O007329,C01857,2026-07-13,Completed,15
O007330,C00247,2025-11-02,Completed,5
O007331,C01176,2026-04-25,Completed,10
O007332,C01455,2026-04-25,Completed,15
O007333,C00569,2026-05-15,Completed,10
O007334,C01302,2025-06-21,Completed,15
O007335,C01182,2026-03-16,Completed,5
O007336,C00169,2026-08-09,Completed,10
O007337,C00449,2026-03-24,Completed,15
O007338,C01122,2025-10-20,Completed,0
O007339,C01500,2025-10-20,Completed,15
O007340,C00016,2026-02-25,Cancelled,5
O007341,C00440,2026-03-20,Completed,0
O007342,C00736,2025-11-24,Completed,15
O007343,C00387,2026-06-11,Completed,20
O007344,C01990,2026-08-04,Completed,0
O007345,C01544,2026-08-01,Completed,0
O007346,C00581,2026-07-11,Completed,15
O007347,C01655,2026-01-08,Completed,0
O007348,C01317,2025-08-06,Completed,0
O007349,C01631,2026-08-18,Cancelled,10
O007350,C00358,2026-07-30,Completed,0
O007351,C01575,2026-06-08,Completed,5
O007352,C00567,2026-02-07,Completed,0
O007353,C00644,2025-09-12,Completed,10
O007354,C00603,2026-05-25,Completed,5
O007355,C01353,2026-03-11,Completed,0
O007356,C01170,2026-05-02,Completed,15
O007357,C00760,2026-06-14,Completed,5
O007358,C00212,2025-12-30,Completed,10
O007359,C00304,2025-07-19,Completed,0
O007360,C00025,2026-03-22,Completed,15
O007361,C00108,2026-02-09,Completed,0
O007362,C00603,2026-06-15,Completed,15
O007363,C00469,2026-03-10,Completed,0
O007364,C01779,2025-08-22,Completed,20
O007365,C01323,2026-02-18,Completed,10
O007366,C00242,2026-08-02,Completed,5
O007367,C01159,2026-02-06,Completed,10
O007368,C00093,2026-07-09,Completed,0
O007369,C00924,2026-03-16,Completed,0
O007370,C00717,2026-08-19,Completed,0
O007371,C00788,2026-06-02,Completed,5
O007372,C01187,2026-04-04,Completed,0
O007373,C01257,2026-08-13,Completed,15
O007374,C00951,2025-03-21,Completed,5
O007375,C01599,2026-02-21,Completed,0
O007376,C00337,2025-12-11,Completed,0
O007377,C00680,2025-11-22,Cancelled,15
O007378,C00978,2026-05-27,Completed,10
O007379,C01979,2026-06-03,Completed,5
O007380,C01525,2026-06-21,Completed,0
O007381,C00240,2026-06-18,Completed,15
O007382,C00585,2026-05-31,Completed,0
O007383,C01414,2026-06-08,Completed,0
O007384,C00649,2025-12-30,Completed,5
O007385,C00670,2025-08-03,Completed,20
O007386,C00503,2026-04-25,Completed,30
O007387,C00597,2026-05-14,Completed,5
O007388,C00736,2025-09-13,Completed,5
O007389,C01620,2026-06-29,Completed,0
O007390,C00547,2026-05-03,Completed,0
O007391,C01038,2025-09-17,Completed,15
O007392,C01539,2026-08-09,Completed,5
O007393,C01703,2025-12-21,Completed,0
O007394,C01991,2025-12-25,Completed,0
O007395,C01767,2025-12-24,Completed,10
O007396,C01947,2026-01-29,Completed,0
O007397,C01552,2026-08-07,Completed,0
O007398,C01875,2025-12-21,Completed,0
O007399,C00513,2026-07-12,Completed,10
O007400,C00559,2026-05-25,Cancelled,5
O007401,C00765,2026-04-24,Completed,10
O007402,C01384,2026-07-02,Completed,20
O007403,C01413,2026-03-20,Completed,5
O007404,C01418,2025-12-13,Completed,0
O007405,C01094,2026-02-27,Completed,0
O007406,C00197,2026-07-02,Completed,10
O007407,C00574,2026-04-28,Completed,15
O007408,C00879,2026-08-07,Completed,5
O007409,C01277,2026-05-24,Completed,5
O007410,C00733,2026-03-31,Completed,20
O007411,C01313,2026-03-08,Completed,10
O007412,C01046,2026-03-19,Completed,15
O007413,C01172,2025-09-15,Completed,5
O007414,C01554,2025-06-20,Completed,5
O007415,C00943,2026-02-03,Completed,15
O007416,C00873,2026-06-05,Completed,0
O007417,C01339,2025-09-04,Completed,10
O007418,C01344,2025-11-27,Completed,0
O007419,C00506,2025-05-19,Completed,5
O007420,C00709,2026-06-03,Completed,0
O007421,C00748,2025-12-06,Completed,10
O007422,C01484,2026-06-14,Completed,20
O007423,C00161,2025-04-04,Completed,10
O007424,C01124,2026-01-12,Completed,0
O007425,C01339,2025-10-20,Completed,0
O007426,C00471,2026-05-31,Completed,20
O007427,C01665,2025-10-16,Completed,5
O007428,C01446,2026-08-16,Completed,0
O007429,C01193,2025-08-17,Completed,10
O007430,C01963,2026-04-09,Completed,0
O007431,C00657,2026-01-27,Completed,0
O007432,C00180,2026-06-17,Completed,30
O007433,C01566,2025-12-18,Cancelled,0
O007434,C00322,2025-07-22,Completed,0
O007435,C01668,2026-03-07,Completed,15
O007436,C01834,2025-12-11,Completed,15
O007437,C01514,2026-08-01,Completed,15
O007438,C01979,2026-02-13,Completed,10
O007439,C01114,2026-02-16,Completed,30
O007440,C01904,2025-10-17,Completed,15
O007441,C01647,2026-03-20,Completed,10
O007442,C01059,2026-04-27,Completed,0
O007443,C00511,2026-05-12,Completed,0
O007444,C01294,2026-03-26,Completed,5
O007445,C01519,2026-03-28,Completed,0
O007446,C01126,2025-09-16,Completed,15
O007447,C00674,2026-05-17,Completed,15
O007448,C01729,2026-05-04,Completed,5
O007449,C00659,2026-07-30,Completed,30
O007450,C01909,2026-05-25,Cancelled,10
O007451,C01314,2026-05-03,Cancelled,15
O007452,C00519,2026-05-15,Completed,0
O007453,C01338,2026-05-29,Completed,5
O007454,C00450,2026-08-05,Completed,0
O007455,C00827,2026-01-12,Completed,0
O007456,C01805,2025-03-24,Completed,10
O007457,C00058,2025-11-19,Completed,0
O007458,C00143,2025-06-14,Completed,5
O007459,C00376,2025-06-26,Completed,20
O007460,C00984,2025-09-02,Completed,0
O007461,C01533,2025-07-17,Completed,0
O007462,C01221,2025-09-16,Completed,0
O007463,C00160,2026-02-28,Completed,20
O007464,C00152,2026-01-26,Completed,5
O007465,C01225,2025-11-10,Completed,5
O007466,C00866,2026-07-27,Completed,15
O007467,C01401,2026-08-08,Completed,20
O007468,C02000,2025-07-27,Completed,20
O007469,C00640,2025-05-14,Completed,15
O007470,C01204,2025-10-11,Completed,0
O007471,C00023,2026-04-02,Completed,0
O007472,C01204,2025-08-06,Completed,30
O007473,C00745,2026-02-28,Completed,0
O007474,C01640,2025-07-31,Completed,5
O007475,C00420,2026-02-22,Completed,0
O007476,C00918,2026-07-15,Completed,5
O007477,C01381,2026-08-07,Completed,0
O007478,C00885,2025-12-07,Completed,5
O007479,C01807,2026-07-05,Completed,15
O007480,C00886,2025-12-12,Completed,5
O007481,C01333,2026-08-15,Completed,15
O007482,C01101,2026-02-03,Completed,20
O007483,C00078,2026-04-21,Completed,10
O007484,C01159,2026-07-14,Completed,10
O007485,C00292,2026-04-04,Completed,10
O007486,C01230,2026-04-03,Completed,5
O007487,C00449,2026-07-26,Completed,0
O007488,C00824,2026-05-19,Completed,5
O007489,C00010,2026-05-01,Completed,0
O007490,C00715,2026-01-07,Completed,5
O007491,C01522,2026-05-01,Cancelled,5
O007492,C01131,2026-04-21,Completed,0
O007493,C01879,2026-02-11,Completed,5
O007494,C00152,2026-03-15,Completed,0
O007495,C01703,2026-02-11,Cancelled,10
O007496,C00778,2026-03-31,Completed,15
O007497,C01990,2025-04-30,Completed,10
O007498,C00262,2025-12-15,Completed,10
O007499,C00016,2025-05-28,Completed,10
O007500,C01702,2025-03-02,Completed,30
O007501,C01436,2025-12-30,Completed,10
O007502,C00438,2026-03-13,Completed,0
O007503,C00587,2025-11-07,Completed,5
O007504,C00480,2026-06-14,Completed,5
O007505,C00204,2026-02-10,Completed,0
O007506,C00512,2026-07-01,Completed,0
O007507,C00688,2026-06-01,Completed,0
O007508,C00569,2026-07-31,Completed,0
O007509,C00986,2026-04-26,Completed,5
O007510,C00224,2026-08-02,Completed,5
O007511,C01099,2026-06-23,Completed,10
O007512,C01679,2025-07-21,Completed,0
O007513,C01734,2026-05-13,Completed,0
O007514,C01650,2026-05-15,Completed,30
O007515,C01577,2026-03-07,Completed,5
O007516,C01256,2025-11-24,Completed,20
O007517,C00995,2025-10-31,Completed,0
O007518,C01281,2026-07-06,Completed,30
O007519,C01124,2026-03-13,Completed,0
O007520,C00090,2025-06-10,Completed,10
O007521,C00253,2025-06-15,Completed,20
O007522,C00136,2025-11-26,Cancelled,20
O007523,C00824,2025-09-15,Completed,10
O007524,C01718,2025-11-14,Completed,0
O007525,C00866,2026-05-20,Completed,10
O007526,C00052,2026-05-01,Completed,10
O007527,C00211,2026-04-17,Completed,5
O007528,C01638,2025-11-16,Completed,10
O007529,C01345,2026-03-10,Completed,10
O007530,C00128,2026-03-15,Completed,5
O007531,C00438,2026-03-03,Completed,0
O007532,C00970,2026-07-06,Completed,0
O007533,C00086,2026-05-15,Completed,20
O007534,C00206,2026-05-17,Completed,10
O007535,C01982,2025-12-16,Completed,20
O007536,C01393,2025-09-18,Completed,10
O007537,C00030,2026-06-30,Completed,0
O007538,C01052,2025-11-12,Cancelled,20
O007539,C00654,2026-06-08,Completed,0
O007540,C00741,2026-01-03,Completed,0
O007541,C00371,2026-02-08,Completed,20
O007542,C01320,2026-02-21,Completed,20
O007543,C01883,2026-03-16,Completed,5
O007544,C00567,2026-06-21,Completed,15
O007545,C00367,2026-07-31,Completed,0
O007546,C00325,2026-05-04,Completed,0
O007547,C01446,2025-12-08,Completed,0
O007548,C01921,2026-03-07,Completed,0
O007549,C01927,2026-08-07,Completed,10
O007550,C01831,2025-07-07,Completed,10
O007551,C01283,2026-04-14,Completed,0
O007552,C00107,2025-10-22,Completed,10
O007553,C01065,2026-04-04,Completed,10
O007554,C01685,2025-04-15,Completed,30
O007555,C00065,2026-04-30,Completed,0
O007556,C01322,2025-09-06,Completed,0
O007557,C00718,2026-02-01,Completed,20
O007558,C01148,2026-04-27,Completed,15
O007559,C01781,2026-01-15,Completed,15
O007560,C00990,2025-06-27,Completed,10
O007561,C00371,2026-04-17,Completed,5
O007562,C01736,2026-03-20,Completed,15
O007563,C00258,2026-03-21,Completed,15
O007564,C01618,2025-12-22,Completed,0
O007565,C00329,2026-02-13,Completed,10
O007566,C00221,2026-01-14,Completed,5
O007567,C00943,2025-10-15,Completed,15
O007568,C01297,2025-10-28,Cancelled,0
O007569,C00227,2025-11-01,Completed,5
O007570,C01136,2026-03-12,Completed,10
O007571,C00360,2026-06-27,Completed,15
O007572,C01320,2026-06-20,Completed,30
O007573,C00429,2025-12-31,Completed,15
O007574,C01297,2025-07-06,Completed,5
O007575,C01564,2026-04-09,Completed,30
O007576,C01978,2026-07-02,Completed,5
O007577,C00743,2026-03-02,Completed,15
O007578,C00786,2026-04-07,Completed,0
O007579,C01764,2026-03-01,Completed,5
O007580,C01987,2025-12-05,Completed,0
O007581,C00623,2025-07-25,Completed,5
O007582,C01143,2026-02-04,Completed,5
O007583,C00471,2025-08-12,Completed,0
O007584,C00309,2026-06-20,Completed,0
O007585,C00142,2025-08-07,Completed,0
O007586,C01743,2026-07-29,Completed,15
O007587,C01602,2025-05-30,Completed,5
O007588,C00425,2026-04-08,Completed,10
O007589,C01614,2026-07-06,Completed,30
O007590,C01713,2025-12-31,Completed,5
O007591,C00738,2025-08-19,Completed,15
O007592,C01855,2025-05-20,Completed,5
O007593,C01082,2026-03-31,Completed,5
O007594,C01297,2026-04-18,Cancelled,5
O007595,C01330,2026-04-23,Completed,10
O007596,C00251,2026-06-20,Completed,10
O007597,C01075,2026-05-12,Completed,5
O007598,C01465,2026-05-08,Completed,0
O007599,C01247,2025-09-26,Cancelled,5
O007600,C01489,2026-01-12,Completed,30
O007601,C01719,2026-06-25,Completed,15
O007602,C01928,2026-05-20,Completed,20
O007603,C01391,2025-07-11,Completed,15
O007604,C01111,2026-07-18,Completed,10
O007605,C01164,2026-07-11,Completed,5
O007606,C00579,2026-03-06,Completed,5
O007607,C01121,2026-04-10,Completed,10
O007608,C01794,2026-02-17,Completed,10
O007609,C00216,2025-11-18,Completed,5
O007610,C01995,2026-03-25,Completed,0
O007611,C00407,2026-03-11,Completed,30
O007612,C01218,2026-02-16,Completed,10
O007613,C01033,2025-08-13,Completed,10
O007614,C00748,2026-08-03,Completed,5
O007615,C01500,2026-06-30,Completed,0
O007616,C00462,2025-12-27,Completed,20
O007617,C00282,2026-07-28,Completed,0
O007618,C00273,2026-02-19,Completed,0
O007619,C01628,2026-02-21,Completed,10
O007620,C01522,2026-02-13,Completed,5
O007621,C00490,2025-10-10,Completed,0
O007622,C00258,2026-04-23,Completed,0
O007623,C01676,2026-06-08,Completed,0
O007624,C00670,2026-08-02,Completed,20
O007625,C01063,2026-08-11,Completed,15
O007626,C00496,2025-12-22,Completed,0
O007627,C01987,2026-03-01,Completed,0
O007628,C00499,2026-03-18,Cancelled,0
O007629,C01094,2026-03-01,Completed,20
O007630,C01681,2025-09-19,Cancelled,0
O007631,C00697,2026-06-02,Cancelled,0
O007632,C00462,2026-03-06,Completed,10
O007633,C01255,2026-01-29,Completed,0
O007634,C00744,2026-07-08,Completed,5
O007635,C01649,2026-03-29,Completed,20
O007636,C00394,2026-03-28,Completed,30
O007637,C00860,2026-08-19,Completed,30
O007638,C01802,2026-07-10,Completed,10
O007639,C01421,2026-07-02,Completed,30
O007640,C00861,2026-03-03,Completed,15
O007641,C01568,2026-07-15,Completed,30
O007642,C01171,2026-03-15,Completed,0
O007643,C00486,2026-08-16,Completed,15
O007644,C01833,2025-02-19,Completed,0
O007645,C01263,2026-04-03,Completed,0
O007646,C00803,2026-08-05,Completed,20
O007647,C01426,2025-08-26,Completed,0
O007648,C00162,2026-08-17,Completed,0
O007649,C01195,2026-05-01,Completed,10
O007650,C00909,2026-07-09,Completed,5
O007651,C00366,2025-09-14,Completed,10
O007652,C01701,2026-03-12,Cancelled,15
O007653,C00907,2026-06-27,Cancelled,0
O007654,C01890,2026-06-29,Completed,10
O007655,C01627,2025-03-10,Completed,5
O007656,C01473,2025-11-07,Completed,15
O007657,C01952,2025-12-20,Completed,15
O007658,C00459,2025-09-21,Completed,5
O007659,C00726,2025-05-31,Completed,20
O007660,C00276,2025-03-10,Completed,0
O007661,C00321,2025-11-17,Completed,0
O007662,C00294,2026-04-08,Completed,15
O007663,C01632,2026-03-29,Completed,10
O007664,C01086,2026-07-27,Completed,0
O007665,C01587,2026-03-23,Completed,15
O007666,C01473,2025-11-26,Completed,0
O007667,C01804,2026-06-14,Completed,0
O007668,C00763,2026-01-04,Completed,10
O007669,C01681,2026-02-24,Completed,0
O007670,C01796,2025-05-15,Completed,0
O007671,C00813,2026-06-26,Completed,10
O007672,C01720,2026-06-07,Completed,10
O007673,C01786,2026-03-23,Completed,5
O007674,C01790,2026-07-11,Completed,20
O007675,C01399,2026-04-06,Completed,20
O007676,C00361,2026-05-01,Completed,0
O007677,C00931,2026-06-20,Completed,15
O007678,C00755,2026-02-20,Completed,5
O007679,C01468,2026-05-15,Completed,15
O007680,C01366,2025-06-17,Completed,0
O007681,C01409,2026-01-08,Completed,20
O007682,C01304,2026-03-21,Completed,5
O007683,C01399,2026-04-14,Completed,0
O007684,C01672,2026-03-23,Completed,5
O007685,C01706,2026-05-13,Completed,5
O007686,C01584,2025-10-03,Completed,0
O007687,C01827,2025-12-05,Completed,0
O007688,C01351,2026-05-16,Completed,10
O007689,C01717,2026-07-07,Completed,0
O007690,C00397,2026-05-12,Completed,20
O007691,C00672,2026-01-22,Completed,30
O007692,C01715,2025-05-15,Completed,0
O007693,C00844,2025-08-26,Completed,20
O007694,C00110,2026-07-03,Completed,10
O007695,C01525,2026-05-12,Completed,5
O007696,C00922,2026-03-06,Completed,0
O007697,C00931,2026-06-19,Completed,15
O007698,C01276,2026-05-13,Completed,5
O007699,C00129,2026-08-20,Completed,0
O007700,C01250,2025-12-28,Completed,30
O007701,C00646,2026-04-08,Completed,15
O007702,C00351,2025-11-26,Completed,10
O007703,C00678,2026-04-20,Completed,10
O007704,C01880,2026-08-18,Completed,15
O007705,C01730,2026-07-02,Completed,5
O007706,C01944,2026-06-26,Completed,5
O007707,C00350,2026-02-26,Completed,30
O007708,C00398,2026-05-24,Completed,0
O007709,C00187,2026-04-25,Completed,15
O007710,C01102,2026-08-13,Completed,15
O007711,C01149,2025-12-22,Completed,0
O007712,C00826,2026-06-05,Completed,0
O007713,C00724,2025-07-30,Completed,5
O007714,C00781,2026-03-11,Completed,20
O007715,C00921,2026-02-06,Completed,15
O007716,C01416,2026-03-13,Completed,10
O007717,C01537,2026-07-24,Completed,15
O007718,C02000,2025-12-02,Completed,10
O007719,C00158,2026-06-06,Cancelled,0
O007720,C01226,2026-05-07,Completed,15
O007721,C01363,2026-07-31,Completed,20
O007722,C00816,2025-12-15,Completed,30
O007723,C00239,2025-07-26,Completed,15
O007724,C01413,2026-03-17,Completed,10
O007725,C00410,2025-03-18,Completed,5
O007726,C00268,2026-03-09,Completed,20
O007727,C00398,2026-06-12,Completed,5
O007728,C01398,2025-05-28,Completed,5
O007729,C01812,2025-07-07,Completed,15
O007730,C01876,2026-04-29,Completed,0
O007731,C01743,2026-03-30,Completed,0
O007732,C00730,2026-05-31,Completed,0
O007733,C01041,2026-06-11,Completed,5
O007734,C00150,2026-03-25,Completed,0
O007735,C00861,2026-01-17,Completed,20
O007736,C01435,2026-04-28,Completed,0
O007737,C00452,2026-07-14,Completed,20
O007738,C00050,2026-02-17,Completed,10
O007739,C00890,2025-06-25,Completed,10
O007740,C00924,2026-03-24,Completed,10
O007741,C00189,2025-10-06,Completed,0
O007742,C01403,2025-11-11,Completed,5
O007743,C01005,2026-06-29,Completed,5
O007744,C00777,2026-08-20,Completed,0
O007745,C00584,2025-09-05,Completed,0
O007746,C01830,2026-01-20,Cancelled,5
O007747,C01451,2026-06-06,Cancelled,10
O007748,C01422,2026-01-22,Completed,0
O007749,C00741,2026-04-16,Completed,10
O007750,C01315,2026-04-29,Completed,0
O007751,C00908,2026-01-20,Completed,0
O007752,C01125,2026-04-16,Completed,10
O007753,C01104,2026-03-14,Completed,15
O007754,C01323,2026-01-20,Completed,5
O007755,C00069,2026-03-21,Completed,10
O007756,C00427,2026-04-21,Completed,15
O007757,C01746,2025-10-13,Completed,5
O007758,C01962,2026-04-03,Completed,0
O007759,C01534,2026-04-14,Completed,20
O007760,C00074,2026-03-09,Completed,30
O007761,C00498,2026-03-04,Completed,0
O007762,C01044,2025-10-25,Completed,15
O007763,C00545,2026-07-05,Completed,20
O007764,C01572,2026-07-07,Completed,15
O007765,C00463,2026-02-20,Completed,0
O007766,C01746,2025-12-02,Completed,5
O007767,C01859,2025-06-30,Completed,15
O007768,C01474,2026-05-07,Completed,10
O007769,C00408,2025-09-03,Completed,5
O007770,C00714,2026-02-03,Completed,20
O007771,C00854,2026-06-09,Completed,0
O007772,C01228,2026-05-14,Completed,0
O007773,C01051,2025-06-07,Completed,5
O007774,C01119,2025-07-04,Completed,0
O007775,C01299,2025-10-01,Completed,10
O007776,C01908,2026-08-20,Completed,20
O007777,C00982,2025-03-26,Completed,10
O007778,C00709,2026-06-11,Completed,20
O007779,C00394,2026-02-16,Completed,10
O007780,C00525,2026-02-16,Completed,10
O007781,C01924,2025-11-02,Completed,10
O007782,C00938,2025-09-30,Completed,0
O007783,C01718,2026-06-11,Completed,5
O007784,C00064,2026-04-18,Completed,10
O007785,C01682,2026-04-28,Completed,0
O007786,C00064,2026-04-16,Completed,10
O007787,C00247,2025-09-02,Completed,20
O007788,C01062,2026-03-05,Cancelled,30
O007789,C00126,2026-08-12,Completed,15
O007790,C01681,2025-08-05,Completed,0
O007791,C00801,2025-09-28,Completed,0
O007792,C00318,2026-01-02,Completed,0
O007793,C01744,2026-06-27,Completed,0
O007794,C01004,2025-12-12,Completed,5
O007795,C00593,2025-12-19,Completed,0
O007796,C01267,2026-01-25,Completed,0
O007797,C01769,2026-04-11,Completed,0
O007798,C00621,2026-04-26,Completed,10
O007799,C00142,2026-02-02,Completed,10
O007800,C00860,2026-04-04,Completed,20
O007801,C01565,2026-02-23,Completed,30
O007802,C00618,2026-05-02,Completed,10
O007803,C01284,2025-09-02,Completed,0
O007804,C00648,2026-08-05,Completed,10
O007805,C01460,2026-02-02,Completed,0
O007806,C00981,2026-08-15,Completed,5
O007807,C00490,2026-01-29,Completed,0
O007808,C01983,2026-04-28,Completed,0
O007809,C01462,2025-09-29,Completed,5
O007810,C00225,2026-04-04,Completed,5
O007811,C00855,2026-04-24,Completed,30
O007812,C00056,2026-07-26,Cancelled,20
O007813,C00435,2025-11-14,Completed,15
O007814,C00381,2025-12-19,Completed,10
O007815,C01086,2026-04-20,Completed,15
O007816,C01569,2026-06-05,Completed,0
O007817,C01200,2025-06-10,Completed,20
O007818,C01403,2026-02-11,Completed,0
O007819,C00723,2026-06-21,Completed,10
O007820,C00362,2026-03-26,Completed,15
O007821,C00588,2026-03-26,Completed,5
O007822,C00831,2025-10-26,Completed,15
O007823,C00876,2026-07-06,Cancelled,0
O007824,C01543,2026-06-20,Completed,10
O007825,C00736,2025-05-10,Completed,0
O007826,C00189,2026-03-21,Completed,5
O007827,C00322,2025-07-11,Completed,10
O007828,C00078,2025-11-09,Completed,30
O007829,C01058,2026-06-06,Completed,5
O007830,C01514,2026-04-29,Completed,0
O007831,C01633,2026-04-13,Completed,20
O007832,C01551,2026-06-24,Completed,0
O007833,C01336,2025-11-21,Completed,0
O007834,C01788,2026-05-26,Completed,0
O007835,C01945,2026-03-01,Completed,0
O007836,C01769,2026-06-02,Completed,0
O007837,C01210,2026-08-19,Completed,0
O007838,C01425,2025-11-01,Completed,20
O007839,C01198,2026-01-09,Completed,0
O007840,C00028,2025-10-06,Completed,5
O007841,C00070,2026-01-15,Completed,5
O007842,C00168,2025-11-28,Completed,0
O007843,C00071,2026-03-02,Completed,20
O007844,C01081,2026-04-21,Completed,10
O007845,C00829,2025-08-26,Completed,30
O007846,C00614,2026-04-26,Completed,30
O007847,C00279,2026-08-02,Completed,30
O007848,C01246,2026-03-27,Cancelled,10
O007849,C00320,2026-04-08,Completed,15
O007850,C01850,2025-12-30,Cancelled,0
O007851,C00985,2026-02-28,Cancelled,0
O007852,C00272,2026-05-31,Completed,15
O007853,C00294,2026-06-29,Cancelled,10
O007854,C00848,2026-06-11,Completed,15
O007855,C00684,2025-04-04,Completed,5
O007856,C00465,2026-07-27,Completed,5
O007857,C01421,2026-03-14,Completed,0
O007858,C01500,2025-09-23,Completed,5
O007859,C00573,2026-05-04,Completed,0
O007860,C00082,2026-03-16,Completed,10
O007861,C00044,2026-04-10,Completed,0
O007862,C01115,2026-04-16,Completed,0
O007863,C01788,2025-04-24,Completed,30
O007864,C01577,2025-10-07,Completed,5
O007865,C01406,2026-02-11,Completed,15
O007866,C00831,2026-03-20,Completed,15
O007867,C01635,2026-03-27,Completed,20
O007868,C01062,2026-05-19,Completed,10
O007869,C00556,2026-04-04,Completed,5
O007870,C00057,2026-06-08,Completed,0
O007871,C01583,2026-07-01,Completed,0
O007872,C00110,2026-07-13,Completed,5
O007873,C01576,2026-03-31,Completed,0
O007874,C01128,2025-07-22,Cancelled,5
O007875,C00113,2026-01-05,Completed,20
O007876,C00762,2025-08-09,Completed,10
O007877,C01766,2025-11-04,Completed,0
O007878,C00541,2026-03-30,Completed,10
O007879,C00071,2026-01-30,Cancelled,30
O007880,C00595,2025-12-10,Completed,5
O007881,C01026,2025-12-02,Completed,20
O007882,C01882,2026-01-21,Completed,5
O007883,C01777,2025-12-29,Completed,30
O007884,C00540,2025-11-21,Completed,5
O007885,C01276,2026-06-03,Completed,5
O007886,C01830,2026-04-09,Completed,5
O007887,C00870,2026-05-24,Completed,10
O007888,C00538,2026-01-23,Completed,20
O007889,C00062,2026-03-02,Completed,0
O007890,C00060,2026-08-14,Completed,10
O007891,C00828,2025-03-22,Cancelled,5
O007892,C01674,2026-02-20,Completed,15
O007893,C01772,2025-06-10,Completed,0
O007894,C01085,2026-03-18,Completed,30
O007895,C01512,2026-05-24,Completed,0
O007896,C00600,2026-06-28,Completed,0
O007897,C01616,2025-02-26,Completed,0
O007898,C01178,2025-12-24,Completed,10
O007899,C00687,2026-06-20,Completed,5
O007900,C00869,2026-07-21,Completed,10
O007901,C01262,2026-04-16,Completed,30
O007902,C00156,2026-07-19,Completed,0
O007903,C01231,2026-04-26,Completed,0
O007904,C01153,2026-03-19,Completed,30
O007905,C01661,2025-08-20,Completed,15
O007906,C00690,2026-07-12,Completed,5
O007907,C01930,2026-03-23,Completed,0
O007908,C01307,2026-07-07,Completed,20
O007909,C00469,2026-06-01,Completed,0
O007910,C00011,2025-12-10,Completed,15
O007911,C00973,2026-01-01,Completed,10
O007912,C01663,2025-06-29,Completed,0
O007913,C01242,2026-06-16,Completed,10
O007914,C01635,2026-04-02,Completed,5
O007915,C00730,2026-07-23,Completed,30
O007916,C00881,2025-12-20,Completed,5
O007917,C00823,2025-12-07,Completed,0
O007918,C01021,2026-07-01,Completed,5
O007919,C00113,2026-06-02,Completed,0
O007920,C00601,2026-06-13,Completed,0
O007921,C01292,2025-11-02,Cancelled,20
O007922,C00121,2026-06-01,Completed,0
O007923,C01328,2025-04-01,Completed,20
O007924,C01713,2026-02-16,Completed,20
O007925,C01034,2025-08-31,Completed,0
O007926,C01413,2026-06-08,Completed,30
O007927,C01029,2025-10-23,Completed,10
O007928,C01759,2025-11-27,Completed,0
O007929,C00078,2026-04-17,Completed,0
O007930,C00790,2025-12-20,Completed,0
O007931,C00004,2026-07-01,Completed,0
O007932,C00192,2026-03-17,Completed,0
O007933,C00986,2026-07-23,Completed,5
O007934,C00591,2025-12-07,Completed,30
O007935,C01935,2026-04-21,Completed,0
O007936,C00534,2026-01-24,Completed,0
O007937,C00542,2025-12-26,Completed,0
O007938,C00073,2026-02-17,Completed,10
O007939,C01365,2026-04-05,Completed,0
O007940,C01231,2026-04-30,Completed,15
O007941,C01045,2026-08-04,Completed,5
O007942,C01230,2026-04-30,Completed,5
O007943,C01089,2025-08-09,Completed,0
O007944,C01907,2026-01-23,Completed,0
O007945,C00326,2026-04-22,Completed,0
O007946,C00993,2026-05-04,Completed,15
O007947,C01331,2026-05-03,Completed,10
O007948,C00625,2026-02-15,Completed,20
O007949,C00059,2026-02-19,Completed,0
O007950,C01484,2026-02-10,Completed,20
O007951,C01805,2026-01-14,Completed,0
O007952,C01581,2025-12-17,Completed,10
O007953,C01034,2026-05-02,Completed,5
O007954,C01555,2025-08-20,Cancelled,15
O007955,C00762,2025-11-26,Completed,0
O007956,C00507,2026-01-09,Completed,20
O007957,C01975,2026-06-26,Completed,0
O007958,C01599,2025-12-19,Completed,0
O007959,C00252,2026-01-07,Completed,0
O007960,C00398,2026-01-25,Completed,5
O007961,C01635,2025-10-20,Cancelled,20
O007962,C01825,2025-11-22,Completed,20
O007963,C01581,2025-11-05,Completed,10
O007964,C01500,2025-10-20,Completed,0
O007965,C00103,2026-03-28,Cancelled,0
O007966,C00037,2026-07-01,Completed,0
O007967,C01372,2026-03-22,Completed,15
O007968,C00184,2026-05-14,Completed,0
O007969,C00691,2026-06-28,Completed,10
O007970,C00997,2025-09-12,Completed,5
O007971,C00585,2026-05-24,Completed,5
O007972,C01049,2026-03-11,Completed,5
O007973,C01280,2026-02-23,Completed,0
O007974,C00634,2026-08-10,Completed,0
O007975,C01781,2026-08-02,Completed,5
O007976,C01501,2026-07-26,Completed,0
O007977,C00438,2026-02-24,Cancelled,10
O007978,C00222,2026-08-08,Completed,0
O007979,C01552,2025-12-21,Completed,5
O007980,C00485,2026-01-29,Completed,5
O007981,C01580,2026-04-10,Completed,5
O007982,C01913,2026-07-16,Completed,0
O007983,C01607,2026-01-07,Completed,5
O007984,C00171,2026-06-16,Completed,0
O007985,C00185,2026-07-05,Cancelled,0
O007986,C00994,2026-02-15,Completed,0
O007987,C01468,2026-07-11,Completed,0
O007988,C01349,2026-01-27,Completed,30
O007989,C01273,2026-07-24,Completed,15
O007990,C00682,2026-06-03,Completed,5
O007991,C00432,2025-11-04,Completed,20
O007992,C01985,2026-07-26,Completed,5
O007993,C00057,2026-08-04,Completed,5
O007994,C00841,2025-08-27,Completed,20
O007995,C01282,2025-08-29,Completed,0
O007996,C00628,2026-05-03,Completed,0
O007997,C00234,2026-08-01,Completed,30
O007998,C00805,2026-08-15,Completed,0
O007999,C01954,2026-03-29,Completed,0
O008000,C00948,2025-09-21,Completed,0
O008001,C00254,2026-08-13,Completed,0
O008002,C00580,2026-02-10,Completed,20
O008003,C01722,2025-08-21,Completed,0
O008004,C00246,2026-03-18,Completed,10
O008005,C01408,2026-06-27,Completed,20
O008006,C01156,2026-02-12,Completed,20
O008007,C01838,2026-04-04,Completed,0
O008008,C01852,2026-08-04,Completed,5
O008009,C01942,2026-02-11,Completed,0
O008010,C00098,2025-03-04,Cancelled,0
O008011,C01824,2026-07-01,Completed,5
O008012,C01696,2025-11-24,Completed,10
O008013,C01511,2025-12-12,Completed,5
O008014,C01313,2025-10-31,Completed,0
O008015,C01600,2026-04-29,Completed,20
O008016,C00838,2026-01-05,Completed,20
O008017,C01079,2026-04-08,Cancelled,5
O008018,C00407,2026-01-20,Completed,10
O008019,C00061,2026-07-12,Completed,10
O008020,C00939,2026-07-24,Completed,5
O008021,C00613,2026-06-19,Completed,0
O008022,C01868,2026-01-21,Completed,20
O008023,C01934,2026-05-17,Completed,20
O008024,C00369,2026-04-12,Completed,5
O008025,C01780,2025-04-22,Completed,15
O008026,C00156,2026-04-11,Cancelled,5
O008027,C01487,2025-08-18,Cancelled,20
O008028,C01572,2026-02-18,Completed,15
O008029,C00060,2026-04-01,Completed,15
O008030,C00068,2026-05-07,Completed,5
O008031,C01155,2026-05-17,Completed,30
O008032,C00919,2025-12-07,Completed,5
O008033,C01731,2026-05-05,Completed,10
O008034,C01358,2026-04-24,Completed,0
O008035,C01963,2026-04-11,Completed,5
O008036,C01081,2026-05-08,Completed,15
O008037,C01636,2026-03-31,Completed,10
O008038,C00201,2025-10-29,Completed,20
O008039,C00998,2026-05-12,Cancelled,0
O008040,C01718,2026-05-24,Completed,0
O008041,C00875,2025-10-16,Completed,10
O008042,C01544,2026-04-19,Completed,15
O008043,C00266,2026-01-22,Completed,0
O008044,C01015,2026-07-17,Completed,20
O008045,C00640,2026-02-18,Completed,15
O008046,C00351,2026-01-20,Completed,5
O008047,C00909,2026-06-25,Completed,5
O008048,C00896,2026-04-28,Completed,30
O008049,C00527,2026-03-09,Completed,10
O008050,C00066,2026-03-04,Completed,5
O008051,C01264,2025-08-06,Completed,15
O008052,C00599,2025-10-16,Completed,10
O008053,C01228,2026-01-10,Completed,5
O008054,C00511,2026-05-12,Completed,5
O008055,C01964,2026-05-01,Completed,0
O008056,C01768,2026-03-18,Completed,0
O008057,C00809,2026-03-10,Completed,5
O008058,C01443,2026-05-18,Completed,5
O008059,C01288,2026-04-23,Completed,10
O008060,C00526,2026-06-14,Completed,0
O008061,C00627,2025-09-02,Completed,15
O008062,C00144,2026-02-28,Completed,10
O008063,C01142,2026-04-22,Completed,0
O008064,C01404,2026-04-19,Completed,15
O008065,C00212,2025-10-17,Completed,5
O008066,C00778,2025-03-30,Completed,0
O008067,C01417,2026-04-10,Cancelled,0
O008068,C00847,2025-04-10,Completed,15
O008069,C00375,2026-03-03,Completed,5
O008070,C01798,2025-10-06,Completed,5
O008071,C01960,2026-07-29,Completed,0
O008072,C00592,2026-04-03,Completed,5
O008073,C01742,2025-09-09,Completed,0
O008074,C00514,2026-06-01,Completed,0
O008075,C00556,2026-03-16,Completed,0
O008076,C01260,2026-06-18,Completed,0
O008077,C01499,2025-08-07,Completed,30
O008078,C01983,2026-04-11,Completed,15
O008079,C01819,2026-04-01,Completed,15
O008080,C00403,2026-08-15,Completed,0
O008081,C00167,2026-06-30,Completed,0
O008082,C00623,2026-05-16,Completed,30
O008083,C00903,2025-08-09,Completed,5
O008084,C00488,2026-07-05,Completed,10
O008085,C00822,2026-06-20,Completed,5
O008086,C01882,2026-04-13,Completed,5
O008087,C01545,2026-04-26,Completed,20
O008088,C00927,2026-08-08,Completed,5
O008089,C00517,2026-08-14,Completed,15
O008090,C01464,2026-06-11,Completed,0
O008091,C00974,2025-08-04,Completed,0
O008092,C00644,2025-10-08,Completed,5
O008093,C00532,2026-03-24,Completed,20
O008094,C00702,2026-02-08,Completed,5
O008095,C01188,2026-02-20,Completed,10
O008096,C00766,2025-10-01,Completed,15
O008097,C01041,2025-09-11,Completed,15
O008098,C01834,2026-01-07,Completed,20
O008099,C00442,2026-07-04,Completed,15
O008100,C01124,2026-07-11,Completed,0
O008101,C00703,2026-01-23,Completed,15
O008102,C00126,2026-07-14,Completed,10
O008103,C00542,2026-08-19,Completed,10
O008104,C00951,2025-12-04,Completed,15
O008105,C01476,2026-03-26,Completed,0
O008106,C01809,2025-08-10,Completed,0
O008107,C01385,2026-02-24,Completed,5
O008108,C01267,2025-10-24,Completed,0
O008109,C01728,2025-11-21,Completed,5
O008110,C01567,2026-07-09,Completed,5
O008111,C01734,2025-12-25,Completed,0
O008112,C01105,2026-06-10,Completed,10
O008113,C01965,2026-07-09,Completed,0
O008114,C00327,2026-04-22,Completed,10
O008115,C01014,2026-05-03,Completed,15
O008116,C01716,2025-07-04,Completed,10
O008117,C00348,2025-04-10,Cancelled,15
O008118,C00367,2026-03-28,Completed,15
O008119,C01127,2025-07-16,Completed,5
O008120,C01025,2026-04-13,Completed,30
O008121,C00017,2026-07-25,Completed,5
O008122,C01962,2025-08-16,Completed,0
O008123,C01567,2026-06-10,Completed,5
O008124,C00414,2025-08-15,Completed,30
O008125,C00121,2025-08-27,Completed,10
O008126,C00654,2026-02-28,Completed,15
O008127,C01737,2026-07-05,Completed,10
O008128,C00775,2026-03-09,Completed,10
O008129,C01932,2026-03-23,Completed,0
O008130,C01837,2026-02-08,Completed,10
O008131,C00887,2026-01-02,Completed,5
O008132,C00840,2025-12-24,Cancelled,10
O008133,C01406,2026-04-05,Completed,0
O008134,C00006,2025-10-18,Completed,5
O008135,C00795,2026-03-17,Completed,5
O008136,C01340,2026-02-01,Completed,0
O008137,C00148,2025-04-11,Completed,20
O008138,C00990,2026-07-09,Completed,20
O008139,C00905,2026-03-03,Completed,0
O008140,C01886,2026-01-31,Completed,0
O008141,C01195,2026-04-29,Completed,0
O008142,C01772,2025-11-30,Completed,0
O008143,C00500,2025-10-05,Completed,5
O008144,C00819,2026-01-23,Completed,0
O008145,C00448,2026-06-10,Completed,15
O008146,C01574,2026-05-26,Cancelled,20
O008147,C00635,2026-05-26,Completed,0
O008148,C00680,2025-05-25,Completed,0
O008149,C01700,2026-05-24,Completed,20
O008150,C01364,2026-04-12,Completed,0
O008151,C01730,2026-04-14,Completed,5
O008152,C01169,2025-12-15,Completed,5
O008153,C01071,2026-04-22,Completed,20
O008154,C01753,2026-08-17,Completed,10
O008155,C01778,2026-03-21,Completed,15
O008156,C00203,2026-03-28,Cancelled,10
O008157,C00858,2026-01-02,Completed,15
O008158,C01762,2026-08-16,Completed,0
O008159,C00405,2026-05-15,Completed,5
O008160,C01104,2026-07-31,Completed,0
O008161,C01534,2026-01-17,Completed,10
O008162,C00865,2026-03-29,Completed,10
O008163,C00258,2026-06-29,Cancelled,5
O008164,C00449,2026-02-23,Completed,0
O008165,C00568,2026-06-17,Completed,5
O008166,C01382,2026-07-26,Cancelled,0
O008167,C01127,2026-05-04,Completed,10
O008168,C00085,2026-03-20,Completed,0
O008169,C01119,2025-07-14,Completed,5
O008170,C01246,2025-09-20,Completed,20
O008171,C00583,2025-12-15,Completed,10
O008172,C00426,2025-09-25,Completed,20
O008173,C01039,2025-02-28,Completed,0
O008174,C00174,2026-05-26,Completed,0
O008175,C00270,2025-10-19,Cancelled,0
O008176,C01187,2025-12-12,Completed,5
O008177,C01742,2025-08-11,Completed,0
O008178,C01508,2026-04-19,Completed,0
O008179,C00198,2026-08-10,Completed,5
O008180,C01806,2025-12-19,Completed,0
O008181,C00501,2026-04-25,Completed,5
O008182,C01367,2025-11-17,Completed,0
O008183,C01252,2026-04-14,Completed,20
O008184,C00643,2026-07-15,Completed,30
O008185,C00182,2026-08-10,Completed,20
O008186,C01310,2026-07-26,Completed,0
O008187,C00286,2026-01-01,Completed,5
O008188,C01169,2026-04-13,Completed,15
O008189,C00612,2026-08-02,Completed,5
O008190,C00128,2026-05-20,Completed,0
O008191,C00584,2025-09-09,Completed,0
O008192,C01500,2026-01-06,Completed,0
O008193,C01061,2026-04-08,Completed,0
O008194,C01266,2025-09-17,Completed,0
O008195,C00099,2026-07-21,Completed,10
O008196,C00670,2026-05-23,Completed,10
O008197,C01108,2025-04-27,Completed,10
O008198,C00768,2026-04-27,Completed,10
O008199,C01784,2026-01-23,Completed,0
O008200,C01268,2025-07-02,Completed,5
O008201,C00637,2026-07-14,Completed,20
O008202,C01040,2026-06-16,Completed,0
O008203,C01822,2026-07-13,Cancelled,0
O008204,C01309,2026-08-10,Completed,10
O008205,C00557,2025-07-12,Completed,0
O008206,C00616,2026-06-28,Completed,5
O008207,C00201,2025-09-18,Completed,20
O008208,C00490,2026-08-10,Cancelled,0
O008209,C00236,2026-07-23,Completed,5
O008210,C01669,2026-03-24,Completed,0
O008211,C01331,2026-05-21,Completed,0
O008212,C01984,2026-03-27,Cancelled,0
O008213,C01573,2026-01-13,Completed,5
O008214,C00095,2025-07-16,Completed,0
O008215,C01685,2025-01-13,Completed,10
O008216,C01746,2026-01-20,Completed,20
O008217,C00418,2025-06-27,Completed,0
O008218,C01565,2026-03-30,Completed,0
O008219,C01296,2026-02-02,Completed,20
O008220,C00326,2026-03-17,Completed,15
O008221,C01509,2026-02-10,Completed,5
O008222,C01714,2026-06-20,Completed,20
O008223,C00003,2026-07-16,Completed,5
O008224,C01643,2026-03-20,Completed,0
O008225,C00750,2025-07-15,Completed,0
O008226,C00450,2026-03-26,Completed,0
O008227,C01977,2026-02-28,Completed,0
O008228,C01979,2026-02-10,Completed,10
O008229,C00345,2026-07-19,Completed,20
O008230,C01642,2026-03-04,Completed,10
O008231,C01080,2026-01-08,Completed,0
O008232,C00215,2026-03-28,Completed,5
O008233,C01306,2026-07-12,Completed,20
O008234,C00097,2025-07-05,Completed,10
O008235,C00541,2026-01-26,Completed,10
O008236,C01302,2025-05-02,Completed,10
O008237,C01674,2026-07-23,Completed,5
O008238,C01692,2026-04-12,Completed,20
O008239,C00674,2026-03-26,Cancelled,10
O008240,C00974,2026-06-10,Completed,0
O008241,C00193,2026-07-05,Completed,10
O008242,C01437,2026-06-06,Completed,20
O008243,C01004,2026-01-28,Completed,0
O008244,C01115,2026-07-09,Completed,5
O008245,C00729,2026-02-28,Completed,5
O008246,C00077,2025-10-19,Completed,0
O008247,C00976,2026-05-05,Completed,10
O008248,C01456,2026-05-09,Completed,10
O008249,C00627,2026-06-09,Completed,5
O008250,C01245,2026-03-04,Completed,15
O008251,C01904,2025-08-25,Completed,10
O008252,C01868,2025-05-12,Completed,5
O008253,C01579,2025-04-10,Completed,15
O008254,C01290,2025-09-24,Completed,20
O008255,C00513,2026-01-25,Completed,0
O008256,C00397,2025-07-06,Completed,0
O008257,C00699,2026-08-02,Completed,10
O008258,C00455,2026-01-01,Completed,0
O008259,C00299,2026-03-14,Completed,5
O008260,C00683,2025-10-24,Cancelled,15
O008261,C01108,2025-06-20,Completed,0
O008262,C00154,2026-01-12,Completed,30
O008263,C01611,2026-01-29,Completed,0
O008264,C01889,2026-01-13,Completed,0
O008265,C01578,2026-08-20,Completed,0
O008266,C01401,2025-06-07,Completed,5
O008267,C01434,2025-07-28,Completed,15
O008268,C01205,2026-04-08,Completed,5
O008269,C01976,2025-09-17,Completed,0
O008270,C00161,2025-12-03,Completed,10
O008271,C01083,2026-04-02,Completed,30
O008272,C01959,2025-08-15,Completed,0
O008273,C00733,2026-03-15,Completed,20
O008274,C01801,2026-05-13,Cancelled,5
O008275,C00110,2026-04-21,Completed,0
O008276,C00726,2026-02-24,Completed,5
O008277,C00122,2026-07-14,Completed,5
O008278,C01685,2026-05-15,Completed,15
O008279,C00892,2026-01-24,Completed,15
O008280,C00473,2026-02-11,Completed,0
O008281,C00940,2025-09-08,Completed,5
O008282,C00036,2026-04-17,Completed,10
O008283,C00186,2026-07-04,Completed,10
O008284,C00926,2025-11-06,Completed,5
O008285,C00442,2026-03-07,Completed,5
O008286,C00166,2026-08-19,Completed,10
O008287,C00993,2026-07-22,Completed,20
O008288,C00139,2026-06-20,Completed,15
O008289,C00769,2025-07-19,Completed,0
O008290,C01122,2025-08-22,Cancelled,5
O008291,C00612,2026-05-29,Completed,10
O008292,C00597,2026-06-21,Completed,0
O008293,C00631,2026-05-09,Completed,10
O008294,C00855,2026-06-03,Completed,0
O008295,C00520,2026-03-11,Completed,20
O008296,C01216,2026-05-03,Completed,0
O008297,C00063,2026-06-01,Completed,0
O008298,C00425,2026-03-23,Completed,5
O008299,C01011,2025-08-11,Completed,0
O008300,C00349,2025-12-01,Completed,0
O008301,C01820,2026-04-20,Completed,0
O008302,C01961,2026-06-08,Completed,15
O008303,C01947,2026-03-09,Completed,0
O008304,C00469,2026-05-19,Completed,10
O008305,C01080,2025-06-09,Completed,5
O008306,C00262,2026-08-11,Completed,0
O008307,C00330,2025-12-27,Completed,10
O008308,C01288,2026-06-08,Completed,20
O008309,C01814,2026-04-22,Completed,10
O008310,C00094,2025-06-22,Completed,20
O008311,C00516,2025-10-01,Completed,5
O008312,C00579,2026-02-12,Completed,0
O008313,C01443,2025-02-16,Completed,5
O008314,C01419,2025-05-30,Completed,0
O008315,C00966,2025-07-31,Completed,0
O008316,C00814,2026-07-05,Completed,5
O008317,C01122,2026-05-20,Completed,0
O008318,C00299,2026-05-20,Completed,0
O008319,C01925,2026-08-15,Completed,10
O008320,C00480,2026-07-17,Completed,10
O008321,C00522,2025-12-26,Completed,10
O008322,C00759,2026-03-22,Completed,5
O008323,C01249,2026-06-11,Completed,15
O008324,C00533,2026-05-20,Completed,30
O008325,C01144,2026-06-20,Cancelled,20
O008326,C01110,2025-06-28,Completed,30
O008327,C00581,2026-08-16,Completed,30
O008328,C01701,2025-09-11,Completed,20
O008329,C01445,2026-03-30,Completed,10
O008330,C00408,2025-12-03,Completed,5
O008331,C01406,2026-02-28,Completed,30
O008332,C01187,2025-07-05,Completed,20
O008333,C00101,2026-04-11,Completed,5
O008334,C00355,2025-11-22,Completed,10
O008335,C01006,2026-02-18,Completed,0
O008336,C00355,2025-12-14,Completed,0
O008337,C00558,2026-02-25,Completed,5
O008338,C00699,2026-08-01,Completed,20
O008339,C01236,2026-05-02,Completed,0
O008340,C00111,2026-05-11,Completed,5
O008341,C00414,2025-09-14,Completed,20
O008342,C00205,2025-11-26,Completed,5
O008343,C00450,2026-05-07,Completed,5
O008344,C01741,2026-02-02,Completed,10
O008345,C01031,2026-05-30,Completed,15
O008346,C00034,2026-06-04,Completed,15
O008347,C01633,2026-01-28,Completed,20
O008348,C01042,2026-06-27,Completed,15
O008349,C00580,2026-01-24,Completed,30
O008350,C01715,2026-03-31,Completed,10
O008351,C01505,2026-08-12,Completed,5
O008352,C00426,2025-11-03,Completed,0
O008353,C00376,2026-08-12,Completed,30
O008354,C00047,2025-11-22,Completed,0
O008355,C00342,2026-04-08,Completed,0
O008356,C01660,2026-04-21,Completed,15
O008357,C01553,2025-07-14,Completed,10
O008358,C00143,2025-03-15,Completed,0
O008359,C00999,2026-08-18,Completed,15
O008360,C00647,2026-01-09,Completed,10
O008361,C01298,2026-07-21,Completed,10
O008362,C00526,2026-02-06,Completed,5
O008363,C00329,2026-04-04,Completed,10
O008364,C01619,2026-08-17,Completed,20
O008365,C00297,2026-08-16,Completed,15
O008366,C00909,2026-04-14,Completed,0
O008367,C00628,2026-08-09,Completed,30
O008368,C00653,2026-06-18,Completed,5
O008369,C00868,2025-07-06,Completed,20
O008370,C00074,2026-07-29,Completed,10
O008371,C00497,2026-01-09,Cancelled,10
O008372,C01521,2026-05-04,Completed,0
O008373,C00308,2026-03-03,Completed,20
O008374,C00038,2026-06-17,Completed,0
O008375,C01845,2025-08-14,Completed,30
O008376,C01130,2025-12-15,Completed,15
O008377,C01680,2026-07-08,Completed,5
O008378,C00118,2026-08-08,Completed,30
O008379,C00171,2026-07-09,Completed,0
O008380,C00667,2026-04-27,Completed,20
O008381,C01062,2026-05-24,Completed,0
O008382,C01285,2026-06-07,Completed,0
O008383,C01461,2025-10-06,Completed,15
O008384,C01651,2026-05-20,Completed,0
O008385,C00670,2025-03-27,Completed,5
O008386,C01132,2025-07-09,Completed,5
O008387,C01061,2026-02-04,Completed,15
O008388,C00388,2026-04-18,Completed,0
O008389,C01466,2026-02-16,Completed,0
O008390,C01232,2026-03-04,Completed,20
O008391,C01298,2026-05-21,Completed,15
O008392,C01049,2026-01-17,Completed,15
O008393,C01835,2025-03-18,Cancelled,10
O008394,C01350,2026-04-11,Completed,0
O008395,C00914,2025-04-01,Completed,0
O008396,C01231,2026-02-03,Completed,0
O008397,C01288,2026-05-04,Completed,10
O008398,C01336,2026-02-20,Completed,0
O008399,C00391,2026-03-07,Completed,5
O008400,C01402,2026-07-10,Completed,10
O008401,C00363,2026-07-17,Completed,5
O008402,C01533,2026-03-30,Completed,0
O008403,C00025,2026-07-21,Completed,0
O008404,C00408,2025-07-14,Completed,10
O008405,C00143,2026-08-09,Cancelled,5
O008406,C01460,2026-05-23,Cancelled,10
O008407,C01401,2025-10-24,Completed,20
O008408,C01694,2025-08-01,Completed,0
O008409,C01278,2025-09-11,Completed,30
O008410,C00541,2026-05-22,Cancelled,0
O008411,C00696,2026-08-11,Completed,0
O008412,C00982,2026-07-21,Completed,0
O008413,C00697,2025-01-20,Completed,0
O008414,C01084,2026-07-02,Completed,0
O008415,C00577,2026-05-03,Completed,5
O008416,C01249,2025-11-23,Completed,0
O008417,C00248,2025-10-03,Completed,10
O008418,C01269,2026-08-02,Completed,0
O008419,C00995,2026-03-22,Cancelled,5
O008420,C01408,2026-05-25,Completed,15
O008421,C00697,2026-05-06,Completed,0
O008422,C01939,2025-06-11,Cancelled,20
O008423,C01896,2025-03-28,Completed,10
O008424,C00828,2025-11-21,Completed,20
O008425,C00228,2026-06-24,Completed,0
O008426,C01856,2026-07-21,Completed,10
O008427,C01456,2026-06-22,Completed,0
O008428,C01199,2026-07-22,Completed,0
O008429,C01034,2026-01-13,Completed,0
O008430,C01035,2026-08-10,Completed,0
O008431,C01126,2025-11-28,Completed,0
O008432,C00860,2026-01-26,Completed,5
O008433,C01691,2026-08-11,Completed,0
O008434,C00687,2025-08-16,Completed,20
O008435,C00786,2026-07-30,Completed,10
O008436,C01770,2026-05-11,Completed,10
O008437,C00082,2026-08-04,Completed,5
O008438,C01954,2026-08-03,Completed,15
O008439,C00124,2026-07-01,Completed,10
O008440,C00108,2025-12-09,Completed,0
O008441,C00040,2026-06-06,Completed,0
O008442,C00187,2026-05-23,Completed,15
O008443,C00118,2026-06-24,Cancelled,5
O008444,C01358,2026-07-22,Completed,0
O008445,C01183,2025-01-13,Cancelled,0
O008446,C01568,2026-08-09,Completed,5
O008447,C01362,2025-09-08,Completed,0
O008448,C00291,2026-02-20,Completed,0
O008449,C01222,2026-04-23,Completed,15
O008450,C00284,2026-04-15,Completed,5
O008451,C00745,2025-12-16,Completed,0
O008452,C01712,2026-06-02,Completed,10
O008453,C00811,2026-07-24,Completed,0
O008454,C01739,2026-04-17,Completed,30
O008455,C00917,2025-10-28,Completed,0
O008456,C00088,2025-04-28,Completed,10
O008457,C01579,2026-03-10,Completed,15
O008458,C00194,2026-05-12,Cancelled,0
O008459,C01562,2025-09-20,Completed,0
O008460,C00557,2026-08-19,Completed,0
O008461,C01646,2025-05-15,Completed,15
O008462,C01183,2026-06-10,Completed,5
O008463,C01568,2026-03-14,Completed,30
O008464,C01651,2026-04-19,Completed,0
O008465,C00127,2025-04-17,Completed,0
O008466,C00247,2026-04-27,Completed,10
O008467,C00010,2026-07-21,Completed,10
O008468,C01776,2025-05-17,Completed,15
O008469,C00681,2026-08-13,Cancelled,0
O008470,C00534,2026-08-07,Completed,0
O008471,C01076,2025-10-07,Cancelled,5
O008472,C00415,2025-08-20,Completed,5
O008473,C01223,2025-01-29,Completed,15
O008474,C01581,2025-11-11,Completed,10
O008475,C00284,2026-01-20,Completed,15
O008476,C01789,2025-12-04,Completed,0
O008477,C00980,2025-07-21,Completed,0
O008478,C01798,2025-06-22,Completed,5
O008479,C00650,2025-04-27,Completed,0
O008480,C01744,2026-03-01,Completed,5
O008481,C01866,2025-09-26,Completed,0
O008482,C00227,2026-03-09,Completed,0
O008483,C01650,2025-05-19,Completed,0
O008484,C01516,2025-06-04,Completed,0
O008485,C01266,2025-09-30,Completed,10
O008486,C00760,2026-05-03,Completed,30
O008487,C00762,2025-12-17,Completed,0
O008488,C01856,2025-10-24,Completed,30
O008489,C00513,2026-06-24,Completed,15
O008490,C00164,2026-05-16,Completed,5
O008491,C01245,2025-11-21,Completed,5
O008492,C01095,2026-06-03,Completed,0
O008493,C01666,2026-06-12,Completed,20
O008494,C00065,2026-07-20,Completed,0
O008495,C00042,2026-05-30,Completed,0
O008496,C00388,2025-07-03,Completed,0
O008497,C01719,2026-07-02,Completed,30
O008498,C01140,2026-06-14,Completed,0
O008499,C00896,2026-02-19,Completed,15
O008500,C01545,2026-02-15,Cancelled,5
O008501,C01249,2025-07-09,Completed,10
O008502,C01506,2025-06-01,Cancelled,15
O008503,C01961,2025-12-24,Cancelled,10
O008504,C01826,2026-04-05,Cancelled,15
O008505,C00077,2026-02-12,Completed,5
O008506,C01973,2026-06-11,Completed,10
O008507,C01539,2025-11-01,Completed,5
O008508,C00579,2025-11-14,Completed,0
O008509,C01445,2026-08-01,Completed,5
O008510,C00883,2025-12-15,Completed,0
O008511,C01322,2025-08-17,Completed,10
O008512,C01531,2026-04-06,Completed,5
O008513,C00152,2026-07-02,Completed,5
O008514,C01372,2025-12-08,Cancelled,0
O008515,C01697,2026-03-20,Completed,20
O008516,C01402,2026-06-13,Completed,10
O008517,C01754,2026-05-12,Completed,0
O008518,C01844,2026-03-06,Completed,15
O008519,C01533,2026-01-10,Completed,0
O008520,C01384,2025-07-04,Completed,10
O008521,C00595,2026-04-01,Completed,0
O008522,C00104,2026-08-16,Completed,0
O008523,C01261,2025-04-06,Completed,30
O008524,C00182,2026-05-09,Completed,0
O008525,C01880,2026-07-31,Completed,0
O008526,C01017,2026-06-05,Completed,10
O008527,C00298,2026-03-02,Completed,0
O008528,C00713,2026-07-10,Completed,5
O008529,C00367,2026-04-01,Completed,0
O008530,C01417,2025-12-30,Completed,5
O008531,C01447,2025-05-08,Completed,15
O008532,C01775,2026-08-14,Completed,30
O008533,C00883,2025-08-03,Completed,5
O008534,C00603,2025-12-26,Completed,30
O008535,C01181,2026-01-14,Cancelled,20
O008536,C01670,2026-08-09,Completed,5
O008537,C00749,2026-04-10,Completed,0
O008538,C00074,2026-02-27,Completed,5
O008539,C00642,2026-05-14,Completed,20
O008540,C00062,2026-06-24,Completed,10
O008541,C00468,2026-01-26,Completed,0
O008542,C01238,2025-11-22,Completed,10
O008543,C01497,2025-08-26,Completed,15
O008544,C00721,2026-07-27,Completed,10
O008545,C01712,2026-08-08,Completed,10
O008546,C01774,2025-12-05,Completed,10
O008547,C00774,2025-05-18,Completed,0
O008548,C01207,2026-03-15,Completed,20
O008549,C00157,2025-12-27,Completed,5
O008550,C00110,2026-08-13,Completed,20
O008551,C01712,2025-05-08,Completed,20
O008552,C01724,2026-03-15,Completed,20
O008553,C01850,2025-05-19,Completed,0
O008554,C00652,2025-05-15,Completed,0
O008555,C00705,2026-06-17,Completed,15
O008556,C01903,2026-07-11,Completed,10
O008557,C00236,2026-06-09,Completed,5
O008558,C00829,2025-07-15,Completed,10
O008559,C00307,2025-06-07,Completed,0
O008560,C01553,2026-06-29,Completed,5
O008561,C01531,2026-07-25,Cancelled,15
O008562,C01567,2026-05-19,Completed,5
O008563,C00686,2026-01-05,Completed,0
O008564,C00142,2026-03-24,Completed,15
O008565,C00397,2026-04-23,Completed,5
O008566,C01072,2026-05-24,Completed,10
O008567,C00217,2026-05-06,Completed,30
O008568,C00434,2026-07-22,Completed,10
O008569,C01507,2025-12-14,Completed,0
O008570,C01182,2025-11-05,Completed,0
O008571,C00739,2026-01-13,Completed,15
O008572,C00314,2026-01-23,Completed,0
O008573,C01764,2025-11-17,Completed,5
O008574,C01469,2026-04-15,Completed,0
O008575,C00594,2026-08-01,Completed,0
O008576,C00802,2026-04-03,Completed,0
O008577,C01630,2026-04-27,Completed,5
O008578,C00117,2026-05-24,Completed,0
O008579,C00479,2025-12-19,Completed,10
O008580,C01521,2026-06-15,Completed,0
O008581,C01395,2025-09-04,Completed,15
O008582,C01921,2026-05-31,Completed,0
O008583,C01541,2026-03-18,Completed,10
O008584,C01971,2026-06-30,Cancelled,10
O008585,C01053,2025-10-27,Completed,5
O008586,C00570,2025-11-15,Cancelled,15
O008587,C01001,2026-07-01,Completed,15
O008588,C01205,2026-08-08,Completed,0
O008589,C01840,2026-03-04,Completed,0
O008590,C00115,2026-07-04,Completed,10
O008591,C01626,2026-07-31,Completed,0
O008592,C01442,2026-07-16,Completed,0
O008593,C00350,2026-05-04,Completed,10
O008594,C01143,2026-06-15,Completed,20
O008595,C00027,2025-11-06,Completed,5
O008596,C01770,2025-08-09,Completed,0
O008597,C00990,2026-04-02,Completed,30
O008598,C00438,2025-07-01,Completed,5
O008599,C01809,2026-07-23,Completed,15
O008600,C01835,2025-04-08,Completed,10
O008601,C00919,2026-07-14,Completed,5
O008602,C01782,2026-08-10,Completed,5
O008603,C00489,2026-03-22,Completed,10
O008604,C01611,2026-06-29,Completed,0
O008605,C01347,2026-03-01,Completed,0
O008606,C00582,2025-08-18,Completed,0
O008607,C00117,2026-07-03,Completed,5
O008608,C00559,2026-05-18,Completed,0
O008609,C00688,2026-02-21,Completed,5
O008610,C00855,2026-03-04,Completed,0
O008611,C01800,2026-02-05,Completed,15
O008612,C00071,2026-04-24,Completed,0
O008613,C01232,2026-02-02,Completed,0
O008614,C01131,2026-05-02,Completed,10
O008615,C01758,2026-04-17,Completed,20
O008616,C01548,2025-11-24,Completed,10
O008617,C01214,2026-03-05,Completed,30
O008618,C00876,2026-06-16,Completed,0
O008619,C01199,2026-05-07,Completed,15
O008620,C00098,2025-06-08,Completed,15
O008621,C00839,2026-08-10,Completed,15
O008622,C01758,2026-07-15,Cancelled,0
O008623,C01000,2025-02-23,Completed,15
O008624,C01403,2026-06-14,Completed,0
O008625,C00304,2025-03-22,Cancelled,10
O008626,C00493,2026-05-12,Completed,15
O008627,C00707,2025-10-30,Cancelled,0
O008628,C01530,2026-07-12,Completed,0
O008629,C01537,2026-04-21,Completed,10
O008630,C00010,2026-06-10,Completed,20
O008631,C01811,2026-07-30,Completed,5
O008632,C00618,2025-11-29,Completed,10
O008633,C00886,2026-06-19,Completed,5
O008634,C00760,2026-05-07,Completed,20
O008635,C00070,2025-08-01,Completed,15
O008636,C00117,2026-05-14,Completed,0
O008637,C01949,2026-07-13,Completed,10
O008638,C01851,2026-08-08,Cancelled,0
O008639,C01046,2026-03-24,Completed,0
O008640,C01816,2026-06-15,Completed,5
O008641,C01212,2025-10-25,Completed,15
O008642,C01906,2026-01-21,Completed,5
O008643,C01290,2025-09-28,Completed,5
O008644,C01924,2025-07-01,Completed,0
O008645,C00277,2026-06-11,Cancelled,20
O008646,C00141,2026-02-10,Completed,0
O008647,C01267,2026-08-20,Completed,0
O008648,C00869,2026-08-04,Completed,0
O008649,C00605,2026-04-04,Completed,30
O008650,C00301,2026-03-15,Completed,0
O008651,C00188,2026-07-15,Completed,20
O008652,C01151,2026-05-22,Completed,15
O008653,C00344,2026-06-28,Completed,15
O008654,C00846,2026-06-10,Completed,15
O008655,C00212,2026-05-26,Completed,15
O008656,C01421,2026-04-21,Completed,0
O008657,C00046,2026-03-17,Completed,10
O008658,C01305,2026-01-15,Completed,0
O008659,C01916,2026-06-15,Completed,15
O008660,C01280,2026-02-12,Completed,20
O008661,C00270,2026-05-10,Completed,0
O008662,C01877,2026-07-13,Completed,15
O008663,C01461,2025-12-28,Completed,10
O008664,C01907,2025-10-27,Completed,10
O008665,C01059,2026-07-25,Completed,0
O008666,C01681,2026-03-07,Completed,5
O008667,C01814,2026-05-07,Completed,30
O008668,C01813,2026-01-28,Completed,0
O008669,C01249,2025-08-09,Completed,20
O008670,C00295,2026-01-15,Cancelled,20
O008671,C01282,2026-01-04,Completed,0
O008672,C01673,2025-06-28,Cancelled,0
O008673,C00176,2025-12-25,Completed,5
O008674,C00938,2025-11-27,Completed,15
O008675,C00813,2026-05-29,Completed,15
O008676,C01218,2026-03-27,Completed,10
O008677,C01071,2026-04-19,Completed,10
O008678,C00147,2026-08-07,Completed,20
O008679,C00386,2026-06-22,Completed,5
O008680,C00275,2026-06-13,Completed,0
O008681,C00940,2025-11-22,Cancelled,0
O008682,C00439,2026-06-23,Completed,20
O008683,C00570,2025-09-12,Completed,15
O008684,C00394,2025-11-30,Completed,5
O008685,C00747,2026-07-01,Completed,15
O008686,C00505,2025-10-27,Completed,20
O008687,C00875,2026-06-05,Completed,15
O008688,C00373,2026-07-29,Completed,15
O008689,C00404,2026-01-31,Cancelled,5
O008690,C01800,2025-04-21,Completed,0
O008691,C01927,2026-07-08,Completed,30
O008692,C00818,2025-09-08,Completed,0
O008693,C01529,2026-06-13,Completed,0
O008694,C00492,2026-02-02,Completed,15
O008695,C01266,2026-04-02,Completed,15
O008696,C00427,2025-09-26,Completed,0
O008697,C01339,2025-12-12,Completed,0
O008698,C00806,2026-04-13,Completed,10
O008699,C01272,2025-07-17,Completed,20
O008700,C01188,2026-06-06,Completed,5
O008701,C00110,2026-05-22,Completed,15
O008702,C01157,2026-06-01,Completed,5
O008703,C01059,2026-04-18,Completed,0
O008704,C00031,2025-06-29,Completed,20
O008705,C01299,2025-08-02,Completed,0
O008706,C01923,2026-06-29,Completed,5
O008707,C00196,2026-04-03,Completed,0
O008708,C01334,2026-01-01,Completed,15
O008709,C00249,2026-02-12,Completed,10
O008710,C01416,2026-01-16,Completed,10
O008711,C00361,2026-08-10,Completed,15
O008712,C01936,2026-05-09,Cancelled,20
O008713,C00588,2026-04-25,Completed,5
O008714,C01427,2025-10-21,Completed,0
O008715,C01707,2026-05-09,Completed,20
O008716,C00245,2025-09-16,Completed,0
O008717,C00452,2026-07-21,Completed,0
O008718,C01090,2026-04-09,Completed,15
O008719,C01918,2026-02-08,Completed,5
O008720,C01214,2026-06-15,Completed,15
O008721,C01094,2026-02-02,Completed,0
O008722,C01165,2025-06-04,Completed,10
O008723,C01845,2026-02-01,Completed,0
O008724,C01070,2026-06-07,Completed,15
O008725,C00806,2026-08-09,Completed,0
O008726,C01777,2026-05-12,Completed,5
O008727,C01422,2026-01-22,Completed,0
O008728,C00579,2025-05-06,Completed,0
O008729,C00240,2026-05-27,Cancelled,0
O008730,C00159,2026-07-02,Completed,10
O008731,C00853,2026-07-30,Completed,20
O008732,C00991,2026-01-22,Completed,0
O008733,C01511,2026-06-13,Completed,0
O008734,C01200,2026-06-28,Completed,5
O008735,C01785,2026-02-15,Completed,0
O008736,C01814,2025-08-04,Completed,0
O008737,C01267,2026-04-22,Completed,0
O008738,C01380,2025-12-24,Completed,0
O008739,C01932,2025-12-24,Completed,10
O008740,C01607,2025-04-11,Completed,5
O008741,C01575,2026-07-08,Completed,5
O008742,C01899,2025-12-08,Completed,5
O008743,C00524,2025-10-02,Completed,15
O008744,C01217,2025-05-27,Completed,10
O008745,C01152,2026-05-01,Completed,15
O008746,C01206,2026-07-20,Completed,0
O008747,C00555,2025-12-02,Completed,5
O008748,C01432,2026-03-17,Completed,0
O008749,C00242,2026-05-10,Completed,0
O008750,C01205,2026-01-07,Completed,5
O008751,C00965,2026-04-26,Completed,0
O008752,C00833,2025-06-06,Completed,10
O008753,C01741,2026-08-06,Completed,10
O008754,C00105,2026-01-01,Completed,10
O008755,C01068,2025-03-15,Completed,20
O008756,C00268,2026-05-16,Completed,10
O008757,C00600,2026-05-21,Completed,5
O008758,C01744,2026-03-13,Completed,10
O008759,C01840,2026-01-02,Completed,10
O008760,C01975,2026-03-12,Completed,10
O008761,C01045,2026-03-21,Completed,15
O008762,C00520,2025-11-15,Completed,0
O008763,C01331,2025-10-19,Completed,0
O008764,C00668,2026-04-28,Completed,10
O008765,C00922,2026-04-06,Completed,5
O008766,C00771,2026-07-06,Completed,0
O008767,C01139,2026-03-25,Completed,5
O008768,C00086,2025-11-10,Completed,20
O008769,C01658,2026-04-22,Completed,0
O008770,C00798,2026-01-26,Completed,5
O008771,C01114,2025-08-06,Completed,0
O008772,C00513,2026-01-17,Completed,0
O008773,C00077,2025-05-21,Completed,0
O008774,C00742,2026-06-14,Completed,0
O008775,C00965,2026-01-30,Completed,10
O008776,C00599,2025-08-31,Completed,5
O008777,C01450,2026-06-07,Completed,30
O008778,C01388,2026-03-29,Completed,0
O008779,C00487,2026-03-12,Completed,5
O008780,C00130,2026-04-24,Completed,10
O008781,C01094,2025-11-10,Completed,0
O008782,C00207,2026-05-21,Completed,10
O008783,C01010,2025-09-18,Completed,20
O008784,C00706,2026-02-01,Completed,20
O008785,C00850,2026-06-12,Completed,5
O008786,C01266,2025-12-12,Completed,5
O008787,C01173,2026-05-26,Completed,15
O008788,C00107,2026-04-03,Completed,20
O008789,C01571,2026-06-10,Completed,5
O008790,C00024,2026-08-14,Completed,20
O008791,C01885,2025-12-16,Completed,0
O008792,C00356,2025-12-11,Completed,5
O008793,C01492,2026-01-15,Completed,0
O008794,C01620,2026-02-12,Completed,0
O008795,C00152,2026-04-03,Completed,0
O008796,C01108,2026-02-23,Completed,0
O008797,C00353,2026-02-14,Completed,30
O008798,C01428,2026-02-12,Completed,20
O008799,C01144,2026-04-16,Completed,0
O008800,C00896,2026-05-11,Completed,10
O008801,C00724,2026-05-06,Cancelled,5
O008802,C01857,2026-01-22,Completed,0
O008803,C00602,2025-10-07,Completed,10
O008804,C00306,2025-08-12,Completed,0
O008805,C01650,2026-01-20,Completed,10
O008806,C01134,2026-05-03,Completed,5
O008807,C00167,2025-12-25,Cancelled,0
O008808,C00010,2026-07-07,Completed,5
O008809,C00630,2026-07-26,Completed,0
O008810,C01401,2025-12-30,Completed,10
O008811,C00215,2026-04-16,Completed,15
O008812,C00103,2026-07-26,Completed,10
O008813,C01155,2026-08-01,Completed,5
O008814,C00300,2025-07-30,Completed,10
O008815,C00824,2026-06-24,Completed,5
O008816,C00199,2026-06-06,Completed,5
O008817,C00901,2026-03-08,Completed,15
O008818,C00611,2026-05-29,Cancelled,15
O008819,C00907,2026-07-04,Completed,5
O008820,C00171,2025-08-07,Completed,5
O008821,C00933,2026-05-01,Completed,15
O008822,C00023,2026-05-31,Completed,30
O008823,C01435,2026-02-13,Completed,5
O008824,C01776,2025-06-01,Completed,5
O008825,C01910,2025-05-09,Completed,30
O008826,C00357,2025-10-22,Completed,0
O008827,C01517,2026-04-13,Completed,10
O008828,C01625,2025-10-29,Completed,0
O008829,C00041,2025-12-31,Completed,5
O008830,C00313,2026-08-08,Cancelled,10
O008831,C00134,2025-08-07,Completed,20
O008832,C01459,2026-06-01,Completed,20
O008833,C01853,2026-07-14,Completed,10
O008834,C01688,2026-02-28,Completed,20
O008835,C00664,2025-05-28,Completed,5
O008836,C01330,2025-06-05,Completed,20
O008837,C01373,2025-11-20,Completed,10
O008838,C00240,2026-01-20,Completed,30
O008839,C00152,2026-05-31,Completed,5
O008840,C00400,2025-09-07,Completed,0
O008841,C01075,2025-11-26,Completed,0
O008842,C01161,2026-06-08,Completed,10
O008843,C01109,2026-08-17,Completed,0
O008844,C00866,2025-09-04,Completed,20
O008845,C01221,2026-03-13,Completed,5
O008846,C00361,2025-12-13,Completed,0
O008847,C01399,2026-08-09,Completed,5
O008848,C01901,2026-04-12,Completed,10
O008849,C01469,2025-03-31,Completed,0
O008850,C01616,2025-04-10,Completed,30
O008851,C01527,2026-07-17,Completed,20
O008852,C00819,2025-10-16,Completed,30
O008853,C01526,2026-08-14,Cancelled,15
O008854,C01425,2026-04-25,Completed,0
O008855,C00710,2026-05-12,Completed,0
O008856,C01254,2026-03-14,Completed,0
O008857,C01424,2026-03-31,Completed,15
O008858,C00103,2026-05-27,Completed,10
O008859,C00153,2026-04-10,Completed,0
O008860,C00485,2026-03-19,Cancelled,20
O008861,C01513,2026-08-05,Completed,10
O008862,C01400,2026-02-20,Completed,10
O008863,C00015,2025-06-19,Completed,5
O008864,C00957,2026-02-14,Completed,0
O008865,C00165,2026-07-28,Completed,15
O008866,C00626,2025-06-07,Completed,20
O008867,C01346,2026-06-21,Completed,20
O008868,C00499,2026-05-01,Completed,30
O008869,C01639,2025-05-04,Completed,20
O008870,C00901,2026-01-18,Completed,10
O008871,C01608,2026-04-02,Completed,5
O008872,C01912,2025-05-14,Completed,5
O008873,C00139,2026-05-05,Completed,5
O008874,C00478,2026-08-17,Completed,0
O008875,C01348,2025-11-09,Completed,15
O008876,C01370,2026-02-01,Completed,5
O008877,C00380,2026-05-29,Completed,5
O008878,C01051,2025-10-13,Completed,30
O008879,C00236,2026-01-18,Completed,0
O008880,C01573,2026-07-03,Completed,0
O008881,C01939,2026-06-08,Completed,20
O008882,C00611,2026-07-23,Completed,0
O008883,C01519,2025-12-22,Completed,0
O008884,C01077,2026-01-13,Completed,0
O008885,C01784,2026-04-16,Completed,0
O008886,C00107,2026-06-06,Completed,10
O008887,C01763,2026-01-25,Completed,0
O008888,C01714,2026-02-14,Completed,15
O008889,C01718,2025-07-20,Completed,15
O008890,C00462,2025-08-30,Completed,0
O008891,C01698,2026-08-04,Completed,0
O008892,C00082,2025-10-01,Completed,0
O008893,C00042,2026-06-19,Completed,15
O008894,C01607,2025-04-16,Completed,5
O008895,C00680,2026-02-17,Completed,5
O008896,C01619,2026-06-04,Completed,0
O008897,C00199,2026-01-08,Completed,30
O008898,C01687,2026-03-28,Completed,5
O008899,C01009,2026-05-07,Completed,10
O008900,C00689,2026-07-07,Completed,5
O008901,C00671,2025-10-10,Completed,0
O008902,C01603,2026-07-13,Completed,0
O008903,C00207,2026-02-15,Completed,0
O008904,C00378,2026-03-05,Completed,0
O008905,C01134,2026-04-18,Completed,30
O008906,C01099,2026-05-13,Completed,15
O008907,C00957,2025-08-18,Completed,0
O008908,C01566,2026-05-28,Completed,5
O008909,C01103,2026-05-17,Completed,0
O008910,C00030,2026-06-13,Completed,0
O008911,C00390,2026-08-14,Completed,10
O008912,C01517,2026-04-18,Completed,20
O008913,C00261,2026-06-16,Completed,20
O008914,C00785,2025-11-25,Completed,0
O008915,C00006,2026-07-21,Completed,10
O008916,C01064,2026-02-06,Completed,0
O008917,C00605,2025-12-18,Completed,10
O008918,C01547,2026-08-19,Completed,10
O008919,C00045,2026-02-08,Cancelled,5
O008920,C01447,2025-03-11,Completed,5
O008921,C00835,2025-12-01,Completed,0
O008922,C00784,2026-04-15,Completed,0
O008923,C00151,2025-12-18,Completed,0
O008924,C01373,2025-09-24,Completed,20
O008925,C01784,2026-02-01,Completed,0
O008926,C01120,2026-08-09,Cancelled,0
O008927,C00481,2026-01-08,Completed,5
O008928,C00979,2025-10-21,Completed,5
O008929,C01489,2025-08-08,Completed,0
O008930,C00514,2026-07-12,Completed,10
O008931,C00367,2026-06-07,Completed,5
O008932,C00884,2026-08-06,Completed,20
O008933,C00350,2026-04-29,Completed,0
O008934,C00047,2025-09-07,Completed,10
O008935,C00792,2026-03-27,Completed,20
O008936,C01448,2026-05-21,Completed,5
O008937,C01157,2026-05-28,Completed,10
O008938,C01184,2026-03-15,Completed,30
O008939,C01663,2026-05-10,Completed,10
O008940,C01118,2025-10-01,Completed,15
O008941,C01819,2026-01-22,Completed,10
O008942,C01980,2026-01-27,Completed,10
O008943,C00173,2026-07-25,Completed,5
O008944,C01237,2026-02-21,Completed,0
O008945,C00012,2025-12-19,Completed,10
O008946,C01365,2026-01-04,Completed,5
O008947,C00382,2025-12-08,Completed,20
O008948,C00942,2025-04-02,Completed,0
O008949,C00050,2026-07-01,Completed,0
O008950,C01306,2026-03-20,Completed,15
O008951,C00992,2026-07-23,Cancelled,10
O008952,C00786,2026-01-16,Completed,30
O008953,C01812,2025-05-31,Cancelled,20
O008954,C01103,2026-07-08,Cancelled,15
O008955,C01580,2026-07-23,Completed,0
O008956,C00456,2025-11-18,Completed,0
O008957,C00914,2025-05-30,Completed,10
O008958,C00786,2026-08-09,Completed,0
O008959,C00409,2025-10-28,Completed,5
O008960,C01002,2026-02-09,Completed,10
O008961,C01627,2026-01-29,Completed,20
O008962,C01364,2026-06-05,Completed,0
O008963,C01345,2026-04-02,Completed,0
O008964,C01417,2026-07-06,Completed,10
O008965,C01778,2025-03-18,Completed,20
O008966,C00954,2025-07-17,Completed,10
O008967,C01859,2025-12-08,Completed,5
O008968,C00670,2026-06-03,Completed,0
O008969,C00563,2025-09-11,Completed,5
O008970,C01522,2026-02-24,Completed,5
O008971,C00304,2026-08-01,Completed,0
O008972,C00367,2026-07-15,Completed,30
O008973,C01765,2026-05-25,Completed,10
O008974,C01255,2026-06-02,Completed,0
O008975,C00852,2025-09-14,Completed,0
O008976,C01181,2026-02-14,Completed,5
O008977,C00186,2026-05-15,Completed,0
O008978,C01506,2025-11-18,Completed,0
O008979,C01964,2026-01-27,Completed,30
O008980,C01085,2026-04-04,Completed,20
O008981,C01277,2025-11-26,Completed,0
O008982,C00217,2026-04-11,Completed,0
O008983,C00731,2026-05-08,Completed,10
O008984,C00008,2026-02-24,Completed,30
O008985,C01659,2026-08-12,Completed,0
O008986,C01176,2026-07-27,Completed,10
O008987,C01434,2026-07-07,Completed,0
O008988,C00910,2026-07-27,Completed,10
O008989,C01010,2025-11-17,Cancelled,10
O008990,C01729,2025-12-11,Completed,20
O008991,C00448,2026-03-17,Completed,0
O008992,C00604,2025-11-17,Completed,10
O008993,C01280,2026-05-26,Completed,0
O008994,C01526,2025-06-14,Completed,0
O008995,C01475,2025-12-11,Completed,0
O008996,C01346,2026-07-03,Cancelled,5
O008997,C01855,2025-12-17,Completed,0
O008998,C00074,2025-11-08,Completed,0
O008999,C01815,2026-02-24,Completed,5
O009000,C00044,2025-07-09,Completed,0
O009001,C01193,2025-03-31,Completed,10
O009002,C00072,2026-05-21,Completed,10
O009003,C01929,2026-04-22,Completed,20
O009004,C01051,2025-09-26,Completed,5
O009005,C00098,2026-01-17,Completed,0
O009006,C00618,2026-01-01,Completed,15
O009007,C00360,2026-05-08,Cancelled,0
O009008,C01998,2026-03-21,Completed,10
O009009,C00438,2026-02-06,Completed,0
O009010,C00395,2026-01-13,Completed,0
O009011,C00247,2025-09-26,Completed,15
O009012,C00545,2025-10-20,Completed,5
O009013,C01021,2026-06-23,Completed,20
O009014,C00052,2026-01-13,Completed,20
O009015,C01735,2026-05-15,Completed,10
O009016,C01088,2026-05-22,Completed,0
O009017,C00755,2025-09-28,Completed,10
O009018,C00710,2026-03-30,Completed,0
O009019,C00175,2025-04-27,Completed,0
O009020,C00568,2026-01-29,Completed,15
O009021,C00953,2025-09-16,Completed,5
O009022,C00856,2025-12-05,Completed,0
O009023,C01105,2025-03-30,Completed,5
O009024,C00626,2026-07-19,Completed,5
O009025,C00762,2025-08-19,Completed,15
O009026,C01062,2026-04-03,Completed,10
O009027,C01965,2025-11-12,Completed,10
O009028,C01319,2026-07-16,Completed,5
O009029,C00166,2025-12-09,Completed,30
O009030,C01180,2026-08-03,Completed,30
O009031,C00488,2026-06-07,Completed,20
O009032,C00576,2026-01-06,Completed,5
O009033,C01525,2025-10-24,Completed,20
O009034,C01632,2025-09-17,Completed,5
O009035,C00415,2025-11-24,Cancelled,0
O009036,C01423,2026-05-10,Completed,30
O009037,C01109,2026-03-08,Completed,15
O009038,C00950,2026-04-08,Completed,5
O009039,C00325,2026-05-09,Completed,0
O009040,C00628,2026-03-26,Completed,10
O009041,C00885,2026-07-06,Completed,15
O009042,C01478,2025-12-18,Completed,0
O009043,C00692,2025-06-19,Completed,30
O009044,C00482,2025-11-20,Completed,0
O009045,C01475,2026-04-23,Completed,30
O009046,C01501,2025-10-01,Completed,10
O009047,C00906,2026-05-20,Completed,0
O009048,C00759,2026-01-26,Completed,20
O009049,C01212,2025-10-31,Completed,0
O009050,C01132,2025-09-09,Completed,30
O009051,C01522,2026-02-13,Completed,0
O009052,C01686,2026-07-16,Completed,10
O009053,C01136,2026-04-07,Completed,10
O009054,C01288,2025-12-07,Completed,0
O009055,C00492,2026-02-13,Completed,5
O009056,C01431,2026-03-27,Completed,15
O009057,C00857,2026-08-12,Completed,0
O009058,C00918,2026-04-29,Completed,10
O009059,C01960,2026-01-31,Completed,0
O009060,C00959,2026-01-06,Completed,5
O009061,C01296,2025-11-20,Completed,0
O009062,C01330,2026-06-12,Completed,15
O009063,C01122,2026-08-02,Completed,0
O009064,C01592,2026-03-11,Completed,10
O009065,C01218,2025-06-15,Completed,0
O009066,C00036,2025-09-20,Completed,0
O009067,C00649,2025-10-17,Completed,5
O009068,C01269,2026-04-07,Cancelled,0
O009069,C01019,2025-11-17,Completed,0
O009070,C01587,2026-03-01,Completed,0
O009071,C00387,2026-05-24,Completed,0
O009072,C00539,2026-07-30,Completed,10
O009073,C00155,2026-07-14,Completed,0
O009074,C01549,2026-03-09,Completed,15
O009075,C00812,2026-08-15,Completed,20
O009076,C00012,2026-05-28,Completed,5
O009077,C00538,2026-08-18,Completed,0
O009078,C01246,2025-09-05,Completed,10
O009079,C01183,2025-10-20,Completed,10
O009080,C01356,2026-07-20,Cancelled,5
O009081,C01120,2026-05-16,Completed,20
O009082,C01661,2026-08-04,Completed,0
O009083,C00285,2026-08-13,Completed,10
O009084,C00810,2025-06-11,Completed,0
O009085,C01240,2026-05-09,Completed,0
O009086,C00969,2026-07-03,Completed,15
O009087,C01389,2025-07-31,Completed,0
O009088,C01131,2026-06-12,Completed,0
O009089,C00486,2025-12-31,Cancelled,5
O009090,C01067,2026-08-20,Completed,0
O009091,C01816,2026-02-27,Completed,10
O009092,C01488,2025-08-07,Completed,5
O009093,C00094,2025-10-23,Completed,15
O009094,C00767,2026-06-18,Completed,10
O009095,C00257,2026-03-28,Completed,10
O009096,C01668,2025-09-29,Completed,0
O009097,C00067,2026-02-27,Completed,5
O009098,C01784,2026-03-19,Cancelled,5
O009099,C00374,2026-01-31,Completed,10
O009100,C00772,2026-06-10,Completed,15
O009101,C01625,2025-07-11,Completed,15
O009102,C01558,2026-02-10,Completed,5
O009103,C01636,2026-01-24,Completed,20
O009104,C00206,2025-06-26,Completed,10
O009105,C00208,2026-06-14,Completed,0
O009106,C01671,2025-12-02,Completed,30
O009107,C01416,2025-11-07,Completed,5
O009108,C01780,2025-04-29,Completed,10
O009109,C01883,2026-01-27,Completed,20
O009110,C01419,2025-08-01,Completed,30
O009111,C01563,2026-03-22,Completed,5
O009112,C00532,2026-03-16,Completed,15
O009113,C01184,2026-07-19,Completed,30
O009114,C00018,2026-01-04,Completed,30
O009115,C00815,2026-04-22,Completed,10
O009116,C01520,2026-08-09,Completed,10
O009117,C00746,2026-04-27,Completed,5
O009118,C00747,2025-11-18,Completed,20
O009119,C00508,2026-05-03,Completed,0
O009120,C00517,2026-03-02,Completed,0
O009121,C00664,2026-06-25,Completed,10
O009122,C00573,2026-08-20,Completed,10
O009123,C01234,2025-12-14,Completed,0
O009124,C00013,2025-11-01,Completed,10
O009125,C01087,2026-04-01,Completed,0
O009126,C00765,2026-08-09,Completed,10
O009127,C00693,2026-04-07,Completed,0
O009128,C01259,2025-06-28,Completed,0
O009129,C01911,2026-07-28,Completed,0
O009130,C01818,2026-07-18,Completed,0
O009131,C01225,2025-09-07,Completed,0
O009132,C00764,2026-07-10,Completed,15
O009133,C00941,2026-01-07,Completed,20
O009134,C00333,2026-05-01,Completed,5
O009135,C00744,2026-08-20,Completed,0
O009136,C00802,2026-04-17,Completed,0
O009137,C01977,2026-03-14,Completed,0
O009138,C00674,2026-02-09,Completed,30
O009139,C01570,2026-04-26,Completed,0
O009140,C01084,2026-02-19,Completed,30
O009141,C01824,2026-07-01,Completed,30
O009142,C01771,2026-07-04,Completed,0
O009143,C01219,2026-04-16,Completed,10
O009144,C01885,2026-04-06,Completed,20
O009145,C00661,2026-01-14,Completed,15
O009146,C01518,2026-03-12,Completed,5
O009147,C00855,2026-01-10,Completed,0
O009148,C01819,2026-04-22,Completed,10
O009149,C01586,2025-12-05,Completed,5
O009150,C00373,2025-11-15,Completed,10
O009151,C00746,2026-06-19,Completed,5
O009152,C01596,2026-02-25,Completed,15
O009153,C00466,2025-11-24,Completed,0
O009154,C00420,2026-07-13,Completed,0
O009155,C00107,2026-08-01,Completed,5
O009156,C01042,2026-03-25,Completed,20
O009157,C00328,2026-05-06,Completed,0
O009158,C01279,2026-02-11,Completed,0
O009159,C01834,2025-12-08,Completed,30
O009160,C00280,2026-04-08,Completed,0
O009161,C01672,2025-08-16,Completed,5
O009162,C00867,2026-06-30,Completed,10
O009163,C00539,2026-05-04,Completed,0
O009164,C01458,2025-12-18,Completed,0
O009165,C01627,2026-02-23,Completed,5
O009166,C00106,2026-07-14,Completed,15
O009167,C00652,2026-04-28,Completed,0
O009168,C01688,2026-04-01,Completed,15
O009169,C00074,2025-11-29,Completed,5
O009170,C00575,2026-01-28,Completed,10
O009171,C01007,2025-09-13,Completed,15
O009172,C01607,2026-05-14,Completed,0
O009173,C00714,2026-07-15,Completed,0
O009174,C01258,2026-07-07,Completed,5
O009175,C01816,2026-07-27,Completed,5
O009176,C01497,2026-02-18,Completed,20
O009177,C01123,2026-06-19,Completed,5
O009178,C01731,2026-04-24,Completed,5
O009179,C01868,2025-08-18,Completed,5
O009180,C00291,2026-03-17,Completed,5
O009181,C01215,2026-07-06,Completed,30
O009182,C01575,2026-05-01,Completed,0
O009183,C00149,2026-03-14,Completed,0
O009184,C01816,2026-06-11,Cancelled,0
O009185,C01221,2025-10-27,Completed,0
O009186,C01571,2026-08-06,Completed,0
O009187,C00803,2026-04-01,Completed,0
O009188,C00008,2026-02-03,Completed,15
O009189,C00689,2026-05-30,Completed,10
O009190,C01137,2026-06-03,Completed,0
O009191,C01357,2026-06-22,Completed,5
O009192,C01027,2025-12-11,Completed,0
O009193,C01238,2025-05-28,Completed,15
O009194,C00087,2025-02-11,Completed,0
O009195,C00353,2025-02-18,Completed,0
O009196,C01975,2026-03-26,Completed,0
O009197,C01524,2026-03-14,Completed,5
O009198,C00004,2026-08-13,Completed,5
O009199,C00216,2026-04-05,Completed,10
O009200,C00731,2025-12-07,Completed,0
O009201,C00444,2025-04-25,Completed,10
O009202,C01186,2026-08-10,Completed,20
O009203,C00238,2026-05-30,Completed,0
O009204,C01262,2025-12-15,Completed,10
O009205,C01754,2025-10-05,Cancelled,0
O009206,C01524,2026-06-27,Completed,5
O009207,C01997,2025-08-30,Completed,5
O009208,C01250,2026-05-02,Completed,0
O009209,C00967,2025-11-08,Completed,20
O009210,C01024,2026-02-14,Completed,10
O009211,C01883,2026-04-14,Completed,20
O009212,C01936,2026-07-29,Completed,0
O009213,C00015,2026-02-08,Completed,10
O009214,C00292,2026-01-22,Cancelled,15
O009215,C01493,2025-09-02,Completed,20
O009216,C00387,2026-04-13,Completed,0
O009217,C01094,2025-10-07,Completed,20
O009218,C00537,2026-02-02,Completed,0
O009219,C00225,2026-08-18,Completed,0
O009220,C00444,2025-11-20,Completed,20
O009221,C01100,2026-03-09,Completed,10
O009222,C01304,2026-08-12,Completed,5
O009223,C00508,2026-07-02,Completed,0
O009224,C00393,2026-06-16,Completed,0
O009225,C01442,2026-02-07,Completed,5
O009226,C00638,2026-04-10,Completed,0
O009227,C01389,2026-07-27,Completed,30
O009228,C00186,2026-02-01,Completed,15
O009229,C00353,2026-01-24,Completed,15
O009230,C00642,2026-04-17,Cancelled,15
O009231,C00189,2026-04-22,Completed,20
O009232,C01596,2025-11-22,Completed,5
O009233,C01537,2026-05-22,Completed,5
O009234,C01807,2026-03-22,Completed,0
O009235,C01314,2026-04-27,Completed,0
O009236,C01205,2026-06-11,Completed,5
O009237,C00314,2026-07-19,Cancelled,10
O009238,C01645,2026-06-08,Completed,0
O009239,C00856,2025-12-21,Completed,0
O009240,C01666,2026-04-22,Completed,0
O009241,C00254,2026-03-08,Cancelled,5
O009242,C00607,2026-04-11,Completed,15
O009243,C01587,2026-02-27,Completed,10
O009244,C00012,2026-03-18,Completed,5
O009245,C00490,2026-06-17,Completed,10
O009246,C00887,2026-01-17,Completed,0
O009247,C00451,2026-06-26,Completed,5
O009248,C00056,2026-02-17,Completed,10
O009249,C01801,2026-04-03,Completed,0
O009250,C01186,2026-07-02,Completed,10
O009251,C01826,2026-08-01,Completed,15
O009252,C01579,2026-04-23,Completed,0
O009253,C00784,2026-02-07,Completed,0
O009254,C01922,2025-05-27,Completed,0
O009255,C01092,2026-04-27,Completed,30
O009256,C00769,2025-04-05,Completed,5
O009257,C00973,2026-07-30,Completed,5
O009258,C00851,2026-03-02,Completed,30
O009259,C00570,2025-07-27,Completed,15
O009260,C01249,2026-03-17,Completed,20
O009261,C01617,2026-08-17,Completed,20
O009262,C00105,2026-01-11,Completed,0
O009263,C01156,2026-07-13,Completed,0
O009264,C00409,2026-04-02,Completed,20
O009265,C01509,2026-04-13,Completed,0
O009266,C01917,2026-02-27,Completed,0
O009267,C01550,2025-04-17,Completed,10
O009268,C00025,2026-05-11,Completed,0
O009269,C00801,2026-06-20,Completed,0
O009270,C00541,2026-08-01,Completed,10
O009271,C01969,2026-03-25,Completed,0
O009272,C01781,2026-02-19,Completed,0
O009273,C00980,2025-09-29,Completed,5
O009274,C01090,2025-09-01,Completed,0
O009275,C00656,2026-06-08,Completed,0
O009276,C01104,2025-06-07,Completed,0
O009277,C00644,2026-06-27,Completed,0
O009278,C01850,2025-08-01,Completed,5
O009279,C00324,2026-06-02,Completed,10
O009280,C00760,2026-02-17,Completed,0
O009281,C00410,2025-06-22,Completed,0
O009282,C00566,2025-07-03,Completed,0
O009283,C01510,2025-07-10,Completed,10
O009284,C00635,2026-02-15,Completed,5
O009285,C00615,2026-04-12,Completed,5
O009286,C00587,2026-04-06,Completed,5
O009287,C00415,2026-06-20,Completed,10
O009288,C00253,2025-12-11,Completed,10
O009289,C00110,2026-05-12,Completed,20
O009290,C01356,2025-03-27,Completed,30
O009291,C00911,2026-03-09,Completed,0
O009292,C00077,2025-06-04,Completed,15
O009293,C00368,2025-05-14,Completed,0
O009294,C00033,2026-05-01,Completed,10
O009295,C01031,2026-07-17,Completed,0
O009296,C01378,2026-06-26,Completed,0
O009297,C01160,2026-05-31,Completed,10
O009298,C00567,2026-08-04,Completed,5
O009299,C01728,2025-09-28,Completed,30
O009300,C01462,2025-12-17,Completed,5
O009301,C00989,2026-08-18,Completed,5
O009302,C00244,2026-06-30,Completed,10
O009303,C01984,2026-04-21,Completed,0
O009304,C00188,2026-02-03,Completed,10
O009305,C00837,2026-03-08,Completed,0
O009306,C01170,2026-07-10,Completed,0
O009307,C00180,2026-02-26,Completed,15
O009308,C01118,2026-05-11,Completed,0
O009309,C01046,2026-01-02,Cancelled,30
O009310,C00274,2025-08-18,Cancelled,0
O009311,C00017,2026-02-09,Completed,0
O009312,C01408,2026-08-09,Completed,0
O009313,C00394,2026-07-10,Completed,5
O009314,C01725,2026-06-26,Completed,5
O009315,C00376,2026-02-21,Completed,15
O009316,C01026,2025-11-24,Completed,30
O009317,C01472,2026-06-13,Completed,0
O009318,C01063,2026-06-17,Completed,0
O009319,C00083,2026-02-26,Completed,5
O009320,C01791,2025-12-20,Completed,0
O009321,C00694,2026-04-14,Completed,0
O009322,C00763,2025-08-27,Completed,5
O009323,C01172,2025-07-30,Completed,0
O009324,C00819,2025-10-31,Completed,0
O009325,C01446,2025-05-07,Cancelled,10
O009326,C01214,2026-03-03,Completed,5
O009327,C01789,2026-01-04,Completed,15
O009328,C00949,2026-07-18,Completed,0
O009329,C01116,2026-03-29,Completed,0
O009330,C01705,2025-12-19,Completed,0
O009331,C01863,2025-11-22,Completed,5
O009332,C00154,2026-07-13,Completed,30
O009333,C00108,2025-05-01,Completed,0
O009334,C01107,2025-12-01,Completed,0
O009335,C01169,2026-08-10,Completed,0
O009336,C00494,2026-03-23,Completed,30
O009337,C01314,2025-12-28,Completed,5
O009338,C01348,2026-04-27,Completed,10
O009339,C01791,2025-12-23,Completed,5
O009340,C00316,2026-04-24,Cancelled,20
O009341,C01496,2026-05-20,Completed,15
O009342,C01731,2025-12-26,Cancelled,5
O009343,C01191,2025-12-17,Completed,0
O009344,C00847,2026-06-05,Completed,10
O009345,C01931,2025-11-07,Completed,30
O009346,C01931,2026-04-17,Completed,15
O009347,C01529,2025-12-04,Cancelled,10
O009348,C00877,2025-09-28,Completed,0
O009349,C00308,2026-04-13,Completed,10
O009350,C00398,2026-01-27,Cancelled,0
O009351,C00636,2026-08-16,Completed,30
O009352,C00229,2025-08-23,Completed,10
O009353,C01984,2025-11-16,Completed,20
O009354,C01274,2025-06-11,Completed,30
O009355,C00143,2025-04-23,Completed,15
O009356,C00367,2026-03-30,Completed,0
O009357,C01676,2026-05-14,Completed,0
O009358,C00046,2026-02-23,Completed,10
O009359,C01621,2026-05-19,Completed,15
O009360,C00696,2026-04-12,Completed,0
O009361,C00595,2025-08-11,Completed,20
O009362,C00384,2025-07-11,Completed,10
O009363,C01457,2026-03-21,Completed,20
O009364,C00781,2026-07-22,Completed,10
O009365,C01357,2026-08-04,Completed,0
O009366,C01159,2026-05-16,Completed,15
O009367,C00280,2026-05-27,Completed,10
O009368,C00250,2026-08-02,Completed,10
O009369,C00890,2026-02-25,Completed,30
O009370,C01676,2026-02-01,Completed,15
O009371,C01757,2026-04-29,Completed,30
O009372,C01357,2026-07-03,Completed,5
O009373,C01049,2026-01-31,Completed,0
O009374,C00349,2026-03-03,Completed,5
O009375,C01405,2025-07-07,Completed,5
O009376,C00287,2026-08-02,Completed,10
O009377,C00581,2026-04-27,Completed,10
O009378,C01207,2026-05-11,Completed,0
O009379,C01407,2026-07-06,Completed,5
O009380,C00495,2026-06-28,Completed,0
O009381,C01102,2026-04-14,Completed,0
O009382,C00505,2025-07-06,Completed,0
O009383,C01004,2026-03-10,Completed,15
O009384,C01162,2025-05-23,Completed,10
O009385,C00314,2025-10-13,Completed,0
O009386,C01933,2026-08-02,Completed,10
O009387,C01584,2026-05-07,Completed,0
O009388,C00684,2025-03-20,Completed,0
O009389,C01722,2025-10-03,Completed,0
O009390,C00879,2025-10-05,Completed,5
O009391,C01861,2026-07-30,Completed,5
O009392,C01269,2026-06-06,Completed,15
O009393,C00012,2026-05-01,Completed,5
O009394,C01172,2025-10-14,Completed,0
O009395,C01377,2025-10-14,Completed,0
O009396,C01594,2025-12-30,Completed,15
O009397,C01327,2026-01-17,Completed,0
O009398,C00618,2026-02-12,Completed,20
O009399,C00681,2026-02-02,Completed,30
O009400,C00373,2026-03-13,Completed,20
O009401,C01333,2026-07-12,Completed,10
O009402,C01519,2026-06-24,Cancelled,10
O009403,C00083,2025-08-21,Completed,0
O009404,C00410,2026-03-29,Completed,10
O009405,C00923,2025-06-02,Completed,0
O009406,C01352,2026-04-03,Completed,0
O009407,C01492,2026-03-26,Completed,10
O009408,C00888,2026-01-26,Completed,5
O009409,C01686,2026-07-28,Completed,5
O009410,C00419,2026-03-29,Completed,15
O009411,C01899,2026-02-10,Completed,0
O009412,C00447,2025-05-10,Completed,10
O009413,C00239,2026-03-01,Completed,0
O009414,C01896,2025-10-13,Completed,15
O009415,C01512,2026-01-22,Completed,0
O009416,C00527,2026-04-25,Completed,0
O009417,C01032,2025-10-21,Cancelled,10
O009418,C00496,2026-02-20,Completed,20
O009419,C00685,2025-06-28,Completed,5
O009420,C01378,2025-12-10,Completed,10
O009421,C01063,2026-02-28,Completed,0
O009422,C00567,2026-03-25,Completed,5
O009423,C00725,2026-08-08,Completed,15
O009424,C00851,2026-05-01,Completed,10
O009425,C00369,2025-10-23,Completed,30
O009426,C00154,2025-07-23,Completed,10
O009427,C00811,2026-05-19,Completed,10
O009428,C00779,2026-04-20,Completed,20
O009429,C00501,2026-07-23,Completed,15
O009430,C01709,2025-07-08,Completed,5
O009431,C00451,2026-06-02,Cancelled,20
O009432,C00853,2025-06-05,Completed,5
O009433,C00190,2026-02-25,Completed,0
O009434,C01032,2026-05-15,Completed,5
O009435,C00790,2026-07-22,Completed,0
O009436,C01311,2026-05-19,Completed,0
O009437,C01617,2026-04-04,Completed,20
O009438,C01800,2025-04-14,Completed,0
O009439,C00772,2026-06-25,Completed,20
O009440,C00606,2026-03-20,Completed,10
O009441,C01407,2026-01-29,Completed,5
O009442,C01926,2026-05-01,Completed,5
O009443,C01488,2026-01-04,Completed,10
O009444,C00484,2026-05-01,Completed,5
O009445,C00373,2026-05-03,Completed,10
O009446,C01996,2025-11-30,Completed,10
O009447,C00470,2026-02-25,Completed,15
O009448,C00554,2026-08-03,Completed,5
O009449,C01565,2026-03-10,Cancelled,5
O009450,C00946,2026-06-22,Completed,15
O009451,C00412,2026-06-25,Cancelled,0
O009452,C00642,2025-12-09,Completed,30
O009453,C01906,2026-06-15,Completed,0
O009454,C00944,2026-06-28,Completed,0
O009455,C00546,2026-01-23,Completed,15
O009456,C00820,2026-07-25,Completed,5
O009457,C00877,2026-04-12,Completed,15
O009458,C01676,2026-05-12,Completed,0
O009459,C00824,2026-04-15,Completed,0
O009460,C00576,2026-02-03,Completed,0
O009461,C00453,2026-07-10,Completed,30
O009462,C01412,2025-06-26,Completed,0
O009463,C00731,2026-05-29,Completed,15
O009464,C00168,2026-02-02,Completed,0
O009465,C00523,2025-12-01,Completed,10
O009466,C01286,2025-10-03,Completed,20
O009467,C00742,2026-05-29,Completed,15
O009468,C01755,2026-04-22,Completed,15
O009469,C00415,2025-12-02,Completed,0
O009470,C01748,2026-08-08,Completed,5
O009471,C01393,2025-12-14,Completed,5
O009472,C01629,2026-05-20,Completed,5
O009473,C01990,2025-08-17,Completed,0
O009474,C01014,2025-12-08,Completed,5
O009475,C00776,2025-12-21,Completed,10
O009476,C00875,2026-01-12,Completed,30
O009477,C00136,2026-03-13,Completed,20
O009478,C01722,2025-08-18,Completed,5
O009479,C01722,2026-05-01,Completed,0
O009480,C01470,2025-12-09,Completed,5
O009481,C01688,2025-11-28,Completed,5
O009482,C01736,2026-07-25,Completed,0
O009483,C00251,2026-02-28,Completed,0
O009484,C00305,2026-05-31,Completed,10
O009485,C01489,2025-08-30,Completed,0
O009486,C00670,2025-09-21,Completed,0
O009487,C00787,2026-02-13,Completed,0
O009488,C01502,2026-03-12,Cancelled,0
O009489,C00826,2025-10-08,Completed,0
O009490,C01848,2026-08-03,Completed,5
O009491,C00196,2026-01-11,Completed,10
O009492,C00620,2026-06-25,Completed,20
O009493,C00081,2026-03-31,Completed,20
O009494,C01236,2026-03-22,Completed,15
O009495,C01792,2025-10-09,Completed,0
O009496,C00970,2026-01-30,Completed,10
O009497,C01363,2026-03-11,Completed,10
O009498,C01989,2026-05-28,Completed,20
O009499,C01460,2025-04-12,Completed,10
O009500,C01146,2026-06-20,Cancelled,10
O009501,C01583,2026-06-24,Completed,5
O009502,C00179,2026-02-12,Completed,0
O009503,C00726,2026-04-07,Completed,15
O009504,C01362,2025-12-20,Completed,5
O009505,C01476,2026-07-23,Completed,0
O009506,C01284,2026-05-15,Completed,0
O009507,C00131,2026-02-10,Completed,0
O009508,C00349,2025-10-29,Completed,10
O009509,C01366,2026-06-23,Completed,15
O009510,C01837,2026-02-28,Completed,15
O009511,C00596,2026-08-14,Completed,0
O009512,C00364,2025-06-17,Completed,0
O009513,C00660,2026-07-28,Completed,0
O009514,C00035,2026-03-31,Completed,0
O009515,C00387,2026-02-15,Completed,5
O009516,C00606,2026-07-13,Completed,0
O009517,C01742,2026-05-11,Completed,5
O009518,C00212,2026-02-04,Completed,5
O009519,C01908,2026-07-04,Completed,15
O009520,C01322,2026-04-04,Completed,0
O009521,C00062,2026-01-29,Completed,5
O009522,C00112,2026-04-01,Completed,0
O009523,C01704,2025-05-27,Completed,0
O009524,C00508,2026-08-05,Completed,10
O009525,C01005,2026-08-18,Completed,5
O009526,C00926,2025-09-28,Completed,5
O009527,C00155,2025-08-14,Cancelled,15
O009528,C00767,2026-06-21,Completed,20
O009529,C00988,2025-12-17,Completed,0
O009530,C00854,2025-04-26,Completed,5
O009531,C01800,2026-08-16,Completed,10
O009532,C00093,2026-08-16,Completed,5
O009533,C01063,2026-01-22,Completed,5
O009534,C00608,2025-10-02,Completed,5
O009535,C01627,2025-10-07,Completed,0
O009536,C00267,2026-08-16,Completed,10
O009537,C00850,2026-03-28,Completed,0
O009538,C00336,2026-05-16,Completed,20
O009539,C01496,2025-10-05,Completed,10
O009540,C00517,2025-06-17,Completed,20
O009541,C01531,2026-06-10,Completed,0
O009542,C01755,2025-08-28,Completed,20
O009543,C01134,2026-07-28,Completed,0
O009544,C01173,2026-02-06,Completed,30
O009545,C00724,2026-01-07,Completed,0
O009546,C00302,2025-12-31,Completed,10
O009547,C00772,2026-07-04,Completed,0
O009548,C01098,2026-06-07,Completed,0
O009549,C00821,2026-04-01,Completed,10
O009550,C00942,2025-08-22,Completed,15
O009551,C00679,2025-09-17,Completed,0
O009552,C01851,2026-07-27,Completed,15
O009553,C00195,2026-01-18,Completed,10
O009554,C00356,2025-12-27,Completed,0
O009555,C00409,2025-07-23,Completed,10
O009556,C01877,2026-07-20,Completed,5
O009557,C01861,2026-07-19,Completed,0
O009558,C01029,2025-08-21,Completed,5
O009559,C00669,2026-07-25,Completed,10
O009560,C00385,2026-06-18,Completed,0
O009561,C00102,2026-06-12,Completed,0
O009562,C00566,2025-01-25,Completed,0
O009563,C00445,2026-07-04,Cancelled,10
O009564,C01036,2025-06-26,Completed,10
O009565,C01631,2026-06-10,Completed,15
O009566,C00211,2026-05-14,Completed,20
O009567,C01250,2025-11-21,Completed,0
O009568,C01325,2026-04-18,Completed,0
O009569,C00394,2026-05-22,Completed,5
O009570,C00011,2026-02-01,Completed,10
O009571,C00658,2026-04-19,Completed,5
O009572,C01033,2026-06-20,Completed,0
O009573,C00058,2026-02-14,Completed,30
O009574,C01613,2026-06-26,Completed,5
O009575,C00692,2026-04-01,Completed,0
O009576,C00249,2026-08-15,Completed,0
O009577,C00705,2026-04-18,Completed,0
O009578,C01763,2026-06-21,Completed,15
O009579,C01808,2026-04-25,Completed,0
O009580,C00417,2026-08-17,Completed,5
O009581,C01873,2025-10-11,Completed,20
O009582,C00991,2026-06-17,Completed,5
O009583,C01386,2026-06-12,Completed,15
O009584,C01989,2025-12-31,Completed,0
O009585,C00872,2026-08-06,Completed,5
O009586,C00352,2026-07-26,Completed,0
O009587,C00314,2026-08-12,Completed,15
O009588,C01384,2026-01-05,Completed,20
O009589,C01872,2026-04-13,Completed,0
O009590,C00071,2026-06-23,Completed,10
O009591,C00483,2026-08-13,Completed,5
O009592,C01045,2026-08-20,Completed,20
O009593,C01615,2026-05-28,Completed,0
O009594,C00769,2026-01-01,Completed,10
O009595,C01409,2025-11-04,Completed,15
O009596,C01651,2026-04-01,Completed,15
O009597,C00021,2025-08-14,Cancelled,5
O009598,C00153,2025-12-10,Completed,15
O009599,C00139,2026-07-03,Completed,10
O009600,C00081,2026-06-24,Completed,0
O009601,C01303,2026-07-10,Completed,0
O009602,C01180,2025-12-04,Completed,0
O009603,C00049,2025-09-19,Completed,15
O009604,C00472,2026-03-24,Completed,10
O009605,C00541,2026-02-06,Completed,0
O009606,C01599,2026-04-03,Completed,0
O009607,C00851,2026-01-16,Completed,0
O009608,C00004,2026-08-13,Completed,5
O009609,C01218,2026-06-06,Completed,10
O009610,C01684,2026-06-03,Completed,5
O009611,C00085,2026-08-04,Completed,0
O009612,C01606,2026-07-31,Completed,10
O009613,C00028,2026-07-24,Completed,0
O009614,C01388,2026-05-03,Completed,30
O009615,C01437,2025-09-03,Completed,5
O009616,C00625,2026-05-28,Completed,5
O009617,C00370,2026-05-05,Completed,5
O009618,C00115,2026-03-31,Completed,5
O009619,C01616,2025-12-26,Completed,15
O009620,C00574,2026-07-25,Completed,30
O009621,C00285,2026-05-02,Completed,10
O009622,C01708,2026-07-12,Completed,20
O009623,C00581,2026-07-24,Completed,10
O009624,C01440,2026-03-02,Completed,10
O009625,C01244,2025-12-11,Cancelled,5
O009626,C00464,2026-07-15,Completed,10
O009627,C00490,2026-06-25,Completed,5
O009628,C00398,2026-03-19,Completed,5
O009629,C01824,2026-06-14,Cancelled,15
O009630,C01447,2025-04-23,Completed,15
O009631,C00951,2025-11-22,Completed,15
O009632,C01606,2026-04-02,Completed,0
O009633,C00566,2026-02-28,Completed,0
O009634,C00927,2026-04-22,Completed,10
O009635,C00609,2026-08-02,Completed,0
O009636,C00134,2026-01-21,Completed,5
O009637,C00996,2026-05-31,Completed,10
O009638,C00866,2026-06-01,Completed,10
O009639,C01113,2026-03-08,Completed,5
O009640,C00998,2026-07-15,Completed,0
O009641,C01872,2026-07-06,Completed,5
O009642,C01721,2026-05-07,Completed,15
O009643,C00783,2026-04-12,Completed,5
O009644,C00618,2026-06-29,Completed,15
O009645,C01494,2026-03-26,Completed,0
O009646,C01120,2026-08-15,Completed,10
O009647,C00251,2025-11-23,Completed,0
O009648,C01144,2026-05-01,Completed,5
O009649,C01444,2025-08-05,Completed,0
O009650,C00473,2026-03-11,Completed,15
O009651,C00867,2026-07-24,Completed,10
O009652,C00040,2026-07-23,Completed,30
O009653,C00947,2026-03-20,Completed,20
O009654,C01340,2026-07-23,Completed,5
O009655,C00741,2025-06-30,Completed,0
O009656,C00282,2026-04-09,Completed,10
O009657,C01934,2026-07-16,Completed,15
O009658,C01134,2026-06-25,Completed,10
O009659,C01164,2026-05-10,Completed,20
O009660,C01207,2026-05-07,Completed,5
O009661,C00908,2025-08-27,Completed,0
O009662,C01617,2026-07-22,Completed,0
O009663,C00884,2026-05-28,Completed,0
O009664,C01419,2026-03-01,Completed,0
O009665,C00778,2026-03-12,Completed,10
O009666,C01182,2026-08-07,Completed,0
O009667,C00361,2026-08-04,Completed,20
O009668,C01157,2026-05-29,Completed,20
O009669,C00447,2025-03-24,Completed,10
O009670,C01490,2026-02-17,Completed,5
O009671,C00035,2025-07-06,Completed,5
O009672,C00641,2026-06-08,Cancelled,15
O009673,C01893,2026-06-25,Completed,0
O009674,C00893,2026-01-18,Completed,5
O009675,C00191,2026-02-18,Completed,5
O009676,C01868,2025-11-12,Completed,0
O009677,C01894,2026-03-28,Completed,0
O009678,C00883,2026-03-31,Completed,0
O009679,C01535,2026-05-27,Completed,5
O009680,C00210,2025-10-12,Completed,0
O009681,C01810,2026-07-03,Completed,0
O009682,C01765,2026-03-31,Completed,0
O009683,C01104,2026-03-11,Completed,10
O009684,C00848,2026-03-24,Completed,15
O009685,C01654,2026-02-23,Completed,10
O009686,C00247,2025-12-31,Completed,0
O009687,C01049,2026-06-09,Completed,5
O009688,C01663,2026-01-12,Completed,20
O009689,C01318,2026-06-29,Completed,30
O009690,C00547,2026-02-14,Completed,30
O009691,C01646,2025-06-09,Completed,10
O009692,C00910,2025-12-01,Completed,0
O009693,C01965,2025-12-21,Completed,10
O009694,C01112,2026-04-23,Completed,0
O009695,C01452,2026-05-20,Completed,10
O009696,C00941,2026-02-04,Completed,0
O009697,C00505,2026-06-14,Completed,10
O009698,C01940,2025-06-27,Completed,0
O009699,C01213,2026-05-19,Completed,0
O009700,C01596,2025-10-18,Completed,10
O009701,C00594,2026-07-10,Completed,20
O009702,C01160,2026-07-18,Completed,20
O009703,C01083,2026-03-10,Completed,15
O009704,C01228,2025-07-05,Completed,0
O009705,C00724,2025-09-01,Completed,15
O009706,C01641,2026-06-04,Completed,0
O009707,C00341,2025-10-03,Completed,10
O009708,C01938,2026-01-21,Completed,5
O009709,C01492,2026-05-30,Completed,30
O009710,C01289,2026-03-14,Completed,15
O009711,C01228,2026-05-14,Completed,0
O009712,C00043,2026-03-09,Completed,0
O009713,C01407,2026-02-09,Completed,5
O009714,C00652,2025-06-30,Completed,0
O009715,C00692,2025-06-28,Completed,20
O009716,C00492,2025-08-14,Completed,0
O009717,C00519,2026-02-27,Completed,5
O009718,C00044,2025-07-08,Completed,20
O009719,C01127,2026-03-24,Completed,20
O009720,C00444,2026-05-28,Completed,0
O009721,C01557,2025-05-18,Completed,0
O009722,C00354,2025-08-06,Completed,15
O009723,C01821,2025-12-19,Cancelled,5
O009724,C00501,2026-08-07,Completed,10
O009725,C00528,2026-07-30,Completed,0
O009726,C01620,2026-07-12,Completed,10
O009727,C00669,2025-06-01,Completed,15
O009728,C00253,2026-07-07,Completed,30
O009729,C00336,2026-02-14,Completed,5
O009730,C01868,2025-03-23,Completed,15
O009731,C01066,2026-06-15,Completed,0
O009732,C01283,2026-06-30,Completed,0
O009733,C00849,2025-05-04,Completed,15
O009734,C01123,2025-01-28,Completed,15
O009735,C00653,2026-05-06,Completed,10
O009736,C00928,2026-04-20,Completed,0
O009737,C01905,2026-02-15,Completed,0
O009738,C00968,2026-08-17,Completed,5
O009739,C01435,2026-08-01,Completed,15
O009740,C01906,2026-01-26,Completed,5
O009741,C01999,2025-12-21,Completed,5
O009742,C01617,2026-06-30,Completed,10
O009743,C00162,2026-04-10,Completed,0
O009744,C00734,2026-08-07,Completed,15
O009745,C01079,2026-05-16,Completed,0
O009746,C00668,2026-07-31,Completed,5
O009747,C00937,2026-02-18,Completed,20
O009748,C01316,2025-10-16,Completed,0
O009749,C00216,2026-06-16,Completed,10
O009750,C00702,2025-07-16,Completed,5
O009751,C01897,2025-09-11,Completed,30
O009752,C01937,2026-07-24,Completed,10
O009753,C01396,2025-12-23,Completed,10
O009754,C00063,2026-07-14,Completed,0
O009755,C01654,2026-03-14,Completed,10
O009756,C00903,2026-01-28,Completed,30
O009757,C00426,2026-03-28,Completed,0
O009758,C01616,2025-03-15,Completed,20
O009759,C00396,2026-01-09,Completed,5
O009760,C01427,2025-12-09,Completed,5
O009761,C01054,2025-08-21,Completed,30
O009762,C00620,2026-05-27,Cancelled,0
O009763,C00489,2026-08-20,Completed,20
O009764,C00467,2026-04-22,Completed,10
O009765,C01045,2026-07-30,Completed,0
O009766,C01821,2025-10-22,Completed,0
O009767,C01632,2026-01-07,Completed,0
O009768,C00674,2026-03-24,Completed,30
O009769,C00874,2026-03-11,Completed,15
O009770,C01824,2026-07-29,Completed,20
O009771,C00556,2025-10-26,Completed,20
O009772,C00785,2025-12-17,Completed,10
O009773,C01623,2026-06-19,Completed,10
O009774,C00642,2026-02-09,Completed,0
O009775,C00619,2026-02-20,Completed,30
O009776,C00319,2026-06-24,Completed,5
O009777,C01105,2026-02-22,Completed,0
O009778,C00154,2026-02-05,Completed,5
O009779,C01297,2026-06-05,Completed,5
O009780,C00132,2026-07-28,Completed,5
O009781,C00818,2025-08-17,Completed,5
O009782,C01774,2025-10-24,Completed,5
O009783,C00105,2026-05-10,Completed,0
O009784,C00026,2026-07-22,Cancelled,0
O009785,C01998,2026-08-11,Completed,15
O009786,C01808,2026-08-12,Completed,30
O009787,C01789,2025-12-16,Completed,0
O009788,C00907,2026-02-19,Completed,10
O009789,C00350,2026-03-08,Cancelled,0
O009790,C01774,2026-06-21,Completed,0
O009791,C00212,2025-10-09,Completed,10
O009792,C01687,2026-06-23,Completed,5
O009793,C01443,2026-03-26,Completed,0
O009794,C00275,2026-03-24,Completed,10
O009795,C00302,2026-01-18,Completed,15
O009796,C00077,2025-09-02,Completed,20
O009797,C01045,2026-04-21,Cancelled,15
O009798,C01306,2026-04-07,Completed,5
O009799,C01740,2025-11-27,Completed,15
O009800,C00259,2026-04-12,Completed,10
O009801,C01902,2025-11-19,Completed,15
O009802,C00394,2025-10-30,Completed,20
O009803,C00624,2025-10-10,Completed,5
O009804,C01169,2025-12-26,Completed,5
O009805,C00466,2025-12-21,Completed,20
O009806,C00762,2026-05-26,Completed,5
O009807,C00661,2025-06-23,Completed,20
O009808,C01324,2025-07-10,Completed,20
O009809,C00812,2025-07-07,Completed,0
O009810,C01112,2026-06-22,Completed,0
O009811,C00556,2026-07-11,Completed,0
O009812,C01883,2026-07-15,Completed,5
O009813,C00161,2025-12-27,Completed,20
O009814,C01328,2026-06-22,Completed,20
O009815,C01593,2026-05-21,Completed,0
O009816,C00634,2026-04-19,Completed,10
O009817,C01175,2025-10-26,Completed,15
O009818,C01156,2026-01-03,Cancelled,5
O009819,C01847,2026-02-25,Completed,30
O009820,C00624,2025-11-01,Completed,10
O009821,C01070,2026-03-30,Completed,20
O009822,C01785,2026-05-25,Completed,15
O009823,C00076,2026-02-25,Completed,5
O009824,C01413,2026-03-22,Completed,5
O009825,C01087,2026-01-22,Completed,0
O009826,C00260,2026-08-10,Completed,15
O009827,C01800,2025-08-31,Completed,20
O009828,C01021,2026-04-13,Completed,10
O009829,C00794,2026-08-14,Cancelled,0
O009830,C00277,2025-11-12,Completed,0
O009831,C00114,2026-02-01,Completed,20
O009832,C01636,2026-07-06,Completed,30
O009833,C00108,2025-12-23,Completed,0
O009834,C01428,2026-06-15,Completed,0
O009835,C00509,2026-06-03,Completed,5
O009836,C00233,2025-10-01,Completed,0
O009837,C01395,2026-01-30,Completed,0
O009838,C00005,2025-12-31,Completed,0
O009839,C01572,2026-03-05,Completed,20
O009840,C00365,2026-05-08,Completed,20
O009841,C00706,2026-01-15,Cancelled,0
O009842,C01293,2026-05-28,Completed,10
O009843,C01431,2026-03-08,Completed,5
O009844,C00259,2026-04-30,Completed,10
O009845,C00947,2025-11-09,Completed,5
O009846,C01842,2026-04-21,Completed,5
O009847,C01406,2026-01-01,Completed,20
O009848,C00855,2026-05-01,Completed,10
O009849,C00392,2026-08-13,Completed,0
O009850,C00541,2026-06-05,Completed,0
O009851,C01909,2026-06-15,Completed,0
O009852,C01020,2026-04-21,Completed,0
O009853,C00874,2026-02-17,Completed,10
O009854,C01354,2026-04-11,Completed,0
O009855,C00321,2026-08-12,Completed,0
O009856,C00850,2026-03-28,Completed,15
O009857,C00515,2026-07-02,Completed,5
O009858,C00860,2025-11-03,Completed,10
O009859,C00087,2026-02-06,Completed,10
O009860,C00699,2026-07-24,Completed,10
O009861,C01920,2026-01-01,Completed,0
O009862,C01786,2026-06-27,Completed,20
O009863,C00475,2025-12-01,Completed,5
O009864,C00474,2026-02-28,Completed,10
O009865,C00691,2026-06-10,Completed,15
O009866,C01415,2026-05-12,Completed,5
O009867,C01119,2025-10-30,Completed,10
O009868,C00360,2026-06-19,Completed,0
O009869,C00806,2026-08-06,Completed,0
O009870,C01908,2026-07-12,Completed,5
O009871,C01102,2026-04-24,Completed,10
O009872,C00952,2026-03-20,Completed,15
O009873,C00167,2026-04-04,Completed,20
O009874,C01539,2025-08-14,Completed,10
O009875,C01556,2026-06-22,Completed,5
O009876,C00834,2025-09-13,Completed,0
O009877,C00386,2026-04-12,Completed,15
O009878,C00172,2026-03-28,Completed,30
O009879,C00605,2026-04-30,Completed,20
O009880,C01784,2026-05-02,Completed,10
O009881,C00048,2026-07-12,Cancelled,5
O009882,C01281,2025-07-03,Completed,0
O009883,C01675,2026-08-04,Completed,15
O009884,C00255,2026-03-22,Completed,10
O009885,C00325,2026-01-20,Completed,15
O009886,C01507,2025-10-26,Completed,0
O009887,C00501,2026-08-02,Completed,0
O009888,C00725,2026-02-26,Completed,5
O009889,C01514,2026-06-15,Completed,15
O009890,C00200,2026-08-08,Completed,10
O009891,C00102,2025-10-06,Completed,5
O009892,C00197,2026-07-03,Completed,5
O009893,C00299,2026-07-04,Completed,15
O009894,C01923,2026-03-01,Completed,15
O009895,C00964,2025-12-08,Completed,10
O009896,C01068,2025-03-30,Completed,0
O009897,C00685,2025-06-17,Completed,15
O009898,C00531,2026-01-11,Completed,5
O009899,C00757,2025-06-25,Completed,10
O009900,C01592,2025-09-25,Completed,15
O009901,C00637,2026-07-04,Completed,0
O009902,C00132,2026-07-06,Completed,20
O009903,C01343,2025-06-21,Completed,10
O009904,C01591,2026-01-08,Completed,15
O009905,C01190,2026-08-17,Completed,30
O009906,C01430,2026-06-09,Completed,0
O009907,C00277,2025-12-10,Completed,15
O009908,C00997,2025-09-20,Completed,0
O009909,C00038,2026-04-10,Completed,5
O009910,C01963,2026-07-15,Completed,15
O009911,C01905,2026-05-02,Completed,0
O009912,C01753,2026-08-03,Cancelled,0
O009913,C00538,2026-06-24,Completed,0
O009914,C01191,2026-06-20,Completed,0
O009915,C01323,2026-08-18,Completed,10
O009916,C00097,2026-08-12,Completed,10
O009917,C01320,2026-06-25,Completed,15
O009918,C01044,2026-07-06,Completed,0
O009919,C01385,2025-11-16,Completed,10
O009920,C01677,2025-05-14,Completed,10
O009921,C00375,2026-02-13,Completed,30
O009922,C01923,2026-05-05,Completed,10
O009923,C01732,2026-07-24,Completed,15
O009924,C00396,2026-08-19,Completed,0
O009925,C00541,2026-02-18,Completed,0
O009926,C00651,2025-12-03,Completed,0
O009927,C00804,2026-01-30,Completed,0
O009928,C00793,2025-07-23,Completed,0
O009929,C01767,2026-05-10,Completed,5
O009930,C01252,2025-06-16,Completed,0
O009931,C00856,2026-06-23,Completed,10
O009932,C00754,2026-06-28,Completed,15
O009933,C01328,2025-04-16,Completed,20
O009934,C00518,2025-08-06,Completed,10
O009935,C00241,2026-02-10,Completed,0
O009936,C00465,2025-09-14,Completed,30
O009937,C00600,2026-02-19,Completed,10
O009938,C00563,2026-06-20,Completed,0
O009939,C01903,2026-06-17,Completed,5
O009940,C01119,2025-11-14,Completed,10
O009941,C01426,2026-05-26,Completed,15
O009942,C00557,2025-05-27,Completed,15
O009943,C00056,2026-03-19,Completed,0
O009944,C00852,2026-01-12,Completed,0
O009945,C00725,2026-07-22,Completed,20
O009946,C00702,2026-05-15,Completed,10
O009947,C01532,2026-04-04,Completed,5
O009948,C00653,2026-05-22,Completed,15
O009949,C01780,2026-02-11,Completed,20
O009950,C01612,2026-05-16,Completed,30
O009951,C01984,2026-04-27,Completed,0
O009952,C01042,2026-06-11,Completed,0
O009953,C00053,2025-10-21,Completed,10
O009954,C00772,2026-03-20,Completed,0
O009955,C00177,2026-06-14,Completed,0
O009956,C01385,2025-10-26,Cancelled,0
O009957,C01937,2026-02-07,Completed,0
O009958,C00641,2026-07-11,Completed,15
O009959,C01955,2026-07-01,Completed,10
O009960,C00132,2026-05-27,Cancelled,0
O009961,C00435,2026-03-30,Completed,0
O009962,C00804,2026-08-03,Completed,20
O009963,C01586,2025-06-21,Completed,5
O009964,C01525,2026-03-13,Completed,10
O009965,C00601,2026-06-11,Completed,0
O009966,C00581,2025-12-26,Completed,10
O009967,C00630,2025-11-22,Completed,30
O009968,C00460,2026-01-25,Completed,5
O009969,C00532,2026-03-22,Completed,0
O009970,C01982,2026-07-18,Cancelled,0
O009971,C00471,2026-04-30,Completed,0
O009972,C00721,2026-01-28,Completed,0
O009973,C00100,2026-06-25,Completed,10
O009974,C01831,2026-07-08,Completed,10
O009975,C00139,2025-12-10,Completed,5
O009976,C01713,2026-01-26,Completed,15
O009977,C01699,2026-05-18,Completed,0
O009978,C01342,2026-04-06,Completed,5
O009979,C01695,2026-08-12,Completed,5
O009980,C01041,2025-07-10,Completed,20
O009981,C01186,2026-03-04,Completed,0
O009982,C01824,2026-07-17,Completed,15
O009983,C00465,2025-07-29,Completed,0
O009984,C00282,2026-05-18,Completed,5
O009985,C00253,2025-04-12,Completed,15
O009986,C00537,2026-08-02,Completed,20
O009987,C00295,2026-03-17,Completed,20
O009988,C00817,2026-05-13,Completed,15
O009989,C00880,2026-06-28,Completed,20
O009990,C00267,2026-04-06,Cancelled,0
O009991,C01313,2026-04-28,Completed,15
O009992,C00011,2026-08-01,Completed,10
O009993,C01027,2026-08-13,Completed,10
O009994,C01594,2026-03-24,Completed,20
O009995,C00127,2026-01-06,Cancelled,0
O009996,C00490,2026-02-14,Completed,0
O009997,C00315,2026-05-02,Completed,10
O009998,C00940,2026-08-03,Completed,15
O009999,C00666,2026-04-13,Completed,5
O010000,C01570,2026-01-11,Completed,15
