order_item_id,order_id,product_id,quantity
OI0000001,O000001,P0075,1
OI0000002,O000001,P0267,1
OI0000003,O000002,P0266,1
OI0000004,O000003,P0041,3
OI0000005,O000003,P0066,1
OI0000006,O000004,P0228,1
OI0000007,O000005,P0106,1
OI0000008,O000005,P0142,1
OI0000009,O000005,P0198,3
OI0000010,O000006,P0270,2
OI0000011,O000006,P0159,1
OI0000012,O000007,P0037,1
OI0000013,O000007,P0285,3
OI0000014,O000007,P0169,3
OI0000015,O000007,P0141,1
OI0000016,O000008,P0060,1
OI0000017,O000009,P0241,1
OI0000018,O000010,P0195,1
OI0000019,O000011,P0213,2
OI0000020,O000012,P0167,3
OI0000021,O000012,P0072,1
OI0000022,O000013,P0295,1
OI0000023,O000014,P0295,1
OI0000024,O000014,P0267,1
OI0000025,O000014,P0180,1
OI0000026,O000015,P0003,1
OI0000027,O000016,P0295,1
OI0000028,O000016,P0049,1
OI0000029,O000016,P0238,1
OI0000030,O000017,P0189,1
OI0000031,O000018,P0220,1
OI0000032,O000018,P0018,1
OI0000033,O000019,P0065,2
OI0000034,O000019,P0151,1
OI0000035,O000020,P0121,2
OI0000036,O000020,P0232,2
OI0000037,O000021,P0136,1
OI0000038,O000022,P0232,1
OI0000039,O000022,P0128,1
OI0000040,O000022,P0208,2
OI0000041,O000023,P0221,1
OI0000042,O000023,P0162,2
OI0000043,O000024,P0281,1
OI0000044,O000024,P0014,2
OI0000045,O000025,P0094,1
OI0000046,O000026,P0205,2
OI0000047,O000026,P0092,1
OI0000048,O000026,P0051,1
OI0000049,O000027,P0035,1
OI0000050,O000028,P0182,1
OI0000051,O000028,P0201,1
OI0000052,O000028,P0031,1
OI0000053,O000029,P0243,3
OI0000054,O000030,P0039,1
OI0000055,O000031,P0129,2
OI0000056,O000031,P0158,1
OI0000057,O000031,P0200,2
OI0000058,O000031,P0184,2
OI0000059,O000032,P0228,1
OI0000060,O000032,P0296,1
OI0000061,O000033,P0151,1
OI0000062,O000033,P0296,1
OI0000063,O000033,P0295,1
OI0000064,O000034,P0056,1
OI0000065,O000034,P0143,1
OI0000066,O000034,P0250,1
OI0000067,O000035,P0206,1
OI0000068,O000035,P0235,1
OI0000069,O000035,P0075,1
OI0000070,O000036,P0221,1
OI0000071,O000036,P0196,1
OI0000072,O000036,P0291,1
OI0000073,O000037,P0133,2
OI0000074,O000038,P0192,1
OI0000075,O000038,P0060,2
OI0000076,O000039,P0090,1
OI0000077,O000039,P0115,1
OI0000078,O000039,P0044,3
OI0000079,O000040,P0114,1
OI0000080,O000040,P0139,2
OI0000081,O000041,P0075,2
OI0000082,O000041,P0213,1
OI0000083,O000042,P0282,1
OI0000084,O000042,P0252,1
OI0000085,O000043,P0157,2
OI0000086,O000043,P0221,3
OI0000087,O000043,P0248,2
OI0000088,O000043,P0042,1
OI0000089,O000044,P0202,3
OI0000090,O000044,P0177,2
OI0000091,O000044,P0211,1
OI0000092,O000044,P0285,1
OI0000093,O000045,P0060,1
OI0000094,O000045,P0216,2
OI0000095,O000046,P0237,3
OI0000096,O000046,P0160,1
OI0000097,O000046,P0181,1
OI0000098,O000047,P0038,1
OI0000099,O000047,P0005,1
OI0000100,O000047,P0088,1
OI0000101,O000047,P0053,2
OI0000102,O000048,P0122,2
OI0000103,O000049,P0042,1
OI0000104,O000050,P0042,1
OI0000105,O000051,P0047,1
OI0000106,O000051,P0023,1
OI0000107,O000052,P0206,1
OI0000108,O000052,P0062,1
OI0000109,O000053,P0040,1
OI0000110,O000053,P0271,2
OI0000111,O000053,P0238,1
OI0000112,O000053,P0113,1
OI0000113,O000054,P0192,1
OI0000114,O000055,P0297,1
OI0000115,O000055,P0154,3
OI0000116,O000055,P0260,2
OI0000117,O000056,P0088,1
OI0000118,O000056,P0295,1
OI0000119,O000057,P0214,1
OI0000120,O000058,P0013,1
OI0000121,O000059,P0046,1
OI0000122,O000060,P0171,1
OI0000123,O000060,P0257,1
OI0000124,O000060,P0075,1
OI0000125,O000061,P0021,1
OI0000126,O000061,P0277,1
OI0000127,O000062,P0236,1
OI0000128,O000062,P0269,2
OI0000129,O000062,P0183,1
OI0000130,O000062,P0230,1
OI0000131,O000063,P0179,2
OI0000132,O000063,P0061,2
OI0000133,O000064,P0273,1
OI0000134,O000064,P0011,1
OI0000135,O000065,P0267,2
OI0000136,O000065,P0162,1
OI0000137,O000065,P0154,1
OI0000138,O000066,P0115,1
OI0000139,O000067,P0071,2
OI0000140,O000067,P0028,1
OI0000141,O000068,P0188,2
OI0000142,O000068,P0016,1
OI0000143,O000069,P0063,1
OI0000144,O000069,P0131,1
OI0000145,O000069,P0242,3
OI0000146,O000070,P0037,1
OI0000147,O000070,P0150,1
OI0000148,O000070,P0126,1
OI0000149,O000071,P0007,1
OI0000150,O000071,P0187,2
OI0000151,O000072,P0110,1
OI0000152,O000073,P0062,1
OI0000153,O000073,P0170,2
OI0000154,O000074,P0257,2
OI0000155,O000074,P0244,1
OI0000156,O000074,P0119,1
OI0000157,O000075,P0197,3
OI0000158,O000075,P0163,1
OI0000159,O000075,P0024,1
OI0000160,O000076,P0250,2
OI0000161,O000076,P0066,1
OI0000162,O000076,P0001,3
OI0000163,O000077,P0169,1
OI0000164,O000077,P0082,1
OI0000165,O000077,P0022,1
OI0000166,O000078,P0158,2
OI0000167,O000079,P0124,2
OI0000168,O000080,P0010,1
OI0000169,O000080,P0159,2
OI0000170,O000080,P0053,1
OI0000171,O000080,P0226,1
OI0000172,O000081,P0229,1
OI0000173,O000082,P0070,2
OI0000174,O000082,P0170,1
OI0000175,O000082,P0084,1
OI0000176,O000083,P0072,1
OI0000177,O000083,P0229,1
OI0000178,O000084,P0209,1
OI0000179,O000084,P0113,1
OI0000180,O000084,P0009,1
OI0000181,O000085,P0026,3
OI0000182,O000085,P0259,1
OI0000183,O000086,P0111,2
OI0000184,O000086,P0183,1
OI0000185,O000086,P0254,3
OI0000186,O000086,P0290,1
OI0000187,O000087,P0078,1
OI0000188,O000088,P0107,1
OI0000189,O000088,P0201,1
OI0000190,O000088,P0196,1
OI0000191,O000089,P0001,1
OI0000192,O000090,P0215,1
OI0000193,O000091,P0205,1
OI0000194,O000091,P0270,1
OI0000195,O000092,P0153,1
OI0000196,O000093,P0246,1
OI0000197,O000093,P0210,2
OI0000198,O000093,P0232,1
OI0000199,O000093,P0223,2
OI0000200,O000094,P0146,1
OI0000201,O000095,P0135,1
OI0000202,O000096,P0289,1
OI0000203,O000097,P0187,1
OI0000204,O000097,P0286,1
OI0000205,O000098,P0011,1
OI0000206,O000099,P0182,1
OI0000207,O000099,P0079,1
OI0000208,O000100,P0221,1
OI0000209,O000100,P0277,1
OI0000210,O000100,P0152,1
OI0000211,O000101,P0111,1
OI0000212,O000101,P0010,1
OI0000213,O000101,P0223,1
OI0000214,O000102,P0120,2
OI0000215,O000103,P0298,1
OI0000216,O000104,P0110,1
OI0000217,O000104,P0046,1
OI0000218,O000104,P0198,1
OI0000219,O000105,P0295,1
OI0000220,O000106,P0187,1
OI0000221,O000106,P0171,1
OI0000222,O000107,P0234,1
OI0000223,O000108,P0148,1
OI0000224,O000109,P0090,1
OI0000225,O000110,P0175,2
OI0000226,O000110,P0286,1
OI0000227,O000110,P0055,1
OI0000228,O000111,P0268,1
OI0000229,O000111,P0132,1
OI0000230,O000112,P0236,2
OI0000231,O000113,P0159,1
OI0000232,O000114,P0050,1
OI0000233,O000114,P0173,1
OI0000234,O000115,P0128,2
OI0000235,O000115,P0084,3
OI0000236,O000116,P0014,2
OI0000237,O000117,P0052,2
OI0000238,O000117,P0038,1
OI0000239,O000118,P0006,2
OI0000240,O000118,P0146,1
OI0000241,O000119,P0232,1
OI0000242,O000119,P0165,1
OI0000243,O000120,P0134,1
OI0000244,O000120,P0086,1
OI0000245,O000121,P0059,2
OI0000246,O000121,P0221,2
OI0000247,O000121,P0242,1
OI0000248,O000122,P0275,2
OI0000249,O000123,P0047,2
OI0000250,O000123,P0110,1
OI0000251,O000124,P0127,1
OI0000252,O000125,P0078,1
OI0000253,O000125,P0090,2
OI0000254,O000126,P0210,1
OI0000255,O000127,P0163,2
OI0000256,O000127,P0084,1
OI0000257,O000128,P0295,1
OI0000258,O000129,P0259,1
OI0000259,O000130,P0081,1
OI0000260,O000131,P0260,1
OI0000261,O000132,P0235,2
OI0000262,O000132,P0134,1
OI0000263,O000133,P0244,1
OI0000264,O000134,P0149,3
OI0000265,O000135,P0290,1
OI0000266,O000136,P0177,1
OI0000267,O000137,P0139,1
OI0000268,O000137,P0156,1
OI0000269,O000137,P0276,1
OI0000270,O000138,P0203,1
OI0000271,O000138,P0188,2
OI0000272,O000138,P0052,1
OI0000273,O000138,P0280,1
OI0000274,O000139,P0107,2
OI0000275,O000139,P0043,3
OI0000276,O000139,P0157,1
OI0000277,O000139,P0074,2
OI0000278,O000140,P0104,2
OI0000279,O000140,P0119,1
OI0000280,O000140,P0163,1
OI0000281,O000140,P0028,2
OI0000282,O000141,P0167,2
OI0000283,O000141,P0286,1
OI0000284,O000142,P0044,1
OI0000285,O000142,P0150,3
OI0000286,O000142,P0272,1
OI0000287,O000143,P0077,2
OI0000288,O000144,P0173,3
OI0000289,O000144,P0139,3
OI0000290,O000144,P0286,1
OI0000291,O000145,P0161,1
OI0000292,O000145,P0166,1
OI0000293,O000145,P0240,1
OI0000294,O000146,P0250,1
OI0000295,O000147,P0273,1
OI0000296,O000148,P0170,1
OI0000297,O000148,P0248,2
OI0000298,O000149,P0004,2
OI0000299,O000149,P0102,3
OI0000300,O000149,P0127,1
OI0000301,O000149,P0222,1
OI0000302,O000150,P0062,1
OI0000303,O000150,P0197,2
OI0000304,O000151,P0108,2
OI0000305,O000152,P0181,1
OI0000306,O000152,P0010,2
OI0000307,O000152,P0073,1
OI0000308,O000153,P0025,1
OI0000309,O000153,P0090,2
OI0000310,O000153,P0214,1
OI0000311,O000153,P0106,1
OI0000312,O000154,P0002,2
OI0000313,O000154,P0298,1
OI0000314,O000155,P0106,1
OI0000315,O000156,P0184,1
OI0000316,O000156,P0075,2
OI0000317,O000157,P0119,1
OI0000318,O000158,P0098,2
OI0000319,O000158,P0131,1
OI0000320,O000158,P0176,1
OI0000321,O000158,P0266,1
OI0000322,O000159,P0121,1
OI0000323,O000159,P0180,1
OI0000324,O000160,P0284,3
OI0000325,O000160,P0159,2
OI0000326,O000160,P0021,2
OI0000327,O000161,P0035,1
OI0000328,O000161,P0070,1
OI0000329,O000162,P0235,1
OI0000330,O000162,P0008,1
OI0000331,O000162,P0128,1
OI0000332,O000163,P0080,1
OI0000333,O000163,P0271,1
OI0000334,O000164,P0077,1
OI0000335,O000165,P0162,1
OI0000336,O000166,P0089,1
OI0000337,O000167,P0270,2
OI0000338,O000167,P0017,1
OI0000339,O000167,P0013,1
OI0000340,O000168,P0019,1
OI0000341,O000169,P0268,1
OI0000342,O000170,P0254,1
OI0000343,O000170,P0147,1
OI0000344,O000171,P0153,2
OI0000345,O000172,P0100,1
OI0000346,O000173,P0147,1
OI0000347,O000173,P0006,1
OI0000348,O000174,P0111,1
OI0000349,O000175,P0274,1
OI0000350,O000175,P0109,2
OI0000351,O000175,P0300,1
OI0000352,O000176,P0097,1
OI0000353,O000177,P0203,3
OI0000354,O000177,P0035,1
OI0000355,O000178,P0183,1
OI0000356,O000178,P0150,1
OI0000357,O000178,P0236,1
OI0000358,O000179,P0099,1
OI0000359,O000179,P0076,1
OI0000360,O000179,P0121,2
OI0000361,O000180,P0074,1
OI0000362,O000180,P0252,2
OI0000363,O000180,P0035,1
OI0000364,O000180,P0117,1
OI0000365,O000181,P0118,1
OI0000366,O000181,P0216,1
OI0000367,O000182,P0278,1
OI0000368,O000183,P0156,2
OI0000369,O000183,P0089,1
OI0000370,O000183,P0087,1
OI0000371,O000183,P0016,2
OI0000372,O000184,P0241,1
OI0000373,O000185,P0154,2
OI0000374,O000185,P0172,1
OI0000375,O000186,P0034,1
OI0000376,O000186,P0246,1
OI0000377,O000187,P0116,2
OI0000378,O000188,P0192,1
OI0000379,O000188,P0111,1
OI0000380,O000188,P0209,1
OI0000381,O000188,P0145,1
OI0000382,O000189,P0087,1
OI0000383,O000190,P0226,1
OI0000384,O000190,P0266,1
OI0000385,O000191,P0025,1
OI0000386,O000191,P0089,3
OI0000387,O000191,P0094,1
OI0000388,O000192,P0093,1
OI0000389,O000192,P0282,2
OI0000390,O000193,P0096,1
OI0000391,O000194,P0173,1
OI0000392,O000194,P0064,1
OI0000393,O000194,P0135,2
OI0000394,O000194,P0243,1
OI0000395,O000195,P0261,1
OI0000396,O000196,P0254,2
OI0000397,O000196,P0269,2
OI0000398,O000196,P0171,1
OI0000399,O000197,P0272,1
OI0000400,O000198,P0013,1
OI0000401,O000199,P0284,3
OI0000402,O000200,P0168,2
OI0000403,O000200,P0241,1
OI0000404,O000200,P0047,1
OI0000405,O000201,P0262,2
OI0000406,O000201,P0078,1
OI0000407,O000202,P0289,3
OI0000408,O000202,P0181,1
OI0000409,O000203,P0087,1
OI0000410,O000203,P0149,1
OI0000411,O000203,P0288,1
OI0000412,O000204,P0058,1
OI0000413,O000204,P0294,2
OI0000414,O000205,P0006,2
OI0000415,O000206,P0058,1
OI0000416,O000207,P0071,2
OI0000417,O000207,P0040,1
OI0000418,O000207,P0084,1
OI0000419,O000208,P0260,1
OI0000420,O000208,P0244,1
OI0000421,O000209,P0032,2
OI0000422,O000210,P0003,2
OI0000423,O000210,P0062,1
OI0000424,O000210,P0151,2
OI0000425,O000211,P0145,2
OI0000426,O000211,P0210,1
OI0000427,O000212,P0205,1
OI0000428,O000212,P0029,1
OI0000429,O000212,P0068,2
OI0000430,O000213,P0114,1
OI0000431,O000213,P0279,1
OI0000432,O000214,P0256,1
OI0000433,O000214,P0057,2
OI0000434,O000214,P0053,3
OI0000435,O000214,P0142,1
OI0000436,O000215,P0030,1
OI0000437,O000215,P0242,1
OI0000438,O000215,P0013,3
OI0000439,O000215,P0139,1
OI0000440,O000216,P0011,1
OI0000441,O000217,P0013,1
OI0000442,O000217,P0270,1
OI0000443,O000217,P0025,1
OI0000444,O000218,P0018,2
OI0000445,O000219,P0042,1
OI0000446,O000219,P0048,1
OI0000447,O000220,P0273,1
OI0000448,O000220,P0130,2
OI0000449,O000220,P0222,2
OI0000450,O000220,P0182,1
OI0000451,O000221,P0195,1
OI0000452,O000221,P0089,3
OI0000453,O000222,P0121,2
OI0000454,O000222,P0114,1
OI0000455,O000222,P0120,1
OI0000456,O000222,P0184,1
OI0000457,O000223,P0063,1
OI0000458,O000223,P0248,3
OI0000459,O000224,P0003,2
OI0000460,O000224,P0202,1
OI0000461,O000225,P0295,2
OI0000462,O000225,P0233,1
OI0000463,O000226,P0185,1
OI0000464,O000226,P0035,2
OI0000465,O000226,P0005,1
OI0000466,O000227,P0190,2
OI0000467,O000227,P0250,1
OI0000468,O000227,P0012,1
OI0000469,O000227,P0028,2
OI0000470,O000228,P0089,1
OI0000471,O000229,P0243,2
OI0000472,O000229,P0276,2
OI0000473,O000229,P0205,1
OI0000474,O000229,P0155,2
OI0000475,O000230,P0131,1
OI0000476,O000230,P0235,1
OI0000477,O000230,P0109,1
OI0000478,O000231,P0297,1
OI0000479,O000232,P0058,1
OI0000480,O000233,P0180,1
OI0000481,O000233,P0193,2
OI0000482,O000234,P0175,2
OI0000483,O000235,P0239,1
OI0000484,O000235,P0169,1
OI0000485,O000236,P0021,1
OI0000486,O000237,P0151,1
OI0000487,O000238,P0276,2
OI0000488,O000238,P0294,1
OI0000489,O000239,P0097,1
OI0000490,O000239,P0228,1
OI0000491,O000240,P0217,1
OI0000492,O000240,P0101,1
OI0000493,O000241,P0241,1
OI0000494,O000241,P0144,2
OI0000495,O000241,P0264,1
OI0000496,O000242,P0291,2
OI0000497,O000242,P0271,1
OI0000498,O000242,P0142,2
OI0000499,O000242,P0101,2
OI0000500,O000243,P0211,2
OI0000501,O000244,P0076,1
OI0000502,O000245,P0005,1
OI0000503,O000246,P0053,1
OI0000504,O000246,P0192,1
OI0000505,O000246,P0119,1
OI0000506,O000247,P0240,2
OI0000507,O000248,P0300,1
OI0000508,O000248,P0206,1
OI0000509,O000249,P0230,1
OI0000510,O000249,P0013,1
OI0000511,O000249,P0109,1
OI0000512,O000249,P0070,1
OI0000513,O000250,P0146,1
OI0000514,O000250,P0092,3
OI0000515,O000251,P0178,1
OI0000516,O000251,P0024,1
OI0000517,O000252,P0032,1
OI0000518,O000252,P0203,1
OI0000519,O000253,P0262,2
OI0000520,O000254,P0189,1
OI0000521,O000254,P0032,1
OI0000522,O000255,P0203,1
OI0000523,O000256,P0265,1
OI0000524,O000256,P0249,1
OI0000525,O000256,P0121,1
OI0000526,O000256,P0037,1
OI0000527,O000257,P0096,2
OI0000528,O000257,P0101,1
OI0000529,O000257,P0211,1
OI0000530,O000258,P0167,1
OI0000531,O000258,P0241,1
OI0000532,O000258,P0106,1
OI0000533,O000259,P0117,1
OI0000534,O000260,P0144,2
OI0000535,O000260,P0127,1
OI0000536,O000261,P0084,3
OI0000537,O000261,P0296,1
OI0000538,O000262,P0007,1
OI0000539,O000262,P0148,1
OI0000540,O000263,P0140,1
OI0000541,O000263,P0231,1
OI0000542,O000263,P0291,1
OI0000543,O000263,P0097,2
OI0000544,O000264,P0285,2
OI0000545,O000265,P0009,1
OI0000546,O000265,P0247,1
OI0000547,O000266,P0068,2
OI0000548,O000267,P0205,3
OI0000549,O000268,P0264,1
OI0000550,O000268,P0025,1
OI0000551,O000269,P0101,1
OI0000552,O000269,P0197,1
OI0000553,O000270,P0075,2
OI0000554,O000271,P0064,1
OI0000555,O000271,P0115,1
OI0000556,O000272,P0019,1
OI0000557,O000272,P0235,1
OI0000558,O000272,P0161,2
OI0000559,O000273,P0110,2
OI0000560,O000273,P0084,1
OI0000561,O000273,P0298,1
OI0000562,O000274,P0067,1
OI0000563,O000275,P0198,1
OI0000564,O000276,P0022,1
OI0000565,O000276,P0008,1
OI0000566,O000276,P0209,1
OI0000567,O000276,P0114,1
OI0000568,O000277,P0212,1
OI0000569,O000278,P0039,1
OI0000570,O000279,P0117,1
OI0000571,O000280,P0172,1
OI0000572,O000281,P0202,3
OI0000573,O000282,P0253,1
OI0000574,O000282,P0293,1
OI0000575,O000283,P0237,2
OI0000576,O000283,P0258,1
OI0000577,O000284,P0242,1
OI0000578,O000285,P0260,1
OI0000579,O000285,P0058,1
OI0000580,O000285,P0032,3
OI0000581,O000286,P0035,1
OI0000582,O000287,P0219,1
OI0000583,O000287,P0297,1
OI0000584,O000287,P0275,1
OI0000585,O000288,P0086,1
OI0000586,O000288,P0282,1
OI0000587,O000288,P0018,2
OI0000588,O000289,P0049,1
OI0000589,O000289,P0185,1
OI0000590,O000290,P0224,1
OI0000591,O000290,P0065,2
OI0000592,O000291,P0212,1
OI0000593,O000291,P0230,1
OI0000594,O000292,P0035,3
OI0000595,O000293,P0040,1
OI0000596,O000294,P0048,1
OI0000597,O000294,P0120,1
OI0000598,O000294,P0233,1
OI0000599,O000295,P0089,1
OI0000600,O000295,P0080,2
OI0000601,O000296,P0033,1
OI0000602,O000296,P0014,1
OI0000603,O000297,P0003,3
OI0000604,O000297,P0025,1
OI0000605,O000297,P0130,1
OI0000606,O000298,P0296,1
OI0000607,O000299,P0293,1
OI0000608,O000299,P0186,1
OI0000609,O000300,P0072,1
OI0000610,O000300,P0270,1
OI0000611,O000301,P0079,1
OI0000612,O000302,P0260,2
OI0000613,O000302,P0288,2
OI0000614,O000303,P0102,2
OI0000615,O000304,P0266,2
OI0000616,O000305,P0024,2
OI0000617,O000305,P0292,1
OI0000618,O000305,P0083,1
OI0000619,O000305,P0186,1
OI0000620,O000306,P0187,1
OI0000621,O000306,P0252,1
OI0000622,O000306,P0089,2
OI0000623,O000307,P0281,1
OI0000624,O000307,P0283,2
OI0000625,O000308,P0227,1
OI0000626,O000309,P0116,1
OI0000627,O000309,P0127,1
OI0000628,O000309,P0170,1
OI0000629,O000310,P0026,1
OI0000630,O000310,P0158,1
OI0000631,O000310,P0130,1
OI0000632,O000311,P0138,2
OI0000633,O000311,P0252,1
OI0000634,O000312,P0238,3
OI0000635,O000313,P0064,1
OI0000636,O000313,P0207,2
OI0000637,O000314,P0209,1
OI0000638,O000314,P0114,1
OI0000639,O000314,P0290,2
OI0000640,O000315,P0280,2
OI0000641,O000316,P0126,2
OI0000642,O000316,P0183,1
OI0000643,O000317,P0245,2
OI0000644,O000317,P0087,1
OI0000645,O000317,P0187,1
OI0000646,O000317,P0097,1
OI0000647,O000318,P0238,1
OI0000648,O000319,P0238,1
OI0000649,O000319,P0092,3
OI0000650,O000320,P0217,2
OI0000651,O000321,P0144,2
OI0000652,O000321,P0029,2
OI0000653,O000321,P0294,1
OI0000654,O000322,P0060,2
OI0000655,O000322,P0020,1
OI0000656,O000323,P0043,1
OI0000657,O000324,P0189,3
OI0000658,O000324,P0182,1
OI0000659,O000324,P0216,2
OI0000660,O000325,P0238,1
OI0000661,O000326,P0110,1
OI0000662,O000326,P0053,1
OI0000663,O000327,P0001,3
OI0000664,O000327,P0055,2
OI0000665,O000327,P0280,1
OI0000666,O000327,P0163,1
OI0000667,O000328,P0100,2
OI0000668,O000328,P0104,2
OI0000669,O000329,P0174,1
OI0000670,O000329,P0181,1
OI0000671,O000330,P0179,3
OI0000672,O000330,P0019,3
OI0000673,O000331,P0182,1
OI0000674,O000332,P0226,1
OI0000675,O000332,P0122,1
OI0000676,O000333,P0160,1
OI0000677,O000333,P0047,2
OI0000678,O000334,P0076,1
OI0000679,O000334,P0178,1
OI0000680,O000335,P0058,1
OI0000681,O000335,P0049,1
OI0000682,O000336,P0091,1
OI0000683,O000337,P0053,1
OI0000684,O000337,P0035,1
OI0000685,O000338,P0109,1
OI0000686,O000339,P0229,3
OI0000687,O000340,P0289,2
OI0000688,O000340,P0276,1
OI0000689,O000340,P0036,1
OI0000690,O000341,P0021,1
OI0000691,O000341,P0165,1
OI0000692,O000342,P0270,1
OI0000693,O000342,P0220,1
OI0000694,O000342,P0119,1
OI0000695,O000342,P0300,1
OI0000696,O000343,P0239,1
OI0000697,O000343,P0167,1
OI0000698,O000343,P0049,1
OI0000699,O000343,P0243,2
OI0000700,O000344,P0009,2
OI0000701,O000345,P0206,1
OI0000702,O000346,P0196,1
OI0000703,O000346,P0258,1
OI0000704,O000347,P0244,1
OI0000705,O000347,P0168,1
OI0000706,O000348,P0234,1
OI0000707,O000349,P0264,1
OI0000708,O000349,P0185,2
OI0000709,O000350,P0098,3
OI0000710,O000350,P0162,1
OI0000711,O000350,P0177,1
OI0000712,O000351,P0228,2
OI0000713,O000351,P0003,1
OI0000714,O000352,P0249,3
OI0000715,O000352,P0167,1
OI0000716,O000352,P0267,1
OI0000717,O000353,P0182,1
OI0000718,O000353,P0147,3
OI0000719,O000354,P0085,1
OI0000720,O000355,P0081,1
OI0000721,O000356,P0297,2
OI0000722,O000356,P0059,2
OI0000723,O000356,P0098,1
OI0000724,O000357,P0135,2
OI0000725,O000358,P0164,3
OI0000726,O000358,P0100,1
OI0000727,O000359,P0129,1
OI0000728,O000360,P0218,1
OI0000729,O000361,P0127,1
OI0000730,O000361,P0120,1
OI0000731,O000361,P0117,1
OI0000732,O000361,P0045,1
OI0000733,O000362,P0275,3
OI0000734,O000363,P0143,1
OI0000735,O000364,P0102,1
OI0000736,O000364,P0011,2
OI0000737,O000364,P0113,1
OI0000738,O000365,P0116,1
OI0000739,O000366,P0245,1
OI0000740,O000367,P0088,1
OI0000741,O000368,P0170,3
OI0000742,O000368,P0085,1
OI0000743,O000368,P0089,1
OI0000744,O000369,P0252,1
OI0000745,O000369,P0020,1
OI0000746,O000369,P0208,1
OI0000747,O000370,P0103,1
OI0000748,O000370,P0040,1
OI0000749,O000370,P0096,1
OI0000750,O000371,P0252,1
OI0000751,O000371,P0227,1
OI0000752,O000371,P0151,1
OI0000753,O000372,P0189,1
OI0000754,O000373,P0092,2
OI0000755,O000373,P0131,1
OI0000756,O000374,P0271,1
OI0000757,O000374,P0053,3
OI0000758,O000374,P0159,1
OI0000759,O000375,P0165,1
OI0000760,O000375,P0164,1
OI0000761,O000376,P0179,1
OI0000762,O000376,P0106,1
OI0000763,O000377,P0279,1
OI0000764,O000377,P0260,1
OI0000765,O000377,P0287,1
OI0000766,O000378,P0005,1
OI0000767,O000378,P0259,1
OI0000768,O000378,P0024,2
OI0000769,O000379,P0112,1
OI0000770,O000379,P0217,3
OI0000771,O000379,P0236,1
OI0000772,O000380,P0120,1
OI0000773,O000381,P0044,1
OI0000774,O000381,P0059,1
OI0000775,O000381,P0010,1
OI0000776,O000382,P0289,2
OI0000777,O000382,P0284,1
OI0000778,O000383,P0094,1
OI0000779,O000383,P0078,1
OI0000780,O000383,P0181,1
OI0000781,O000383,P0066,2
OI0000782,O000384,P0226,2
OI0000783,O000384,P0265,2
OI0000784,O000385,P0072,2
OI0000785,O000385,P0031,1
OI0000786,O000385,P0134,2
OI0000787,O000386,P0079,1
OI0000788,O000386,P0260,1
OI0000789,O000386,P0229,1
OI0000790,O000387,P0281,1
OI0000791,O000388,P0283,1
OI0000792,O000388,P0175,1
OI0000793,O000389,P0105,1
OI0000794,O000390,P0002,1
OI0000795,O000390,P0103,1
OI0000796,O000390,P0013,3
OI0000797,O000391,P0246,2
OI0000798,O000392,P0082,2
OI0000799,O000393,P0173,2
OI0000800,O000393,P0130,2
OI0000801,O000394,P0052,1
OI0000802,O000394,P0068,1
OI0000803,O000395,P0043,2
OI0000804,O000396,P0050,3
OI0000805,O000396,P0295,2
OI0000806,O000396,P0093,1
OI0000807,O000397,P0093,1
OI0000808,O000397,P0036,2
OI0000809,O000397,P0231,1
OI0000810,O000398,P0198,2
OI0000811,O000399,P0095,1
OI0000812,O000399,P0222,1
OI0000813,O000399,P0245,3
OI0000814,O000400,P0149,1
OI0000815,O000401,P0271,2
OI0000816,O000402,P0203,1
OI0000817,O000402,P0163,1
OI0000818,O000403,P0090,1
OI0000819,O000403,P0080,3
OI0000820,O000403,P0137,3
OI0000821,O000403,P0198,1
OI0000822,O000404,P0129,1
OI0000823,O000405,P0287,2
OI0000824,O000406,P0283,1
OI0000825,O000406,P0047,1
OI0000826,O000407,P0240,1
OI0000827,O000408,P0203,1
OI0000828,O000408,P0206,3
OI0000829,O000409,P0017,1
OI0000830,O000409,P0209,1
OI0000831,O000410,P0276,1
OI0000832,O000410,P0096,1
OI0000833,O000410,P0226,3
OI0000834,O000411,P0092,2
OI0000835,O000411,P0269,1
OI0000836,O000411,P0273,3
OI0000837,O000411,P0074,1
OI0000838,O000412,P0021,2
OI0000839,O000413,P0020,1
OI0000840,O000414,P0184,1
OI0000841,O000415,P0036,1
OI0000842,O000415,P0242,1
OI0000843,O000416,P0167,1
OI0000844,O000416,P0125,1
OI0000845,O000417,P0021,1
OI0000846,O000417,P0169,1
OI0000847,O000418,P0153,1
OI0000848,O000419,P0113,1
OI0000849,O000419,P0146,1
OI0000850,O000420,P0250,1
OI0000851,O000420,P0192,1
OI0000852,O000421,P0030,1
OI0000853,O000421,P0233,1
OI0000854,O000422,P0101,1
OI0000855,O000422,P0276,1
OI0000856,O000423,P0240,1
OI0000857,O000423,P0170,1
OI0000858,O000424,P0027,3
OI0000859,O000424,P0098,1
OI0000860,O000425,P0170,1
OI0000861,O000425,P0171,3
OI0000862,O000425,P0211,1
OI0000863,O000425,P0083,1
OI0000864,O000426,P0300,1
OI0000865,O000426,P0038,2
OI0000866,O000426,P0159,2
OI0000867,O000427,P0258,1
OI0000868,O000427,P0247,1
OI0000869,O000427,P0294,1
OI0000870,O000428,P0171,1
OI0000871,O000429,P0251,2
OI0000872,O000430,P0129,2
OI0000873,O000431,P0036,1
OI0000874,O000431,P0105,1
OI0000875,O000431,P0069,2
OI0000876,O000431,P0041,1
OI0000877,O000432,P0051,1
OI0000878,O000433,P0010,1
OI0000879,O000434,P0120,1
OI0000880,O000434,P0048,1
OI0000881,O000435,P0166,1
OI0000882,O000435,P0160,2
OI0000883,O000436,P0214,1
OI0000884,O000437,P0113,1
OI0000885,O000437,P0003,1
OI0000886,O000438,P0294,1
OI0000887,O000439,P0059,1
OI0000888,O000439,P0205,1
OI0000889,O000439,P0150,1
OI0000890,O000439,P0111,1
OI0000891,O000440,P0018,2
OI0000892,O000440,P0072,2
OI0000893,O000440,P0239,2
OI0000894,O000441,P0153,1
OI0000895,O000442,P0093,1
OI0000896,O000442,P0007,1
OI0000897,O000443,P0175,1
OI0000898,O000443,P0248,1
OI0000899,O000443,P0028,1
OI0000900,O000443,P0066,1
OI0000901,O000444,P0012,1
OI0000902,O000444,P0213,1
OI0000903,O000445,P0270,2
OI0000904,O000445,P0214,1
OI0000905,O000446,P0154,1
OI0000906,O000446,P0148,1
OI0000907,O000446,P0234,1
OI0000908,O000446,P0153,2
OI0000909,O000447,P0063,1
OI0000910,O000447,P0149,2
OI0000911,O000448,P0243,1
OI0000912,O000448,P0138,1
OI0000913,O000448,P0040,1
OI0000914,O000449,P0290,1
OI0000915,O000450,P0144,1
OI0000916,O000450,P0089,2
OI0000917,O000450,P0035,2
OI0000918,O000450,P0273,2
OI0000919,O000451,P0090,1
OI0000920,O000451,P0173,2
OI0000921,O000452,P0071,1
OI0000922,O000453,P0259,1
OI0000923,O000453,P0272,1
OI0000924,O000454,P0237,1
OI0000925,O000454,P0029,1
OI0000926,O000455,P0253,1
OI0000927,O000456,P0042,1
OI0000928,O000457,P0052,1
OI0000929,O000458,P0075,1
OI0000930,O000458,P0004,1
OI0000931,O000458,P0221,1
OI0000932,O000459,P0058,2
OI0000933,O000459,P0006,1
OI0000934,O000459,P0116,1
OI0000935,O000460,P0062,1
OI0000936,O000460,P0047,3
OI0000937,O000461,P0207,2
OI0000938,O000462,P0065,1
OI0000939,O000462,P0208,1
OI0000940,O000463,P0089,2
OI0000941,O000463,P0019,1
OI0000942,O000464,P0163,3
OI0000943,O000464,P0197,2
OI0000944,O000464,P0069,1
OI0000945,O000465,P0171,1
OI0000946,O000465,P0196,3
OI0000947,O000466,P0295,2
OI0000948,O000467,P0272,2
OI0000949,O000468,P0039,1
OI0000950,O000468,P0262,1
OI0000951,O000469,P0056,1
OI0000952,O000469,P0053,1
OI0000953,O000469,P0295,1
OI0000954,O000470,P0185,2
OI0000955,O000470,P0014,1
OI0000956,O000470,P0267,1
OI0000957,O000470,P0139,1
OI0000958,O000471,P0158,2
OI0000959,O000471,P0042,3
OI0000960,O000471,P0167,1
OI0000961,O000471,P0194,1
OI0000962,O000472,P0111,3
OI0000963,O000472,P0132,2
OI0000964,O000472,P0081,1
OI0000965,O000473,P0066,1
OI0000966,O000474,P0234,1
OI0000967,O000475,P0069,2
OI0000968,O000475,P0080,1
OI0000969,O000475,P0047,2
OI0000970,O000475,P0060,1
OI0000971,O000476,P0211,1
OI0000972,O000477,P0236,1
OI0000973,O000478,P0071,1
OI0000974,O000479,P0206,1
OI0000975,O000479,P0169,1
OI0000976,O000479,P0061,1
OI0000977,O000480,P0223,1
OI0000978,O000481,P0290,2
OI0000979,O000482,P0116,3
OI0000980,O000482,P0195,2
OI0000981,O000483,P0256,1
OI0000982,O000484,P0092,1
OI0000983,O000485,P0035,1
OI0000984,O000485,P0234,1
OI0000985,O000485,P0297,1
OI0000986,O000486,P0288,1
OI0000987,O000486,P0275,1
OI0000988,O000487,P0192,1
OI0000989,O000487,P0233,1
OI0000990,O000487,P0136,2
OI0000991,O000487,P0101,1
OI0000992,O000488,P0017,1
OI0000993,O000488,P0035,1
OI0000994,O000489,P0043,1
OI0000995,O000490,P0276,1
OI0000996,O000490,P0223,2
OI0000997,O000491,P0002,1
OI0000998,O000492,P0020,1
OI0000999,O000492,P0086,1
OI0001000,O000493,P0252,1
OI0001001,O000493,P0198,2
OI0001002,O000494,P0285,2
OI0001003,O000494,P0192,1
OI0001004,O000494,P0278,3
OI0001005,O000495,P0289,1
OI0001006,O000495,P0143,1
OI0001007,O000496,P0246,1
OI0001008,O000497,P0104,2
OI0001009,O000497,P0257,2
OI0001010,O000497,P0065,2
OI0001011,O000498,P0159,1
OI0001012,O000499,P0072,1
OI0001013,O000500,P0222,2
OI0001014,O000500,P0164,1
OI0001015,O000500,P0123,1
OI0001016,O000501,P0185,1
OI0001017,O000502,P0225,1
OI0001018,O000502,P0207,1
OI0001019,O000502,P0030,2
OI0001020,O000502,P0122,1
OI0001021,O000503,P0269,1
OI0001022,O000503,P0051,3
OI0001023,O000504,P0103,1
OI0001024,O000505,P0260,1
OI0001025,O000506,P0273,3
OI0001026,O000506,P0015,2
OI0001027,O000507,P0244,1
OI0001028,O000507,P0073,2
OI0001029,O000508,P0293,1
OI0001030,O000509,P0152,1
OI0001031,O000509,P0111,1
OI0001032,O000510,P0245,2
OI0001033,O000510,P0267,1
OI0001034,O000511,P0067,1
OI0001035,O000511,P0273,2
OI0001036,O000512,P0263,2
OI0001037,O000512,P0225,1
OI0001038,O000513,P0035,1
OI0001039,O000513,P0121,1
OI0001040,O000514,P0265,1
OI0001041,O000514,P0107,1
OI0001042,O000515,P0235,2
OI0001043,O000516,P0256,1
OI0001044,O000516,P0112,2
OI0001045,O000516,P0222,1
OI0001046,O000516,P0150,1
OI0001047,O000517,P0053,1
OI0001048,O000518,P0067,1
OI0001049,O000518,P0164,2
OI0001050,O000518,P0099,1
OI0001051,O000519,P0172,2
OI0001052,O000519,P0130,1
OI0001053,O000520,P0240,2
OI0001054,O000520,P0121,2
OI0001055,O000520,P0125,2
OI0001056,O000521,P0183,1
OI0001057,O000521,P0239,2
OI0001058,O000522,P0127,1
OI0001059,O000522,P0040,3
OI0001060,O000523,P0037,1
OI0001061,O000524,P0253,1
OI0001062,O000525,P0164,1
OI0001063,O000525,P0229,1
OI0001064,O000525,P0126,2
OI0001065,O000525,P0228,1
OI0001066,O000526,P0052,1
OI0001067,O000526,P0238,1
OI0001068,O000527,P0276,1
OI0001069,O000527,P0016,1
OI0001070,O000527,P0292,1
OI0001071,O000528,P0271,2
OI0001072,O000528,P0252,1
OI0001073,O000528,P0145,1
OI0001074,O000528,P0156,1
OI0001075,O000529,P0032,1
OI0001076,O000530,P0090,2
OI0001077,O000530,P0121,1
OI0001078,O000530,P0272,1
OI0001079,O000530,P0177,1
OI0001080,O000531,P0053,2
OI0001081,O000532,P0202,1
OI0001082,O000533,P0146,2
OI0001083,O000533,P0055,1
OI0001084,O000533,P0075,1
OI0001085,O000534,P0280,1
OI0001086,O000534,P0250,1
OI0001087,O000535,P0003,1
OI0001088,O000535,P0050,1
OI0001089,O000536,P0028,1
OI0001090,O000537,P0220,3
OI0001091,O000538,P0153,3
OI0001092,O000538,P0105,1
OI0001093,O000539,P0065,1
OI0001094,O000540,P0121,1
OI0001095,O000541,P0293,1
OI0001096,O000542,P0112,1
OI0001097,O000542,P0132,1
OI0001098,O000543,P0186,2
OI0001099,O000543,P0059,1
OI0001100,O000544,P0211,1
OI0001101,O000545,P0104,1
OI0001102,O000545,P0278,1
OI0001103,O000546,P0151,2
OI0001104,O000547,P0106,1
OI0001105,O000548,P0252,1
OI0001106,O000548,P0263,2
OI0001107,O000548,P0239,2
OI0001108,O000549,P0190,1
OI0001109,O000549,P0211,1
OI0001110,O000550,P0055,2
OI0001111,O000551,P0254,1
OI0001112,O000551,P0027,1
OI0001113,O000552,P0116,2
OI0001114,O000552,P0115,1
OI0001115,O000553,P0206,2
OI0001116,O000553,P0045,1
OI0001117,O000553,P0189,1
OI0001118,O000554,P0077,1
OI0001119,O000554,P0186,3
OI0001120,O000555,P0065,1
OI0001121,O000556,P0153,1
OI0001122,O000556,P0079,1
OI0001123,O000557,P0044,2
OI0001124,O000557,P0190,1
OI0001125,O000557,P0165,1
OI0001126,O000557,P0059,1
OI0001127,O000558,P0050,1
OI0001128,O000559,P0268,1
OI0001129,O000560,P0188,1
OI0001130,O000560,P0282,1
OI0001131,O000560,P0258,1
OI0001132,O000560,P0251,2
OI0001133,O000561,P0048,1
OI0001134,O000562,P0226,2
OI0001135,O000563,P0269,1
OI0001136,O000564,P0287,1
OI0001137,O000565,P0039,1
OI0001138,O000566,P0198,1
OI0001139,O000566,P0179,1
OI0001140,O000566,P0171,1
OI0001141,O000567,P0186,1
OI0001142,O000567,P0205,1
OI0001143,O000568,P0222,2
OI0001144,O000568,P0087,1
OI0001145,O000568,P0260,2
OI0001146,O000569,P0256,1
OI0001147,O000569,P0055,1
OI0001148,O000570,P0255,1
OI0001149,O000570,P0011,1
OI0001150,O000570,P0196,2
OI0001151,O000571,P0273,1
OI0001152,O000571,P0181,2
OI0001153,O000572,P0193,1
OI0001154,O000573,P0113,1
OI0001155,O000573,P0122,1
OI0001156,O000573,P0025,1
OI0001157,O000573,P0199,1
OI0001158,O000574,P0248,2
OI0001159,O000575,P0286,2
OI0001160,O000575,P0294,1
OI0001161,O000576,P0240,2
OI0001162,O000576,P0123,1
OI0001163,O000577,P0159,1
OI0001164,O000578,P0125,3
OI0001165,O000579,P0057,2
OI0001166,O000580,P0077,2
OI0001167,O000581,P0061,1
OI0001168,O000582,P0150,2
OI0001169,O000582,P0156,1
OI0001170,O000582,P0270,1
OI0001171,O000582,P0037,1
OI0001172,O000583,P0284,1
OI0001173,O000583,P0089,1
OI0001174,O000584,P0167,1
OI0001175,O000584,P0298,2
OI0001176,O000585,P0093,1
OI0001177,O000586,P0098,1
OI0001178,O000586,P0299,1
OI0001179,O000587,P0300,1
OI0001180,O000588,P0230,3
OI0001181,O000588,P0052,1
OI0001182,O000588,P0157,2
OI0001183,O000589,P0154,1
OI0001184,O000589,P0164,1
OI0001185,O000589,P0093,1
OI0001186,O000590,P0134,1
OI0001187,O000590,P0147,1
OI0001188,O000590,P0017,1
OI0001189,O000591,P0158,1
OI0001190,O000591,P0119,2
OI0001191,O000592,P0267,3
OI0001192,O000593,P0042,1
OI0001193,O000593,P0062,1
OI0001194,O000593,P0030,1
OI0001195,O000594,P0191,1
OI0001196,O000595,P0099,1
OI0001197,O000595,P0141,1
OI0001198,O000596,P0189,1
OI0001199,O000596,P0186,1
OI0001200,O000597,P0207,1
OI0001201,O000597,P0181,1
OI0001202,O000598,P0182,1
OI0001203,O000599,P0142,2
OI0001204,O000600,P0155,1
OI0001205,O000601,P0241,1
OI0001206,O000601,P0091,1
OI0001207,O000601,P0207,3
OI0001208,O000602,P0157,2
OI0001209,O000602,P0028,1
OI0001210,O000602,P0123,1
OI0001211,O000603,P0187,1
OI0001212,O000603,P0155,1
OI0001213,O000604,P0243,1
OI0001214,O000604,P0159,1
OI0001215,O000605,P0284,1
OI0001216,O000606,P0225,2
OI0001217,O000607,P0218,3
OI0001218,O000607,P0009,1
OI0001219,O000608,P0023,1
OI0001220,O000608,P0060,2
OI0001221,O000608,P0277,1
OI0001222,O000609,P0160,1
OI0001223,O000609,P0062,2
OI0001224,O000610,P0087,1
OI0001225,O000610,P0239,3
OI0001226,O000610,P0273,1
OI0001227,O000611,P0197,2
OI0001228,O000612,P0209,1
OI0001229,O000612,P0085,1
OI0001230,O000613,P0171,2
OI0001231,O000613,P0123,1
OI0001232,O000614,P0017,2
OI0001233,O000614,P0041,1
OI0001234,O000615,P0270,1
OI0001235,O000615,P0195,3
OI0001236,O000616,P0103,3
OI0001237,O000616,P0074,2
OI0001238,O000616,P0165,1
OI0001239,O000617,P0148,1
OI0001240,O000618,P0030,2
OI0001241,O000618,P0017,1
OI0001242,O000619,P0027,1
OI0001243,O000619,P0267,1
OI0001244,O000619,P0219,1
OI0001245,O000620,P0075,2
OI0001246,O000621,P0154,1
OI0001247,O000621,P0043,1
OI0001248,O000622,P0300,3
OI0001249,O000622,P0088,1
OI0001250,O000622,P0263,1
OI0001251,O000623,P0042,1
OI0001252,O000623,P0024,1
OI0001253,O000624,P0100,1
OI0001254,O000625,P0020,3
OI0001255,O000625,P0143,1
OI0001256,O000626,P0054,1
OI0001257,O000626,P0300,2
OI0001258,O000627,P0088,1
OI0001259,O000627,P0027,2
OI0001260,O000627,P0072,1
OI0001261,O000628,P0174,1
OI0001262,O000628,P0189,1
OI0001263,O000629,P0069,1
OI0001264,O000630,P0240,1
OI0001265,O000630,P0127,1
OI0001266,O000630,P0207,1
OI0001267,O000631,P0283,1
OI0001268,O000631,P0264,1
OI0001269,O000632,P0129,1
OI0001270,O000633,P0233,1
OI0001271,O000634,P0096,2
OI0001272,O000635,P0155,3
OI0001273,O000635,P0030,2
OI0001274,O000636,P0167,2
OI0001275,O000636,P0236,2
OI0001276,O000636,P0060,1
OI0001277,O000637,P0119,3
OI0001278,O000637,P0159,1
OI0001279,O000637,P0212,2
OI0001280,O000638,P0001,1
OI0001281,O000638,P0018,1
OI0001282,O000639,P0203,2
OI0001283,O000639,P0254,1
OI0001284,O000639,P0015,2
OI0001285,O000639,P0147,1
OI0001286,O000640,P0269,1
OI0001287,O000640,P0138,1
OI0001288,O000641,P0260,1
OI0001289,O000641,P0039,2
OI0001290,O000641,P0016,1
OI0001291,O000642,P0057,1
OI0001292,O000642,P0032,1
OI0001293,O000643,P0185,1
OI0001294,O000643,P0294,1
OI0001295,O000644,P0103,1
OI0001296,O000644,P0123,1
OI0001297,O000645,P0071,3
OI0001298,O000646,P0146,3
OI0001299,O000646,P0206,1
OI0001300,O000646,P0292,2
OI0001301,O000647,P0260,1
OI0001302,O000647,P0187,1
OI0001303,O000648,P0233,1
OI0001304,O000649,P0026,2
OI0001305,O000649,P0055,2
OI0001306,O000649,P0117,1
OI0001307,O000649,P0124,1
OI0001308,O000650,P0078,2
OI0001309,O000650,P0149,1
OI0001310,O000651,P0099,1
OI0001311,O000651,P0062,1
OI0001312,O000652,P0088,3
OI0001313,O000652,P0078,1
OI0001314,O000652,P0287,1
OI0001315,O000653,P0171,2
OI0001316,O000653,P0242,1
OI0001317,O000654,P0255,2
OI0001318,O000654,P0259,1
OI0001319,O000655,P0116,1
OI0001320,O000656,P0084,1
OI0001321,O000656,P0131,2
OI0001322,O000657,P0024,1
OI0001323,O000658,P0109,2
OI0001324,O000658,P0035,1
OI0001325,O000658,P0057,1
OI0001326,O000658,P0142,1
OI0001327,O000659,P0206,1
OI0001328,O000659,P0283,2
OI0001329,O000660,P0256,1
OI0001330,O000661,P0273,1
OI0001331,O000661,P0022,2
OI0001332,O000662,P0273,1
OI0001333,O000662,P0194,1
OI0001334,O000663,P0180,2
OI0001335,O000664,P0175,3
OI0001336,O000664,P0131,1
OI0001337,O000665,P0122,2
OI0001338,O000665,P0035,2
OI0001339,O000665,P0095,1
OI0001340,O000666,P0077,1
OI0001341,O000666,P0143,2
OI0001342,O000666,P0045,1
OI0001343,O000667,P0219,1
OI0001344,O000668,P0052,1
OI0001345,O000668,P0085,1
OI0001346,O000669,P0273,2
OI0001347,O000669,P0188,1
OI0001348,O000669,P0054,2
OI0001349,O000669,P0085,1
OI0001350,O000670,P0277,1
OI0001351,O000670,P0046,1
OI0001352,O000671,P0118,1
OI0001353,O000671,P0041,1
OI0001354,O000672,P0268,3
OI0001355,O000672,P0085,1
OI0001356,O000672,P0147,2
OI0001357,O000672,P0258,1
OI0001358,O000673,P0208,1
OI0001359,O000673,P0190,2
OI0001360,O000673,P0235,1
OI0001361,O000674,P0220,2
OI0001362,O000674,P0208,1
OI0001363,O000675,P0236,1
OI0001364,O000675,P0276,1
OI0001365,O000676,P0107,1
OI0001366,O000676,P0043,1
OI0001367,O000677,P0145,2
OI0001368,O000677,P0172,1
OI0001369,O000677,P0077,1
OI0001370,O000677,P0089,2
OI0001371,O000678,P0181,1
OI0001372,O000678,P0154,1
OI0001373,O000679,P0085,1
OI0001374,O000680,P0082,1
OI0001375,O000681,P0161,1
OI0001376,O000681,P0153,1
OI0001377,O000682,P0048,1
OI0001378,O000683,P0019,1
OI0001379,O000684,P0060,1
OI0001380,O000685,P0263,1
OI0001381,O000686,P0181,1
OI0001382,O000686,P0089,3
OI0001383,O000686,P0135,1
OI0001384,O000687,P0230,1
OI0001385,O000688,P0081,1
OI0001386,O000688,P0214,1
OI0001387,O000689,P0100,1
OI0001388,O000689,P0183,1
OI0001389,O000689,P0070,3
OI0001390,O000690,P0234,1
OI0001391,O000690,P0076,2
OI0001392,O000690,P0072,1
OI0001393,O000690,P0299,2
OI0001394,O000691,P0158,1
OI0001395,O000691,P0273,1
OI0001396,O000692,P0259,1
OI0001397,O000692,P0222,1
OI0001398,O000692,P0156,1
OI0001399,O000693,P0151,1
OI0001400,O000694,P0095,2
OI0001401,O000694,P0188,1
OI0001402,O000694,P0126,1
OI0001403,O000695,P0290,1
OI0001404,O000696,P0183,2
OI0001405,O000696,P0077,1
OI0001406,O000696,P0211,1
OI0001407,O000697,P0170,1
OI0001408,O000698,P0136,1
OI0001409,O000698,P0271,1
OI0001410,O000698,P0093,1
OI0001411,O000699,P0181,1
OI0001412,O000700,P0050,1
OI0001413,O000700,P0016,1
OI0001414,O000701,P0260,1
OI0001415,O000701,P0057,2
OI0001416,O000702,P0158,1
OI0001417,O000703,P0090,2
OI0001418,O000703,P0146,1
OI0001419,O000703,P0005,3
OI0001420,O000704,P0115,2
OI0001421,O000704,P0129,1
OI0001422,O000705,P0273,2
OI0001423,O000705,P0221,1
OI0001424,O000706,P0035,1
OI0001425,O000707,P0108,1
OI0001426,O000708,P0078,1
OI0001427,O000708,P0005,3
OI0001428,O000708,P0006,1
OI0001429,O000709,P0083,2
OI0001430,O000709,P0221,1
OI0001431,O000709,P0174,1
OI0001432,O000709,P0300,3
OI0001433,O000710,P0211,1
OI0001434,O000710,P0246,2
OI0001435,O000711,P0045,1
OI0001436,O000711,P0174,1
OI0001437,O000711,P0196,2
OI0001438,O000712,P0267,2
OI0001439,O000712,P0014,1
OI0001440,O000712,P0232,3
OI0001441,O000712,P0206,1
OI0001442,O000713,P0079,1
OI0001443,O000714,P0096,1
OI0001444,O000714,P0294,2
OI0001445,O000715,P0160,1
OI0001446,O000716,P0048,1
OI0001447,O000716,P0108,1
OI0001448,O000716,P0238,1
OI0001449,O000717,P0063,1
OI0001450,O000717,P0056,1
OI0001451,O000718,P0191,1
OI0001452,O000718,P0043,2
OI0001453,O000718,P0282,1
OI0001454,O000719,P0148,2
OI0001455,O000720,P0200,1
OI0001456,O000720,P0261,1
OI0001457,O000720,P0119,3
OI0001458,O000721,P0077,1
OI0001459,O000721,P0129,1
OI0001460,O000722,P0241,1
OI0001461,O000723,P0189,1
OI0001462,O000723,P0168,1
OI0001463,O000724,P0084,1
OI0001464,O000724,P0230,1
OI0001465,O000724,P0121,1
OI0001466,O000725,P0218,2
OI0001467,O000726,P0274,1
OI0001468,O000726,P0222,1
OI0001469,O000726,P0292,1
OI0001470,O000727,P0038,1
OI0001471,O000728,P0087,1
OI0001472,O000728,P0245,3
OI0001473,O000728,P0128,1
OI0001474,O000729,P0098,2
OI0001475,O000730,P0247,1
OI0001476,O000731,P0031,1
OI0001477,O000731,P0093,1
OI0001478,O000732,P0054,1
OI0001479,O000732,P0043,1
OI0001480,O000732,P0059,1
OI0001481,O000733,P0124,1
OI0001482,O000734,P0062,2
OI0001483,O000734,P0191,1
OI0001484,O000734,P0221,2
OI0001485,O000735,P0199,2
OI0001486,O000736,P0093,1
OI0001487,O000736,P0280,1
OI0001488,O000737,P0135,1
OI0001489,O000737,P0296,1
OI0001490,O000737,P0195,1
OI0001491,O000737,P0040,1
OI0001492,O000738,P0264,1
OI0001493,O000738,P0272,1
OI0001494,O000738,P0206,1
OI0001495,O000739,P0050,1
OI0001496,O000739,P0281,1
OI0001497,O000740,P0044,1
OI0001498,O000740,P0159,3
OI0001499,O000741,P0142,2
OI0001500,O000741,P0199,1
OI0001501,O000741,P0058,1
OI0001502,O000741,P0160,1
OI0001503,O000742,P0105,1
OI0001504,O000742,P0079,1
OI0001505,O000743,P0073,2
OI0001506,O000743,P0129,1
OI0001507,O000744,P0245,2
OI0001508,O000745,P0039,1
OI0001509,O000745,P0226,2
OI0001510,O000746,P0094,1
OI0001511,O000746,P0277,3
OI0001512,O000746,P0077,1
OI0001513,O000747,P0221,2
OI0001514,O000747,P0243,2
OI0001515,O000748,P0048,2
OI0001516,O000748,P0099,1
OI0001517,O000748,P0278,2
OI0001518,O000748,P0139,1
OI0001519,O000749,P0147,2
OI0001520,O000749,P0298,1
OI0001521,O000750,P0218,1
OI0001522,O000751,P0174,1
OI0001523,O000752,P0296,1
OI0001524,O000753,P0092,1
OI0001525,O000753,P0043,2
OI0001526,O000753,P0013,3
OI0001527,O000754,P0175,1
OI0001528,O000754,P0292,3
OI0001529,O000754,P0139,1
OI0001530,O000755,P0055,1
OI0001531,O000755,P0137,1
OI0001532,O000755,P0288,1
OI0001533,O000756,P0254,3
OI0001534,O000756,P0230,1
OI0001535,O000757,P0164,1
OI0001536,O000758,P0210,1
OI0001537,O000758,P0145,2
OI0001538,O000759,P0125,1
OI0001539,O000759,P0287,1
OI0001540,O000759,P0108,2
OI0001541,O000760,P0058,3
OI0001542,O000761,P0220,1
OI0001543,O000761,P0023,1
OI0001544,O000762,P0293,1
OI0001545,O000763,P0209,1
OI0001546,O000763,P0224,1
OI0001547,O000763,P0289,1
OI0001548,O000764,P0071,1
OI0001549,O000765,P0108,1
OI0001550,O000766,P0240,1
OI0001551,O000766,P0299,1
OI0001552,O000767,P0225,2
OI0001553,O000768,P0036,1
OI0001554,O000769,P0279,2
OI0001555,O000769,P0169,1
OI0001556,O000770,P0195,2
OI0001557,O000771,P0218,2
OI0001558,O000771,P0098,1
OI0001559,O000772,P0088,1
OI0001560,O000772,P0045,3
OI0001561,O000773,P0035,1
OI0001562,O000774,P0098,1
OI0001563,O000775,P0065,1
OI0001564,O000776,P0206,2
OI0001565,O000776,P0129,1
OI0001566,O000777,P0161,1
OI0001567,O000777,P0282,2
OI0001568,O000778,P0080,1
OI0001569,O000778,P0169,2
OI0001570,O000779,P0244,1
OI0001571,O000780,P0191,2
OI0001572,O000780,P0256,1
OI0001573,O000780,P0207,1
OI0001574,O000781,P0027,1
OI0001575,O000781,P0107,1
OI0001576,O000781,P0054,1
OI0001577,O000782,P0010,1
OI0001578,O000782,P0130,1
OI0001579,O000783,P0292,2
OI0001580,O000784,P0057,1
OI0001581,O000784,P0127,1
OI0001582,O000785,P0219,1
OI0001583,O000785,P0247,2
OI0001584,O000786,P0186,2
OI0001585,O000786,P0054,2
OI0001586,O000787,P0223,1
OI0001587,O000788,P0283,1
OI0001588,O000789,P0293,2
OI0001589,O000789,P0107,1
OI0001590,O000789,P0121,1
OI0001591,O000789,P0247,1
OI0001592,O000790,P0204,1
OI0001593,O000790,P0236,1
OI0001594,O000791,P0050,1
OI0001595,O000791,P0064,2
OI0001596,O000791,P0230,2
OI0001597,O000792,P0237,1
OI0001598,O000792,P0016,1
OI0001599,O000792,P0091,1
OI0001600,O000793,P0023,1
OI0001601,O000793,P0057,1
OI0001602,O000793,P0037,1
OI0001603,O000794,P0060,1
OI0001604,O000794,P0053,1
OI0001605,O000794,P0244,1
OI0001606,O000795,P0102,2
OI0001607,O000795,P0105,1
OI0001608,O000795,P0040,1
OI0001609,O000796,P0222,3
OI0001610,O000796,P0176,1
OI0001611,O000796,P0250,1
OI0001612,O000796,P0190,1
OI0001613,O000797,P0267,2
OI0001614,O000797,P0300,2
OI0001615,O000798,P0068,2
OI0001616,O000798,P0249,2
OI0001617,O000799,P0014,1
OI0001618,O000799,P0115,1
OI0001619,O000800,P0234,1
OI0001620,O000800,P0274,1
OI0001621,O000801,P0180,1
OI0001622,O000801,P0087,1
OI0001623,O000801,P0049,1
OI0001624,O000802,P0018,1
OI0001625,O000803,P0075,1
OI0001626,O000803,P0049,1
OI0001627,O000803,P0214,1
OI0001628,O000803,P0291,3
OI0001629,O000804,P0053,1
OI0001630,O000804,P0298,1
OI0001631,O000804,P0113,3
OI0001632,O000804,P0166,1
OI0001633,O000805,P0196,1
OI0001634,O000805,P0202,1
OI0001635,O000806,P0051,1
OI0001636,O000807,P0089,1
OI0001637,O000807,P0174,1
OI0001638,O000807,P0221,1
OI0001639,O000808,P0250,1
OI0001640,O000809,P0012,1
OI0001641,O000809,P0199,1
OI0001642,O000810,P0055,2
OI0001643,O000810,P0184,1
OI0001644,O000810,P0069,1
OI0001645,O000811,P0124,1
OI0001646,O000811,P0007,1
OI0001647,O000812,P0004,2
OI0001648,O000812,P0043,1
OI0001649,O000812,P0126,1
OI0001650,O000812,P0263,1
OI0001651,O000813,P0050,1
OI0001652,O000813,P0174,1
OI0001653,O000813,P0033,1
OI0001654,O000814,P0028,1
OI0001655,O000814,P0092,1
OI0001656,O000814,P0127,1
OI0001657,O000815,P0028,1
OI0001658,O000815,P0206,1
OI0001659,O000816,P0231,1
OI0001660,O000816,P0200,3
OI0001661,O000817,P0078,1
OI0001662,O000817,P0088,1
OI0001663,O000817,P0154,2
OI0001664,O000818,P0003,1
OI0001665,O000818,P0269,2
OI0001666,O000819,P0096,1
OI0001667,O000820,P0101,1
OI0001668,O000820,P0165,2
OI0001669,O000820,P0245,1
OI0001670,O000821,P0232,1
OI0001671,O000821,P0206,1
OI0001672,O000822,P0144,1
OI0001673,O000822,P0271,2
OI0001674,O000822,P0245,1
OI0001675,O000823,P0068,1
OI0001676,O000823,P0117,1
OI0001677,O000823,P0255,1
OI0001678,O000823,P0237,1
OI0001679,O000824,P0082,3
OI0001680,O000824,P0263,1
OI0001681,O000825,P0258,1
OI0001682,O000825,P0235,2
OI0001683,O000825,P0279,1
OI0001684,O000826,P0234,3
OI0001685,O000827,P0210,2
OI0001686,O000827,P0142,2
OI0001687,O000828,P0012,3
OI0001688,O000828,P0035,3
OI0001689,O000829,P0262,1
OI0001690,O000829,P0004,1
OI0001691,O000830,P0162,3
OI0001692,O000831,P0158,1
OI0001693,O000831,P0116,1
OI0001694,O000831,P0134,1
OI0001695,O000832,P0160,1
OI0001696,O000833,P0032,2
OI0001697,O000833,P0201,1
OI0001698,O000833,P0198,1
OI0001699,O000834,P0131,3
OI0001700,O000834,P0083,1
OI0001701,O000834,P0028,1
OI0001702,O000834,P0154,3
OI0001703,O000835,P0070,1
OI0001704,O000836,P0039,2
OI0001705,O000836,P0140,3
OI0001706,O000837,P0164,1
OI0001707,O000837,P0213,2
OI0001708,O000838,P0257,1
OI0001709,O000838,P0134,1
OI0001710,O000839,P0095,2
OI0001711,O000839,P0209,3
OI0001712,O000839,P0083,1
OI0001713,O000840,P0074,1
OI0001714,O000840,P0296,1
OI0001715,O000840,P0291,1
OI0001716,O000840,P0187,2
OI0001717,O000841,P0164,1
OI0001718,O000842,P0160,2
OI0001719,O000842,P0222,2
OI0001720,O000843,P0012,2
OI0001721,O000844,P0113,1
OI0001722,O000844,P0046,1
OI0001723,O000845,P0254,1
OI0001724,O000845,P0170,1
OI0001725,O000845,P0020,1
OI0001726,O000845,P0111,1
OI0001727,O000846,P0057,1
OI0001728,O000846,P0033,1
OI0001729,O000847,P0293,1
OI0001730,O000848,P0171,1
OI0001731,O000848,P0032,1
OI0001732,O000848,P0065,1
OI0001733,O000849,P0283,1
OI0001734,O000850,P0050,2
OI0001735,O000850,P0109,2
OI0001736,O000850,P0227,1
OI0001737,O000851,P0043,1
OI0001738,O000851,P0233,1
OI0001739,O000852,P0154,1
OI0001740,O000852,P0255,2
OI0001741,O000853,P0145,2
OI0001742,O000854,P0162,2
OI0001743,O000854,P0256,1
OI0001744,O000855,P0141,1
OI0001745,O000855,P0173,1
OI0001746,O000856,P0174,1
OI0001747,O000856,P0250,1
OI0001748,O000856,P0043,1
OI0001749,O000856,P0122,1
OI0001750,O000857,P0290,1
OI0001751,O000857,P0220,1
OI0001752,O000857,P0148,1
OI0001753,O000858,P0244,1
OI0001754,O000859,P0087,3
OI0001755,O000860,P0162,1
OI0001756,O000861,P0214,1
OI0001757,O000861,P0166,1
OI0001758,O000862,P0227,2
OI0001759,O000862,P0269,1
OI0001760,O000863,P0169,1
OI0001761,O000863,P0139,1
OI0001762,O000863,P0155,1
OI0001763,O000863,P0043,1
OI0001764,O000864,P0034,1
OI0001765,O000865,P0067,2
OI0001766,O000866,P0252,1
OI0001767,O000866,P0062,1
OI0001768,O000866,P0261,2
OI0001769,O000867,P0039,1
OI0001770,O000867,P0035,1
OI0001771,O000867,P0296,1
OI0001772,O000867,P0014,3
OI0001773,O000868,P0171,1
OI0001774,O000868,P0202,1
OI0001775,O000868,P0223,1
OI0001776,O000868,P0160,2
OI0001777,O000869,P0011,1
OI0001778,O000869,P0123,2
OI0001779,O000870,P0157,2
OI0001780,O000870,P0062,2
OI0001781,O000870,P0207,2
OI0001782,O000871,P0137,2
OI0001783,O000872,P0268,1
OI0001784,O000872,P0118,1
OI0001785,O000872,P0161,1
OI0001786,O000873,P0240,2
OI0001787,O000873,P0155,3
OI0001788,O000874,P0055,1
OI0001789,O000874,P0176,2
OI0001790,O000875,P0024,3
OI0001791,O000876,P0080,2
OI0001792,O000876,P0013,1
OI0001793,O000876,P0066,2
OI0001794,O000877,P0076,2
OI0001795,O000877,P0169,1
OI0001796,O000877,P0261,1
OI0001797,O000878,P0035,1
OI0001798,O000879,P0242,2
OI0001799,O000879,P0180,1
OI0001800,O000880,P0173,1
OI0001801,O000881,P0183,2
OI0001802,O000882,P0099,1
OI0001803,O000883,P0106,1
OI0001804,O000883,P0276,2
OI0001805,O000884,P0098,2
OI0001806,O000885,P0286,1
OI0001807,O000885,P0015,1
OI0001808,O000885,P0158,1
OI0001809,O000885,P0119,2
OI0001810,O000886,P0240,1
OI0001811,O000886,P0179,1
OI0001812,O000886,P0060,3
OI0001813,O000887,P0144,1
OI0001814,O000887,P0072,2
OI0001815,O000887,P0228,1
OI0001816,O000888,P0114,3
OI0001817,O000888,P0196,1
OI0001818,O000888,P0076,3
OI0001819,O000889,P0042,1
OI0001820,O000889,P0277,1
OI0001821,O000889,P0129,1
OI0001822,O000889,P0211,1
OI0001823,O000890,P0228,2
OI0001824,O000891,P0168,1
OI0001825,O000891,P0162,2
OI0001826,O000892,P0231,1
OI0001827,O000893,P0298,2
OI0001828,O000893,P0095,2
OI0001829,O000893,P0206,1
OI0001830,O000894,P0173,2
OI0001831,O000894,P0291,2
OI0001832,O000895,P0004,1
OI0001833,O000895,P0068,1
OI0001834,O000896,P0235,1
OI0001835,O000896,P0094,1
OI0001836,O000897,P0244,1
OI0001837,O000898,P0102,2
OI0001838,O000899,P0229,1
OI0001839,O000899,P0284,1
OI0001840,O000899,P0137,2
OI0001841,O000899,P0086,3
OI0001842,O000900,P0011,1
OI0001843,O000900,P0167,1
OI0001844,O000900,P0084,1
OI0001845,O000901,P0062,3
OI0001846,O000902,P0113,1
OI0001847,O000903,P0281,1
OI0001848,O000903,P0089,3
OI0001849,O000903,P0204,1
OI0001850,O000904,P0178,1
OI0001851,O000904,P0128,1
OI0001852,O000904,P0077,1
OI0001853,O000905,P0035,1
OI0001854,O000905,P0246,1
OI0001855,O000905,P0123,1
OI0001856,O000906,P0098,2
OI0001857,O000906,P0264,1
OI0001858,O000906,P0081,1
OI0001859,O000906,P0192,1
OI0001860,O000907,P0050,1
OI0001861,O000907,P0210,1
OI0001862,O000908,P0130,1
OI0001863,O000909,P0042,2
OI0001864,O000909,P0116,2
OI0001865,O000909,P0183,2
OI0001866,O000910,P0205,3
OI0001867,O000911,P0076,2
OI0001868,O000911,P0095,1
OI0001869,O000912,P0091,1
OI0001870,O000913,P0270,3
OI0001871,O000913,P0154,1
OI0001872,O000914,P0073,3
OI0001873,O000915,P0023,3
OI0001874,O000916,P0026,2
OI0001875,O000916,P0056,1
OI0001876,O000916,P0121,1
OI0001877,O000917,P0234,2
OI0001878,O000918,P0206,3
OI0001879,O000918,P0036,1
OI0001880,O000918,P0155,1
OI0001881,O000918,P0114,1
OI0001882,O000919,P0035,2
OI0001883,O000920,P0023,1
OI0001884,O000920,P0089,1
OI0001885,O000920,P0155,1
OI0001886,O000921,P0197,1
OI0001887,O000922,P0054,2
OI0001888,O000922,P0300,1
OI0001889,O000923,P0068,1
OI0001890,O000924,P0138,2
OI0001891,O000925,P0272,1
OI0001892,O000925,P0097,1
OI0001893,O000925,P0201,2
OI0001894,O000925,P0220,1
OI0001895,O000926,P0045,1
OI0001896,O000926,P0224,2
OI0001897,O000927,P0274,1
OI0001898,O000927,P0207,3
OI0001899,O000928,P0093,1
OI0001900,O000928,P0198,1
OI0001901,O000929,P0097,3
OI0001902,O000929,P0020,1
OI0001903,O000929,P0188,1
OI0001904,O000929,P0245,3
OI0001905,O000930,P0030,3
OI0001906,O000930,P0097,1
OI0001907,O000931,P0226,2
OI0001908,O000932,P0274,1
OI0001909,O000932,P0181,1
OI0001910,O000933,P0110,1
OI0001911,O000934,P0134,1
OI0001912,O000935,P0055,1
OI0001913,O000935,P0176,2
OI0001914,O000936,P0249,2
OI0001915,O000936,P0245,1
OI0001916,O000936,P0248,1
OI0001917,O000937,P0113,1
OI0001918,O000938,P0201,2
OI0001919,O000939,P0048,3
OI0001920,O000939,P0151,1
OI0001921,O000939,P0176,1
OI0001922,O000939,P0290,1
OI0001923,O000940,P0182,1
OI0001924,O000940,P0273,1
OI0001925,O000941,P0216,1
OI0001926,O000942,P0285,1
OI0001927,O000942,P0227,1
OI0001928,O000942,P0189,1
OI0001929,O000943,P0147,1
OI0001930,O000943,P0280,2
OI0001931,O000944,P0069,2
OI0001932,O000944,P0213,1
OI0001933,O000944,P0030,2
OI0001934,O000945,P0125,2
OI0001935,O000946,P0262,2
OI0001936,O000946,P0290,2
OI0001937,O000946,P0170,1
OI0001938,O000947,P0015,1
OI0001939,O000948,P0243,2
OI0001940,O000948,P0098,1
OI0001941,O000949,P0280,2
OI0001942,O000950,P0030,2
OI0001943,O000951,P0064,1
OI0001944,O000951,P0294,1
OI0001945,O000952,P0069,2
OI0001946,O000953,P0149,1
OI0001947,O000953,P0214,1
OI0001948,O000954,P0261,1
OI0001949,O000955,P0257,1
OI0001950,O000955,P0033,2
OI0001951,O000955,P0272,1
OI0001952,O000955,P0215,1
OI0001953,O000956,P0089,1
OI0001954,O000956,P0062,1
OI0001955,O000957,P0114,1
OI0001956,O000957,P0093,1
OI0001957,O000957,P0243,1
OI0001958,O000958,P0026,1
OI0001959,O000958,P0294,1
OI0001960,O000959,P0195,1
OI0001961,O000960,P0139,1
OI0001962,O000961,P0013,1
OI0001963,O000962,P0291,1
OI0001964,O000962,P0238,1
OI0001965,O000963,P0030,2
OI0001966,O000964,P0050,1
OI0001967,O000964,P0275,2
OI0001968,O000965,P0125,1
OI0001969,O000966,P0246,1
OI0001970,O000966,P0208,1
OI0001971,O000966,P0005,1
OI0001972,O000966,P0197,1
OI0001973,O000967,P0086,1
OI0001974,O000967,P0083,2
OI0001975,O000968,P0286,1
OI0001976,O000968,P0105,2
OI0001977,O000969,P0267,1
OI0001978,O000969,P0178,1
OI0001979,O000970,P0149,3
OI0001980,O000971,P0124,1
OI0001981,O000971,P0276,1
OI0001982,O000972,P0126,1
OI0001983,O000972,P0203,2
OI0001984,O000972,P0124,1
OI0001985,O000972,P0295,1
OI0001986,O000973,P0147,1
OI0001987,O000973,P0176,1
OI0001988,O000974,P0104,1
OI0001989,O000974,P0105,1
OI0001990,O000974,P0127,1
OI0001991,O000974,P0090,2
OI0001992,O000975,P0277,1
OI0001993,O000975,P0253,1
OI0001994,O000976,P0072,3
OI0001995,O000976,P0152,1
OI0001996,O000977,P0184,2
OI0001997,O000977,P0295,1
OI0001998,O000977,P0193,2
OI0001999,O000978,P0030,3
OI0002000,O000978,P0112,1
OI0002001,O000979,P0297,1
OI0002002,O000979,P0117,1
OI0002003,O000979,P0174,1
OI0002004,O000980,P0056,2
OI0002005,O000981,P0134,2
OI0002006,O000981,P0053,1
OI0002007,O000981,P0010,1
OI0002008,O000982,P0175,1
OI0002009,O000983,P0020,1
OI0002010,O000983,P0031,1
OI0002011,O000984,P0040,1
OI0002012,O000985,P0293,2
OI0002013,O000986,P0009,1
OI0002014,O000987,P0031,2
OI0002015,O000987,P0198,1
OI0002016,O000987,P0186,2
OI0002017,O000988,P0092,1
OI0002018,O000988,P0131,1
OI0002019,O000988,P0108,2
OI0002020,O000988,P0281,1
OI0002021,O000989,P0187,1
OI0002022,O000990,P0066,1
OI0002023,O000991,P0231,1
OI0002024,O000991,P0029,1
OI0002025,O000991,P0233,1
OI0002026,O000992,P0069,1
OI0002027,O000993,P0189,1
OI0002028,O000993,P0027,2
OI0002029,O000993,P0065,2
OI0002030,O000994,P0150,1
OI0002031,O000995,P0239,1
OI0002032,O000995,P0109,3
OI0002033,O000996,P0088,1
OI0002034,O000996,P0299,3
OI0002035,O000996,P0208,1
OI0002036,O000997,P0156,1
OI0002037,O000997,P0088,3
OI0002038,O000998,P0218,3
OI0002039,O000999,P0116,1
OI0002040,O000999,P0243,1
OI0002041,O001000,P0274,1
OI0002042,O001000,P0018,1
OI0002043,O001001,P0189,1
OI0002044,O001001,P0071,1
OI0002045,O001001,P0295,3
OI0002046,O001002,P0243,1
OI0002047,O001002,P0203,3
OI0002048,O001003,P0013,1
OI0002049,O001004,P0165,1
OI0002050,O001004,P0152,1
OI0002051,O001005,P0014,1
OI0002052,O001006,P0032,2
OI0002053,O001006,P0095,1
OI0002054,O001007,P0220,1
OI0002055,O001008,P0163,2
OI0002056,O001008,P0095,3
OI0002057,O001009,P0069,1
OI0002058,O001010,P0293,1
OI0002059,O001011,P0048,1
OI0002060,O001011,P0300,1
OI0002061,O001011,P0003,3
OI0002062,O001012,P0001,3
OI0002063,O001013,P0167,3
OI0002064,O001014,P0224,1
OI0002065,O001014,P0073,1
OI0002066,O001015,P0067,2
OI0002067,O001015,P0113,2
OI0002068,O001015,P0268,1
OI0002069,O001016,P0113,1
OI0002070,O001017,P0058,1
OI0002071,O001017,P0147,3
OI0002072,O001017,P0256,1
OI0002073,O001017,P0181,1
OI0002074,O001018,P0223,2
OI0002075,O001019,P0035,1
OI0002076,O001019,P0142,1
OI0002077,O001020,P0121,1
OI0002078,O001020,P0280,2
OI0002079,O001020,P0124,2
OI0002080,O001020,P0162,1
OI0002081,O001021,P0221,1
OI0002082,O001021,P0157,2
OI0002083,O001021,P0226,1
OI0002084,O001021,P0145,1
OI0002085,O001022,P0172,1
OI0002086,O001022,P0188,1
OI0002087,O001022,P0080,1
OI0002088,O001023,P0051,1
OI0002089,O001023,P0112,2
OI0002090,O001024,P0042,1
OI0002091,O001025,P0294,1
OI0002092,O001025,P0003,1
OI0002093,O001026,P0110,1
OI0002094,O001026,P0066,3
OI0002095,O001027,P0274,1
OI0002096,O001027,P0295,2
OI0002097,O001027,P0133,1
OI0002098,O001028,P0121,1
OI0002099,O001028,P0175,1
OI0002100,O001029,P0282,1
OI0002101,O001029,P0081,1
OI0002102,O001030,P0132,2
OI0002103,O001030,P0218,1
OI0002104,O001031,P0270,2
OI0002105,O001032,P0052,1
OI0002106,O001033,P0003,3
OI0002107,O001034,P0111,1
OI0002108,O001034,P0242,1
OI0002109,O001035,P0164,1
OI0002110,O001035,P0221,1
OI0002111,O001035,P0113,1
OI0002112,O001035,P0265,2
OI0002113,O001036,P0256,1
OI0002114,O001036,P0054,1
OI0002115,O001036,P0094,1
OI0002116,O001037,P0281,1
OI0002117,O001037,P0138,1
OI0002118,O001038,P0034,1
OI0002119,O001038,P0246,2
OI0002120,O001039,P0084,1
OI0002121,O001039,P0089,2
OI0002122,O001040,P0276,1
OI0002123,O001040,P0030,1
OI0002124,O001040,P0009,1
OI0002125,O001041,P0054,1
OI0002126,O001041,P0254,2
OI0002127,O001041,P0283,1
OI0002128,O001041,P0149,3
OI0002129,O001042,P0222,2
OI0002130,O001042,P0063,1
OI0002131,O001043,P0262,1
OI0002132,O001043,P0151,2
OI0002133,O001044,P0091,1
OI0002134,O001044,P0164,2
OI0002135,O001045,P0021,2
OI0002136,O001045,P0137,1
OI0002137,O001046,P0118,3
OI0002138,O001046,P0051,2
OI0002139,O001046,P0026,2
OI0002140,O001046,P0298,1
OI0002141,O001047,P0281,1
OI0002142,O001048,P0133,1
OI0002143,O001048,P0165,2
OI0002144,O001048,P0184,1
OI0002145,O001049,P0114,2
OI0002146,O001050,P0268,2
OI0002147,O001051,P0068,3
OI0002148,O001051,P0107,1
OI0002149,O001052,P0300,1
OI0002150,O001052,P0292,1
OI0002151,O001052,P0206,1
OI0002152,O001053,P0298,1
OI0002153,O001053,P0076,1
OI0002154,O001053,P0291,1
OI0002155,O001053,P0079,1
OI0002156,O001054,P0058,1
OI0002157,O001054,P0151,2
OI0002158,O001054,P0062,1
OI0002159,O001055,P0251,2
OI0002160,O001055,P0008,1
OI0002161,O001056,P0098,1
OI0002162,O001057,P0033,1
OI0002163,O001058,P0176,2
OI0002164,O001059,P0115,2
OI0002165,O001059,P0218,1
OI0002166,O001060,P0181,1
OI0002167,O001060,P0029,1
OI0002168,O001060,P0249,1
OI0002169,O001061,P0165,1
OI0002170,O001061,P0254,1
OI0002171,O001061,P0121,1
OI0002172,O001062,P0109,1
OI0002173,O001062,P0054,1
OI0002174,O001063,P0100,1
OI0002175,O001063,P0294,1
OI0002176,O001063,P0112,1
OI0002177,O001064,P0223,1
OI0002178,O001065,P0245,1
OI0002179,O001066,P0134,1
OI0002180,O001066,P0180,1
OI0002181,O001067,P0189,2
OI0002182,O001068,P0099,1
OI0002183,O001068,P0205,2
OI0002184,O001068,P0146,2
OI0002185,O001069,P0181,1
OI0002186,O001069,P0241,2
OI0002187,O001070,P0012,1
OI0002188,O001070,P0249,1
OI0002189,O001071,P0129,2
OI0002190,O001071,P0282,1
OI0002191,O001072,P0290,1
OI0002192,O001072,P0258,3
OI0002193,O001073,P0160,2
OI0002194,O001073,P0077,2
OI0002195,O001074,P0223,1
OI0002196,O001074,P0106,1
OI0002197,O001074,P0009,2
OI0002198,O001075,P0066,1
OI0002199,O001076,P0280,2
OI0002200,O001077,P0224,1
OI0002201,O001078,P0262,1
OI0002202,O001079,P0079,1
OI0002203,O001079,P0206,2
OI0002204,O001080,P0062,1
OI0002205,O001081,P0084,1
OI0002206,O001081,P0299,1
OI0002207,O001082,P0293,1
OI0002208,O001082,P0013,1
OI0002209,O001083,P0130,1
OI0002210,O001083,P0134,3
OI0002211,O001083,P0085,2
OI0002212,O001084,P0088,1
OI0002213,O001084,P0145,1
OI0002214,O001085,P0282,1
OI0002215,O001085,P0150,1
OI0002216,O001086,P0299,1
OI0002217,O001086,P0219,1
OI0002218,O001086,P0257,1
OI0002219,O001087,P0126,2
OI0002220,O001087,P0037,1
OI0002221,O001087,P0223,1
OI0002222,O001087,P0112,1
OI0002223,O001088,P0048,1
OI0002224,O001089,P0235,1
OI0002225,O001089,P0165,1
OI0002226,O001089,P0021,1
OI0002227,O001090,P0228,3
OI0002228,O001090,P0110,1
OI0002229,O001090,P0176,1
OI0002230,O001091,P0005,1
OI0002231,O001092,P0066,1
OI0002232,O001092,P0296,1
OI0002233,O001093,P0254,1
OI0002234,O001093,P0065,3
OI0002235,O001093,P0053,1
OI0002236,O001094,P0007,3
OI0002237,O001094,P0038,1
OI0002238,O001095,P0055,1
OI0002239,O001095,P0177,1
OI0002240,O001096,P0074,1
OI0002241,O001096,P0114,1
OI0002242,O001096,P0272,2
OI0002243,O001096,P0182,2
OI0002244,O001097,P0285,1
OI0002245,O001097,P0204,1
OI0002246,O001097,P0159,1
OI0002247,O001098,P0252,1
OI0002248,O001098,P0278,1
OI0002249,O001098,P0059,1
OI0002250,O001099,P0178,1
OI0002251,O001099,P0075,1
OI0002252,O001099,P0108,1
OI0002253,O001099,P0104,1
OI0002254,O001100,P0069,1
OI0002255,O001101,P0004,1
OI0002256,O001101,P0221,1
OI0002257,O001102,P0187,1
OI0002258,O001102,P0102,1
OI0002259,O001102,P0240,1
OI0002260,O001102,P0195,1
OI0002261,O001103,P0075,1
OI0002262,O001104,P0249,1
OI0002263,O001105,P0017,1
OI0002264,O001106,P0155,1
OI0002265,O001106,P0117,1
OI0002266,O001106,P0226,1
OI0002267,O001107,P0021,1
OI0002268,O001107,P0258,1
OI0002269,O001108,P0081,1
OI0002270,O001108,P0038,1
OI0002271,O001109,P0015,1
OI0002272,O001109,P0245,1
OI0002273,O001109,P0151,1
OI0002274,O001109,P0140,3
OI0002275,O001110,P0236,1
OI0002276,O001111,P0242,1
OI0002277,O001112,P0283,1
OI0002278,O001112,P0116,1
OI0002279,O001112,P0135,2
OI0002280,O001113,P0215,1
OI0002281,O001113,P0199,1
OI0002282,O001113,P0121,1
OI0002283,O001114,P0277,1
OI0002284,O001115,P0278,2
OI0002285,O001115,P0205,2
OI0002286,O001115,P0258,1
OI0002287,O001115,P0148,1
OI0002288,O001116,P0295,1
OI0002289,O001116,P0190,1
OI0002290,O001117,P0043,1
OI0002291,O001117,P0004,1
OI0002292,O001117,P0124,2
OI0002293,O001118,P0269,1
OI0002294,O001118,P0213,1
OI0002295,O001119,P0220,3
OI0002296,O001119,P0169,1
OI0002297,O001120,P0165,1
OI0002298,O001120,P0069,1
OI0002299,O001121,P0049,1
OI0002300,O001121,P0034,1
OI0002301,O001121,P0044,1
OI0002302,O001122,P0203,2
OI0002303,O001122,P0030,1
OI0002304,O001123,P0123,2
OI0002305,O001124,P0216,1
OI0002306,O001124,P0238,2
OI0002307,O001124,P0036,1
OI0002308,O001125,P0080,3
OI0002309,O001126,P0278,1
OI0002310,O001126,P0071,1
OI0002311,O001127,P0204,1
OI0002312,O001127,P0112,1
OI0002313,O001128,P0035,1
OI0002314,O001128,P0228,1
OI0002315,O001129,P0179,1
OI0002316,O001130,P0054,1
OI0002317,O001130,P0112,2
OI0002318,O001130,P0035,1
OI0002319,O001130,P0052,3
OI0002320,O001131,P0094,1
OI0002321,O001131,P0111,1
OI0002322,O001131,P0212,1
OI0002323,O001132,P0300,1
OI0002324,O001132,P0259,1
OI0002325,O001133,P0068,1
OI0002326,O001134,P0239,1
OI0002327,O001134,P0232,1
OI0002328,O001134,P0024,2
OI0002329,O001135,P0085,1
OI0002330,O001135,P0293,1
OI0002331,O001135,P0278,1
OI0002332,O001136,P0146,1
OI0002333,O001137,P0055,1
OI0002334,O001137,P0211,1
OI0002335,O001137,P0083,1
OI0002336,O001137,P0077,3
OI0002337,O001138,P0235,1
OI0002338,O001138,P0292,1
OI0002339,O001138,P0224,1
OI0002340,O001139,P0065,3
OI0002341,O001139,P0061,3
OI0002342,O001139,P0281,2
OI0002343,O001139,P0089,2
OI0002344,O001140,P0089,1
OI0002345,O001140,P0271,2
OI0002346,O001141,P0071,3
OI0002347,O001142,P0137,1
OI0002348,O001143,P0037,1
OI0002349,O001143,P0252,1
OI0002350,O001143,P0147,2
OI0002351,O001143,P0146,1
OI0002352,O001144,P0190,1
OI0002353,O001145,P0209,1
OI0002354,O001146,P0132,1
OI0002355,O001147,P0222,1
OI0002356,O001147,P0290,1
OI0002357,O001148,P0199,1
OI0002358,O001148,P0044,3
OI0002359,O001149,P0188,1
OI0002360,O001149,P0294,1
OI0002361,O001149,P0206,2
OI0002362,O001149,P0184,1
OI0002363,O001150,P0286,1
OI0002364,O001151,P0110,1
OI0002365,O001151,P0196,1
OI0002366,O001152,P0021,2
OI0002367,O001153,P0272,1
OI0002368,O001154,P0285,1
OI0002369,O001155,P0123,2
OI0002370,O001156,P0091,1
OI0002371,O001156,P0291,1
OI0002372,O001156,P0209,1
OI0002373,O001157,P0008,1
OI0002374,O001157,P0170,1
OI0002375,O001158,P0090,1
OI0002376,O001159,P0055,1
OI0002377,O001160,P0013,2
OI0002378,O001160,P0050,2
OI0002379,O001160,P0226,1
OI0002380,O001160,P0150,1
OI0002381,O001161,P0290,1
OI0002382,O001162,P0239,1
OI0002383,O001163,P0107,1
OI0002384,O001164,P0159,1
OI0002385,O001165,P0029,1
OI0002386,O001166,P0091,3
OI0002387,O001166,P0059,2
OI0002388,O001166,P0012,1
OI0002389,O001167,P0137,1
OI0002390,O001167,P0293,1
OI0002391,O001167,P0173,1
OI0002392,O001168,P0074,1
OI0002393,O001169,P0043,1
OI0002394,O001169,P0102,1
OI0002395,O001170,P0223,1
OI0002396,O001171,P0091,1
OI0002397,O001171,P0192,1
OI0002398,O001172,P0233,1
OI0002399,O001172,P0030,1
OI0002400,O001172,P0057,2
OI0002401,O001173,P0161,2
OI0002402,O001173,P0052,1
OI0002403,O001174,P0138,1
OI0002404,O001174,P0002,1
OI0002405,O001175,P0061,3
OI0002406,O001175,P0257,1
OI0002407,O001176,P0081,1
OI0002408,O001176,P0140,1
OI0002409,O001177,P0085,3
OI0002410,O001177,P0105,1
OI0002411,O001178,P0167,1
OI0002412,O001178,P0119,1
OI0002413,O001179,P0127,1
OI0002414,O001179,P0013,1
OI0002415,O001179,P0240,2
OI0002416,O001180,P0279,1
OI0002417,O001180,P0136,1
OI0002418,O001180,P0090,2
OI0002419,O001180,P0091,1
OI0002420,O001181,P0240,2
OI0002421,O001182,P0001,3
OI0002422,O001183,P0135,1
OI0002423,O001183,P0081,1
OI0002424,O001183,P0292,3
OI0002425,O001184,P0180,1
OI0002426,O001184,P0119,2
OI0002427,O001184,P0039,1
OI0002428,O001184,P0025,2
OI0002429,O001185,P0205,1
OI0002430,O001186,P0085,2
OI0002431,O001186,P0157,1
OI0002432,O001187,P0209,1
OI0002433,O001187,P0096,1
OI0002434,O001188,P0273,1
OI0002435,O001188,P0114,1
OI0002436,O001188,P0287,3
OI0002437,O001188,P0143,1
OI0002438,O001189,P0027,1
OI0002439,O001189,P0210,1
OI0002440,O001189,P0098,1
OI0002441,O001189,P0208,1
OI0002442,O001190,P0264,1
OI0002443,O001190,P0185,1
OI0002444,O001191,P0268,1
OI0002445,O001192,P0287,1
OI0002446,O001193,P0258,3
OI0002447,O001193,P0124,1
OI0002448,O001193,P0158,2
OI0002449,O001194,P0033,2
OI0002450,O001195,P0056,2
OI0002451,O001195,P0035,1
OI0002452,O001196,P0020,1
OI0002453,O001197,P0215,1
OI0002454,O001197,P0090,2
OI0002455,O001198,P0195,1
OI0002456,O001198,P0055,1
OI0002457,O001199,P0103,1
OI0002458,O001199,P0181,1
OI0002459,O001199,P0235,1
OI0002460,O001200,P0084,1
OI0002461,O001201,P0113,3
OI0002462,O001201,P0199,1
OI0002463,O001201,P0269,1
OI0002464,O001202,P0080,1
OI0002465,O001203,P0194,1
OI0002466,O001203,P0148,2
OI0002467,O001204,P0186,1
OI0002468,O001204,P0283,2
OI0002469,O001204,P0077,1
OI0002470,O001205,P0091,1
OI0002471,O001205,P0258,1
OI0002472,O001206,P0144,1
OI0002473,O001206,P0278,1
OI0002474,O001207,P0143,3
OI0002475,O001208,P0208,1
OI0002476,O001208,P0209,1
OI0002477,O001208,P0134,1
OI0002478,O001209,P0058,1
OI0002479,O001210,P0223,1
OI0002480,O001211,P0061,1
OI0002481,O001211,P0022,1
OI0002482,O001212,P0123,2
OI0002483,O001212,P0108,1
OI0002484,O001213,P0234,1
OI0002485,O001214,P0134,1
OI0002486,O001214,P0228,1
OI0002487,O001215,P0273,2
OI0002488,O001215,P0030,1
OI0002489,O001216,P0145,1
OI0002490,O001217,P0293,1
OI0002491,O001218,P0028,1
OI0002492,O001218,P0126,2
OI0002493,O001218,P0038,3
OI0002494,O001219,P0294,1
OI0002495,O001219,P0076,1
OI0002496,O001219,P0123,2
OI0002497,O001220,P0237,1
OI0002498,O001220,P0184,1
OI0002499,O001221,P0044,1
OI0002500,O001221,P0005,1
OI0002501,O001221,P0106,1
OI0002502,O001222,P0006,1
OI0002503,O001222,P0103,1
OI0002504,O001223,P0152,2
OI0002505,O001223,P0261,2
OI0002506,O001223,P0273,1
OI0002507,O001224,P0207,2
OI0002508,O001225,P0039,1
OI0002509,O001226,P0198,1
OI0002510,O001226,P0268,1
OI0002511,O001226,P0290,1
OI0002512,O001227,P0177,1
OI0002513,O001228,P0242,1
OI0002514,O001229,P0293,3
OI0002515,O001229,P0101,2
OI0002516,O001230,P0149,1
OI0002517,O001230,P0057,2
OI0002518,O001231,P0024,1
OI0002519,O001231,P0126,3
OI0002520,O001231,P0294,1
OI0002521,O001231,P0062,1
OI0002522,O001232,P0041,2
OI0002523,O001232,P0058,2
OI0002524,O001233,P0231,1
OI0002525,O001233,P0253,1
OI0002526,O001233,P0240,2
OI0002527,O001233,P0229,2
OI0002528,O001234,P0279,1
OI0002529,O001234,P0269,1
OI0002530,O001235,P0289,1
OI0002531,O001235,P0010,1
OI0002532,O001235,P0089,1
OI0002533,O001236,P0068,1
OI0002534,O001236,P0111,1
OI0002535,O001236,P0209,3
OI0002536,O001236,P0291,1
OI0002537,O001237,P0205,1
OI0002538,O001237,P0246,1
OI0002539,O001238,P0224,1
OI0002540,O001238,P0005,1
OI0002541,O001239,P0064,1
OI0002542,O001240,P0001,3
OI0002543,O001241,P0219,2
OI0002544,O001241,P0196,2
OI0002545,O001242,P0072,1
OI0002546,O001242,P0264,1
OI0002547,O001242,P0126,1
OI0002548,O001243,P0020,2
OI0002549,O001244,P0226,1
OI0002550,O001245,P0246,1
OI0002551,O001245,P0211,2
OI0002552,O001245,P0067,3
OI0002553,O001246,P0004,2
OI0002554,O001246,P0260,1
OI0002555,O001247,P0061,1
OI0002556,O001247,P0232,1
OI0002557,O001247,P0057,1
OI0002558,O001248,P0022,3
OI0002559,O001248,P0248,1
OI0002560,O001249,P0082,1
OI0002561,O001250,P0182,1
OI0002562,O001251,P0214,1
OI0002563,O001251,P0252,1
OI0002564,O001251,P0226,1
OI0002565,O001252,P0123,1
OI0002566,O001252,P0100,1
OI0002567,O001252,P0221,1
OI0002568,O001253,P0117,2
OI0002569,O001254,P0260,1
OI0002570,O001254,P0015,1
OI0002571,O001254,P0218,2
OI0002572,O001255,P0275,1
OI0002573,O001255,P0127,1
OI0002574,O001255,P0256,1
OI0002575,O001256,P0048,1
OI0002576,O001256,P0002,1
OI0002577,O001257,P0008,1
OI0002578,O001258,P0093,1
OI0002579,O001259,P0026,1
OI0002580,O001260,P0120,1
OI0002581,O001260,P0158,1
OI0002582,O001261,P0170,1
OI0002583,O001261,P0043,1
OI0002584,O001261,P0160,2
OI0002585,O001262,P0226,1
OI0002586,O001262,P0080,1
OI0002587,O001262,P0208,1
OI0002588,O001262,P0207,3
OI0002589,O001263,P0236,1
OI0002590,O001263,P0233,1
OI0002591,O001264,P0214,1
OI0002592,O001264,P0105,2
OI0002593,O001264,P0252,3
OI0002594,O001265,P0065,2
OI0002595,O001265,P0193,1
OI0002596,O001266,P0105,1
OI0002597,O001266,P0157,2
OI0002598,O001267,P0083,2
OI0002599,O001268,P0254,1
OI0002600,O001269,P0025,1
OI0002601,O001269,P0108,1
OI0002602,O001269,P0093,1
OI0002603,O001269,P0115,1
OI0002604,O001270,P0127,1
OI0002605,O001270,P0074,1
OI0002606,O001270,P0178,1
OI0002607,O001271,P0078,1
OI0002608,O001272,P0144,1
OI0002609,O001272,P0154,1
OI0002610,O001272,P0152,1
OI0002611,O001272,P0155,1
OI0002612,O001273,P0217,2
OI0002613,O001274,P0265,1
OI0002614,O001275,P0083,1
OI0002615,O001275,P0231,1
OI0002616,O001275,P0267,1
OI0002617,O001276,P0041,1
OI0002618,O001277,P0233,1
OI0002619,O001277,P0156,1
OI0002620,O001278,P0236,1
OI0002621,O001279,P0227,1
OI0002622,O001279,P0100,1
OI0002623,O001279,P0050,1
OI0002624,O001279,P0051,1
OI0002625,O001280,P0004,1
OI0002626,O001281,P0038,1
OI0002627,O001281,P0051,1
OI0002628,O001281,P0016,1
OI0002629,O001282,P0099,1
OI0002630,O001283,P0100,2
OI0002631,O001283,P0020,2
OI0002632,O001283,P0137,3
OI0002633,O001283,P0132,2
OI0002634,O001284,P0131,1
OI0002635,O001284,P0219,1
OI0002636,O001285,P0228,1
OI0002637,O001285,P0186,1
OI0002638,O001285,P0204,1
OI0002639,O001286,P0233,1
OI0002640,O001287,P0081,2
OI0002641,O001288,P0037,1
OI0002642,O001289,P0175,2
OI0002643,O001290,P0153,1
OI0002644,O001291,P0099,2
OI0002645,O001291,P0234,1
OI0002646,O001292,P0210,2
OI0002647,O001292,P0027,1
OI0002648,O001292,P0084,2
OI0002649,O001292,P0264,1
OI0002650,O001293,P0232,1
OI0002651,O001293,P0081,1
OI0002652,O001294,P0208,2
OI0002653,O001294,P0181,2
OI0002654,O001295,P0073,1
OI0002655,O001295,P0022,1
OI0002656,O001296,P0214,2
OI0002657,O001296,P0169,1
OI0002658,O001296,P0006,1
OI0002659,O001297,P0168,1
OI0002660,O001298,P0114,2
OI0002661,O001298,P0184,1
OI0002662,O001298,P0140,1
OI0002663,O001299,P0033,1
OI0002664,O001299,P0178,3
OI0002665,O001300,P0189,1
OI0002666,O001300,P0067,1
OI0002667,O001301,P0064,1
OI0002668,O001302,P0089,1
OI0002669,O001302,P0186,1
OI0002670,O001303,P0108,1
OI0002671,O001304,P0289,1
OI0002672,O001304,P0089,1
OI0002673,O001304,P0015,1
OI0002674,O001305,P0041,1
OI0002675,O001305,P0157,1
OI0002676,O001305,P0026,2
OI0002677,O001306,P0076,1
OI0002678,O001306,P0186,1
OI0002679,O001306,P0139,1
OI0002680,O001307,P0156,2
OI0002681,O001307,P0155,2
OI0002682,O001308,P0193,1
OI0002683,O001309,P0286,1
OI0002684,O001310,P0297,2
OI0002685,O001311,P0069,2
OI0002686,O001311,P0194,1
OI0002687,O001311,P0203,2
OI0002688,O001312,P0014,1
OI0002689,O001312,P0287,1
OI0002690,O001312,P0290,3
OI0002691,O001312,P0101,1
OI0002692,O001313,P0150,1
OI0002693,O001314,P0162,1
OI0002694,O001315,P0179,1
OI0002695,O001315,P0127,2
OI0002696,O001316,P0252,1
OI0002697,O001316,P0128,1
OI0002698,O001317,P0037,2
OI0002699,O001317,P0033,3
OI0002700,O001318,P0188,2
OI0002701,O001319,P0268,2
OI0002702,O001319,P0181,1
OI0002703,O001320,P0291,1
OI0002704,O001320,P0208,1
OI0002705,O001321,P0154,1
OI0002706,O001322,P0230,1
OI0002707,O001322,P0020,2
OI0002708,O001323,P0113,2
OI0002709,O001324,P0044,1
OI0002710,O001324,P0047,1
OI0002711,O001325,P0102,1
OI0002712,O001325,P0013,1
OI0002713,O001326,P0135,1
OI0002714,O001327,P0171,1
OI0002715,O001328,P0055,1
OI0002716,O001328,P0064,1
OI0002717,O001328,P0097,1
OI0002718,O001328,P0072,2
OI0002719,O001329,P0026,1
OI0002720,O001329,P0048,1
OI0002721,O001329,P0040,1
OI0002722,O001330,P0109,1
OI0002723,O001330,P0251,1
OI0002724,O001331,P0298,2
OI0002725,O001332,P0294,1
OI0002726,O001333,P0251,1
OI0002727,O001333,P0116,3
OI0002728,O001333,P0160,1
OI0002729,O001334,P0197,1
OI0002730,O001335,P0249,2
OI0002731,O001336,P0285,1
OI0002732,O001337,P0223,1
OI0002733,O001337,P0143,2
OI0002734,O001338,P0135,1
OI0002735,O001338,P0048,1
OI0002736,O001339,P0155,2
OI0002737,O001339,P0187,1
OI0002738,O001339,P0142,2
OI0002739,O001340,P0100,1
OI0002740,O001341,P0223,1
OI0002741,O001341,P0281,2
OI0002742,O001342,P0235,1
OI0002743,O001343,P0227,1
OI0002744,O001343,P0078,1
OI0002745,O001344,P0186,1
OI0002746,O001345,P0210,1
OI0002747,O001345,P0263,2
OI0002748,O001346,P0028,2
OI0002749,O001346,P0132,1
OI0002750,O001346,P0267,1
OI0002751,O001346,P0299,1
OI0002752,O001347,P0129,1
OI0002753,O001347,P0213,1
OI0002754,O001348,P0236,2
OI0002755,O001348,P0234,1
OI0002756,O001349,P0092,2
OI0002757,O001350,P0087,2
OI0002758,O001351,P0214,1
OI0002759,O001351,P0109,2
OI0002760,O001352,P0181,2
OI0002761,O001352,P0160,1
OI0002762,O001353,P0122,2
OI0002763,O001354,P0106,1
OI0002764,O001354,P0120,3
OI0002765,O001354,P0086,2
OI0002766,O001355,P0220,1
OI0002767,O001356,P0218,1
OI0002768,O001356,P0040,1
OI0002769,O001357,P0003,2
OI0002770,O001357,P0086,1
OI0002771,O001357,P0104,1
OI0002772,O001358,P0093,1
OI0002773,O001358,P0105,1
OI0002774,O001359,P0128,1
OI0002775,O001360,P0295,1
OI0002776,O001360,P0051,1
OI0002777,O001361,P0158,1
OI0002778,O001362,P0009,1
OI0002779,O001363,P0066,2
OI0002780,O001363,P0027,2
OI0002781,O001364,P0289,3
OI0002782,O001365,P0189,1
OI0002783,O001365,P0223,2
OI0002784,O001365,P0107,1
OI0002785,O001366,P0114,1
OI0002786,O001367,P0067,3
OI0002787,O001367,P0248,1
OI0002788,O001368,P0022,1
OI0002789,O001369,P0131,1
OI0002790,O001370,P0278,3
OI0002791,O001370,P0103,1
OI0002792,O001370,P0069,1
OI0002793,O001371,P0171,2
OI0002794,O001371,P0251,1
OI0002795,O001371,P0158,1
OI0002796,O001372,P0005,1
OI0002797,O001372,P0242,2
OI0002798,O001373,P0052,3
OI0002799,O001373,P0281,3
OI0002800,O001373,P0297,2
OI0002801,O001374,P0086,1
OI0002802,O001375,P0153,1
OI0002803,O001376,P0125,1
OI0002804,O001376,P0257,1
OI0002805,O001377,P0084,1
OI0002806,O001377,P0221,1
OI0002807,O001378,P0010,1
OI0002808,O001378,P0232,1
OI0002809,O001379,P0219,2
OI0002810,O001379,P0013,1
OI0002811,O001379,P0193,2
OI0002812,O001380,P0058,2
OI0002813,O001380,P0099,1
OI0002814,O001381,P0294,1
OI0002815,O001381,P0274,1
OI0002816,O001382,P0142,1
OI0002817,O001382,P0299,1
OI0002818,O001383,P0220,1
OI0002819,O001383,P0165,1
OI0002820,O001383,P0225,1
OI0002821,O001384,P0007,2
OI0002822,O001385,P0223,1
OI0002823,O001385,P0267,1
OI0002824,O001386,P0167,1
OI0002825,O001386,P0014,1
OI0002826,O001387,P0204,1
OI0002827,O001388,P0296,1
OI0002828,O001388,P0241,1
OI0002829,O001388,P0157,1
OI0002830,O001389,P0018,2
OI0002831,O001389,P0090,1
OI0002832,O001389,P0001,1
OI0002833,O001390,P0278,1
OI0002834,O001390,P0243,2
OI0002835,O001390,P0178,2
OI0002836,O001390,P0153,1
OI0002837,O001391,P0176,1
OI0002838,O001391,P0248,1
OI0002839,O001392,P0191,1
OI0002840,O001392,P0035,2
OI0002841,O001392,P0016,1
OI0002842,O001393,P0243,1
OI0002843,O001393,P0130,1
OI0002844,O001394,P0069,1
OI0002845,O001394,P0279,3
OI0002846,O001394,P0274,2
OI0002847,O001394,P0065,1
OI0002848,O001395,P0110,1
OI0002849,O001396,P0224,1
OI0002850,O001396,P0182,1
OI0002851,O001397,P0211,1
OI0002852,O001397,P0095,1
OI0002853,O001397,P0178,2
OI0002854,O001398,P0023,1
OI0002855,O001399,P0069,1
OI0002856,O001400,P0190,1
OI0002857,O001400,P0115,1
OI0002858,O001400,P0112,2
OI0002859,O001400,P0020,1
OI0002860,O001401,P0229,1
OI0002861,O001401,P0073,1
OI0002862,O001402,P0036,2
OI0002863,O001402,P0155,2
OI0002864,O001403,P0280,1
OI0002865,O001404,P0146,1
OI0002866,O001404,P0139,1
OI0002867,O001405,P0144,1
OI0002868,O001405,P0187,2
OI0002869,O001406,P0104,1
OI0002870,O001406,P0097,2
OI0002871,O001407,P0285,1
OI0002872,O001408,P0136,1
OI0002873,O001408,P0098,3
OI0002874,O001408,P0139,1
OI0002875,O001408,P0103,1
OI0002876,O001409,P0001,1
OI0002877,O001410,P0041,1
OI0002878,O001411,P0076,1
OI0002879,O001411,P0109,1
OI0002880,O001411,P0176,2
OI0002881,O001411,P0148,1
OI0002882,O001412,P0098,1
OI0002883,O001413,P0213,1
OI0002884,O001414,P0175,1
OI0002885,O001414,P0064,1
OI0002886,O001415,P0100,1
OI0002887,O001416,P0277,1
OI0002888,O001416,P0255,1
OI0002889,O001417,P0204,1
OI0002890,O001418,P0100,1
OI0002891,O001419,P0070,1
OI0002892,O001419,P0268,1
OI0002893,O001420,P0106,1
OI0002894,O001420,P0069,1
OI0002895,O001420,P0245,2
OI0002896,O001420,P0103,1
OI0002897,O001421,P0217,1
OI0002898,O001421,P0074,3
OI0002899,O001422,P0158,1
OI0002900,O001422,P0059,1
OI0002901,O001423,P0264,1
OI0002902,O001423,P0238,2
OI0002903,O001424,P0222,1
OI0002904,O001425,P0115,1
OI0002905,O001425,P0189,2
OI0002906,O001425,P0007,1
OI0002907,O001426,P0201,1
OI0002908,O001426,P0089,1
OI0002909,O001427,P0167,1
OI0002910,O001428,P0245,1
OI0002911,O001428,P0117,1
OI0002912,O001429,P0256,1
OI0002913,O001429,P0034,1
OI0002914,O001430,P0044,3
OI0002915,O001430,P0286,3
OI0002916,O001430,P0208,1
OI0002917,O001430,P0209,1
OI0002918,O001431,P0103,1
OI0002919,O001431,P0273,2
OI0002920,O001432,P0203,1
OI0002921,O001432,P0071,2
OI0002922,O001433,P0072,1
OI0002923,O001434,P0179,1
OI0002924,O001434,P0188,3
OI0002925,O001434,P0014,1
OI0002926,O001435,P0135,1
OI0002927,O001436,P0050,1
OI0002928,O001436,P0042,1
OI0002929,O001437,P0085,2
OI0002930,O001437,P0088,1
OI0002931,O001438,P0131,1
OI0002932,O001439,P0079,1
OI0002933,O001439,P0072,3
OI0002934,O001440,P0297,1
OI0002935,O001441,P0156,2
OI0002936,O001441,P0064,1
OI0002937,O001442,P0036,3
OI0002938,O001442,P0174,1
OI0002939,O001443,P0089,1
OI0002940,O001443,P0194,1
OI0002941,O001443,P0164,1
OI0002942,O001444,P0298,1
OI0002943,O001444,P0117,1
OI0002944,O001445,P0254,1
OI0002945,O001445,P0165,1
OI0002946,O001446,P0212,2
OI0002947,O001446,P0042,2
OI0002948,O001447,P0076,1
OI0002949,O001447,P0138,1
OI0002950,O001447,P0239,1
OI0002951,O001447,P0190,1
OI0002952,O001448,P0155,1
OI0002953,O001448,P0009,2
OI0002954,O001448,P0132,1
OI0002955,O001449,P0008,1
OI0002956,O001449,P0262,1
OI0002957,O001450,P0214,1
OI0002958,O001451,P0164,1
OI0002959,O001451,P0063,1
OI0002960,O001452,P0288,2
OI0002961,O001452,P0069,1
OI0002962,O001453,P0153,2
OI0002963,O001453,P0112,1
OI0002964,O001454,P0060,2
OI0002965,O001454,P0102,2
OI0002966,O001454,P0133,1
OI0002967,O001454,P0041,1
OI0002968,O001455,P0011,1
OI0002969,O001455,P0222,1
OI0002970,O001456,P0023,1
OI0002971,O001457,P0203,1
OI0002972,O001457,P0093,2
OI0002973,O001458,P0205,2
OI0002974,O001458,P0272,1
OI0002975,O001459,P0122,1
OI0002976,O001459,P0166,3
OI0002977,O001460,P0209,1
OI0002978,O001460,P0264,1
OI0002979,O001460,P0219,1
OI0002980,O001461,P0011,1
OI0002981,O001462,P0149,1
OI0002982,O001462,P0094,1
OI0002983,O001462,P0300,3
OI0002984,O001463,P0265,1
OI0002985,O001464,P0197,2
OI0002986,O001464,P0066,1
OI0002987,O001464,P0071,1
OI0002988,O001464,P0147,1
OI0002989,O001465,P0203,1
OI0002990,O001465,P0016,1
OI0002991,O001465,P0120,1
OI0002992,O001466,P0189,3
OI0002993,O001467,P0092,3
OI0002994,O001467,P0160,1
OI0002995,O001468,P0187,1
OI0002996,O001468,P0223,1
OI0002997,O001469,P0111,3
OI0002998,O001469,P0120,1
OI0002999,O001469,P0087,1
OI0003000,O001470,P0143,1
OI0003001,O001470,P0136,1
OI0003002,O001471,P0103,1
OI0003003,O001472,P0206,3
OI0003004,O001472,P0265,2
OI0003005,O001472,P0280,1
OI0003006,O001473,P0102,1
OI0003007,O001473,P0165,3
OI0003008,O001474,P0112,1
OI0003009,O001474,P0065,2
OI0003010,O001475,P0012,1
OI0003011,O001475,P0075,1
OI0003012,O001475,P0118,2
OI0003013,O001476,P0207,1
OI0003014,O001476,P0160,3
OI0003015,O001477,P0139,1
OI0003016,O001478,P0071,1
OI0003017,O001478,P0160,1
OI0003018,O001479,P0029,2
OI0003019,O001479,P0104,1
OI0003020,O001479,P0191,1
OI0003021,O001480,P0015,1
OI0003022,O001480,P0033,1
OI0003023,O001481,P0163,3
OI0003024,O001481,P0215,1
OI0003025,O001482,P0054,1
OI0003026,O001482,P0152,1
OI0003027,O001482,P0243,2
OI0003028,O001483,P0110,1
OI0003029,O001484,P0080,2
OI0003030,O001484,P0049,1
OI0003031,O001485,P0025,1
OI0003032,O001486,P0061,2
OI0003033,O001486,P0279,1
OI0003034,O001487,P0181,2
OI0003035,O001487,P0154,1
OI0003036,O001488,P0049,1
OI0003037,O001489,P0144,1
OI0003038,O001490,P0080,1
OI0003039,O001491,P0246,1
OI0003040,O001492,P0009,1
OI0003041,O001492,P0025,2
OI0003042,O001492,P0206,2
OI0003043,O001492,P0003,1
OI0003044,O001493,P0045,1
OI0003045,O001493,P0147,1
OI0003046,O001494,P0127,2
OI0003047,O001494,P0100,1
OI0003048,O001495,P0213,1
OI0003049,O001495,P0192,1
OI0003050,O001496,P0106,1
OI0003051,O001496,P0196,1
OI0003052,O001496,P0200,2
OI0003053,O001497,P0128,1
OI0003054,O001497,P0061,2
OI0003055,O001497,P0221,1
OI0003056,O001498,P0156,1
OI0003057,O001498,P0198,1
OI0003058,O001498,P0227,1
OI0003059,O001498,P0135,1
OI0003060,O001499,P0005,1
OI0003061,O001499,P0192,1
OI0003062,O001499,P0246,1
OI0003063,O001499,P0244,2
OI0003064,O001500,P0259,1
OI0003065,O001500,P0255,2
OI0003066,O001501,P0132,1
OI0003067,O001501,P0160,1
OI0003068,O001502,P0024,1
OI0003069,O001502,P0068,1
OI0003070,O001503,P0001,1
OI0003071,O001503,P0044,1
OI0003072,O001503,P0234,1
OI0003073,O001503,P0008,3
OI0003074,O001504,P0078,2
OI0003075,O001504,P0207,1
OI0003076,O001504,P0245,2
OI0003077,O001505,P0186,2
OI0003078,O001505,P0070,3
OI0003079,O001505,P0019,2
OI0003080,O001506,P0240,1
OI0003081,O001506,P0175,1
OI0003082,O001507,P0155,1
OI0003083,O001508,P0089,3
OI0003084,O001509,P0199,1
OI0003085,O001509,P0233,2
OI0003086,O001510,P0203,1
OI0003087,O001511,P0277,1
OI0003088,O001512,P0099,2
OI0003089,O001512,P0022,1
OI0003090,O001513,P0221,1
OI0003091,O001514,P0215,3
OI0003092,O001514,P0265,1
OI0003093,O001515,P0282,3
OI0003094,O001515,P0191,3
OI0003095,O001516,P0020,2
OI0003096,O001517,P0171,1
OI0003097,O001517,P0131,1
OI0003098,O001517,P0067,2
OI0003099,O001517,P0010,2
OI0003100,O001518,P0033,1
OI0003101,O001519,P0089,1
OI0003102,O001519,P0222,2
OI0003103,O001520,P0078,1
OI0003104,O001521,P0260,2
OI0003105,O001521,P0186,2
OI0003106,O001522,P0034,2
OI0003107,O001522,P0133,1
OI0003108,O001522,P0145,2
OI0003109,O001523,P0166,1
OI0003110,O001523,P0206,2
OI0003111,O001524,P0121,1
OI0003112,O001524,P0166,1
OI0003113,O001524,P0223,1
OI0003114,O001525,P0082,1
OI0003115,O001525,P0250,1
OI0003116,O001525,P0281,1
OI0003117,O001525,P0264,3
OI0003118,O001526,P0258,1
OI0003119,O001526,P0053,1
OI0003120,O001527,P0143,2
OI0003121,O001527,P0284,1
OI0003122,O001527,P0130,1
OI0003123,O001527,P0204,1
OI0003124,O001528,P0141,1
OI0003125,O001529,P0122,1
OI0003126,O001529,P0179,1
OI0003127,O001530,P0049,1
OI0003128,O001530,P0066,1
OI0003129,O001531,P0158,1
OI0003130,O001532,P0124,2
OI0003131,O001532,P0158,3
OI0003132,O001533,P0047,2
OI0003133,O001534,P0053,2
OI0003134,O001534,P0121,1
OI0003135,O001534,P0232,1
OI0003136,O001535,P0095,1
OI0003137,O001535,P0279,1
OI0003138,O001536,P0133,2
OI0003139,O001537,P0226,1
OI0003140,O001537,P0131,1
OI0003141,O001538,P0142,1
OI0003142,O001539,P0074,2
OI0003143,O001540,P0037,1
OI0003144,O001541,P0215,1
OI0003145,O001541,P0280,1
OI0003146,O001542,P0148,2
OI0003147,O001543,P0148,1
OI0003148,O001543,P0127,2
OI0003149,O001544,P0227,1
OI0003150,O001544,P0121,1
OI0003151,O001545,P0082,1
OI0003152,O001546,P0181,1
OI0003153,O001546,P0085,1
OI0003154,O001547,P0005,2
OI0003155,O001547,P0235,1
OI0003156,O001548,P0256,1
OI0003157,O001548,P0146,1
OI0003158,O001549,P0141,1
OI0003159,O001550,P0134,1
OI0003160,O001551,P0294,1
OI0003161,O001552,P0067,2
OI0003162,O001553,P0066,2
OI0003163,O001553,P0166,1
OI0003164,O001554,P0182,1
OI0003165,O001554,P0092,1
OI0003166,O001554,P0136,1
OI0003167,O001554,P0202,1
OI0003168,O001555,P0279,1
OI0003169,O001556,P0031,1
OI0003170,O001556,P0143,1
OI0003171,O001556,P0194,1
OI0003172,O001557,P0080,3
OI0003173,O001557,P0001,2
OI0003174,O001558,P0282,2
OI0003175,O001558,P0137,1
OI0003176,O001558,P0210,1
OI0003177,O001559,P0203,1
OI0003178,O001559,P0002,1
OI0003179,O001559,P0105,1
OI0003180,O001560,P0171,1
OI0003181,O001560,P0240,2
OI0003182,O001560,P0113,1
OI0003183,O001561,P0165,1
OI0003184,O001561,P0241,1
OI0003185,O001561,P0186,2
OI0003186,O001562,P0271,2
OI0003187,O001562,P0265,1
OI0003188,O001562,P0157,3
OI0003189,O001562,P0129,1
OI0003190,O001563,P0210,1
OI0003191,O001563,P0048,1
OI0003192,O001564,P0130,2
OI0003193,O001564,P0025,1
OI0003194,O001565,P0211,1
OI0003195,O001565,P0143,1
OI0003196,O001566,P0065,1
OI0003197,O001566,P0089,1
OI0003198,O001567,P0300,3
OI0003199,O001568,P0259,1
OI0003200,O001569,P0219,2
OI0003201,O001569,P0080,2
OI0003202,O001570,P0228,2
OI0003203,O001571,P0290,1
OI0003204,O001572,P0014,1
OI0003205,O001572,P0002,1
OI0003206,O001572,P0052,2
OI0003207,O001573,P0099,1
OI0003208,O001574,P0297,3
OI0003209,O001574,P0093,1
OI0003210,O001574,P0048,1
OI0003211,O001575,P0282,1
OI0003212,O001576,P0081,1
OI0003213,O001576,P0219,1
OI0003214,O001576,P0048,1
OI0003215,O001577,P0195,1
OI0003216,O001577,P0179,1
OI0003217,O001577,P0265,1
OI0003218,O001578,P0059,1
OI0003219,O001578,P0293,1
OI0003220,O001578,P0232,1
OI0003221,O001579,P0258,2
OI0003222,O001579,P0209,1
OI0003223,O001580,P0068,2
OI0003224,O001581,P0097,1
OI0003225,O001581,P0234,1
OI0003226,O001581,P0111,1
OI0003227,O001582,P0196,2
OI0003228,O001582,P0056,1
OI0003229,O001582,P0195,1
OI0003230,O001583,P0205,1
OI0003231,O001584,P0126,2
OI0003232,O001585,P0204,1
OI0003233,O001586,P0220,2
OI0003234,O001586,P0076,1
OI0003235,O001587,P0289,1
OI0003236,O001587,P0175,1
OI0003237,O001587,P0282,1
OI0003238,O001588,P0201,1
OI0003239,O001589,P0055,3
OI0003240,O001589,P0183,1
OI0003241,O001589,P0245,1
OI0003242,O001590,P0295,3
OI0003243,O001590,P0297,1
OI0003244,O001590,P0108,1
OI0003245,O001591,P0092,1
OI0003246,O001591,P0119,1
OI0003247,O001591,P0204,1
OI0003248,O001591,P0045,1
OI0003249,O001592,P0016,1
OI0003250,O001593,P0020,2
OI0003251,O001593,P0137,1
OI0003252,O001594,P0248,1
OI0003253,O001595,P0041,1
OI0003254,O001595,P0300,1
OI0003255,O001595,P0048,2
OI0003256,O001596,P0229,1
OI0003257,O001596,P0035,2
OI0003258,O001597,P0211,2
OI0003259,O001597,P0158,2
OI0003260,O001597,P0128,1
OI0003261,O001598,P0050,1
OI0003262,O001599,P0253,1
OI0003263,O001599,P0120,1
OI0003264,O001600,P0286,1
OI0003265,O001601,P0223,1
OI0003266,O001601,P0041,1
OI0003267,O001602,P0114,1
OI0003268,O001603,P0006,1
OI0003269,O001604,P0136,1
OI0003270,O001604,P0061,1
OI0003271,O001605,P0264,1
OI0003272,O001606,P0203,1
OI0003273,O001606,P0109,2
OI0003274,O001607,P0234,1
OI0003275,O001608,P0077,1
OI0003276,O001608,P0177,1
OI0003277,O001609,P0067,1
OI0003278,O001609,P0052,1
OI0003279,O001609,P0015,3
OI0003280,O001610,P0175,1
OI0003281,O001610,P0056,1
OI0003282,O001611,P0063,3
OI0003283,O001611,P0138,1
OI0003284,O001611,P0245,1
OI0003285,O001612,P0116,1
OI0003286,O001612,P0038,1
OI0003287,O001612,P0047,1
OI0003288,O001613,P0045,1
OI0003289,O001613,P0192,3
OI0003290,O001614,P0242,2
OI0003291,O001614,P0175,1
OI0003292,O001614,P0050,1
OI0003293,O001615,P0062,1
OI0003294,O001615,P0080,3
OI0003295,O001615,P0148,1
OI0003296,O001616,P0007,1
OI0003297,O001616,P0238,1
OI0003298,O001616,P0107,1
OI0003299,O001616,P0262,1
OI0003300,O001617,P0228,1
OI0003301,O001618,P0223,1
OI0003302,O001618,P0293,2
OI0003303,O001619,P0182,2
OI0003304,O001619,P0018,1
OI0003305,O001619,P0038,1
OI0003306,O001620,P0201,1
OI0003307,O001621,P0034,1
OI0003308,O001621,P0227,1
OI0003309,O001622,P0098,1
OI0003310,O001622,P0080,1
OI0003311,O001623,P0192,1
OI0003312,O001623,P0017,2
OI0003313,O001624,P0015,1
OI0003314,O001625,P0178,2
OI0003315,O001625,P0192,1
OI0003316,O001625,P0261,2
OI0003317,O001626,P0099,1
OI0003318,O001626,P0095,1
OI0003319,O001626,P0235,1
OI0003320,O001626,P0020,1
OI0003321,O001627,P0016,1
OI0003322,O001627,P0088,1
OI0003323,O001628,P0189,1
OI0003324,O001629,P0142,3
OI0003325,O001630,P0127,1
OI0003326,O001630,P0114,1
OI0003327,O001631,P0020,1
OI0003328,O001631,P0288,1
OI0003329,O001631,P0254,1
OI0003330,O001632,P0120,2
OI0003331,O001633,P0045,1
OI0003332,O001634,P0129,1
OI0003333,O001634,P0013,3
OI0003334,O001635,P0085,1
OI0003335,O001635,P0144,1
OI0003336,O001636,P0209,1
OI0003337,O001636,P0157,1
OI0003338,O001637,P0026,2
OI0003339,O001637,P0141,1
OI0003340,O001638,P0156,1
OI0003341,O001638,P0130,2
OI0003342,O001638,P0297,1
OI0003343,O001639,P0108,2
OI0003344,O001639,P0261,1
OI0003345,O001640,P0235,1
OI0003346,O001641,P0184,1
OI0003347,O001642,P0276,1
OI0003348,O001642,P0151,2
OI0003349,O001643,P0136,1
OI0003350,O001644,P0294,1
OI0003351,O001645,P0204,3
OI0003352,O001646,P0044,2
OI0003353,O001646,P0293,1
OI0003354,O001646,P0069,1
OI0003355,O001646,P0094,2
OI0003356,O001647,P0220,1
OI0003357,O001648,P0038,1
OI0003358,O001648,P0054,2
OI0003359,O001649,P0197,1
OI0003360,O001649,P0238,1
OI0003361,O001649,P0129,2
OI0003362,O001650,P0231,1
OI0003363,O001650,P0110,2
OI0003364,O001651,P0215,1
OI0003365,O001652,P0114,2
OI0003366,O001652,P0109,1
OI0003367,O001653,P0106,1
OI0003368,O001653,P0129,1
OI0003369,O001653,P0105,1
OI0003370,O001654,P0035,2
OI0003371,O001655,P0096,1
OI0003372,O001655,P0207,1
OI0003373,O001655,P0079,2
OI0003374,O001655,P0105,1
OI0003375,O001656,P0053,1
OI0003376,O001657,P0256,1
OI0003377,O001657,P0160,1
OI0003378,O001658,P0294,1
OI0003379,O001659,P0109,1
OI0003380,O001660,P0069,1
OI0003381,O001660,P0249,1
OI0003382,O001661,P0237,3
OI0003383,O001662,P0041,1
OI0003384,O001662,P0297,1
OI0003385,O001663,P0290,1
OI0003386,O001663,P0002,1
OI0003387,O001663,P0099,1
OI0003388,O001663,P0277,1
OI0003389,O001664,P0070,1
OI0003390,O001665,P0020,1
OI0003391,O001665,P0146,1
OI0003392,O001665,P0299,1
OI0003393,O001666,P0039,1
OI0003394,O001666,P0269,1
OI0003395,O001667,P0003,3
OI0003396,O001667,P0025,1
OI0003397,O001667,P0199,2
OI0003398,O001668,P0200,2
OI0003399,O001668,P0153,1
OI0003400,O001669,P0162,2
OI0003401,O001670,P0263,1
OI0003402,O001670,P0132,1
OI0003403,O001671,P0284,2
OI0003404,O001671,P0260,2
OI0003405,O001672,P0208,1
OI0003406,O001673,P0091,1
OI0003407,O001673,P0095,1
OI0003408,O001674,P0285,1
OI0003409,O001675,P0270,1
OI0003410,O001675,P0051,2
OI0003411,O001676,P0175,1
OI0003412,O001677,P0105,1
OI0003413,O001677,P0238,2
OI0003414,O001677,P0102,1
OI0003415,O001677,P0044,1
OI0003416,O001678,P0047,2
OI0003417,O001678,P0178,1
OI0003418,O001678,P0262,1
OI0003419,O001678,P0243,1
OI0003420,O001679,P0188,1
OI0003421,O001679,P0132,1
OI0003422,O001679,P0205,2
OI0003423,O001679,P0046,2
OI0003424,O001680,P0036,1
OI0003425,O001680,P0190,2
OI0003426,O001681,P0064,1
OI0003427,O001681,P0141,1
OI0003428,O001681,P0124,2
OI0003429,O001681,P0295,1
OI0003430,O001682,P0180,1
OI0003431,O001682,P0156,2
OI0003432,O001682,P0121,1
OI0003433,O001683,P0228,1
OI0003434,O001684,P0027,1
OI0003435,O001684,P0133,1
OI0003436,O001685,P0066,2
OI0003437,O001686,P0108,2
OI0003438,O001687,P0142,1
OI0003439,O001688,P0135,1
OI0003440,O001688,P0020,1
OI0003441,O001689,P0063,1
OI0003442,O001690,P0133,1
OI0003443,O001690,P0062,1
OI0003444,O001691,P0284,1
OI0003445,O001691,P0058,1
OI0003446,O001691,P0040,1
OI0003447,O001691,P0265,3
OI0003448,O001692,P0022,1
OI0003449,O001692,P0238,1
OI0003450,O001692,P0108,1
OI0003451,O001692,P0280,2
OI0003452,O001693,P0012,1
OI0003453,O001694,P0177,2
OI0003454,O001694,P0077,2
OI0003455,O001694,P0106,1
OI0003456,O001695,P0202,1
OI0003457,O001696,P0099,1
OI0003458,O001696,P0102,1
OI0003459,O001696,P0058,3
OI0003460,O001697,P0047,1
OI0003461,O001697,P0199,1
OI0003462,O001697,P0260,2
OI0003463,O001698,P0226,1
OI0003464,O001698,P0058,2
OI0003465,O001698,P0260,1
OI0003466,O001698,P0209,1
OI0003467,O001699,P0143,1
OI0003468,O001699,P0262,1
OI0003469,O001699,P0258,1
OI0003470,O001699,P0150,1
OI0003471,O001700,P0139,1
OI0003472,O001700,P0063,2
OI0003473,O001701,P0054,2
OI0003474,O001702,P0149,1
OI0003475,O001702,P0286,2
OI0003476,O001703,P0051,2
OI0003477,O001703,P0190,1
OI0003478,O001703,P0244,2
OI0003479,O001704,P0109,2
OI0003480,O001704,P0022,1
OI0003481,O001704,P0290,1
OI0003482,O001705,P0291,1
OI0003483,O001705,P0140,3
OI0003484,O001705,P0128,1
OI0003485,O001706,P0225,1
OI0003486,O001707,P0161,3
OI0003487,O001707,P0223,1
OI0003488,O001707,P0225,2
OI0003489,O001707,P0251,1
OI0003490,O001708,P0218,1
OI0003491,O001709,P0093,1
OI0003492,O001710,P0124,1
OI0003493,O001711,P0011,1
OI0003494,O001712,P0119,1
OI0003495,O001713,P0242,1
OI0003496,O001713,P0142,1
OI0003497,O001713,P0298,2
OI0003498,O001714,P0093,1
OI0003499,O001714,P0035,1
OI0003500,O001714,P0279,3
OI0003501,O001715,P0263,2
OI0003502,O001715,P0134,1
OI0003503,O001715,P0017,1
OI0003504,O001716,P0109,1
OI0003505,O001716,P0193,1
OI0003506,O001717,P0115,2
OI0003507,O001717,P0257,2
OI0003508,O001718,P0222,1
OI0003509,O001718,P0020,1
OI0003510,O001719,P0198,2
OI0003511,O001719,P0091,1
OI0003512,O001720,P0213,1
OI0003513,O001720,P0048,1
OI0003514,O001720,P0116,1
OI0003515,O001721,P0263,2
OI0003516,O001722,P0105,1
OI0003517,O001722,P0189,1
OI0003518,O001722,P0173,1
OI0003519,O001723,P0259,2
OI0003520,O001724,P0143,1
OI0003521,O001724,P0162,1
OI0003522,O001724,P0154,1
OI0003523,O001724,P0124,2
OI0003524,O001725,P0104,1
OI0003525,O001725,P0166,1
OI0003526,O001725,P0090,2
OI0003527,O001726,P0128,3
OI0003528,O001726,P0162,1
OI0003529,O001727,P0101,1
OI0003530,O001728,P0260,1
OI0003531,O001728,P0245,2
OI0003532,O001728,P0061,1
OI0003533,O001729,P0247,1
OI0003534,O001730,P0250,1
OI0003535,O001731,P0099,1
OI0003536,O001731,P0101,1
OI0003537,O001732,P0006,2
OI0003538,O001733,P0181,1
OI0003539,O001733,P0202,1
OI0003540,O001734,P0104,2
OI0003541,O001734,P0045,2
OI0003542,O001735,P0021,1
OI0003543,O001736,P0145,1
OI0003544,O001736,P0246,1
OI0003545,O001736,P0258,1
OI0003546,O001737,P0044,1
OI0003547,O001737,P0284,1
OI0003548,O001737,P0190,1
OI0003549,O001737,P0080,2
OI0003550,O001738,P0175,1
OI0003551,O001738,P0159,2
OI0003552,O001738,P0200,1
OI0003553,O001739,P0238,1
OI0003554,O001739,P0091,2
OI0003555,O001739,P0113,2
OI0003556,O001740,P0015,1
OI0003557,O001741,P0037,1
OI0003558,O001741,P0208,1
OI0003559,O001742,P0279,1
OI0003560,O001743,P0109,3
OI0003561,O001743,P0207,1
OI0003562,O001743,P0083,1
OI0003563,O001744,P0238,1
OI0003564,O001744,P0116,2
OI0003565,O001745,P0299,1
OI0003566,O001745,P0145,1
OI0003567,O001746,P0067,3
OI0003568,O001746,P0288,2
OI0003569,O001746,P0014,1
OI0003570,O001747,P0096,2
OI0003571,O001747,P0161,1
OI0003572,O001747,P0255,2
OI0003573,O001748,P0129,3
OI0003574,O001749,P0007,1
OI0003575,O001749,P0152,1
OI0003576,O001749,P0098,1
OI0003577,O001749,P0261,2
OI0003578,O001750,P0054,1
OI0003579,O001750,P0044,2
OI0003580,O001750,P0060,1
OI0003581,O001751,P0237,2
OI0003582,O001751,P0073,1
OI0003583,O001751,P0122,2
OI0003584,O001752,P0299,1
OI0003585,O001752,P0247,1
OI0003586,O001752,P0220,1
OI0003587,O001753,P0041,1
OI0003588,O001754,P0115,2
OI0003589,O001754,P0060,1
OI0003590,O001754,P0224,2
OI0003591,O001755,P0244,1
OI0003592,O001755,P0255,2
OI0003593,O001755,P0204,1
OI0003594,O001756,P0080,1
OI0003595,O001757,P0189,1
OI0003596,O001758,P0229,1
OI0003597,O001758,P0267,1
OI0003598,O001758,P0140,2
OI0003599,O001759,P0173,1
OI0003600,O001760,P0168,1
OI0003601,O001760,P0256,1
OI0003602,O001760,P0057,2
OI0003603,O001761,P0231,2
OI0003604,O001762,P0256,2
OI0003605,O001762,P0226,1
OI0003606,O001763,P0251,1
OI0003607,O001763,P0144,1
OI0003608,O001764,P0067,1
OI0003609,O001764,P0205,3
OI0003610,O001765,P0233,2
OI0003611,O001766,P0153,1
OI0003612,O001766,P0141,1
OI0003613,O001767,P0023,2
OI0003614,O001768,P0253,1
OI0003615,O001769,P0243,1
OI0003616,O001769,P0198,1
OI0003617,O001769,P0146,3
OI0003618,O001770,P0234,1
OI0003619,O001770,P0156,2
OI0003620,O001770,P0139,1
OI0003621,O001770,P0263,2
OI0003622,O001771,P0151,2
OI0003623,O001771,P0100,1
OI0003624,O001772,P0023,2
OI0003625,O001773,P0212,1
OI0003626,O001773,P0258,1
OI0003627,O001774,P0049,1
OI0003628,O001774,P0150,1
OI0003629,O001775,P0231,1
OI0003630,O001776,P0015,1
OI0003631,O001777,P0093,2
OI0003632,O001777,P0100,1
OI0003633,O001777,P0117,1
OI0003634,O001778,P0015,1
OI0003635,O001779,P0264,1
OI0003636,O001779,P0127,1
OI0003637,O001779,P0244,2
OI0003638,O001779,P0243,1
OI0003639,O001780,P0223,2
OI0003640,O001781,P0079,1
OI0003641,O001781,P0119,2
OI0003642,O001781,P0165,2
OI0003643,O001782,P0284,1
OI0003644,O001782,P0128,1
OI0003645,O001783,P0280,1
OI0003646,O001783,P0183,1
OI0003647,O001783,P0135,1
OI0003648,O001784,P0064,2
OI0003649,O001785,P0248,1
OI0003650,O001785,P0227,3
OI0003651,O001786,P0045,3
OI0003652,O001787,P0109,2
OI0003653,O001788,P0122,2
OI0003654,O001789,P0267,1
OI0003655,O001789,P0007,1
OI0003656,O001789,P0282,1
OI0003657,O001790,P0090,1
OI0003658,O001790,P0289,1
OI0003659,O001790,P0122,1
OI0003660,O001790,P0281,1
OI0003661,O001791,P0054,1
OI0003662,O001791,P0046,1
OI0003663,O001792,P0084,1
OI0003664,O001792,P0291,1
OI0003665,O001792,P0018,2
OI0003666,O001793,P0175,1
OI0003667,O001793,P0078,1
OI0003668,O001793,P0229,3
OI0003669,O001794,P0244,1
OI0003670,O001794,P0050,1
OI0003671,O001795,P0249,1
OI0003672,O001795,P0199,1
OI0003673,O001796,P0052,1
OI0003674,O001797,P0120,1
OI0003675,O001797,P0161,1
OI0003676,O001798,P0165,1
OI0003677,O001798,P0257,1
OI0003678,O001798,P0228,1
OI0003679,O001799,P0078,1
OI0003680,O001799,P0111,1
OI0003681,O001800,P0091,1
OI0003682,O001800,P0035,2
OI0003683,O001801,P0276,1
OI0003684,O001801,P0114,1
OI0003685,O001802,P0169,1
OI0003686,O001802,P0180,2
OI0003687,O001802,P0037,2
OI0003688,O001803,P0020,1
OI0003689,O001803,P0300,1
OI0003690,O001804,P0002,1
OI0003691,O001804,P0168,1
OI0003692,O001805,P0162,1
OI0003693,O001806,P0145,1
OI0003694,O001806,P0142,1
OI0003695,O001807,P0146,1
OI0003696,O001808,P0030,2
OI0003697,O001808,P0054,1
OI0003698,O001808,P0049,2
OI0003699,O001809,P0063,1
OI0003700,O001810,P0055,1
OI0003701,O001810,P0270,1
OI0003702,O001810,P0294,1
OI0003703,O001811,P0048,1
OI0003704,O001811,P0220,1
OI0003705,O001811,P0112,1
OI0003706,O001811,P0017,1
OI0003707,O001812,P0067,1
OI0003708,O001812,P0184,2
OI0003709,O001812,P0087,1
OI0003710,O001813,P0299,2
OI0003711,O001813,P0210,2
OI0003712,O001813,P0118,3
OI0003713,O001813,P0044,1
OI0003714,O001814,P0296,2
OI0003715,O001815,P0204,2
OI0003716,O001815,P0280,1
OI0003717,O001815,P0210,1
OI0003718,O001816,P0253,1
OI0003719,O001817,P0112,1
OI0003720,O001817,P0107,1
OI0003721,O001817,P0203,1
OI0003722,O001817,P0064,2
OI0003723,O001818,P0292,1
OI0003724,O001818,P0277,1
OI0003725,O001818,P0092,2
OI0003726,O001819,P0154,3
OI0003727,O001820,P0161,1
OI0003728,O001821,P0299,1
OI0003729,O001821,P0073,3
OI0003730,O001822,P0114,3
OI0003731,O001823,P0190,2
OI0003732,O001823,P0267,1
OI0003733,O001823,P0004,1
OI0003734,O001823,P0027,1
OI0003735,O001824,P0131,1
OI0003736,O001824,P0232,1
OI0003737,O001824,P0261,2
OI0003738,O001825,P0201,1
OI0003739,O001825,P0284,1
OI0003740,O001826,P0271,1
OI0003741,O001826,P0268,1
OI0003742,O001827,P0226,1
OI0003743,O001827,P0129,1
OI0003744,O001827,P0059,1
OI0003745,O001828,P0142,1
OI0003746,O001829,P0100,1
OI0003747,O001829,P0266,1
OI0003748,O001829,P0281,1
OI0003749,O001829,P0148,1
OI0003750,O001830,P0299,1
OI0003751,O001830,P0085,1
OI0003752,O001830,P0203,1
OI0003753,O001831,P0230,1
OI0003754,O001831,P0107,1
OI0003755,O001831,P0053,1
OI0003756,O001832,P0132,3
OI0003757,O001833,P0172,1
OI0003758,O001833,P0112,1
OI0003759,O001834,P0137,1
OI0003760,O001834,P0194,1
OI0003761,O001834,P0255,1
OI0003762,O001835,P0135,1
OI0003763,O001835,P0227,2
OI0003764,O001835,P0048,1
OI0003765,O001835,P0055,1
OI0003766,O001836,P0218,2
OI0003767,O001837,P0016,2
OI0003768,O001837,P0120,1
OI0003769,O001837,P0219,1
OI0003770,O001838,P0237,2
OI0003771,O001838,P0149,1
OI0003772,O001839,P0168,2
OI0003773,O001839,P0079,1
OI0003774,O001840,P0216,1
OI0003775,O001841,P0102,2
OI0003776,O001841,P0095,2
OI0003777,O001842,P0154,1
OI0003778,O001843,P0146,1
OI0003779,O001843,P0033,1
OI0003780,O001844,P0065,2
OI0003781,O001844,P0231,2
OI0003782,O001845,P0219,2
OI0003783,O001846,P0265,2
OI0003784,O001846,P0232,1
OI0003785,O001847,P0023,2
OI0003786,O001847,P0256,1
OI0003787,O001848,P0021,1
OI0003788,O001849,P0110,2
OI0003789,O001850,P0023,2
OI0003790,O001850,P0273,1
OI0003791,O001850,P0058,2
OI0003792,O001850,P0020,1
OI0003793,O001851,P0177,1
OI0003794,O001851,P0001,1
OI0003795,O001851,P0155,1
OI0003796,O001851,P0082,1
OI0003797,O001852,P0101,2
OI0003798,O001852,P0012,1
OI0003799,O001853,P0162,1
OI0003800,O001853,P0032,1
OI0003801,O001854,P0244,2
OI0003802,O001855,P0042,2
OI0003803,O001855,P0199,1
OI0003804,O001855,P0121,1
OI0003805,O001856,P0207,1
OI0003806,O001857,P0300,1
OI0003807,O001857,P0006,1
OI0003808,O001858,P0245,1
OI0003809,O001859,P0015,1
OI0003810,O001860,P0202,2
OI0003811,O001860,P0290,1
OI0003812,O001861,P0257,1
OI0003813,O001862,P0129,2
OI0003814,O001862,P0283,2
OI0003815,O001862,P0042,2
OI0003816,O001862,P0094,1
OI0003817,O001863,P0253,1
OI0003818,O001863,P0261,2
OI0003819,O001864,P0043,2
OI0003820,O001864,P0214,1
OI0003821,O001865,P0123,3
OI0003822,O001865,P0137,1
OI0003823,O001866,P0200,1
OI0003824,O001866,P0221,1
OI0003825,O001867,P0261,2
OI0003826,O001867,P0254,1
OI0003827,O001867,P0117,2
OI0003828,O001867,P0002,1
OI0003829,O001868,P0255,1
OI0003830,O001869,P0099,1
OI0003831,O001870,P0050,1
OI0003832,O001871,P0084,2
OI0003833,O001871,P0086,2
OI0003834,O001871,P0237,1
OI0003835,O001872,P0276,1
OI0003836,O001872,P0031,2
OI0003837,O001873,P0213,1
OI0003838,O001874,P0099,1
OI0003839,O001874,P0012,2
OI0003840,O001874,P0038,1
OI0003841,O001874,P0128,2
OI0003842,O001875,P0067,1
OI0003843,O001875,P0226,1
OI0003844,O001875,P0080,1
OI0003845,O001876,P0278,2
OI0003846,O001877,P0108,1
OI0003847,O001877,P0079,1
OI0003848,O001877,P0091,1
OI0003849,O001877,P0123,1
OI0003850,O001878,P0115,1
OI0003851,O001878,P0286,1
OI0003852,O001878,P0007,1
OI0003853,O001879,P0199,3
OI0003854,O001879,P0225,1
OI0003855,O001879,P0206,1
OI0003856,O001880,P0031,1
OI0003857,O001880,P0242,1
OI0003858,O001881,P0194,3
OI0003859,O001882,P0063,3
OI0003860,O001883,P0223,3
OI0003861,O001883,P0289,1
OI0003862,O001883,P0270,1
OI0003863,O001884,P0194,1
OI0003864,O001885,P0164,1
OI0003865,O001885,P0052,2
OI0003866,O001885,P0266,2
OI0003867,O001886,P0291,1
OI0003868,O001886,P0208,1
OI0003869,O001887,P0262,2
OI0003870,O001887,P0117,1
OI0003871,O001888,P0123,1
OI0003872,O001889,P0001,2
OI0003873,O001889,P0070,1
OI0003874,O001890,P0223,1
OI0003875,O001891,P0209,1
OI0003876,O001891,P0051,2
OI0003877,O001891,P0189,3
OI0003878,O001891,P0290,1
OI0003879,O001892,P0191,2
OI0003880,O001892,P0140,2
OI0003881,O001892,P0139,1
OI0003882,O001893,P0188,2
OI0003883,O001894,P0126,2
OI0003884,O001894,P0051,2
OI0003885,O001894,P0008,2
OI0003886,O001895,P0221,1
OI0003887,O001895,P0129,1
OI0003888,O001896,P0155,1
OI0003889,O001897,P0232,1
OI0003890,O001897,P0269,2
OI0003891,O001897,P0241,2
OI0003892,O001898,P0096,3
OI0003893,O001899,P0090,1
OI0003894,O001899,P0184,2
OI0003895,O001900,P0224,1
OI0003896,O001900,P0283,1
OI0003897,O001900,P0203,1
OI0003898,O001901,P0025,1
OI0003899,O001901,P0102,1
OI0003900,O001901,P0233,1
OI0003901,O001902,P0086,2
OI0003902,O001902,P0283,1
OI0003903,O001902,P0129,1
OI0003904,O001903,P0188,3
OI0003905,O001904,P0141,1
OI0003906,O001904,P0086,2
OI0003907,O001905,P0145,1
OI0003908,O001906,P0221,1
OI0003909,O001907,P0197,1
OI0003910,O001908,P0298,1
OI0003911,O001909,P0124,1
OI0003912,O001910,P0042,2
OI0003913,O001910,P0239,1
OI0003914,O001910,P0160,2
OI0003915,O001911,P0070,3
OI0003916,O001912,P0193,1
OI0003917,O001912,P0179,1
OI0003918,O001913,P0253,2
OI0003919,O001914,P0085,2
OI0003920,O001915,P0263,1
OI0003921,O001916,P0023,1
OI0003922,O001916,P0127,1
OI0003923,O001916,P0197,1
OI0003924,O001917,P0217,1
OI0003925,O001917,P0119,1
OI0003926,O001918,P0152,1
OI0003927,O001918,P0208,1
OI0003928,O001918,P0178,1
OI0003929,O001919,P0119,2
OI0003930,O001919,P0026,1
OI0003931,O001919,P0081,2
OI0003932,O001919,P0145,2
OI0003933,O001920,P0208,1
OI0003934,O001920,P0043,3
OI0003935,O001921,P0155,1
OI0003936,O001921,P0240,1
OI0003937,O001921,P0051,1
OI0003938,O001922,P0071,3
OI0003939,O001922,P0108,1
OI0003940,O001922,P0128,2
OI0003941,O001923,P0189,1
OI0003942,O001923,P0237,1
OI0003943,O001924,P0006,2
OI0003944,O001924,P0093,1
OI0003945,O001925,P0198,2
OI0003946,O001925,P0208,1
OI0003947,O001925,P0167,1
OI0003948,O001926,P0285,1
OI0003949,O001926,P0269,1
OI0003950,O001927,P0121,1
OI0003951,O001927,P0227,2
OI0003952,O001928,P0024,2
OI0003953,O001928,P0199,1
OI0003954,O001928,P0027,1
OI0003955,O001929,P0061,1
OI0003956,O001930,P0058,2
OI0003957,O001931,P0186,1
OI0003958,O001932,P0257,1
OI0003959,O001932,P0007,1
OI0003960,O001932,P0268,1
OI0003961,O001933,P0046,2
OI0003962,O001933,P0115,3
OI0003963,O001934,P0242,2
OI0003964,O001934,P0034,1
OI0003965,O001934,P0030,1
OI0003966,O001935,P0227,1
OI0003967,O001935,P0190,2
OI0003968,O001936,P0003,3
OI0003969,O001936,P0262,1
OI0003970,O001937,P0090,2
OI0003971,O001938,P0183,1
OI0003972,O001938,P0259,1
OI0003973,O001939,P0236,2
OI0003974,O001939,P0170,3
OI0003975,O001940,P0012,3
OI0003976,O001940,P0249,1
OI0003977,O001941,P0295,1
OI0003978,O001941,P0006,1
OI0003979,O001942,P0038,1
OI0003980,O001942,P0024,1
OI0003981,O001942,P0129,1
OI0003982,O001942,P0166,1
OI0003983,O001943,P0079,1
OI0003984,O001943,P0273,1
OI0003985,O001944,P0235,1
OI0003986,O001944,P0045,3
OI0003987,O001945,P0252,1
OI0003988,O001945,P0148,1
OI0003989,O001945,P0049,1
OI0003990,O001945,P0051,1
OI0003991,O001946,P0100,2
OI0003992,O001946,P0161,1
OI0003993,O001946,P0158,2
OI0003994,O001947,P0027,1
OI0003995,O001947,P0048,1
OI0003996,O001947,P0102,1
OI0003997,O001948,P0039,1
OI0003998,O001948,P0081,1
OI0003999,O001948,P0277,1
OI0004000,O001949,P0156,1
OI0004001,O001949,P0170,1
OI0004002,O001950,P0040,1
OI0004003,O001951,P0148,1
OI0004004,O001951,P0092,1
OI0004005,O001951,P0293,2
OI0004006,O001951,P0048,1
OI0004007,O001952,P0239,1
OI0004008,O001953,P0025,3
OI0004009,O001953,P0092,1
OI0004010,O001954,P0022,1
OI0004011,O001954,P0012,3
OI0004012,O001955,P0220,1
OI0004013,O001955,P0151,1
OI0004014,O001956,P0094,1
OI0004015,O001957,P0176,1
OI0004016,O001957,P0131,2
OI0004017,O001958,P0059,1
OI0004018,O001959,P0171,1
OI0004019,O001959,P0142,2
OI0004020,O001959,P0001,1
OI0004021,O001960,P0161,1
OI0004022,O001960,P0057,2
OI0004023,O001960,P0076,2
OI0004024,O001961,P0060,3
OI0004025,O001962,P0004,1
OI0004026,O001963,P0177,1
OI0004027,O001963,P0072,1
OI0004028,O001963,P0288,1
OI0004029,O001963,P0022,1
OI0004030,O001964,P0236,1
OI0004031,O001964,P0166,3
OI0004032,O001965,P0077,2
OI0004033,O001965,P0116,1
OI0004034,O001965,P0254,2
OI0004035,O001966,P0009,1
OI0004036,O001966,P0035,1
OI0004037,O001966,P0044,1
OI0004038,O001967,P0021,1
OI0004039,O001967,P0151,1
OI0004040,O001967,P0278,1
OI0004041,O001968,P0076,1
OI0004042,O001968,P0015,1
OI0004043,O001968,P0221,1
OI0004044,O001969,P0038,1
OI0004045,O001969,P0068,2
OI0004046,O001970,P0162,1
OI0004047,O001971,P0024,1
OI0004048,O001972,P0099,1
OI0004049,O001973,P0249,1
OI0004050,O001973,P0045,3
OI0004051,O001974,P0087,1
OI0004052,O001975,P0203,1
OI0004053,O001975,P0112,1
OI0004054,O001976,P0274,1
OI0004055,O001976,P0072,1
OI0004056,O001976,P0168,1
OI0004057,O001977,P0233,1
OI0004058,O001977,P0128,1
OI0004059,O001977,P0007,1
OI0004060,O001978,P0039,1
OI0004061,O001979,P0255,1
OI0004062,O001979,P0221,1
OI0004063,O001980,P0175,3
OI0004064,O001980,P0114,1
OI0004065,O001980,P0092,2
OI0004066,O001980,P0191,1
OI0004067,O001981,P0175,2
OI0004068,O001981,P0126,1
OI0004069,O001981,P0212,1
OI0004070,O001982,P0265,1
OI0004071,O001982,P0287,1
OI0004072,O001982,P0144,1
OI0004073,O001983,P0284,1
OI0004074,O001983,P0142,1
OI0004075,O001984,P0197,1
OI0004076,O001985,P0042,3
OI0004077,O001985,P0063,1
OI0004078,O001985,P0174,1
OI0004079,O001985,P0293,1
OI0004080,O001986,P0231,3
OI0004081,O001986,P0212,1
OI0004082,O001987,P0225,1
OI0004083,O001988,P0055,1
OI0004084,O001988,P0067,1
OI0004085,O001988,P0091,3
OI0004086,O001988,P0268,1
OI0004087,O001989,P0244,1
OI0004088,O001989,P0059,1
OI0004089,O001990,P0300,1
OI0004090,O001990,P0284,1
OI0004091,O001991,P0196,2
OI0004092,O001991,P0239,1
OI0004093,O001991,P0253,1
OI0004094,O001991,P0146,1
OI0004095,O001992,P0261,2
OI0004096,O001992,P0080,1
OI0004097,O001993,P0174,1
OI0004098,O001994,P0225,1
OI0004099,O001995,P0146,1
OI0004100,O001995,P0165,2
OI0004101,O001995,P0050,1
OI0004102,O001995,P0169,1
OI0004103,O001996,P0137,1
OI0004104,O001996,P0063,2
OI0004105,O001997,P0029,1
OI0004106,O001998,P0112,1
OI0004107,O001998,P0292,1
OI0004108,O001999,P0270,1
OI0004109,O002000,P0114,2
OI0004110,O002001,P0095,1
OI0004111,O002001,P0168,2
OI0004112,O002001,P0230,2
OI0004113,O002002,P0209,2
OI0004114,O002002,P0128,1
OI0004115,O002003,P0202,1
OI0004116,O002003,P0014,1
OI0004117,O002004,P0073,1
OI0004118,O002005,P0187,1
OI0004119,O002005,P0118,1
OI0004120,O002006,P0053,2
OI0004121,O002007,P0025,2
OI0004122,O002007,P0281,1
OI0004123,O002008,P0147,1
OI0004124,O002008,P0009,1
OI0004125,O002008,P0239,1
OI0004126,O002009,P0247,1
OI0004127,O002010,P0295,2
OI0004128,O002010,P0028,2
OI0004129,O002011,P0296,1
OI0004130,O002011,P0267,3
OI0004131,O002012,P0083,2
OI0004132,O002012,P0024,1
OI0004133,O002012,P0216,1
OI0004134,O002013,P0061,1
OI0004135,O002014,P0083,3
OI0004136,O002015,P0066,1
OI0004137,O002015,P0133,1
OI0004138,O002015,P0129,3
OI0004139,O002015,P0165,1
OI0004140,O002016,P0127,1
OI0004141,O002017,P0078,1
OI0004142,O002018,P0044,1
OI0004143,O002018,P0224,1
OI0004144,O002019,P0207,2
OI0004145,O002020,P0162,1
OI0004146,O002020,P0200,1
OI0004147,O002020,P0098,1
OI0004148,O002020,P0083,1
OI0004149,O002021,P0091,1
OI0004150,O002021,P0021,1
OI0004151,O002022,P0075,1
OI0004152,O002023,P0189,1
OI0004153,O002023,P0261,1
OI0004154,O002024,P0003,1
OI0004155,O002025,P0108,2
OI0004156,O002026,P0024,1
OI0004157,O002027,P0286,2
OI0004158,O002027,P0079,1
OI0004159,O002028,P0111,1
OI0004160,O002029,P0115,1
OI0004161,O002030,P0007,2
OI0004162,O002031,P0243,1
OI0004163,O002031,P0173,3
OI0004164,O002032,P0127,2
OI0004165,O002032,P0006,1
OI0004166,O002032,P0117,1
OI0004167,O002032,P0016,2
OI0004168,O002033,P0291,1
OI0004169,O002034,P0270,1
OI0004170,O002035,P0120,1
OI0004171,O002035,P0279,1
OI0004172,O002036,P0254,1
OI0004173,O002036,P0141,1
OI0004174,O002037,P0094,1
OI0004175,O002037,P0021,3
OI0004176,O002038,P0250,1
OI0004177,O002039,P0096,1
OI0004178,O002039,P0235,1
OI0004179,O002039,P0271,1
OI0004180,O002040,P0026,1
OI0004181,O002041,P0068,1
OI0004182,O002042,P0106,1
OI0004183,O002043,P0007,1
OI0004184,O002044,P0010,1
OI0004185,O002045,P0068,1
OI0004186,O002045,P0150,2
OI0004187,O002045,P0001,2
OI0004188,O002046,P0084,1
OI0004189,O002047,P0156,1
OI0004190,O002047,P0178,2
OI0004191,O002048,P0039,1
OI0004192,O002048,P0158,1
OI0004193,O002048,P0234,1
OI0004194,O002049,P0129,1
OI0004195,O002049,P0178,1
OI0004196,O002049,P0160,2
OI0004197,O002049,P0108,1
OI0004198,O002050,P0268,2
OI0004199,O002050,P0142,2
OI0004200,O002051,P0219,1
OI0004201,O002052,P0197,1
OI0004202,O002052,P0188,1
OI0004203,O002052,P0252,1
OI0004204,O002053,P0081,1
OI0004205,O002053,P0271,2
OI0004206,O002054,P0107,2
OI0004207,O002055,P0200,1
OI0004208,O002055,P0034,1
OI0004209,O002055,P0142,1
OI0004210,O002056,P0220,1
OI0004211,O002057,P0154,1
OI0004212,O002058,P0203,1
OI0004213,O002059,P0002,1
OI0004214,O002060,P0244,1
OI0004215,O002061,P0093,2
OI0004216,O002062,P0230,1
OI0004217,O002062,P0223,2
OI0004218,O002063,P0082,1
OI0004219,O002064,P0157,1
OI0004220,O002065,P0127,2
OI0004221,O002066,P0116,1
OI0004222,O002067,P0057,1
OI0004223,O002067,P0223,1
OI0004224,O002067,P0190,1
OI0004225,O002068,P0156,1
OI0004226,O002068,P0151,1
OI0004227,O002069,P0285,1
OI0004228,O002069,P0278,1
OI0004229,O002069,P0169,1
OI0004230,O002070,P0080,1
OI0004231,O002070,P0133,1
OI0004232,O002071,P0140,1
OI0004233,O002071,P0288,1
OI0004234,O002072,P0230,1
OI0004235,O002072,P0043,2
OI0004236,O002072,P0281,3
OI0004237,O002072,P0164,1
OI0004238,O002073,P0094,1
OI0004239,O002073,P0044,1
OI0004240,O002074,P0011,1
OI0004241,O002074,P0113,1
OI0004242,O002075,P0147,1
OI0004243,O002075,P0074,2
OI0004244,O002075,P0136,1
OI0004245,O002075,P0050,1
OI0004246,O002076,P0289,2
OI0004247,O002076,P0181,1
OI0004248,O002077,P0088,3
OI0004249,O002077,P0260,1
OI0004250,O002078,P0034,1
OI0004251,O002078,P0221,1
OI0004252,O002079,P0023,1
OI0004253,O002080,P0244,1
OI0004254,O002080,P0121,1
OI0004255,O002081,P0219,1
OI0004256,O002081,P0074,2
OI0004257,O002081,P0031,2
OI0004258,O002082,P0117,1
OI0004259,O002083,P0060,2
OI0004260,O002083,P0029,1
OI0004261,O002084,P0017,3
OI0004262,O002085,P0212,1
OI0004263,O002085,P0300,1
OI0004264,O002085,P0132,1
OI0004265,O002085,P0183,1
OI0004266,O002086,P0208,2
OI0004267,O002086,P0216,1
OI0004268,O002086,P0219,2
OI0004269,O002087,P0005,1
OI0004270,O002087,P0273,1
OI0004271,O002088,P0289,1
OI0004272,O002088,P0168,1
OI0004273,O002089,P0258,1
OI0004274,O002090,P0135,1
OI0004275,O002090,P0202,1
OI0004276,O002090,P0289,1
OI0004277,O002091,P0008,2
OI0004278,O002091,P0020,2
OI0004279,O002091,P0179,1
OI0004280,O002092,P0032,1
OI0004281,O002092,P0035,1
OI0004282,O002093,P0174,1
OI0004283,O002094,P0090,1
OI0004284,O002094,P0144,1
OI0004285,O002094,P0061,1
OI0004286,O002095,P0210,1
OI0004287,O002095,P0003,1
OI0004288,O002095,P0257,1
OI0004289,O002096,P0267,1
OI0004290,O002096,P0117,1
OI0004291,O002097,P0033,1
OI0004292,O002097,P0118,1
OI0004293,O002098,P0264,1
OI0004294,O002098,P0147,2
OI0004295,O002099,P0062,2
OI0004296,O002099,P0198,1
OI0004297,O002099,P0241,1
OI0004298,O002100,P0040,1
OI0004299,O002101,P0075,1
OI0004300,O002102,P0011,1
OI0004301,O002102,P0048,2
OI0004302,O002103,P0029,1
OI0004303,O002104,P0252,2
OI0004304,O002104,P0154,1
OI0004305,O002105,P0068,1
OI0004306,O002105,P0176,2
OI0004307,O002105,P0014,1
OI0004308,O002106,P0179,1
OI0004309,O002106,P0141,1
OI0004310,O002106,P0027,3
OI0004311,O002107,P0148,3
OI0004312,O002107,P0094,1
OI0004313,O002108,P0282,1
OI0004314,O002109,P0123,1
OI0004315,O002109,P0174,2
OI0004316,O002110,P0270,1
OI0004317,O002110,P0002,1
OI0004318,O002111,P0151,1
OI0004319,O002112,P0190,1
OI0004320,O002112,P0089,3
OI0004321,O002112,P0170,1
OI0004322,O002113,P0283,1
OI0004323,O002114,P0231,1
OI0004324,O002114,P0083,1
OI0004325,O002114,P0145,2
OI0004326,O002115,P0003,1
OI0004327,O002116,P0240,2
OI0004328,O002116,P0026,1
OI0004329,O002116,P0112,1
OI0004330,O002117,P0136,1
OI0004331,O002117,P0225,1
OI0004332,O002118,P0075,1
OI0004333,O002118,P0257,3
OI0004334,O002119,P0112,1
OI0004335,O002119,P0253,1
OI0004336,O002120,P0121,1
OI0004337,O002120,P0260,1
OI0004338,O002121,P0103,1
OI0004339,O002121,P0256,1
OI0004340,O002122,P0098,1
OI0004341,O002122,P0093,1
OI0004342,O002122,P0219,1
OI0004343,O002123,P0089,3
OI0004344,O002123,P0023,2
OI0004345,O002123,P0247,1
OI0004346,O002124,P0244,1
OI0004347,O002124,P0293,1
OI0004348,O002124,P0121,2
OI0004349,O002125,P0248,2
OI0004350,O002126,P0272,2
OI0004351,O002126,P0203,1
OI0004352,O002127,P0020,1
OI0004353,O002127,P0203,1
OI0004354,O002127,P0019,1
OI0004355,O002128,P0202,1
OI0004356,O002128,P0233,1
OI0004357,O002128,P0017,1
OI0004358,O002129,P0037,1
OI0004359,O002130,P0105,1
OI0004360,O002131,P0222,1
OI0004361,O002132,P0129,2
OI0004362,O002133,P0216,1
OI0004363,O002133,P0173,1
OI0004364,O002134,P0148,1
OI0004365,O002134,P0235,1
OI0004366,O002135,P0226,1
OI0004367,O002135,P0103,1
OI0004368,O002136,P0154,1
OI0004369,O002136,P0052,1
OI0004370,O002137,P0143,2
OI0004371,O002138,P0293,2
OI0004372,O002138,P0034,1
OI0004373,O002139,P0229,2
OI0004374,O002140,P0028,2
OI0004375,O002140,P0230,3
OI0004376,O002141,P0124,1
OI0004377,O002141,P0197,1
OI0004378,O002141,P0126,1
OI0004379,O002142,P0249,1
OI0004380,O002142,P0174,1
OI0004381,O002143,P0032,1
OI0004382,O002144,P0192,1
OI0004383,O002144,P0081,2
OI0004384,O002144,P0188,1
OI0004385,O002145,P0066,1
OI0004386,O002145,P0116,1
OI0004387,O002145,P0117,2
OI0004388,O002145,P0230,3
OI0004389,O002146,P0258,1
OI0004390,O002146,P0279,1
OI0004391,O002146,P0048,2
OI0004392,O002147,P0152,1
OI0004393,O002147,P0267,1
OI0004394,O002148,P0121,2
OI0004395,O002149,P0217,2
OI0004396,O002149,P0096,1
OI0004397,O002150,P0234,2
OI0004398,O002150,P0050,1
OI0004399,O002150,P0032,1
OI0004400,O002151,P0173,1
OI0004401,O002151,P0015,1
OI0004402,O002151,P0214,2
OI0004403,O002152,P0233,1
OI0004404,O002153,P0244,1
OI0004405,O002153,P0250,1
OI0004406,O002153,P0137,1
OI0004407,O002153,P0027,1
OI0004408,O002154,P0299,2
OI0004409,O002154,P0047,1
OI0004410,O002155,P0021,2
OI0004411,O002155,P0050,1
OI0004412,O002155,P0071,2
OI0004413,O002155,P0186,1
OI0004414,O002156,P0023,2
OI0004415,O002156,P0246,3
OI0004416,O002157,P0265,1
OI0004417,O002157,P0300,2
OI0004418,O002157,P0237,2
OI0004419,O002157,P0193,1
OI0004420,O002158,P0224,1
OI0004421,O002159,P0279,1
OI0004422,O002159,P0161,1
OI0004423,O002160,P0035,1
OI0004424,O002160,P0095,1
OI0004425,O002161,P0047,2
OI0004426,O002161,P0248,1
OI0004427,O002162,P0272,1
OI0004428,O002162,P0023,2
OI0004429,O002162,P0134,1
OI0004430,O002163,P0168,1
OI0004431,O002163,P0028,1
OI0004432,O002164,P0110,3
OI0004433,O002165,P0002,1
OI0004434,O002166,P0118,1
OI0004435,O002166,P0007,1
OI0004436,O002167,P0024,3
OI0004437,O002167,P0092,1
OI0004438,O002167,P0202,2
OI0004439,O002167,P0133,1
OI0004440,O002168,P0263,1
OI0004441,O002168,P0126,1
OI0004442,O002168,P0171,1
OI0004443,O002168,P0167,1
OI0004444,O002169,P0083,3
OI0004445,O002170,P0135,2
OI0004446,O002170,P0295,1
OI0004447,O002171,P0031,2
OI0004448,O002171,P0078,1
OI0004449,O002172,P0213,1
OI0004450,O002172,P0168,1
OI0004451,O002172,P0003,2
OI0004452,O002172,P0265,1
OI0004453,O002173,P0169,1
OI0004454,O002173,P0002,1
OI0004455,O002174,P0166,2
OI0004456,O002174,P0141,1
OI0004457,O002174,P0125,1
OI0004458,O002175,P0020,1
OI0004459,O002176,P0053,1
OI0004460,O002176,P0136,1
OI0004461,O002176,P0296,1
OI0004462,O002176,P0129,1
OI0004463,O002177,P0003,1
OI0004464,O002177,P0282,1
OI0004465,O002177,P0088,1
OI0004466,O002178,P0188,2
OI0004467,O002178,P0079,1
OI0004468,O002178,P0276,2
OI0004469,O002179,P0281,1
OI0004470,O002179,P0100,1
OI0004471,O002180,P0133,2
OI0004472,O002180,P0031,1
OI0004473,O002181,P0042,2
OI0004474,O002182,P0261,1
OI0004475,O002182,P0117,1
OI0004476,O002182,P0080,1
OI0004477,O002183,P0269,1
OI0004478,O002183,P0154,1
OI0004479,O002184,P0182,1
OI0004480,O002184,P0209,1
OI0004481,O002185,P0256,1
OI0004482,O002185,P0221,1
OI0004483,O002185,P0285,1
OI0004484,O002185,P0098,2
OI0004485,O002186,P0086,1
OI0004486,O002186,P0203,1
OI0004487,O002186,P0242,1
OI0004488,O002187,P0113,2
OI0004489,O002188,P0198,1
OI0004490,O002189,P0078,2
OI0004491,O002189,P0195,1
OI0004492,O002189,P0258,3
OI0004493,O002190,P0142,1
OI0004494,O002190,P0140,1
OI0004495,O002190,P0150,1
OI0004496,O002191,P0215,1
OI0004497,O002192,P0186,1
OI0004498,O002192,P0205,2
OI0004499,O002192,P0165,2
OI0004500,O002193,P0145,1
OI0004501,O002194,P0270,1
OI0004502,O002194,P0064,1
OI0004503,O002195,P0275,1
OI0004504,O002195,P0018,1
OI0004505,O002196,P0199,1
OI0004506,O002196,P0175,1
OI0004507,O002196,P0124,1
OI0004508,O002197,P0012,3
OI0004509,O002198,P0284,1
OI0004510,O002198,P0140,1
OI0004511,O002199,P0227,1
OI0004512,O002200,P0109,1
OI0004513,O002200,P0038,1
OI0004514,O002201,P0208,3
OI0004515,O002201,P0063,3
OI0004516,O002201,P0089,1
OI0004517,O002201,P0120,1
OI0004518,O002202,P0015,1
OI0004519,O002202,P0023,1
OI0004520,O002202,P0268,1
OI0004521,O002203,P0230,1
OI0004522,O002203,P0102,1
OI0004523,O002203,P0292,1
OI0004524,O002204,P0063,1
OI0004525,O002204,P0190,1
OI0004526,O002205,P0224,1
OI0004527,O002205,P0274,1
OI0004528,O002205,P0085,3
OI0004529,O002206,P0268,1
OI0004530,O002206,P0081,1
OI0004531,O002206,P0054,2
OI0004532,O002207,P0265,1
OI0004533,O002207,P0277,1
OI0004534,O002207,P0250,1
OI0004535,O002208,P0014,1
OI0004536,O002208,P0035,1
OI0004537,O002209,P0296,1
OI0004538,O002210,P0174,1
OI0004539,O002210,P0075,1
OI0004540,O002210,P0054,3
OI0004541,O002210,P0002,3
OI0004542,O002211,P0094,1
OI0004543,O002211,P0121,1
OI0004544,O002212,P0028,1
OI0004545,O002213,P0133,3
OI0004546,O002213,P0065,1
OI0004547,O002214,P0104,1
OI0004548,O002214,P0093,2
OI0004549,O002214,P0202,1
OI0004550,O002215,P0028,1
OI0004551,O002216,P0218,1
OI0004552,O002217,P0009,1
OI0004553,O002217,P0223,1
OI0004554,O002217,P0097,3
OI0004555,O002218,P0232,1
OI0004556,O002218,P0027,2
OI0004557,O002218,P0018,1
OI0004558,O002218,P0037,1
OI0004559,O002219,P0099,3
OI0004560,O002219,P0178,2
OI0004561,O002220,P0125,1
OI0004562,O002220,P0135,1
OI0004563,O002221,P0215,2
OI0004564,O002221,P0296,1
OI0004565,O002222,P0271,2
OI0004566,O002223,P0180,1
OI0004567,O002224,P0300,3
OI0004568,O002224,P0068,1
OI0004569,O002224,P0227,1
OI0004570,O002225,P0158,1
OI0004571,O002225,P0242,2
OI0004572,O002225,P0025,1
OI0004573,O002225,P0171,1
OI0004574,O002226,P0039,1
OI0004575,O002226,P0257,1
OI0004576,O002226,P0178,1
OI0004577,O002227,P0274,3
OI0004578,O002228,P0297,1
OI0004579,O002229,P0297,1
OI0004580,O002230,P0099,1
OI0004581,O002230,P0085,1
OI0004582,O002231,P0098,1
OI0004583,O002231,P0158,2
OI0004584,O002231,P0284,1
OI0004585,O002232,P0188,1
OI0004586,O002233,P0006,1
OI0004587,O002233,P0168,1
OI0004588,O002233,P0048,1
OI0004589,O002234,P0289,2
OI0004590,O002234,P0116,1
OI0004591,O002235,P0158,1
OI0004592,O002235,P0068,1
OI0004593,O002236,P0074,1
OI0004594,O002237,P0240,2
OI0004595,O002237,P0239,1
OI0004596,O002238,P0276,3
OI0004597,O002238,P0239,2
OI0004598,O002238,P0138,1
OI0004599,O002238,P0210,1
OI0004600,O002239,P0201,1
OI0004601,O002239,P0163,1
OI0004602,O002240,P0111,1
OI0004603,O002240,P0090,1
OI0004604,O002240,P0019,1
OI0004605,O002240,P0153,3
OI0004606,O002241,P0008,1
OI0004607,O002241,P0158,1
OI0004608,O002242,P0186,1
OI0004609,O002242,P0258,3
OI0004610,O002242,P0190,1
OI0004611,O002242,P0109,1
OI0004612,O002243,P0249,2
OI0004613,O002243,P0035,1
OI0004614,O002243,P0285,1
OI0004615,O002244,P0081,2
OI0004616,O002244,P0015,1
OI0004617,O002245,P0122,1
OI0004618,O002245,P0244,1
OI0004619,O002245,P0135,2
OI0004620,O002246,P0130,3
OI0004621,O002247,P0137,1
OI0004622,O002247,P0233,2
OI0004623,O002248,P0199,1
OI0004624,O002248,P0298,1
OI0004625,O002248,P0060,2
OI0004626,O002249,P0128,1
OI0004627,O002249,P0130,1
OI0004628,O002250,P0180,1
OI0004629,O002250,P0107,3
OI0004630,O002251,P0177,1
OI0004631,O002252,P0102,1
OI0004632,O002252,P0215,1
OI0004633,O002252,P0112,1
OI0004634,O002253,P0094,2
OI0004635,O002254,P0291,2
OI0004636,O002255,P0070,1
OI0004637,O002255,P0285,1
OI0004638,O002256,P0289,2
OI0004639,O002257,P0158,3
OI0004640,O002258,P0063,1
OI0004641,O002258,P0125,1
OI0004642,O002259,P0009,1
OI0004643,O002259,P0224,3
OI0004644,O002260,P0027,2
OI0004645,O002260,P0025,2
OI0004646,O002260,P0065,3
OI0004647,O002261,P0198,2
OI0004648,O002262,P0179,1
OI0004649,O002262,P0300,1
OI0004650,O002263,P0160,2
OI0004651,O002263,P0060,1
OI0004652,O002263,P0164,3
OI0004653,O002264,P0244,1
OI0004654,O002265,P0132,3
OI0004655,O002265,P0034,2
OI0004656,O002265,P0049,1
OI0004657,O002266,P0251,1
OI0004658,O002267,P0270,1
OI0004659,O002268,P0178,1
OI0004660,O002269,P0048,1
OI0004661,O002269,P0127,1
OI0004662,O002269,P0077,3
OI0004663,O002270,P0162,1
OI0004664,O002270,P0065,1
OI0004665,O002271,P0187,1
OI0004666,O002272,P0057,1
OI0004667,O002272,P0088,1
OI0004668,O002272,P0126,1
OI0004669,O002272,P0016,1
OI0004670,O002273,P0121,1
OI0004671,O002273,P0028,1
OI0004672,O002274,P0151,1
OI0004673,O002275,P0129,1
OI0004674,O002275,P0245,2
OI0004675,O002275,P0188,1
OI0004676,O002276,P0192,1
OI0004677,O002277,P0042,1
OI0004678,O002277,P0085,1
OI0004679,O002278,P0246,1
OI0004680,O002279,P0209,1
OI0004681,O002279,P0220,1
OI0004682,O002279,P0125,1
OI0004683,O002280,P0290,1
OI0004684,O002281,P0261,1
OI0004685,O002282,P0168,1
OI0004686,O002282,P0129,1
OI0004687,O002283,P0208,2
OI0004688,O002283,P0114,1
OI0004689,O002283,P0236,3
OI0004690,O002284,P0015,1
OI0004691,O002285,P0049,1
OI0004692,O002285,P0234,1
OI0004693,O002286,P0008,1
OI0004694,O002286,P0201,1
OI0004695,O002287,P0057,3
OI0004696,O002287,P0288,3
OI0004697,O002288,P0211,1
OI0004698,O002288,P0175,1
OI0004699,O002288,P0261,1
OI0004700,O002289,P0070,1
OI0004701,O002289,P0192,1
OI0004702,O002290,P0204,1
OI0004703,O002290,P0291,3
OI0004704,O002291,P0136,1
OI0004705,O002291,P0241,2
OI0004706,O002292,P0187,1
OI0004707,O002292,P0157,1
OI0004708,O002292,P0050,1
OI0004709,O002293,P0199,1
OI0004710,O002293,P0169,2
OI0004711,O002294,P0057,2
OI0004712,O002294,P0031,1
OI0004713,O002295,P0202,3
OI0004714,O002296,P0273,3
OI0004715,O002297,P0025,1
OI0004716,O002297,P0007,1
OI0004717,O002297,P0074,3
OI0004718,O002297,P0176,1
OI0004719,O002298,P0191,1
OI0004720,O002299,P0144,1
OI0004721,O002300,P0161,1
OI0004722,O002301,P0268,1
OI0004723,O002302,P0130,1
OI0004724,O002303,P0072,2
OI0004725,O002304,P0265,1
OI0004726,O002304,P0160,1
OI0004727,O002304,P0072,1
OI0004728,O002304,P0058,1
OI0004729,O002305,P0262,1
OI0004730,O002305,P0091,3
OI0004731,O002306,P0188,2
OI0004732,O002307,P0221,1
OI0004733,O002308,P0263,3
OI0004734,O002308,P0046,1
OI0004735,O002309,P0089,1
OI0004736,O002309,P0241,3
OI0004737,O002309,P0034,2
OI0004738,O002310,P0232,1
OI0004739,O002310,P0159,2
OI0004740,O002311,P0122,2
OI0004741,O002311,P0087,1
OI0004742,O002312,P0250,1
OI0004743,O002312,P0247,1
OI0004744,O002312,P0105,1
OI0004745,O002313,P0019,1
OI0004746,O002313,P0200,1
OI0004747,O002314,P0203,3
OI0004748,O002315,P0155,1
OI0004749,O002315,P0019,1
OI0004750,O002315,P0094,1
OI0004751,O002315,P0024,1
OI0004752,O002316,P0145,1
OI0004753,O002316,P0203,1
OI0004754,O002316,P0056,2
OI0004755,O002317,P0039,1
OI0004756,O002317,P0179,1
OI0004757,O002318,P0207,2
OI0004758,O002319,P0117,1
OI0004759,O002320,P0157,1
OI0004760,O002321,P0152,1
OI0004761,O002321,P0257,1
OI0004762,O002321,P0038,2
OI0004763,O002321,P0113,1
OI0004764,O002322,P0148,2
OI0004765,O002323,P0257,1
OI0004766,O002324,P0078,1
OI0004767,O002325,P0095,3
OI0004768,O002325,P0202,2
OI0004769,O002325,P0195,1
OI0004770,O002326,P0248,1
OI0004771,O002327,P0151,1
OI0004772,O002328,P0207,1
OI0004773,O002328,P0208,1
OI0004774,O002328,P0113,1
OI0004775,O002329,P0240,2
OI0004776,O002329,P0022,3
OI0004777,O002329,P0244,2
OI0004778,O002329,P0197,1
OI0004779,O002330,P0029,3
OI0004780,O002330,P0256,2
OI0004781,O002331,P0272,2
OI0004782,O002331,P0120,1
OI0004783,O002332,P0243,1
OI0004784,O002332,P0070,1
OI0004785,O002333,P0194,3
OI0004786,O002334,P0197,1
OI0004787,O002334,P0162,1
OI0004788,O002334,P0200,2
OI0004789,O002335,P0179,1
OI0004790,O002336,P0046,3
OI0004791,O002336,P0067,1
OI0004792,O002337,P0196,1
OI0004793,O002338,P0129,1
OI0004794,O002338,P0090,1
OI0004795,O002339,P0128,1
OI0004796,O002339,P0007,1
OI0004797,O002339,P0272,1
OI0004798,O002339,P0014,1
OI0004799,O002340,P0212,1
OI0004800,O002340,P0273,1
OI0004801,O002341,P0002,2
OI0004802,O002341,P0060,3
OI0004803,O002342,P0253,1
OI0004804,O002342,P0150,1
OI0004805,O002342,P0072,3
OI0004806,O002343,P0217,2
OI0004807,O002343,P0111,1
OI0004808,O002343,P0159,1
OI0004809,O002343,P0142,1
OI0004810,O002344,P0285,2
OI0004811,O002345,P0167,1
OI0004812,O002345,P0190,3
OI0004813,O002345,P0231,2
OI0004814,O002346,P0069,1
OI0004815,O002347,P0196,2
OI0004816,O002348,P0015,1
OI0004817,O002349,P0045,3
OI0004818,O002349,P0158,1
OI0004819,O002349,P0249,2
OI0004820,O002350,P0026,1
OI0004821,O002350,P0056,1
OI0004822,O002351,P0037,3
OI0004823,O002351,P0293,1
OI0004824,O002351,P0208,3
OI0004825,O002351,P0141,1
OI0004826,O002352,P0157,1
OI0004827,O002352,P0085,1
OI0004828,O002352,P0253,1
OI0004829,O002352,P0242,1
OI0004830,O002353,P0069,2
OI0004831,O002353,P0024,1
OI0004832,O002354,P0041,2
OI0004833,O002354,P0088,2
OI0004834,O002355,P0147,3
OI0004835,O002355,P0071,2
OI0004836,O002356,P0266,2
OI0004837,O002357,P0172,1
OI0004838,O002357,P0213,1
OI0004839,O002358,P0282,1
OI0004840,O002359,P0034,1
OI0004841,O002359,P0189,1
OI0004842,O002359,P0240,1
OI0004843,O002360,P0278,1
OI0004844,O002360,P0199,1
OI0004845,O002360,P0115,1
OI0004846,O002361,P0177,1
OI0004847,O002361,P0136,1
OI0004848,O002361,P0209,2
OI0004849,O002361,P0244,3
OI0004850,O002362,P0150,1
OI0004851,O002362,P0166,3
OI0004852,O002363,P0085,2
OI0004853,O002363,P0070,1
OI0004854,O002364,P0111,1
OI0004855,O002364,P0115,1
OI0004856,O002365,P0272,3
OI0004857,O002365,P0203,1
OI0004858,O002366,P0069,1
OI0004859,O002367,P0256,1
OI0004860,O002368,P0212,1
OI0004861,O002368,P0043,1
OI0004862,O002369,P0124,1
OI0004863,O002369,P0230,1
OI0004864,O002370,P0210,1
OI0004865,O002371,P0216,1
OI0004866,O002371,P0168,1
OI0004867,O002371,P0117,1
OI0004868,O002372,P0114,2
OI0004869,O002372,P0253,1
OI0004870,O002372,P0135,1
OI0004871,O002373,P0125,2
OI0004872,O002373,P0026,1
OI0004873,O002373,P0162,1
OI0004874,O002374,P0236,1
OI0004875,O002375,P0110,1
OI0004876,O002375,P0232,2
OI0004877,O002375,P0107,1
OI0004878,O002376,P0003,1
OI0004879,O002376,P0105,1
OI0004880,O002377,P0196,3
OI0004881,O002377,P0061,2
OI0004882,O002378,P0038,1
OI0004883,O002378,P0271,3
OI0004884,O002379,P0081,1
OI0004885,O002379,P0271,1
OI0004886,O002380,P0010,1
OI0004887,O002381,P0123,1
OI0004888,O002381,P0032,2
OI0004889,O002381,P0153,1
OI0004890,O002381,P0124,1
OI0004891,O002382,P0014,1
OI0004892,O002382,P0168,1
OI0004893,O002382,P0152,1
OI0004894,O002383,P0066,1
OI0004895,O002383,P0283,2
OI0004896,O002384,P0264,1
OI0004897,O002385,P0274,3
OI0004898,O002385,P0284,3
OI0004899,O002385,P0079,1
OI0004900,O002386,P0263,1
OI0004901,O002386,P0186,3
OI0004902,O002387,P0005,1
OI0004903,O002387,P0034,1
OI0004904,O002388,P0045,1
OI0004905,O002389,P0093,1
OI0004906,O002390,P0069,2
OI0004907,O002391,P0293,3
OI0004908,O002391,P0099,1
OI0004909,O002392,P0155,1
OI0004910,O002392,P0215,1
OI0004911,O002393,P0209,1
OI0004912,O002393,P0116,1
OI0004913,O002394,P0156,1
OI0004914,O002394,P0019,1
OI0004915,O002394,P0116,2
OI0004916,O002395,P0185,2
OI0004917,O002395,P0300,1
OI0004918,O002395,P0049,1
OI0004919,O002396,P0146,1
OI0004920,O002397,P0263,1
OI0004921,O002397,P0152,1
OI0004922,O002398,P0065,1
OI0004923,O002398,P0034,1
OI0004924,O002399,P0108,1
OI0004925,O002400,P0207,1
OI0004926,O002401,P0270,2
OI0004927,O002401,P0246,1
OI0004928,O002402,P0091,1
OI0004929,O002402,P0136,1
OI0004930,O002403,P0133,1
OI0004931,O002404,P0247,1
OI0004932,O002404,P0177,1
OI0004933,O002404,P0180,1
OI0004934,O002404,P0296,1
OI0004935,O002405,P0267,1
OI0004936,O002406,P0018,2
OI0004937,O002406,P0278,1
OI0004938,O002406,P0066,1
OI0004939,O002407,P0177,1
OI0004940,O002407,P0045,2
OI0004941,O002407,P0280,3
OI0004942,O002408,P0264,1
OI0004943,O002408,P0169,1
OI0004944,O002408,P0052,3
OI0004945,O002409,P0080,3
OI0004946,O002409,P0141,1
OI0004947,O002409,P0108,1
OI0004948,O002410,P0253,1
OI0004949,O002410,P0250,1
OI0004950,O002411,P0039,1
OI0004951,O002412,P0184,1
OI0004952,O002412,P0233,1
OI0004953,O002412,P0027,1
OI0004954,O002413,P0194,3
OI0004955,O002414,P0250,3
OI0004956,O002415,P0221,2
OI0004957,O002416,P0298,2
OI0004958,O002417,P0067,1
OI0004959,O002418,P0156,1
OI0004960,O002419,P0296,1
OI0004961,O002419,P0234,1
OI0004962,O002419,P0079,1
OI0004963,O002420,P0287,2
OI0004964,O002420,P0177,1
OI0004965,O002421,P0042,1
OI0004966,O002421,P0075,1
OI0004967,O002422,P0290,1
OI0004968,O002422,P0105,1
OI0004969,O002423,P0062,1
OI0004970,O002424,P0001,2
OI0004971,O002424,P0138,1
OI0004972,O002425,P0145,1
OI0004973,O002426,P0125,1
OI0004974,O002427,P0086,1
OI0004975,O002428,P0232,1
OI0004976,O002428,P0219,2
OI0004977,O002429,P0229,1
OI0004978,O002429,P0049,1
OI0004979,O002430,P0254,1
OI0004980,O002431,P0111,3
OI0004981,O002432,P0029,1
OI0004982,O002433,P0177,2
OI0004983,O002433,P0230,2
OI0004984,O002433,P0215,3
OI0004985,O002433,P0138,1
OI0004986,O002434,P0251,1
OI0004987,O002435,P0256,2
OI0004988,O002435,P0122,1
OI0004989,O002436,P0141,1
OI0004990,O002437,P0087,1
OI0004991,O002437,P0049,2
OI0004992,O002438,P0150,2
OI0004993,O002438,P0007,1
OI0004994,O002439,P0203,1
OI0004995,O002440,P0173,2
OI0004996,O002440,P0242,1
OI0004997,O002440,P0051,1
OI0004998,O002441,P0006,2
OI0004999,O002441,P0206,1
OI0005000,O002442,P0236,2
OI0005001,O002442,P0030,1
OI0005002,O002442,P0244,1
OI0005003,O002443,P0203,1
OI0005004,O002444,P0065,1
OI0005005,O002445,P0052,1
OI0005006,O002446,P0149,1
OI0005007,O002447,P0036,2
OI0005008,O002448,P0221,2
OI0005009,O002448,P0238,1
OI0005010,O002448,P0293,1
OI0005011,O002449,P0278,1
OI0005012,O002449,P0191,1
OI0005013,O002450,P0141,1
OI0005014,O002451,P0037,3
OI0005015,O002451,P0295,1
OI0005016,O002451,P0202,2
OI0005017,O002452,P0241,1
OI0005018,O002452,P0036,1
OI0005019,O002452,P0118,3
OI0005020,O002453,P0203,1
OI0005021,O002453,P0104,1
OI0005022,O002453,P0140,1
OI0005023,O002454,P0151,1
OI0005024,O002454,P0263,1
OI0005025,O002455,P0246,1
OI0005026,O002456,P0089,1
OI0005027,O002456,P0267,2
OI0005028,O002457,P0299,2
OI0005029,O002457,P0071,1
OI0005030,O002458,P0153,1
OI0005031,O002458,P0178,2
OI0005032,O002459,P0143,1
OI0005033,O002459,P0035,2
OI0005034,O002459,P0045,1
OI0005035,O002460,P0281,1
OI0005036,O002460,P0278,1
OI0005037,O002461,P0070,2
OI0005038,O002461,P0294,1
OI0005039,O002461,P0277,1
OI0005040,O002462,P0104,1
OI0005041,O002463,P0121,3
OI0005042,O002463,P0124,2
OI0005043,O002463,P0279,2
OI0005044,O002464,P0019,1
OI0005045,O002464,P0084,1
OI0005046,O002465,P0113,1
OI0005047,O002465,P0136,2
OI0005048,O002466,P0255,1
OI0005049,O002466,P0039,2
OI0005050,O002467,P0068,1
OI0005051,O002467,P0286,2
OI0005052,O002467,P0173,2
OI0005053,O002468,P0277,1
OI0005054,O002468,P0255,1
OI0005055,O002469,P0011,1
OI0005056,O002470,P0265,2
OI0005057,O002470,P0281,1
OI0005058,O002470,P0260,3
OI0005059,O002471,P0300,1
OI0005060,O002471,P0027,1
OI0005061,O002471,P0198,1
OI0005062,O002471,P0017,1
OI0005063,O002472,P0017,1
OI0005064,O002472,P0189,1
OI0005065,O002472,P0206,1
OI0005066,O002473,P0192,1
OI0005067,O002473,P0003,1
OI0005068,O002473,P0285,2
OI0005069,O002473,P0085,1
OI0005070,O002474,P0129,2
OI0005071,O002475,P0293,1
OI0005072,O002476,P0226,1
OI0005073,O002476,P0296,1
OI0005074,O002477,P0142,2
OI0005075,O002477,P0279,1
OI0005076,O002478,P0021,3
OI0005077,O002478,P0172,1
OI0005078,O002479,P0204,1
OI0005079,O002480,P0177,1
OI0005080,O002480,P0147,1
OI0005081,O002480,P0300,1
OI0005082,O002481,P0011,3
OI0005083,O002481,P0214,1
OI0005084,O002482,P0084,2
OI0005085,O002482,P0126,1
OI0005086,O002483,P0001,2
OI0005087,O002483,P0269,1
OI0005088,O002483,P0284,1
OI0005089,O002484,P0034,1
OI0005090,O002484,P0059,1
OI0005091,O002485,P0173,2
OI0005092,O002485,P0170,2
OI0005093,O002485,P0114,1
OI0005094,O002486,P0143,1
OI0005095,O002487,P0027,1
OI0005096,O002488,P0005,1
OI0005097,O002488,P0163,1
OI0005098,O002489,P0179,1
OI0005099,O002489,P0146,1
OI0005100,O002489,P0057,1
OI0005101,O002490,P0162,3
OI0005102,O002490,P0103,1
OI0005103,O002491,P0200,2
OI0005104,O002491,P0144,2
OI0005105,O002491,P0173,1
OI0005106,O002492,P0239,1
OI0005107,O002493,P0120,1
OI0005108,O002493,P0029,1
OI0005109,O002494,P0279,1
OI0005110,O002494,P0224,1
OI0005111,O002494,P0240,2
OI0005112,O002495,P0253,2
OI0005113,O002495,P0231,1
OI0005114,O002495,P0242,1
OI0005115,O002496,P0032,1
OI0005116,O002496,P0254,1
OI0005117,O002497,P0205,1
OI0005118,O002498,P0121,1
OI0005119,O002498,P0221,3
OI0005120,O002498,P0198,1
OI0005121,O002498,P0128,1
OI0005122,O002499,P0163,1
OI0005123,O002499,P0277,1
OI0005124,O002499,P0161,2
OI0005125,O002500,P0280,1
OI0005126,O002501,P0297,1
OI0005127,O002501,P0125,1
OI0005128,O002502,P0267,1
OI0005129,O002503,P0216,1
OI0005130,O002503,P0002,1
OI0005131,O002503,P0073,1
OI0005132,O002504,P0300,2
OI0005133,O002504,P0069,2
OI0005134,O002504,P0076,1
OI0005135,O002505,P0192,3
OI0005136,O002505,P0199,3
OI0005137,O002506,P0211,2
OI0005138,O002506,P0056,2
OI0005139,O002506,P0073,2
OI0005140,O002507,P0082,1
OI0005141,O002507,P0164,1
OI0005142,O002507,P0034,1
OI0005143,O002508,P0103,1
OI0005144,O002509,P0116,1
OI0005145,O002509,P0157,2
OI0005146,O002510,P0266,1
OI0005147,O002511,P0196,1
OI0005148,O002512,P0130,1
OI0005149,O002512,P0183,1
OI0005150,O002513,P0209,1
OI0005151,O002513,P0101,2
OI0005152,O002514,P0091,1
OI0005153,O002515,P0236,1
OI0005154,O002516,P0242,1
OI0005155,O002517,P0068,1
OI0005156,O002517,P0089,1
OI0005157,O002517,P0219,1
OI0005158,O002517,P0077,2
OI0005159,O002518,P0209,3
OI0005160,O002518,P0160,1
OI0005161,O002518,P0002,1
OI0005162,O002519,P0050,2
OI0005163,O002520,P0053,1
OI0005164,O002520,P0056,1
OI0005165,O002520,P0288,3
OI0005166,O002520,P0236,2
OI0005167,O002521,P0184,1
OI0005168,O002521,P0029,3
OI0005169,O002522,P0253,1
OI0005170,O002522,P0211,3
OI0005171,O002523,P0103,1
OI0005172,O002523,P0255,1
OI0005173,O002524,P0297,1
OI0005174,O002525,P0192,1
OI0005175,O002525,P0146,1
OI0005176,O002525,P0202,1
OI0005177,O002526,P0289,3
OI0005178,O002527,P0257,1
OI0005179,O002527,P0072,1
OI0005180,O002528,P0222,1
OI0005181,O002529,P0250,3
OI0005182,O002529,P0123,2
OI0005183,O002530,P0166,1
OI0005184,O002530,P0115,1
OI0005185,O002530,P0057,1
OI0005186,O002531,P0091,1
OI0005187,O002531,P0290,1
OI0005188,O002532,P0202,2
OI0005189,O002532,P0280,1
OI0005190,O002532,P0130,1
OI0005191,O002532,P0193,1
OI0005192,O002533,P0119,2
OI0005193,O002533,P0271,1
OI0005194,O002533,P0026,3
OI0005195,O002534,P0119,1
OI0005196,O002534,P0126,1
OI0005197,O002534,P0168,2
OI0005198,O002535,P0146,2
OI0005199,O002535,P0193,1
OI0005200,O002535,P0214,1
OI0005201,O002535,P0028,1
OI0005202,O002536,P0239,1
OI0005203,O002536,P0167,2
OI0005204,O002537,P0046,2
OI0005205,O002537,P0077,1
OI0005206,O002538,P0291,2
OI0005207,O002538,P0212,2
OI0005208,O002539,P0251,1
OI0005209,O002539,P0252,1
OI0005210,O002539,P0113,1
OI0005211,O002540,P0107,1
OI0005212,O002540,P0159,1
OI0005213,O002541,P0009,3
OI0005214,O002541,P0241,2
OI0005215,O002542,P0273,1
OI0005216,O002542,P0235,1
OI0005217,O002542,P0020,1
OI0005218,O002543,P0300,2
OI0005219,O002544,P0252,1
OI0005220,O002545,P0075,1
OI0005221,O002546,P0199,1
OI0005222,O002546,P0232,1
OI0005223,O002547,P0023,2
OI0005224,O002548,P0220,1
OI0005225,O002549,P0013,2
OI0005226,O002549,P0119,1
OI0005227,O002550,P0084,3
OI0005228,O002550,P0016,1
OI0005229,O002551,P0284,1
OI0005230,O002551,P0207,3
OI0005231,O002551,P0129,1
OI0005232,O002551,P0116,2
OI0005233,O002552,P0271,1
OI0005234,O002553,P0041,2
OI0005235,O002553,P0270,1
OI0005236,O002554,P0102,2
OI0005237,O002554,P0124,1
OI0005238,O002554,P0071,1
OI0005239,O002555,P0252,2
OI0005240,O002556,P0081,1
OI0005241,O002556,P0067,2
OI0005242,O002557,P0285,1
OI0005243,O002558,P0222,1
OI0005244,O002558,P0008,1
OI0005245,O002558,P0299,1
OI0005246,O002559,P0186,1
OI0005247,O002559,P0182,2
OI0005248,O002560,P0116,2
OI0005249,O002561,P0070,1
OI0005250,O002562,P0096,1
OI0005251,O002562,P0050,2
OI0005252,O002562,P0134,1
OI0005253,O002563,P0072,1
OI0005254,O002563,P0237,3
OI0005255,O002563,P0105,1
OI0005256,O002563,P0053,1
OI0005257,O002564,P0146,3
OI0005258,O002564,P0275,1
OI0005259,O002565,P0065,3
OI0005260,O002565,P0167,1
OI0005261,O002566,P0052,1
OI0005262,O002566,P0148,1
OI0005263,O002567,P0083,3
OI0005264,O002568,P0188,1
OI0005265,O002568,P0222,2
OI0005266,O002569,P0136,1
OI0005267,O002569,P0269,1
OI0005268,O002570,P0215,1
OI0005269,O002570,P0001,2
OI0005270,O002571,P0195,2
OI0005271,O002571,P0096,1
OI0005272,O002572,P0208,1
OI0005273,O002572,P0291,2
OI0005274,O002572,P0134,1
OI0005275,O002572,P0153,1
OI0005276,O002573,P0176,1
OI0005277,O002574,P0136,1
OI0005278,O002574,P0187,1
OI0005279,O002574,P0091,2
OI0005280,O002575,P0172,2
OI0005281,O002576,P0197,1
OI0005282,O002576,P0015,1
OI0005283,O002577,P0080,1
OI0005284,O002578,P0228,1
OI0005285,O002578,P0296,3
OI0005286,O002579,P0295,1
OI0005287,O002579,P0117,1
OI0005288,O002580,P0264,1
OI0005289,O002581,P0255,1
OI0005290,O002582,P0266,3
OI0005291,O002583,P0189,1
OI0005292,O002583,P0020,1
OI0005293,O002583,P0171,1
OI0005294,O002583,P0156,2
OI0005295,O002584,P0012,2
OI0005296,O002584,P0069,1
OI0005297,O002585,P0296,2
OI0005298,O002585,P0002,1
OI0005299,O002586,P0040,1
OI0005300,O002586,P0053,2
OI0005301,O002586,P0078,1
OI0005302,O002587,P0285,3
OI0005303,O002588,P0004,1
OI0005304,O002589,P0116,1
OI0005305,O002589,P0274,1
OI0005306,O002590,P0186,1
OI0005307,O002590,P0127,1
OI0005308,O002591,P0198,1
OI0005309,O002592,P0089,2
OI0005310,O002593,P0260,2
OI0005311,O002593,P0042,1
OI0005312,O002594,P0266,2
OI0005313,O002594,P0249,1
OI0005314,O002594,P0078,1
OI0005315,O002595,P0019,2
OI0005316,O002596,P0141,3
OI0005317,O002596,P0158,1
OI0005318,O002597,P0029,1
OI0005319,O002597,P0236,1
OI0005320,O002597,P0058,1
OI0005321,O002598,P0166,2
OI0005322,O002598,P0274,1
OI0005323,O002598,P0102,1
OI0005324,O002599,P0249,2
OI0005325,O002599,P0171,1
OI0005326,O002600,P0291,1
OI0005327,O002600,P0073,3
OI0005328,O002601,P0230,1
OI0005329,O002601,P0089,2
OI0005330,O002602,P0059,1
OI0005331,O002602,P0082,2
OI0005332,O002603,P0211,3
OI0005333,O002604,P0297,1
OI0005334,O002604,P0231,1
OI0005335,O002604,P0054,1
OI0005336,O002604,P0259,1
OI0005337,O002605,P0154,1
OI0005338,O002605,P0273,1
OI0005339,O002605,P0224,1
OI0005340,O002606,P0082,1
OI0005341,O002606,P0261,1
OI0005342,O002607,P0239,3
OI0005343,O002608,P0022,1
OI0005344,O002608,P0113,1
OI0005345,O002609,P0122,1
OI0005346,O002609,P0094,1
OI0005347,O002610,P0300,3
OI0005348,O002610,P0033,3
OI0005349,O002611,P0250,1
OI0005350,O002611,P0271,3
OI0005351,O002611,P0255,1
OI0005352,O002612,P0151,2
OI0005353,O002612,P0003,1
OI0005354,O002613,P0234,3
OI0005355,O002614,P0200,2
OI0005356,O002614,P0291,2
OI0005357,O002615,P0039,1
OI0005358,O002616,P0067,1
OI0005359,O002616,P0092,1
OI0005360,O002616,P0196,1
OI0005361,O002616,P0216,1
OI0005362,O002617,P0280,1
OI0005363,O002618,P0287,3
OI0005364,O002618,P0096,3
OI0005365,O002618,P0270,1
OI0005366,O002619,P0300,1
OI0005367,O002619,P0173,1
OI0005368,O002620,P0116,2
OI0005369,O002621,P0108,1
OI0005370,O002621,P0193,1
OI0005371,O002621,P0166,1
OI0005372,O002622,P0252,1
OI0005373,O002622,P0085,1
OI0005374,O002623,P0232,1
OI0005375,O002624,P0036,1
OI0005376,O002624,P0058,1
OI0005377,O002625,P0146,1
OI0005378,O002625,P0119,1
OI0005379,O002625,P0143,1
OI0005380,O002626,P0079,1
OI0005381,O002627,P0266,1
OI0005382,O002627,P0193,1
OI0005383,O002628,P0102,1
OI0005384,O002628,P0039,1
OI0005385,O002629,P0250,1
OI0005386,O002630,P0042,1
OI0005387,O002630,P0112,2
OI0005388,O002630,P0069,1
OI0005389,O002631,P0024,3
OI0005390,O002632,P0151,1
OI0005391,O002632,P0192,1
OI0005392,O002632,P0024,1
OI0005393,O002632,P0086,1
OI0005394,O002633,P0085,1
OI0005395,O002633,P0071,1
OI0005396,O002633,P0243,3
OI0005397,O002633,P0272,1
OI0005398,O002634,P0179,1
OI0005399,O002634,P0259,1
OI0005400,O002635,P0092,1
OI0005401,O002636,P0084,1
OI0005402,O002636,P0101,1
OI0005403,O002637,P0284,3
OI0005404,O002637,P0013,1
OI0005405,O002638,P0258,1
OI0005406,O002639,P0240,2
OI0005407,O002640,P0047,1
OI0005408,O002641,P0024,2
OI0005409,O002642,P0045,1
OI0005410,O002643,P0119,1
OI0005411,O002643,P0102,1
OI0005412,O002644,P0094,1
OI0005413,O002644,P0075,1
OI0005414,O002645,P0025,2
OI0005415,O002645,P0159,1
OI0005416,O002646,P0115,3
OI0005417,O002647,P0054,2
OI0005418,O002647,P0193,1
OI0005419,O002648,P0154,3
OI0005420,O002648,P0032,1
OI0005421,O002649,P0224,1
OI0005422,O002649,P0037,1
OI0005423,O002649,P0129,2
OI0005424,O002650,P0191,1
OI0005425,O002651,P0025,2
OI0005426,O002651,P0284,1
OI0005427,O002652,P0018,3
OI0005428,O002653,P0116,1
OI0005429,O002654,P0115,1
OI0005430,O002654,P0261,1
OI0005431,O002655,P0055,1
OI0005432,O002656,P0055,1
OI0005433,O002656,P0159,1
OI0005434,O002657,P0247,3
OI0005435,O002657,P0040,1
OI0005436,O002658,P0245,1
OI0005437,O002658,P0286,1
OI0005438,O002658,P0024,2
OI0005439,O002659,P0177,1
OI0005440,O002659,P0227,1
OI0005441,O002660,P0275,2
OI0005442,O002660,P0178,1
OI0005443,O002660,P0097,1
OI0005444,O002661,P0004,1
OI0005445,O002661,P0178,1
OI0005446,O002662,P0013,2
OI0005447,O002663,P0293,1
OI0005448,O002664,P0213,1
OI0005449,O002664,P0294,1
OI0005450,O002664,P0008,1
OI0005451,O002664,P0104,1
OI0005452,O002665,P0100,1
OI0005453,O002666,P0048,1
OI0005454,O002667,P0259,3
OI0005455,O002668,P0193,2
OI0005456,O002669,P0267,2
OI0005457,O002669,P0057,1
OI0005458,O002670,P0178,1
OI0005459,O002670,P0040,1
OI0005460,O002671,P0055,1
OI0005461,O002671,P0179,1
OI0005462,O002672,P0184,1
OI0005463,O002672,P0183,1
OI0005464,O002673,P0079,1
OI0005465,O002674,P0140,1
OI0005466,O002675,P0148,1
OI0005467,O002675,P0049,1
OI0005468,O002676,P0208,1
OI0005469,O002677,P0245,1
OI0005470,O002678,P0175,1
OI0005471,O002678,P0036,1
OI0005472,O002678,P0037,2
OI0005473,O002679,P0075,1
OI0005474,O002679,P0088,3
OI0005475,O002680,P0043,1
OI0005476,O002680,P0161,1
OI0005477,O002681,P0114,1
OI0005478,O002681,P0209,1
OI0005479,O002681,P0037,1
OI0005480,O002681,P0035,1
OI0005481,O002682,P0252,1
OI0005482,O002683,P0129,2
OI0005483,O002683,P0289,1
OI0005484,O002684,P0150,1
OI0005485,O002684,P0227,2
OI0005486,O002685,P0179,2
OI0005487,O002686,P0272,1
OI0005488,O002686,P0256,1
OI0005489,O002686,P0273,1
OI0005490,O002687,P0125,2
OI0005491,O002687,P0043,1
OI0005492,O002688,P0251,1
OI0005493,O002689,P0116,3
OI0005494,O002690,P0206,2
OI0005495,O002690,P0205,2
OI0005496,O002690,P0014,3
OI0005497,O002690,P0045,1
OI0005498,O002691,P0019,1
OI0005499,O002691,P0242,1
OI0005500,O002692,P0290,1
OI0005501,O002692,P0093,2
OI0005502,O002693,P0212,1
OI0005503,O002693,P0083,1
OI0005504,O002694,P0011,1
OI0005505,O002694,P0062,2
OI0005506,O002695,P0239,2
OI0005507,O002695,P0150,1
OI0005508,O002695,P0023,1
OI0005509,O002696,P0161,1
OI0005510,O002697,P0049,2
OI0005511,O002697,P0168,1
OI0005512,O002698,P0091,1
OI0005513,O002699,P0026,1
OI0005514,O002700,P0225,1
OI0005515,O002700,P0224,1
OI0005516,O002701,P0083,1
OI0005517,O002701,P0236,1
OI0005518,O002701,P0265,1
OI0005519,O002701,P0053,1
OI0005520,O002702,P0074,1
OI0005521,O002703,P0012,1
OI0005522,O002703,P0252,1
OI0005523,O002703,P0208,1
OI0005524,O002704,P0075,1
OI0005525,O002705,P0032,1
OI0005526,O002706,P0240,1
OI0005527,O002707,P0146,2
OI0005528,O002708,P0181,1
OI0005529,O002708,P0018,2
OI0005530,O002708,P0035,1
OI0005531,O002709,P0262,3
OI0005532,O002710,P0076,1
OI0005533,O002710,P0217,3
OI0005534,O002711,P0025,1
OI0005535,O002711,P0122,2
OI0005536,O002711,P0247,1
OI0005537,O002711,P0149,3
OI0005538,O002712,P0277,1
OI0005539,O002713,P0021,1
OI0005540,O002713,P0128,1
OI0005541,O002714,P0168,1
OI0005542,O002714,P0084,2
OI0005543,O002715,P0004,1
OI0005544,O002715,P0017,1
OI0005545,O002715,P0173,1
OI0005546,O002716,P0248,1
OI0005547,O002717,P0072,1
OI0005548,O002717,P0217,1
OI0005549,O002717,P0009,1
OI0005550,O002717,P0142,1
OI0005551,O002718,P0189,1
OI0005552,O002718,P0096,2
OI0005553,O002718,P0135,1
OI0005554,O002719,P0228,1
OI0005555,O002719,P0185,1
OI0005556,O002720,P0261,1
OI0005557,O002720,P0272,1
OI0005558,O002721,P0197,1
OI0005559,O002721,P0194,1
OI0005560,O002721,P0036,1
OI0005561,O002722,P0290,2
OI0005562,O002722,P0123,2
OI0005563,O002722,P0177,2
OI0005564,O002723,P0103,1
OI0005565,O002724,P0119,1
OI0005566,O002724,P0248,1
OI0005567,O002725,P0061,1
OI0005568,O002725,P0103,1
OI0005569,O002726,P0176,1
OI0005570,O002726,P0032,2
OI0005571,O002726,P0097,1
OI0005572,O002727,P0026,1
OI0005573,O002727,P0020,1
OI0005574,O002728,P0031,3
OI0005575,O002729,P0240,1
OI0005576,O002729,P0136,2
OI0005577,O002730,P0101,1
OI0005578,O002730,P0088,1
OI0005579,O002730,P0008,1
OI0005580,O002731,P0283,1
OI0005581,O002732,P0273,2
OI0005582,O002732,P0293,2
OI0005583,O002733,P0161,1
OI0005584,O002733,P0088,1
OI0005585,O002734,P0245,2
OI0005586,O002735,P0070,2
OI0005587,O002735,P0217,3
OI0005588,O002735,P0155,1
OI0005589,O002735,P0295,1
OI0005590,O002736,P0271,1
OI0005591,O002736,P0293,1
OI0005592,O002737,P0112,1
OI0005593,O002737,P0256,1
OI0005594,O002738,P0085,1
OI0005595,O002738,P0219,2
OI0005596,O002739,P0199,1
OI0005597,O002739,P0045,2
OI0005598,O002740,P0247,1
OI0005599,O002740,P0199,1
OI0005600,O002741,P0065,3
OI0005601,O002742,P0218,1
OI0005602,O002742,P0065,1
OI0005603,O002743,P0124,1
OI0005604,O002744,P0216,1
OI0005605,O002744,P0292,3
OI0005606,O002745,P0183,3
OI0005607,O002745,P0244,1
OI0005608,O002746,P0042,1
OI0005609,O002746,P0063,1
OI0005610,O002746,P0068,2
OI0005611,O002747,P0240,2
OI0005612,O002747,P0009,1
OI0005613,O002748,P0020,2
OI0005614,O002748,P0143,1
OI0005615,O002748,P0208,1
OI0005616,O002748,P0213,2
OI0005617,O002749,P0048,1
OI0005618,O002750,P0079,1
OI0005619,O002750,P0022,1
OI0005620,O002751,P0282,1
OI0005621,O002751,P0262,1
OI0005622,O002752,P0173,1
OI0005623,O002752,P0240,1
OI0005624,O002752,P0176,1
OI0005625,O002752,P0153,1
OI0005626,O002753,P0267,1
OI0005627,O002753,P0093,3
OI0005628,O002754,P0290,1
OI0005629,O002754,P0097,1
OI0005630,O002754,P0122,2
OI0005631,O002754,P0207,2
OI0005632,O002755,P0269,2
OI0005633,O002756,P0058,1
OI0005634,O002756,P0066,1
OI0005635,O002757,P0203,1
OI0005636,O002757,P0209,1
OI0005637,O002757,P0019,3
OI0005638,O002758,P0282,1
OI0005639,O002758,P0191,1
OI0005640,O002758,P0159,1
OI0005641,O002759,P0293,1
OI0005642,O002760,P0218,1
OI0005643,O002761,P0196,1
OI0005644,O002761,P0291,1
OI0005645,O002762,P0086,1
OI0005646,O002762,P0181,2
OI0005647,O002762,P0087,2
OI0005648,O002762,P0232,1
OI0005649,O002763,P0021,2
OI0005650,O002764,P0116,1
OI0005651,O002764,P0019,1
OI0005652,O002764,P0081,2
OI0005653,O002765,P0133,1
OI0005654,O002765,P0050,1
OI0005655,O002765,P0044,1
OI0005656,O002766,P0093,1
OI0005657,O002766,P0164,1
OI0005658,O002767,P0016,1
OI0005659,O002768,P0106,1
OI0005660,O002769,P0126,1
OI0005661,O002769,P0116,1
OI0005662,O002769,P0004,1
OI0005663,O002770,P0253,1
OI0005664,O002770,P0001,1
OI0005665,O002770,P0182,1
OI0005666,O002770,P0167,1
OI0005667,O002771,P0259,1
OI0005668,O002772,P0239,2
OI0005669,O002772,P0009,1
OI0005670,O002773,P0026,1
OI0005671,O002773,P0018,3
OI0005672,O002773,P0278,1
OI0005673,O002774,P0087,1
OI0005674,O002775,P0143,1
OI0005675,O002775,P0014,1
OI0005676,O002775,P0221,3
OI0005677,O002776,P0210,2
OI0005678,O002776,P0149,1
OI0005679,O002777,P0104,3
OI0005680,O002778,P0091,2
OI0005681,O002779,P0135,1
OI0005682,O002780,P0256,1
OI0005683,O002780,P0010,1
OI0005684,O002781,P0011,1
OI0005685,O002781,P0116,1
OI0005686,O002782,P0005,1
OI0005687,O002783,P0135,1
OI0005688,O002783,P0227,2
OI0005689,O002784,P0039,2
OI0005690,O002784,P0277,3
OI0005691,O002785,P0203,1
OI0005692,O002785,P0008,1
OI0005693,O002786,P0182,1
OI0005694,O002786,P0230,1
OI0005695,O002787,P0175,1
OI0005696,O002787,P0228,1
OI0005697,O002788,P0185,1
OI0005698,O002788,P0155,3
OI0005699,O002788,P0086,1
OI0005700,O002788,P0054,1
OI0005701,O002789,P0174,3
OI0005702,O002790,P0239,1
OI0005703,O002791,P0035,1
OI0005704,O002791,P0059,1
OI0005705,O002792,P0105,1
OI0005706,O002793,P0088,1
OI0005707,O002794,P0159,1
OI0005708,O002795,P0212,1
OI0005709,O002795,P0147,2
OI0005710,O002795,P0127,1
OI0005711,O002796,P0019,1
OI0005712,O002796,P0045,1
OI0005713,O002796,P0250,1
OI0005714,O002797,P0288,2
OI0005715,O002798,P0208,1
OI0005716,O002799,P0231,1
OI0005717,O002799,P0016,1
OI0005718,O002799,P0113,1
OI0005719,O002799,P0171,2
OI0005720,O002800,P0163,1
OI0005721,O002800,P0227,1
OI0005722,O002801,P0286,3
OI0005723,O002802,P0210,1
OI0005724,O002803,P0084,1
OI0005725,O002804,P0198,1
OI0005726,O002805,P0011,2
OI0005727,O002806,P0297,1
OI0005728,O002807,P0015,3
OI0005729,O002807,P0156,2
OI0005730,O002808,P0135,1
OI0005731,O002809,P0040,2
OI0005732,O002809,P0039,1
OI0005733,O002810,P0213,1
OI0005734,O002810,P0288,1
OI0005735,O002810,P0103,1
OI0005736,O002811,P0268,2
OI0005737,O002811,P0190,1
OI0005738,O002812,P0077,1
OI0005739,O002812,P0010,3
OI0005740,O002813,P0038,1
OI0005741,O002813,P0028,1
OI0005742,O002814,P0191,3
OI0005743,O002815,P0063,2
OI0005744,O002815,P0142,1
OI0005745,O002816,P0142,1
OI0005746,O002816,P0069,1
OI0005747,O002817,P0172,1
OI0005748,O002818,P0110,1
OI0005749,O002818,P0147,1
OI0005750,O002819,P0300,1
OI0005751,O002820,P0249,2
OI0005752,O002821,P0235,3
OI0005753,O002822,P0046,3
OI0005754,O002822,P0126,1
OI0005755,O002823,P0188,3
OI0005756,O002823,P0138,2
OI0005757,O002824,P0107,1
OI0005758,O002825,P0059,1
OI0005759,O002825,P0211,2
OI0005760,O002825,P0150,1
OI0005761,O002826,P0066,1
OI0005762,O002827,P0154,1
OI0005763,O002827,P0156,1
OI0005764,O002827,P0219,1
OI0005765,O002828,P0268,2
OI0005766,O002828,P0222,1
OI0005767,O002828,P0206,2
OI0005768,O002829,P0088,1
OI0005769,O002829,P0120,2
OI0005770,O002829,P0161,1
OI0005771,O002830,P0085,2
OI0005772,O002830,P0259,1
OI0005773,O002830,P0275,1
OI0005774,O002830,P0074,2
OI0005775,O002831,P0039,1
OI0005776,O002831,P0182,1
OI0005777,O002832,P0268,1
OI0005778,O002833,P0132,1
OI0005779,O002833,P0253,1
OI0005780,O002834,P0238,1
OI0005781,O002834,P0052,1
OI0005782,O002834,P0079,1
OI0005783,O002835,P0190,2
OI0005784,O002836,P0028,1
OI0005785,O002837,P0181,1
OI0005786,O002837,P0279,1
OI0005787,O002837,P0089,2
OI0005788,O002838,P0110,2
OI0005789,O002838,P0050,2
OI0005790,O002838,P0046,3
OI0005791,O002839,P0200,1
OI0005792,O002840,P0220,1
OI0005793,O002840,P0087,2
OI0005794,O002841,P0151,1
OI0005795,O002842,P0009,2
OI0005796,O002843,P0188,2
OI0005797,O002844,P0233,1
OI0005798,O002845,P0135,1
OI0005799,O002846,P0270,2
OI0005800,O002846,P0279,2
OI0005801,O002847,P0281,2
OI0005802,O002847,P0251,1
OI0005803,O002847,P0096,1
OI0005804,O002848,P0093,1
OI0005805,O002848,P0292,1
OI0005806,O002849,P0138,2
OI0005807,O002849,P0269,1
OI0005808,O002849,P0079,2
OI0005809,O002850,P0277,3
OI0005810,O002850,P0272,1
OI0005811,O002851,P0293,1
OI0005812,O002851,P0257,3
OI0005813,O002851,P0152,1
OI0005814,O002852,P0085,1
OI0005815,O002852,P0200,2
OI0005816,O002852,P0014,1
OI0005817,O002852,P0103,1
OI0005818,O002853,P0265,1
OI0005819,O002853,P0129,1
OI0005820,O002853,P0122,1
OI0005821,O002854,P0070,1
OI0005822,O002855,P0132,2
OI0005823,O002855,P0210,1
OI0005824,O002856,P0124,1
OI0005825,O002857,P0159,3
OI0005826,O002858,P0200,1
OI0005827,O002859,P0074,1
OI0005828,O002860,P0106,1
OI0005829,O002860,P0250,1
OI0005830,O002861,P0181,1
OI0005831,O002861,P0199,1
OI0005832,O002862,P0038,1
OI0005833,O002862,P0167,1
OI0005834,O002863,P0128,1
OI0005835,O002864,P0056,1
OI0005836,O002864,P0100,2
OI0005837,O002865,P0013,1
OI0005838,O002866,P0294,1
OI0005839,O002866,P0163,1
OI0005840,O002866,P0050,2
OI0005841,O002867,P0014,1
OI0005842,O002868,P0140,1
OI0005843,O002869,P0158,1
OI0005844,O002869,P0138,1
OI0005845,O002869,P0011,1
OI0005846,O002870,P0219,1
OI0005847,O002870,P0294,1
OI0005848,O002870,P0186,1
OI0005849,O002871,P0273,1
OI0005850,O002871,P0142,1
OI0005851,O002872,P0263,1
OI0005852,O002872,P0005,1
OI0005853,O002872,P0151,2
OI0005854,O002873,P0168,2
OI0005855,O002874,P0218,1
OI0005856,O002875,P0283,1
OI0005857,O002876,P0017,1
OI0005858,O002876,P0052,1
OI0005859,O002876,P0292,2
OI0005860,O002876,P0171,1
OI0005861,O002877,P0201,1
OI0005862,O002878,P0191,1
OI0005863,O002878,P0220,1
OI0005864,O002879,P0144,1
OI0005865,O002879,P0038,1
OI0005866,O002879,P0044,1
OI0005867,O002880,P0060,2
OI0005868,O002880,P0163,1
OI0005869,O002880,P0041,1
OI0005870,O002880,P0110,1
OI0005871,O002881,P0266,1
OI0005872,O002881,P0236,3
OI0005873,O002882,P0161,1
OI0005874,O002883,P0288,1
OI0005875,O002883,P0194,1
OI0005876,O002884,P0300,3
OI0005877,O002885,P0022,1
OI0005878,O002885,P0147,2
OI0005879,O002885,P0254,1
OI0005880,O002886,P0211,1
OI0005881,O002886,P0140,2
OI0005882,O002886,P0289,1
OI0005883,O002886,P0175,3
OI0005884,O002887,P0053,1
OI0005885,O002888,P0081,2
OI0005886,O002888,P0011,1
OI0005887,O002889,P0287,1
OI0005888,O002890,P0137,1
OI0005889,O002891,P0089,1
OI0005890,O002892,P0263,1
OI0005891,O002892,P0199,1
OI0005892,O002893,P0269,1
OI0005893,O002893,P0196,1
OI0005894,O002893,P0163,1
OI0005895,O002894,P0229,2
OI0005896,O002895,P0177,1
OI0005897,O002895,P0008,1
OI0005898,O002896,P0166,2
OI0005899,O002896,P0054,2
OI0005900,O002896,P0002,1
OI0005901,O002897,P0103,2
OI0005902,O002897,P0261,1
OI0005903,O002898,P0158,1
OI0005904,O002898,P0133,1
OI0005905,O002899,P0296,1
OI0005906,O002899,P0040,1
OI0005907,O002899,P0239,2
OI0005908,O002900,P0300,1
OI0005909,O002900,P0253,2
OI0005910,O002900,P0159,1
OI0005911,O002901,P0062,1
OI0005912,O002902,P0020,2
OI0005913,O002903,P0291,1
OI0005914,O002904,P0280,2
OI0005915,O002904,P0255,1
OI0005916,O002905,P0177,1
OI0005917,O002905,P0045,1
OI0005918,O002906,P0159,1
OI0005919,O002906,P0293,1
OI0005920,O002906,P0146,1
OI0005921,O002907,P0210,1
OI0005922,O002907,P0271,1
OI0005923,O002908,P0231,1
OI0005924,O002908,P0170,1
OI0005925,O002909,P0290,1
OI0005926,O002910,P0284,1
OI0005927,O002910,P0228,3
OI0005928,O002911,P0235,1
OI0005929,O002911,P0214,1
OI0005930,O002912,P0139,1
OI0005931,O002913,P0053,1
OI0005932,O002913,P0156,2
OI0005933,O002913,P0240,1
OI0005934,O002913,P0108,1
OI0005935,O002914,P0280,1
OI0005936,O002915,P0170,2
OI0005937,O002915,P0243,1
OI0005938,O002915,P0283,1
OI0005939,O002915,P0107,1
OI0005940,O002916,P0107,1
OI0005941,O002917,P0102,1
OI0005942,O002918,P0027,1
OI0005943,O002918,P0174,1
OI0005944,O002919,P0004,2
OI0005945,O002919,P0125,2
OI0005946,O002920,P0232,1
OI0005947,O002920,P0070,1
OI0005948,O002921,P0102,1
OI0005949,O002922,P0041,3
OI0005950,O002923,P0014,1
OI0005951,O002923,P0053,1
OI0005952,O002923,P0093,1
OI0005953,O002924,P0287,2
OI0005954,O002924,P0133,1
OI0005955,O002925,P0055,2
OI0005956,O002925,P0180,1
OI0005957,O002925,P0025,1
OI0005958,O002925,P0225,1
OI0005959,O002926,P0108,3
OI0005960,O002927,P0222,2
OI0005961,O002928,P0017,1
OI0005962,O002928,P0049,1
OI0005963,O002928,P0194,2
OI0005964,O002929,P0283,1
OI0005965,O002930,P0133,1
OI0005966,O002931,P0093,1
OI0005967,O002931,P0041,1
OI0005968,O002932,P0299,3
OI0005969,O002932,P0204,2
OI0005970,O002932,P0144,1
OI0005971,O002933,P0212,1
OI0005972,O002933,P0210,2
OI0005973,O002934,P0128,1
OI0005974,O002934,P0151,2
OI0005975,O002934,P0224,1
OI0005976,O002935,P0063,1
OI0005977,O002936,P0242,2
OI0005978,O002936,P0053,1
OI0005979,O002936,P0137,3
OI0005980,O002937,P0115,1
OI0005981,O002938,P0082,1
OI0005982,O002938,P0079,1
OI0005983,O002939,P0029,2
OI0005984,O002939,P0190,1
OI0005985,O002940,P0015,1
OI0005986,O002940,P0171,1
OI0005987,O002940,P0054,1
OI0005988,O002941,P0150,2
OI0005989,O002942,P0016,1
OI0005990,O002942,P0120,1
OI0005991,O002943,P0118,2
OI0005992,O002943,P0257,3
OI0005993,O002943,P0134,1
OI0005994,O002944,P0261,2
OI0005995,O002945,P0225,1
OI0005996,O002946,P0133,1
OI0005997,O002946,P0266,2
OI0005998,O002946,P0019,2
OI0005999,O002947,P0114,1
OI0006000,O002948,P0215,1
OI0006001,O002949,P0002,1
OI0006002,O002950,P0045,1
OI0006003,O002950,P0126,1
OI0006004,O002951,P0045,2
OI0006005,O002951,P0264,1
OI0006006,O002952,P0021,2
OI0006007,O002952,P0043,3
OI0006008,O002953,P0107,2
OI0006009,O002953,P0120,2
OI0006010,O002953,P0087,2
OI0006011,O002954,P0225,2
OI0006012,O002955,P0024,1
OI0006013,O002956,P0098,1
OI0006014,O002956,P0222,1
OI0006015,O002957,P0191,1
OI0006016,O002957,P0009,1
OI0006017,O002958,P0077,1
OI0006018,O002959,P0083,1
OI0006019,O002959,P0225,1
OI0006020,O002959,P0071,1
OI0006021,O002959,P0229,1
OI0006022,O002960,P0266,1
OI0006023,O002960,P0079,1
OI0006024,O002961,P0046,3
OI0006025,O002961,P0183,1
OI0006026,O002961,P0292,1
OI0006027,O002962,P0248,2
OI0006028,O002962,P0063,1
OI0006029,O002962,P0282,2
OI0006030,O002963,P0151,3
OI0006031,O002964,P0222,1
OI0006032,O002965,P0271,1
OI0006033,O002965,P0134,1
OI0006034,O002966,P0109,1
OI0006035,O002966,P0210,1
OI0006036,O002966,P0287,1
OI0006037,O002966,P0127,3
OI0006038,O002967,P0128,2
OI0006039,O002968,P0140,1
OI0006040,O002968,P0100,1
OI0006041,O002969,P0184,1
OI0006042,O002969,P0009,1
OI0006043,O002969,P0258,2
OI0006044,O002969,P0257,1
OI0006045,O002970,P0093,1
OI0006046,O002971,P0203,1
OI0006047,O002971,P0017,1
OI0006048,O002971,P0162,1
OI0006049,O002971,P0059,1
OI0006050,O002972,P0232,1
OI0006051,O002972,P0242,1
OI0006052,O002973,P0120,1
OI0006053,O002974,P0099,2
OI0006054,O002974,P0297,1
OI0006055,O002975,P0153,3
OI0006056,O002976,P0166,3
OI0006057,O002977,P0292,2
OI0006058,O002977,P0103,1
OI0006059,O002978,P0170,1
OI0006060,O002979,P0236,1
OI0006061,O002979,P0063,1
OI0006062,O002980,P0042,2
OI0006063,O002981,P0142,1
OI0006064,O002981,P0010,1
OI0006065,O002981,P0199,1
OI0006066,O002981,P0267,1
OI0006067,O002982,P0150,1
OI0006068,O002982,P0158,1
OI0006069,O002983,P0029,1
OI0006070,O002983,P0185,3
OI0006071,O002984,P0181,2
OI0006072,O002984,P0272,1
OI0006073,O002984,P0233,1
OI0006074,O002985,P0299,2
OI0006075,O002986,P0144,1
OI0006076,O002987,P0123,1
OI0006077,O002987,P0186,2
OI0006078,O002987,P0133,1
OI0006079,O002987,P0291,1
OI0006080,O002988,P0010,2
OI0006081,O002988,P0212,1
OI0006082,O002988,P0128,1
OI0006083,O002989,P0050,1
OI0006084,O002989,P0093,1
OI0006085,O002989,P0039,1
OI0006086,O002990,P0241,2
OI0006087,O002991,P0216,1
OI0006088,O002991,P0163,1
OI0006089,O002991,P0151,1
OI0006090,O002992,P0282,1
OI0006091,O002992,P0131,1
OI0006092,O002993,P0293,1
OI0006093,O002993,P0011,1
OI0006094,O002994,P0107,3
OI0006095,O002994,P0158,2
OI0006096,O002995,P0126,1
OI0006097,O002995,P0178,2
OI0006098,O002995,P0281,2
OI0006099,O002996,P0196,1
OI0006100,O002996,P0289,1
OI0006101,O002997,P0076,2
OI0006102,O002997,P0085,2
OI0006103,O002998,P0212,1
OI0006104,O002998,P0077,3
OI0006105,O002999,P0199,1
OI0006106,O002999,P0025,1
OI0006107,O003000,P0292,1
OI0006108,O003001,P0064,1
OI0006109,O003002,P0007,2
OI0006110,O003002,P0281,1
OI0006111,O003002,P0213,1
OI0006112,O003003,P0232,1
OI0006113,O003004,P0171,1
OI0006114,O003004,P0229,2
OI0006115,O003004,P0058,2
OI0006116,O003005,P0092,1
OI0006117,O003006,P0227,1
OI0006118,O003006,P0055,1
OI0006119,O003007,P0199,1
OI0006120,O003007,P0136,2
OI0006121,O003008,P0232,1
OI0006122,O003008,P0015,1
OI0006123,O003008,P0202,2
OI0006124,O003009,P0269,1
OI0006125,O003010,P0245,1
OI0006126,O003011,P0170,1
OI0006127,O003011,P0284,1
OI0006128,O003012,P0226,1
OI0006129,O003012,P0214,1
OI0006130,O003012,P0066,1
OI0006131,O003013,P0253,1
OI0006132,O003013,P0170,1
OI0006133,O003014,P0124,1
OI0006134,O003014,P0130,2
OI0006135,O003015,P0127,1
OI0006136,O003015,P0126,1
OI0006137,O003015,P0290,2
OI0006138,O003016,P0042,2
OI0006139,O003016,P0202,2
OI0006140,O003017,P0204,3
OI0006141,O003018,P0086,1
OI0006142,O003019,P0237,2
OI0006143,O003019,P0251,1
OI0006144,O003020,P0286,3
OI0006145,O003020,P0146,1
OI0006146,O003021,P0028,3
OI0006147,O003022,P0123,2
OI0006148,O003023,P0096,1
OI0006149,O003023,P0069,3
OI0006150,O003024,P0165,1
OI0006151,O003025,P0001,1
OI0006152,O003026,P0258,3
OI0006153,O003026,P0229,1
OI0006154,O003026,P0034,1
OI0006155,O003026,P0038,1
OI0006156,O003027,P0031,2
OI0006157,O003027,P0220,1
OI0006158,O003028,P0173,3
OI0006159,O003029,P0199,1
OI0006160,O003029,P0032,1
OI0006161,O003030,P0102,2
OI0006162,O003030,P0078,1
OI0006163,O003031,P0066,1
OI0006164,O003031,P0256,2
OI0006165,O003032,P0104,1
OI0006166,O003033,P0065,1
OI0006167,O003033,P0154,2
OI0006168,O003033,P0035,1
OI0006169,O003034,P0225,1
OI0006170,O003035,P0290,1
OI0006171,O003035,P0265,1
OI0006172,O003035,P0199,1
OI0006173,O003035,P0184,2
OI0006174,O003036,P0144,1
OI0006175,O003036,P0040,2
OI0006176,O003036,P0006,3
OI0006177,O003037,P0111,1
OI0006178,O003038,P0266,1
OI0006179,O003039,P0069,1
OI0006180,O003039,P0265,2
OI0006181,O003040,P0278,2
OI0006182,O003040,P0130,1
OI0006183,O003040,P0100,1
OI0006184,O003041,P0228,1
OI0006185,O003041,P0280,1
OI0006186,O003041,P0212,1
OI0006187,O003042,P0061,1
OI0006188,O003042,P0037,3
OI0006189,O003042,P0175,1
OI0006190,O003042,P0246,1
OI0006191,O003043,P0072,1
OI0006192,O003044,P0282,1
OI0006193,O003044,P0169,2
OI0006194,O003044,P0283,1
OI0006195,O003045,P0234,1
OI0006196,O003046,P0202,2
OI0006197,O003046,P0122,1
OI0006198,O003047,P0113,1
OI0006199,O003047,P0025,1
OI0006200,O003048,P0225,1
OI0006201,O003048,P0224,2
OI0006202,O003049,P0184,1
OI0006203,O003050,P0216,1
OI0006204,O003050,P0089,1
OI0006205,O003050,P0070,1
OI0006206,O003051,P0241,1
OI0006207,O003051,P0191,1
OI0006208,O003052,P0153,2
OI0006209,O003052,P0267,1
OI0006210,O003052,P0165,1
OI0006211,O003053,P0294,1
OI0006212,O003053,P0149,2
OI0006213,O003053,P0147,1
OI0006214,O003054,P0044,1
OI0006215,O003054,P0085,1
OI0006216,O003054,P0020,1
OI0006217,O003055,P0259,1
OI0006218,O003055,P0210,1
OI0006219,O003056,P0160,3
OI0006220,O003056,P0277,1
OI0006221,O003056,P0163,3
OI0006222,O003057,P0069,1
OI0006223,O003057,P0176,1
OI0006224,O003057,P0105,1
OI0006225,O003058,P0045,2
OI0006226,O003058,P0194,1
OI0006227,O003059,P0239,1
OI0006228,O003060,P0024,1
OI0006229,O003060,P0300,1
OI0006230,O003061,P0213,3
OI0006231,O003062,P0041,2
OI0006232,O003062,P0120,3
OI0006233,O003063,P0051,2
OI0006234,O003063,P0160,1
OI0006235,O003063,P0254,1
OI0006236,O003063,P0149,3
OI0006237,O003064,P0189,1
OI0006238,O003065,P0187,1
OI0006239,O003065,P0279,1
OI0006240,O003066,P0090,2
OI0006241,O003066,P0169,2
OI0006242,O003066,P0064,1
OI0006243,O003067,P0071,1
OI0006244,O003068,P0021,2
OI0006245,O003068,P0087,1
OI0006246,O003068,P0161,1
OI0006247,O003068,P0086,1
OI0006248,O003069,P0234,1
OI0006249,O003069,P0006,1
OI0006250,O003070,P0146,1
OI0006251,O003070,P0185,3
OI0006252,O003071,P0125,1
OI0006253,O003071,P0222,2
OI0006254,O003071,P0280,1
OI0006255,O003071,P0258,3
OI0006256,O003072,P0219,1
OI0006257,O003073,P0270,1
OI0006258,O003073,P0034,2
OI0006259,O003074,P0218,1
OI0006260,O003074,P0137,1
OI0006261,O003075,P0121,1
OI0006262,O003075,P0028,1
OI0006263,O003075,P0177,1
OI0006264,O003076,P0186,1
OI0006265,O003076,P0181,2
OI0006266,O003077,P0022,1
OI0006267,O003077,P0241,1
OI0006268,O003077,P0179,1
OI0006269,O003077,P0124,1
OI0006270,O003078,P0293,2
OI0006271,O003078,P0299,1
OI0006272,O003079,P0194,3
OI0006273,O003079,P0182,1
OI0006274,O003080,P0219,1
OI0006275,O003080,P0118,2
OI0006276,O003080,P0072,3
OI0006277,O003081,P0240,1
OI0006278,O003081,P0300,1
OI0006279,O003082,P0011,1
OI0006280,O003083,P0183,1
OI0006281,O003083,P0066,1
OI0006282,O003084,P0099,1
OI0006283,O003084,P0173,1
OI0006284,O003085,P0290,1
OI0006285,O003085,P0193,1
OI0006286,O003086,P0269,1
OI0006287,O003086,P0076,1
OI0006288,O003087,P0268,1
OI0006289,O003088,P0295,1
OI0006290,O003088,P0292,1
OI0006291,O003088,P0208,1
OI0006292,O003088,P0189,1
OI0006293,O003089,P0156,2
OI0006294,O003089,P0035,1
OI0006295,O003089,P0252,1
OI0006296,O003090,P0245,1
OI0006297,O003090,P0297,1
OI0006298,O003090,P0009,1
OI0006299,O003091,P0253,1
OI0006300,O003092,P0087,1
OI0006301,O003092,P0242,1
OI0006302,O003093,P0098,3
OI0006303,O003094,P0177,2
OI0006304,O003094,P0059,2
OI0006305,O003095,P0137,1
OI0006306,O003095,P0086,1
OI0006307,O003096,P0201,1
OI0006308,O003097,P0081,2
OI0006309,O003097,P0273,1
OI0006310,O003098,P0295,1
OI0006311,O003098,P0144,3
OI0006312,O003098,P0185,1
OI0006313,O003099,P0079,1
OI0006314,O003100,P0284,1
OI0006315,O003100,P0241,1
OI0006316,O003100,P0073,2
OI0006317,O003100,P0045,1
OI0006318,O003101,P0287,3
OI0006319,O003102,P0197,1
OI0006320,O003102,P0243,1
OI0006321,O003103,P0234,1
OI0006322,O003103,P0266,1
OI0006323,O003103,P0149,1
OI0006324,O003104,P0276,1
OI0006325,O003104,P0241,2
OI0006326,O003105,P0111,1
OI0006327,O003105,P0117,1
OI0006328,O003106,P0115,1
OI0006329,O003106,P0148,1
OI0006330,O003106,P0227,1
OI0006331,O003107,P0250,1
OI0006332,O003108,P0219,1
OI0006333,O003109,P0013,1
OI0006334,O003109,P0181,1
OI0006335,O003110,P0009,2
OI0006336,O003110,P0050,2
OI0006337,O003110,P0280,3
OI0006338,O003111,P0036,3
OI0006339,O003111,P0082,3
OI0006340,O003111,P0234,1
OI0006341,O003111,P0057,1
OI0006342,O003112,P0064,1
OI0006343,O003113,P0062,1
OI0006344,O003113,P0057,1
OI0006345,O003113,P0066,1
OI0006346,O003114,P0220,2
OI0006347,O003114,P0075,1
OI0006348,O003114,P0073,1
OI0006349,O003114,P0017,1
OI0006350,O003115,P0171,2
OI0006351,O003116,P0158,3
OI0006352,O003117,P0087,2
OI0006353,O003117,P0280,1
OI0006354,O003117,P0228,1
OI0006355,O003117,P0184,1
OI0006356,O003118,P0098,1
OI0006357,O003119,P0218,3
OI0006358,O003119,P0226,1
OI0006359,O003120,P0175,1
OI0006360,O003120,P0006,1
OI0006361,O003121,P0114,1
OI0006362,O003121,P0098,1
OI0006363,O003121,P0059,1
OI0006364,O003122,P0157,1
OI0006365,O003123,P0248,2
OI0006366,O003124,P0260,2
OI0006367,O003124,P0019,2
OI0006368,O003124,P0227,1
OI0006369,O003125,P0046,1
OI0006370,O003126,P0025,1
OI0006371,O003127,P0063,3
OI0006372,O003127,P0122,2
OI0006373,O003127,P0058,1
OI0006374,O003127,P0094,2
OI0006375,O003128,P0171,2
OI0006376,O003128,P0179,1
OI0006377,O003129,P0017,1
OI0006378,O003129,P0203,2
OI0006379,O003130,P0004,2
OI0006380,O003130,P0215,1
OI0006381,O003130,P0019,1
OI0006382,O003130,P0247,1
OI0006383,O003131,P0270,1
OI0006384,O003132,P0202,1
OI0006385,O003133,P0182,1
OI0006386,O003133,P0128,2
OI0006387,O003133,P0299,2
OI0006388,O003134,P0144,1
OI0006389,O003134,P0167,3
OI0006390,O003135,P0036,1
OI0006391,O003135,P0300,1
OI0006392,O003135,P0198,1
OI0006393,O003135,P0031,1
OI0006394,O003136,P0161,1
OI0006395,O003136,P0276,3
OI0006396,O003137,P0275,2
OI0006397,O003138,P0108,1
OI0006398,O003138,P0168,1
OI0006399,O003139,P0222,2
OI0006400,O003139,P0291,2
OI0006401,O003140,P0060,1
OI0006402,O003140,P0043,2
OI0006403,O003140,P0242,1
OI0006404,O003141,P0194,1
OI0006405,O003141,P0189,3
OI0006406,O003142,P0182,1
OI0006407,O003142,P0149,2
OI0006408,O003142,P0044,1
OI0006409,O003142,P0193,1
OI0006410,O003143,P0084,2
OI0006411,O003143,P0002,1
OI0006412,O003144,P0298,1
OI0006413,O003145,P0260,1
OI0006414,O003145,P0162,1
OI0006415,O003145,P0254,2
OI0006416,O003146,P0217,1
OI0006417,O003147,P0012,1
OI0006418,O003147,P0103,1
OI0006419,O003148,P0222,3
OI0006420,O003149,P0216,1
OI0006421,O003149,P0286,1
OI0006422,O003149,P0299,1
OI0006423,O003149,P0015,1
OI0006424,O003150,P0033,1
OI0006425,O003150,P0102,3
OI0006426,O003150,P0096,2
OI0006427,O003151,P0300,1
OI0006428,O003151,P0111,3
OI0006429,O003152,P0224,1
OI0006430,O003152,P0272,1
OI0006431,O003152,P0243,1
OI0006432,O003152,P0060,1
OI0006433,O003153,P0235,1
OI0006434,O003154,P0036,1
OI0006435,O003154,P0129,2
OI0006436,O003155,P0063,2
OI0006437,O003155,P0136,2
OI0006438,O003155,P0211,1
OI0006439,O003155,P0090,1
OI0006440,O003156,P0298,1
OI0006441,O003156,P0063,1
OI0006442,O003157,P0095,3
OI0006443,O003157,P0222,1
OI0006444,O003158,P0230,1
OI0006445,O003159,P0011,2
OI0006446,O003159,P0133,3
OI0006447,O003160,P0235,1
OI0006448,O003160,P0022,2
OI0006449,O003161,P0212,1
OI0006450,O003162,P0240,1
OI0006451,O003163,P0224,1
OI0006452,O003163,P0118,1
OI0006453,O003164,P0042,1
OI0006454,O003165,P0110,1
OI0006455,O003166,P0173,2
OI0006456,O003166,P0256,1
OI0006457,O003166,P0091,1
OI0006458,O003166,P0200,1
OI0006459,O003167,P0268,1
OI0006460,O003167,P0233,3
OI0006461,O003167,P0240,1
OI0006462,O003167,P0104,1
OI0006463,O003168,P0250,1
OI0006464,O003168,P0086,1
OI0006465,O003169,P0053,2
OI0006466,O003170,P0059,1
OI0006467,O003170,P0070,2
OI0006468,O003170,P0282,1
OI0006469,O003171,P0249,1
OI0006470,O003172,P0152,3
OI0006471,O003172,P0271,1
OI0006472,O003173,P0210,1
OI0006473,O003173,P0061,3
OI0006474,O003173,P0135,1
OI0006475,O003173,P0142,1
OI0006476,O003174,P0290,1
OI0006477,O003174,P0242,1
OI0006478,O003175,P0281,2
OI0006479,O003175,P0250,2
OI0006480,O003175,P0152,1
OI0006481,O003175,P0199,1
OI0006482,O003176,P0290,1
OI0006483,O003177,P0067,1
OI0006484,O003177,P0270,1
OI0006485,O003178,P0115,2
OI0006486,O003178,P0219,1
OI0006487,O003178,P0019,1
OI0006488,O003179,P0087,1
OI0006489,O003179,P0273,1
OI0006490,O003180,P0262,1
OI0006491,O003180,P0025,1
OI0006492,O003181,P0136,1
OI0006493,O003182,P0212,1
OI0006494,O003182,P0147,3
OI0006495,O003182,P0022,1
OI0006496,O003182,P0281,1
OI0006497,O003183,P0031,2
OI0006498,O003183,P0300,1
OI0006499,O003184,P0182,1
OI0006500,O003184,P0233,1
OI0006501,O003185,P0067,1
OI0006502,O003186,P0211,1
OI0006503,O003186,P0197,2
OI0006504,O003186,P0061,3
OI0006505,O003186,P0085,1
OI0006506,O003187,P0290,1
OI0006507,O003187,P0175,1
OI0006508,O003188,P0110,1
OI0006509,O003188,P0219,2
OI0006510,O003188,P0006,1
OI0006511,O003188,P0239,2
OI0006512,O003189,P0245,2
OI0006513,O003189,P0263,2
OI0006514,O003190,P0287,2
OI0006515,O003190,P0206,1
OI0006516,O003191,P0098,1
OI0006517,O003191,P0164,1
OI0006518,O003191,P0237,3
OI0006519,O003192,P0088,1
OI0006520,O003192,P0153,1
OI0006521,O003192,P0177,1
OI0006522,O003192,P0254,2
OI0006523,O003193,P0198,1
OI0006524,O003193,P0284,1
OI0006525,O003194,P0285,2
OI0006526,O003195,P0230,2
OI0006527,O003196,P0067,1
OI0006528,O003196,P0117,1
OI0006529,O003197,P0220,1
OI0006530,O003198,P0206,1
OI0006531,O003198,P0211,1
OI0006532,O003198,P0010,1
OI0006533,O003198,P0159,1
OI0006534,O003199,P0071,1
OI0006535,O003200,P0012,1
OI0006536,O003200,P0115,1
OI0006537,O003201,P0245,1
OI0006538,O003201,P0189,1
OI0006539,O003201,P0176,1
OI0006540,O003201,P0201,1
OI0006541,O003202,P0230,1
OI0006542,O003203,P0131,2
OI0006543,O003204,P0083,1
OI0006544,O003204,P0028,1
OI0006545,O003204,P0095,1
OI0006546,O003205,P0194,1
OI0006547,O003205,P0083,1
OI0006548,O003206,P0075,3
OI0006549,O003206,P0065,1
OI0006550,O003207,P0104,1
OI0006551,O003207,P0249,2
OI0006552,O003207,P0027,3
OI0006553,O003208,P0014,1
OI0006554,O003209,P0295,1
OI0006555,O003209,P0136,1
OI0006556,O003209,P0279,2
OI0006557,O003209,P0221,1
OI0006558,O003210,P0076,1
OI0006559,O003211,P0044,1
OI0006560,O003212,P0189,1
OI0006561,O003213,P0051,2
OI0006562,O003214,P0207,1
OI0006563,O003214,P0262,2
OI0006564,O003214,P0079,3
OI0006565,O003215,P0060,1
OI0006566,O003215,P0157,2
OI0006567,O003216,P0296,1
OI0006568,O003216,P0221,1
OI0006569,O003216,P0238,1
OI0006570,O003217,P0078,1
OI0006571,O003217,P0210,2
OI0006572,O003217,P0289,1
OI0006573,O003218,P0132,1
OI0006574,O003218,P0116,1
OI0006575,O003219,P0067,1
OI0006576,O003220,P0196,1
OI0006577,O003220,P0116,2
OI0006578,O003221,P0298,2
OI0006579,O003222,P0057,2
OI0006580,O003222,P0142,1
OI0006581,O003223,P0247,1
OI0006582,O003223,P0224,1
OI0006583,O003223,P0216,1
OI0006584,O003224,P0145,1
OI0006585,O003225,P0261,1
OI0006586,O003226,P0088,1
OI0006587,O003226,P0115,1
OI0006588,O003227,P0079,1
OI0006589,O003227,P0217,1
OI0006590,O003227,P0276,1
OI0006591,O003228,P0241,2
OI0006592,O003228,P0257,1
OI0006593,O003229,P0091,1
OI0006594,O003229,P0267,3
OI0006595,O003229,P0241,1
OI0006596,O003229,P0007,3
OI0006597,O003230,P0268,1
OI0006598,O003230,P0048,3
OI0006599,O003231,P0069,1
OI0006600,O003231,P0243,1
OI0006601,O003231,P0219,2
OI0006602,O003232,P0236,1
OI0006603,O003232,P0140,1
OI0006604,O003233,P0282,1
OI0006605,O003233,P0026,1
OI0006606,O003233,P0011,1
OI0006607,O003233,P0178,1
OI0006608,O003234,P0224,1
OI0006609,O003234,P0058,1
OI0006610,O003235,P0021,1
OI0006611,O003235,P0144,1
OI0006612,O003236,P0008,1
OI0006613,O003236,P0050,1
OI0006614,O003237,P0131,1
OI0006615,O003238,P0034,1
OI0006616,O003239,P0155,1
OI0006617,O003240,P0205,1
OI0006618,O003240,P0077,2
OI0006619,O003241,P0210,1
OI0006620,O003241,P0063,1
OI0006621,O003241,P0108,2
OI0006622,O003242,P0249,1
OI0006623,O003242,P0216,1
OI0006624,O003243,P0090,1
OI0006625,O003243,P0210,1
OI0006626,O003243,P0118,2
OI0006627,O003243,P0240,1
OI0006628,O003244,P0062,2
OI0006629,O003244,P0146,3
OI0006630,O003244,P0050,1
OI0006631,O003244,P0165,1
OI0006632,O003245,P0253,1
OI0006633,O003245,P0275,1
OI0006634,O003246,P0091,1
OI0006635,O003247,P0096,1
OI0006636,O003248,P0108,1
OI0006637,O003248,P0117,2
OI0006638,O003249,P0036,1
OI0006639,O003250,P0013,1
OI0006640,O003251,P0273,2
OI0006641,O003252,P0238,2
OI0006642,O003252,P0097,1
OI0006643,O003252,P0017,1
OI0006644,O003253,P0032,2
OI0006645,O003253,P0100,1
OI0006646,O003253,P0111,1
OI0006647,O003253,P0258,2
OI0006648,O003254,P0217,2
OI0006649,O003254,P0135,1
OI0006650,O003254,P0201,2
OI0006651,O003255,P0093,1
OI0006652,O003255,P0062,1
OI0006653,O003256,P0045,1
OI0006654,O003257,P0003,1
OI0006655,O003257,P0191,1
OI0006656,O003257,P0196,1
OI0006657,O003258,P0259,1
OI0006658,O003258,P0085,1
OI0006659,O003258,P0218,1
OI0006660,O003258,P0159,1
OI0006661,O003259,P0097,1
OI0006662,O003260,P0145,2
OI0006663,O003261,P0143,1
OI0006664,O003261,P0062,1
OI0006665,O003262,P0079,1
OI0006666,O003263,P0165,2
OI0006667,O003263,P0179,3
OI0006668,O003264,P0043,1
OI0006669,O003265,P0046,1
OI0006670,O003266,P0023,3
OI0006671,O003267,P0236,1
OI0006672,O003268,P0225,1
OI0006673,O003268,P0242,1
OI0006674,O003269,P0208,1
OI0006675,O003269,P0004,1
OI0006676,O003270,P0237,1
OI0006677,O003271,P0186,2
OI0006678,O003271,P0284,1
OI0006679,O003272,P0170,1
OI0006680,O003272,P0197,1
OI0006681,O003273,P0136,2
OI0006682,O003274,P0010,2
OI0006683,O003274,P0076,2
OI0006684,O003275,P0090,1
OI0006685,O003275,P0011,1
OI0006686,O003276,P0238,1
OI0006687,O003277,P0239,2
OI0006688,O003277,P0064,1
OI0006689,O003278,P0250,1
OI0006690,O003278,P0284,1
OI0006691,O003278,P0237,1
OI0006692,O003279,P0221,1
OI0006693,O003279,P0243,1
OI0006694,O003280,P0001,2
OI0006695,O003281,P0021,2
OI0006696,O003281,P0103,1
OI0006697,O003282,P0133,3
OI0006698,O003283,P0049,1
OI0006699,O003284,P0061,1
OI0006700,O003284,P0188,1
OI0006701,O003285,P0120,1
OI0006702,O003286,P0281,1
OI0006703,O003286,P0018,3
OI0006704,O003286,P0143,1
OI0006705,O003286,P0032,1
OI0006706,O003287,P0010,1
OI0006707,O003287,P0249,1
OI0006708,O003287,P0228,1
OI0006709,O003287,P0177,1
OI0006710,O003288,P0072,1
OI0006711,O003289,P0010,1
OI0006712,O003289,P0219,1
OI0006713,O003290,P0152,1
OI0006714,O003291,P0234,1
OI0006715,O003291,P0295,1
OI0006716,O003291,P0099,2
OI0006717,O003292,P0234,1
OI0006718,O003292,P0278,3
OI0006719,O003292,P0211,1
OI0006720,O003293,P0155,3
OI0006721,O003293,P0098,1
OI0006722,O003294,P0118,1
OI0006723,O003294,P0234,2
OI0006724,O003295,P0067,3
OI0006725,O003296,P0079,1
OI0006726,O003296,P0277,1
OI0006727,O003296,P0169,1
OI0006728,O003297,P0008,3
OI0006729,O003298,P0184,2
OI0006730,O003299,P0013,1
OI0006731,O003299,P0201,3
OI0006732,O003299,P0280,1
OI0006733,O003300,P0222,1
OI0006734,O003300,P0245,1
OI0006735,O003300,P0184,3
OI0006736,O003301,P0230,2
OI0006737,O003301,P0064,1
OI0006738,O003302,P0111,1
OI0006739,O003303,P0291,1
OI0006740,O003303,P0037,2
OI0006741,O003303,P0231,1
OI0006742,O003303,P0099,2
OI0006743,O003304,P0249,1
OI0006744,O003305,P0032,2
OI0006745,O003305,P0108,1
OI0006746,O003305,P0214,1
OI0006747,O003305,P0128,1
OI0006748,O003306,P0061,2
OI0006749,O003307,P0202,1
OI0006750,O003307,P0097,2
OI0006751,O003307,P0122,2
OI0006752,O003308,P0078,2
OI0006753,O003309,P0203,1
OI0006754,O003309,P0193,1
OI0006755,O003310,P0070,1
OI0006756,O003310,P0264,1
OI0006757,O003310,P0002,1
OI0006758,O003311,P0090,1
OI0006759,O003311,P0287,3
OI0006760,O003311,P0129,1
OI0006761,O003312,P0108,1
OI0006762,O003312,P0132,3
OI0006763,O003312,P0002,1
OI0006764,O003313,P0235,2
OI0006765,O003313,P0173,1
OI0006766,O003313,P0278,1
OI0006767,O003313,P0099,1
OI0006768,O003314,P0244,3
OI0006769,O003314,P0095,1
OI0006770,O003315,P0017,1
OI0006771,O003315,P0125,1
OI0006772,O003315,P0203,1
OI0006773,O003316,P0100,1
OI0006774,O003316,P0113,2
OI0006775,O003317,P0223,1
OI0006776,O003318,P0274,1
OI0006777,O003318,P0084,1
OI0006778,O003318,P0117,1
OI0006779,O003319,P0241,2
OI0006780,O003319,P0182,1
OI0006781,O003319,P0074,1
OI0006782,O003320,P0175,2
OI0006783,O003321,P0247,1
OI0006784,O003321,P0022,1
OI0006785,O003322,P0272,3
OI0006786,O003323,P0220,3
OI0006787,O003323,P0141,1
OI0006788,O003324,P0290,2
OI0006789,O003324,P0076,1
OI0006790,O003325,P0136,1
OI0006791,O003325,P0141,1
OI0006792,O003326,P0189,2
OI0006793,O003326,P0270,1
OI0006794,O003327,P0137,1
OI0006795,O003327,P0008,1
OI0006796,O003328,P0174,3
OI0006797,O003328,P0052,1
OI0006798,O003329,P0042,1
OI0006799,O003330,P0162,1
OI0006800,O003330,P0280,1
OI0006801,O003331,P0019,1
OI0006802,O003331,P0145,1
OI0006803,O003331,P0122,1
OI0006804,O003332,P0248,3
OI0006805,O003332,P0037,1
OI0006806,O003333,P0235,1
OI0006807,O003333,P0184,1
OI0006808,O003334,P0128,1
OI0006809,O003334,P0078,1
OI0006810,O003334,P0202,1
OI0006811,O003335,P0239,3
OI0006812,O003335,P0126,1
OI0006813,O003336,P0001,2
OI0006814,O003336,P0017,2
OI0006815,O003337,P0164,1
OI0006816,O003338,P0084,2
OI0006817,O003338,P0239,1
OI0006818,O003338,P0263,1
OI0006819,O003338,P0278,2
OI0006820,O003339,P0096,1
OI0006821,O003339,P0288,1
OI0006822,O003339,P0293,1
OI0006823,O003340,P0212,1
OI0006824,O003340,P0115,1
OI0006825,O003340,P0001,1
OI0006826,O003341,P0088,1
OI0006827,O003341,P0119,1
OI0006828,O003342,P0051,1
OI0006829,O003342,P0259,1
OI0006830,O003342,P0285,1
OI0006831,O003343,P0075,1
OI0006832,O003343,P0012,1
OI0006833,O003344,P0249,2
OI0006834,O003345,P0022,1
OI0006835,O003345,P0103,1
OI0006836,O003346,P0125,1
OI0006837,O003347,P0044,1
OI0006838,O003348,P0091,1
OI0006839,O003348,P0261,1
OI0006840,O003349,P0094,1
OI0006841,O003350,P0243,1
OI0006842,O003350,P0231,1
OI0006843,O003351,P0136,2
OI0006844,O003352,P0049,1
OI0006845,O003352,P0266,2
OI0006846,O003352,P0075,1
OI0006847,O003353,P0024,1
OI0006848,O003353,P0018,1
OI0006849,O003354,P0117,1
OI0006850,O003355,P0223,1
OI0006851,O003355,P0215,1
OI0006852,O003356,P0058,3
OI0006853,O003356,P0265,3
OI0006854,O003356,P0001,3
OI0006855,O003357,P0109,2
OI0006856,O003357,P0163,1
OI0006857,O003358,P0151,1
OI0006858,O003358,P0056,1
OI0006859,O003358,P0063,1
OI0006860,O003358,P0234,2
OI0006861,O003359,P0176,1
OI0006862,O003359,P0212,2
OI0006863,O003359,P0249,3
OI0006864,O003360,P0189,1
OI0006865,O003361,P0013,1
OI0006866,O003362,P0199,2
OI0006867,O003363,P0214,1
OI0006868,O003364,P0083,1
OI0006869,O003365,P0001,1
OI0006870,O003365,P0028,1
OI0006871,O003365,P0164,3
OI0006872,O003365,P0186,2
OI0006873,O003366,P0233,2
OI0006874,O003366,P0250,2
OI0006875,O003367,P0225,1
OI0006876,O003368,P0083,1
OI0006877,O003368,P0042,2
OI0006878,O003369,P0128,1
OI0006879,O003369,P0131,1
OI0006880,O003370,P0063,1
OI0006881,O003370,P0283,2
OI0006882,O003371,P0231,2
OI0006883,O003371,P0210,1
OI0006884,O003371,P0066,1
OI0006885,O003371,P0212,2
OI0006886,O003372,P0297,1
OI0006887,O003373,P0223,3
OI0006888,O003373,P0032,3
OI0006889,O003373,P0030,1
OI0006890,O003373,P0034,1
OI0006891,O003374,P0268,2
OI0006892,O003375,P0229,1
OI0006893,O003375,P0105,3
OI0006894,O003375,P0252,1
OI0006895,O003376,P0018,1
OI0006896,O003376,P0238,2
OI0006897,O003376,P0055,1
OI0006898,O003376,P0229,2
OI0006899,O003377,P0210,1
OI0006900,O003377,P0079,1
OI0006901,O003378,P0194,1
OI0006902,O003378,P0243,1
OI0006903,O003378,P0053,2
OI0006904,O003379,P0245,3
OI0006905,O003379,P0035,1
OI0006906,O003380,P0027,1
OI0006907,O003381,P0293,1
OI0006908,O003382,P0143,2
OI0006909,O003382,P0093,1
OI0006910,O003382,P0134,1
OI0006911,O003382,P0117,1
OI0006912,O003383,P0174,1
OI0006913,O003383,P0071,2
OI0006914,O003384,P0260,1
OI0006915,O003385,P0295,1
OI0006916,O003385,P0268,1
OI0006917,O003386,P0282,3
OI0006918,O003386,P0150,3
OI0006919,O003387,P0205,1
OI0006920,O003388,P0132,1
OI0006921,O003388,P0174,2
OI0006922,O003389,P0167,1
OI0006923,O003390,P0065,3
OI0006924,O003390,P0118,1
OI0006925,O003391,P0206,1
OI0006926,O003392,P0256,2
OI0006927,O003392,P0155,1
OI0006928,O003393,P0191,1
OI0006929,O003394,P0280,1
OI0006930,O003394,P0130,1
OI0006931,O003394,P0186,1
OI0006932,O003394,P0157,2
OI0006933,O003395,P0240,1
OI0006934,O003395,P0036,3
OI0006935,O003396,P0107,1
OI0006936,O003396,P0202,1
OI0006937,O003396,P0006,2
OI0006938,O003397,P0251,3
OI0006939,O003398,P0151,1
OI0006940,O003398,P0051,1
OI0006941,O003398,P0052,1
OI0006942,O003399,P0132,1
OI0006943,O003400,P0164,1
OI0006944,O003400,P0300,1
OI0006945,O003401,P0117,1
OI0006946,O003401,P0230,1
OI0006947,O003401,P0040,2
OI0006948,O003401,P0017,2
OI0006949,O003402,P0228,2
OI0006950,O003402,P0059,1
OI0006951,O003403,P0174,1
OI0006952,O003403,P0199,1
OI0006953,O003403,P0023,1
OI0006954,O003404,P0119,1
OI0006955,O003404,P0245,1
OI0006956,O003404,P0141,1
OI0006957,O003405,P0037,1
OI0006958,O003405,P0106,1
OI0006959,O003406,P0089,1
OI0006960,O003407,P0060,1
OI0006961,O003408,P0148,2
OI0006962,O003408,P0228,1
OI0006963,O003409,P0069,2
OI0006964,O003409,P0020,2
OI0006965,O003410,P0266,1
OI0006966,O003410,P0034,1
OI0006967,O003410,P0258,3
OI0006968,O003411,P0262,1
OI0006969,O003411,P0172,1
OI0006970,O003411,P0296,1
OI0006971,O003411,P0112,1
OI0006972,O003412,P0152,2
OI0006973,O003413,P0028,1
OI0006974,O003413,P0214,2
OI0006975,O003413,P0107,1
OI0006976,O003414,P0188,3
OI0006977,O003415,P0236,3
OI0006978,O003415,P0140,1
OI0006979,O003415,P0059,1
OI0006980,O003416,P0010,1
OI0006981,O003416,P0231,1
OI0006982,O003416,P0053,1
OI0006983,O003417,P0224,1
OI0006984,O003418,P0067,1
OI0006985,O003419,P0151,1
OI0006986,O003419,P0270,1
OI0006987,O003420,P0193,1
OI0006988,O003421,P0107,1
OI0006989,O003422,P0293,2
OI0006990,O003422,P0163,1
OI0006991,O003423,P0047,2
OI0006992,O003424,P0054,3
OI0006993,O003424,P0231,2
OI0006994,O003425,P0009,2
OI0006995,O003425,P0133,1
OI0006996,O003425,P0084,1
OI0006997,O003426,P0222,1
OI0006998,O003426,P0269,1
OI0006999,O003427,P0176,1
OI0007000,O003427,P0192,3
OI0007001,O003428,P0022,2
OI0007002,O003429,P0028,1
OI0007003,O003429,P0073,1
OI0007004,O003430,P0143,1
OI0007005,O003431,P0092,1
OI0007006,O003431,P0182,1
OI0007007,O003432,P0285,3
OI0007008,O003433,P0135,3
OI0007009,O003434,P0003,1
OI0007010,O003435,P0012,1
OI0007011,O003436,P0027,2
OI0007012,O003437,P0205,3
OI0007013,O003437,P0046,1
OI0007014,O003438,P0189,1
OI0007015,O003438,P0104,1
OI0007016,O003439,P0101,1
OI0007017,O003439,P0031,1
OI0007018,O003440,P0171,1
OI0007019,O003440,P0005,2
OI0007020,O003440,P0028,1
OI0007021,O003440,P0291,1
OI0007022,O003441,P0043,1
OI0007023,O003442,P0260,1
OI0007024,O003442,P0197,2
OI0007025,O003442,P0099,3
OI0007026,O003442,P0153,1
OI0007027,O003443,P0278,1
OI0007028,O003443,P0095,2
OI0007029,O003444,P0284,1
OI0007030,O003445,P0135,1
OI0007031,O003445,P0074,1
OI0007032,O003445,P0179,1
OI0007033,O003445,P0121,1
OI0007034,O003446,P0276,1
OI0007035,O003446,P0200,1
OI0007036,O003446,P0154,1
OI0007037,O003447,P0146,1
OI0007038,O003447,P0013,1
OI0007039,O003447,P0057,1
OI0007040,O003447,P0119,2
OI0007041,O003448,P0208,2
OI0007042,O003449,P0026,1
OI0007043,O003449,P0253,1
OI0007044,O003449,P0214,1
OI0007045,O003449,P0048,2
OI0007046,O003450,P0271,1
OI0007047,O003450,P0297,3
OI0007048,O003450,P0200,1
OI0007049,O003451,P0143,2
OI0007050,O003452,P0183,1
OI0007051,O003453,P0073,1
OI0007052,O003454,P0104,3
OI0007053,O003455,P0154,1
OI0007054,O003455,P0221,3
OI0007055,O003456,P0065,3
OI0007056,O003456,P0041,1
OI0007057,O003457,P0194,1
OI0007058,O003457,P0244,2
OI0007059,O003457,P0041,1
OI0007060,O003458,P0151,1
OI0007061,O003458,P0102,1
OI0007062,O003458,P0272,2
OI0007063,O003459,P0222,1
OI0007064,O003460,P0274,3
OI0007065,O003460,P0115,2
OI0007066,O003461,P0178,1
OI0007067,O003461,P0010,1
OI0007068,O003462,P0285,1
OI0007069,O003463,P0278,1
OI0007070,O003463,P0275,3
OI0007071,O003463,P0108,1
OI0007072,O003464,P0130,1
OI0007073,O003464,P0283,1
OI0007074,O003464,P0211,1
OI0007075,O003465,P0104,1
OI0007076,O003465,P0150,3
OI0007077,O003466,P0188,1
OI0007078,O003466,P0040,1
OI0007079,O003467,P0084,1
OI0007080,O003467,P0117,2
OI0007081,O003468,P0039,3
OI0007082,O003469,P0163,2
OI0007083,O003469,P0058,1
OI0007084,O003469,P0008,1
OI0007085,O003470,P0273,1
OI0007086,O003470,P0077,1
OI0007087,O003471,P0250,1
OI0007088,O003472,P0185,1
OI0007089,O003473,P0019,1
OI0007090,O003473,P0015,2
OI0007091,O003474,P0080,1
OI0007092,O003474,P0117,3
OI0007093,O003475,P0204,1
OI0007094,O003475,P0128,3
OI0007095,O003475,P0051,3
OI0007096,O003476,P0220,3
OI0007097,O003477,P0106,1
OI0007098,O003477,P0284,1
OI0007099,O003478,P0183,2
OI0007100,O003478,P0112,3
OI0007101,O003478,P0253,1
OI0007102,O003478,P0017,1
OI0007103,O003479,P0145,1
OI0007104,O003480,P0209,3
OI0007105,O003480,P0103,1
OI0007106,O003481,P0211,1
OI0007107,O003481,P0160,2
OI0007108,O003482,P0273,1
OI0007109,O003482,P0156,1
OI0007110,O003483,P0074,2
OI0007111,O003484,P0040,1
OI0007112,O003484,P0183,2
OI0007113,O003484,P0031,2
OI0007114,O003485,P0038,1
OI0007115,O003485,P0157,1
OI0007116,O003485,P0125,1
OI0007117,O003485,P0081,1
OI0007118,O003486,P0115,2
OI0007119,O003487,P0141,2
OI0007120,O003488,P0032,2
OI0007121,O003489,P0260,3
OI0007122,O003490,P0137,1
OI0007123,O003490,P0169,1
OI0007124,O003491,P0133,1
OI0007125,O003491,P0012,1
OI0007126,O003492,P0140,2
OI0007127,O003492,P0246,1
OI0007128,O003492,P0266,1
OI0007129,O003493,P0007,2
OI0007130,O003493,P0089,2
OI0007131,O003493,P0191,2
OI0007132,O003493,P0094,3
OI0007133,O003494,P0081,2
OI0007134,O003494,P0237,1
OI0007135,O003494,P0258,1
OI0007136,O003494,P0087,1
OI0007137,O003495,P0105,2
OI0007138,O003495,P0050,1
OI0007139,O003496,P0103,2
OI0007140,O003496,P0137,2
OI0007141,O003497,P0205,1
OI0007142,O003498,P0077,1
OI0007143,O003499,P0003,1
OI0007144,O003499,P0129,1
OI0007145,O003500,P0117,2
OI0007146,O003500,P0126,1
OI0007147,O003501,P0055,2
OI0007148,O003501,P0042,1
OI0007149,O003502,P0055,1
OI0007150,O003503,P0062,2
OI0007151,O003503,P0219,1
OI0007152,O003503,P0204,1
OI0007153,O003503,P0040,1
OI0007154,O003504,P0120,2
OI0007155,O003505,P0168,1
OI0007156,O003505,P0141,1
OI0007157,O003506,P0168,1
OI0007158,O003507,P0159,1
OI0007159,O003507,P0045,2
OI0007160,O003507,P0084,1
OI0007161,O003508,P0201,1
OI0007162,O003508,P0130,2
OI0007163,O003509,P0089,2
OI0007164,O003509,P0208,2
OI0007165,O003510,P0094,1
OI0007166,O003510,P0198,1
OI0007167,O003510,P0005,1
OI0007168,O003511,P0267,3
OI0007169,O003511,P0092,2
OI0007170,O003512,P0276,1
OI0007171,O003512,P0051,1
OI0007172,O003512,P0113,3
OI0007173,O003513,P0078,1
OI0007174,O003513,P0198,2
OI0007175,O003514,P0151,1
OI0007176,O003514,P0242,2
OI0007177,O003515,P0188,1
OI0007178,O003515,P0167,1
OI0007179,O003515,P0132,1
OI0007180,O003516,P0154,1
OI0007181,O003516,P0291,1
OI0007182,O003517,P0073,1
OI0007183,O003517,P0089,2
OI0007184,O003517,P0108,1
OI0007185,O003518,P0038,1
OI0007186,O003519,P0270,1
OI0007187,O003519,P0300,1
OI0007188,O003520,P0279,1
OI0007189,O003520,P0182,1
OI0007190,O003520,P0271,1
OI0007191,O003521,P0204,1
OI0007192,O003521,P0026,1
OI0007193,O003522,P0079,2
OI0007194,O003522,P0031,1
OI0007195,O003522,P0117,1
OI0007196,O003522,P0263,1
OI0007197,O003523,P0268,3
OI0007198,O003523,P0160,2
OI0007199,O003524,P0130,2
OI0007200,O003525,P0036,1
OI0007201,O003525,P0169,1
OI0007202,O003525,P0137,3
OI0007203,O003525,P0105,1
OI0007204,O003526,P0214,1
OI0007205,O003526,P0150,1
OI0007206,O003527,P0241,1
OI0007207,O003528,P0282,1
OI0007208,O003529,P0173,1
OI0007209,O003529,P0252,2
OI0007210,O003530,P0230,1
OI0007211,O003530,P0235,2
OI0007212,O003531,P0006,1
OI0007213,O003531,P0083,1
OI0007214,O003532,P0145,1
OI0007215,O003532,P0191,2
OI0007216,O003533,P0156,1
OI0007217,O003533,P0112,1
OI0007218,O003534,P0268,2
OI0007219,O003534,P0033,2
OI0007220,O003534,P0245,1
OI0007221,O003535,P0208,1
OI0007222,O003535,P0258,2
OI0007223,O003536,P0019,1
OI0007224,O003536,P0153,1
OI0007225,O003536,P0214,1
OI0007226,O003536,P0270,2
OI0007227,O003537,P0272,1
OI0007228,O003537,P0037,1
OI0007229,O003538,P0130,1
OI0007230,O003538,P0253,1
OI0007231,O003539,P0161,2
OI0007232,O003539,P0122,2
OI0007233,O003539,P0153,3
OI0007234,O003540,P0096,3
OI0007235,O003541,P0266,1
OI0007236,O003541,P0166,1
OI0007237,O003542,P0004,1
OI0007238,O003543,P0107,1
OI0007239,O003544,P0092,1
OI0007240,O003544,P0126,2
OI0007241,O003544,P0042,1
OI0007242,O003545,P0059,1
OI0007243,O003546,P0294,1
OI0007244,O003546,P0081,1
OI0007245,O003547,P0045,2
OI0007246,O003547,P0160,1
OI0007247,O003548,P0251,1
OI0007248,O003549,P0073,1
OI0007249,O003549,P0197,1
OI0007250,O003550,P0024,1
OI0007251,O003551,P0158,1
OI0007252,O003551,P0104,1
OI0007253,O003551,P0263,1
OI0007254,O003552,P0056,1
OI0007255,O003553,P0020,1
OI0007256,O003554,P0010,1
OI0007257,O003554,P0194,3
OI0007258,O003554,P0264,1
OI0007259,O003554,P0062,3
OI0007260,O003555,P0202,1
OI0007261,O003555,P0130,2
OI0007262,O003556,P0243,3
OI0007263,O003556,P0293,1
OI0007264,O003556,P0126,1
OI0007265,O003557,P0072,1
OI0007266,O003558,P0268,1
OI0007267,O003559,P0125,3
OI0007268,O003559,P0232,1
OI0007269,O003559,P0024,1
OI0007270,O003559,P0171,2
OI0007271,O003560,P0086,1
OI0007272,O003560,P0029,1
OI0007273,O003561,P0010,1
OI0007274,O003561,P0002,2
OI0007275,O003561,P0075,1
OI0007276,O003562,P0204,2
OI0007277,O003562,P0275,1
OI0007278,O003562,P0045,1
OI0007279,O003562,P0248,1
OI0007280,O003563,P0056,1
OI0007281,O003564,P0094,1
OI0007282,O003565,P0002,2
OI0007283,O003566,P0178,1
OI0007284,O003566,P0031,1
OI0007285,O003566,P0073,2
OI0007286,O003567,P0048,1
OI0007287,O003568,P0109,2
OI0007288,O003568,P0156,1
OI0007289,O003568,P0248,2
OI0007290,O003568,P0080,1
OI0007291,O003569,P0265,3
OI0007292,O003569,P0172,1
OI0007293,O003569,P0134,1
OI0007294,O003569,P0035,1
OI0007295,O003570,P0057,1
OI0007296,O003570,P0011,1
OI0007297,O003571,P0149,1
OI0007298,O003572,P0234,1
OI0007299,O003572,P0260,1
OI0007300,O003572,P0013,1
OI0007301,O003572,P0162,1
OI0007302,O003573,P0106,2
OI0007303,O003573,P0115,2
OI0007304,O003573,P0122,1
OI0007305,O003574,P0165,1
OI0007306,O003574,P0261,2
OI0007307,O003574,P0061,1
OI0007308,O003575,P0052,1
OI0007309,O003576,P0052,1
OI0007310,O003576,P0096,1
OI0007311,O003576,P0176,1
OI0007312,O003577,P0161,1
OI0007313,O003578,P0247,3
OI0007314,O003578,P0096,1
OI0007315,O003579,P0128,1
OI0007316,O003579,P0119,3
OI0007317,O003580,P0057,3
OI0007318,O003580,P0201,1
OI0007319,O003580,P0191,1
OI0007320,O003581,P0124,1
OI0007321,O003581,P0018,1
OI0007322,O003581,P0214,2
OI0007323,O003582,P0166,1
OI0007324,O003582,P0199,1
OI0007325,O003583,P0241,1
OI0007326,O003583,P0247,3
OI0007327,O003583,P0044,1
OI0007328,O003584,P0104,1
OI0007329,O003585,P0050,1
OI0007330,O003585,P0130,1
OI0007331,O003585,P0210,1
OI0007332,O003586,P0258,1
OI0007333,O003586,P0224,1
OI0007334,O003586,P0156,1
OI0007335,O003587,P0011,1
OI0007336,O003587,P0031,1
OI0007337,O003587,P0087,2
OI0007338,O003588,P0184,1
OI0007339,O003588,P0095,1
OI0007340,O003588,P0136,1
OI0007341,O003588,P0126,3
OI0007342,O003589,P0201,2
OI0007343,O003589,P0108,1
OI0007344,O003590,P0255,2
OI0007345,O003590,P0081,2
OI0007346,O003590,P0121,1
OI0007347,O003591,P0205,1
OI0007348,O003591,P0120,1
OI0007349,O003592,P0294,3
OI0007350,O003593,P0046,1
OI0007351,O003594,P0257,2
OI0007352,O003595,P0145,1
OI0007353,O003595,P0178,1
OI0007354,O003595,P0181,1
OI0007355,O003596,P0222,1
OI0007356,O003596,P0147,2
OI0007357,O003596,P0016,3
OI0007358,O003596,P0277,3
OI0007359,O003597,P0072,1
OI0007360,O003597,P0169,2
OI0007361,O003597,P0296,1
OI0007362,O003598,P0108,1
OI0007363,O003598,P0024,3
OI0007364,O003599,P0052,1
OI0007365,O003599,P0082,1
OI0007366,O003599,P0209,1
OI0007367,O003599,P0152,3
OI0007368,O003600,P0113,1
OI0007369,O003600,P0018,1
OI0007370,O003601,P0032,2
OI0007371,O003602,P0013,1
OI0007372,O003602,P0011,1
OI0007373,O003602,P0012,1
OI0007374,O003603,P0004,2
OI0007375,O003603,P0031,1
OI0007376,O003604,P0272,1
OI0007377,O003604,P0031,2
OI0007378,O003605,P0290,1
OI0007379,O003605,P0242,1
OI0007380,O003606,P0241,1
OI0007381,O003607,P0136,3
OI0007382,O003607,P0023,1
OI0007383,O003608,P0283,1
OI0007384,O003608,P0024,1
OI0007385,O003609,P0207,2
OI0007386,O003610,P0028,1
OI0007387,O003610,P0216,1
OI0007388,O003610,P0116,1
OI0007389,O003610,P0089,1
OI0007390,O003611,P0219,1
OI0007391,O003612,P0120,1
OI0007392,O003613,P0146,3
OI0007393,O003613,P0119,3
OI0007394,O003614,P0038,2
OI0007395,O003614,P0035,2
OI0007396,O003614,P0190,1
OI0007397,O003615,P0266,2
OI0007398,O003615,P0019,1
OI0007399,O003616,P0151,2
OI0007400,O003617,P0216,1
OI0007401,O003617,P0082,1
OI0007402,O003617,P0141,2
OI0007403,O003617,P0104,1
OI0007404,O003618,P0190,1
OI0007405,O003618,P0095,1
OI0007406,O003618,P0283,1
OI0007407,O003619,P0055,1
OI0007408,O003620,P0241,3
OI0007409,O003620,P0047,1
OI0007410,O003621,P0063,2
OI0007411,O003622,P0176,1
OI0007412,O003622,P0213,1
OI0007413,O003622,P0262,1
OI0007414,O003623,P0284,1
OI0007415,O003623,P0214,3
OI0007416,O003624,P0300,3
OI0007417,O003624,P0012,1
OI0007418,O003625,P0252,1
OI0007419,O003625,P0148,2
OI0007420,O003626,P0076,1
OI0007421,O003626,P0046,1
OI0007422,O003627,P0188,1
OI0007423,O003628,P0086,1
OI0007424,O003628,P0203,1
OI0007425,O003629,P0101,1
OI0007426,O003629,P0159,1
OI0007427,O003630,P0168,1
OI0007428,O003631,P0243,1
OI0007429,O003631,P0230,1
OI0007430,O003631,P0131,2
OI0007431,O003632,P0173,1
OI0007432,O003632,P0239,1
OI0007433,O003633,P0258,1
OI0007434,O003633,P0160,1
OI0007435,O003634,P0034,1
OI0007436,O003634,P0057,1
OI0007437,O003635,P0125,1
OI0007438,O003635,P0196,2
OI0007439,O003635,P0232,1
OI0007440,O003636,P0275,1
OI0007441,O003637,P0251,1
OI0007442,O003637,P0195,1
OI0007443,O003637,P0074,1
OI0007444,O003638,P0287,2
OI0007445,O003639,P0281,1
OI0007446,O003639,P0100,2
OI0007447,O003639,P0076,1
OI0007448,O003640,P0290,1
OI0007449,O003640,P0023,1
OI0007450,O003640,P0278,1
OI0007451,O003641,P0255,1
OI0007452,O003641,P0075,2
OI0007453,O003642,P0134,2
OI0007454,O003643,P0071,1
OI0007455,O003644,P0098,1
OI0007456,O003644,P0013,1
OI0007457,O003645,P0090,1
OI0007458,O003646,P0208,1
OI0007459,O003646,P0241,1
OI0007460,O003646,P0251,1
OI0007461,O003647,P0257,1
OI0007462,O003648,P0239,1
OI0007463,O003649,P0099,1
OI0007464,O003650,P0164,2
OI0007465,O003651,P0002,1
OI0007466,O003652,P0128,1
OI0007467,O003653,P0147,2
OI0007468,O003653,P0160,1
OI0007469,O003654,P0129,1
OI0007470,O003654,P0267,1
OI0007471,O003654,P0290,2
OI0007472,O003654,P0170,3
OI0007473,O003655,P0060,1
OI0007474,O003655,P0050,1
OI0007475,O003656,P0016,2
OI0007476,O003657,P0245,3
OI0007477,O003658,P0163,2
OI0007478,O003659,P0024,2
OI0007479,O003659,P0298,1
OI0007480,O003659,P0074,2
OI0007481,O003659,P0269,1
OI0007482,O003660,P0298,1
OI0007483,O003660,P0115,1
OI0007484,O003661,P0213,1
OI0007485,O003661,P0212,1
OI0007486,O003662,P0043,3
OI0007487,O003662,P0232,2
OI0007488,O003663,P0116,1
OI0007489,O003663,P0078,1
OI0007490,O003663,P0238,1
OI0007491,O003664,P0077,1
OI0007492,O003664,P0265,1
OI0007493,O003665,P0176,1
OI0007494,O003665,P0043,1
OI0007495,O003665,P0244,1
OI0007496,O003665,P0078,1
OI0007497,O003666,P0243,1
OI0007498,O003666,P0061,1
OI0007499,O003667,P0271,1
OI0007500,O003667,P0224,2
OI0007501,O003667,P0032,2
OI0007502,O003668,P0276,2
OI0007503,O003668,P0108,1
OI0007504,O003669,P0011,3
OI0007505,O003670,P0185,3
OI0007506,O003671,P0150,2
OI0007507,O003671,P0041,2
OI0007508,O003672,P0213,2
OI0007509,O003672,P0215,1
OI0007510,O003672,P0154,2
OI0007511,O003672,P0064,3
OI0007512,O003673,P0288,2
OI0007513,O003673,P0153,2
OI0007514,O003673,P0109,1
OI0007515,O003674,P0242,1
OI0007516,O003675,P0059,1
OI0007517,O003675,P0120,1
OI0007518,O003676,P0142,1
OI0007519,O003677,P0166,1
OI0007520,O003677,P0020,2
OI0007521,O003677,P0044,2
OI0007522,O003677,P0292,3
OI0007523,O003678,P0108,2
OI0007524,O003678,P0209,1
OI0007525,O003679,P0222,3
OI0007526,O003679,P0101,1
OI0007527,O003679,P0150,1
OI0007528,O003680,P0292,1
OI0007529,O003681,P0080,3
OI0007530,O003682,P0021,1
OI0007531,O003682,P0019,1
OI0007532,O003683,P0214,2
OI0007533,O003683,P0069,1
OI0007534,O003684,P0050,1
OI0007535,O003684,P0081,1
OI0007536,O003685,P0203,1
OI0007537,O003686,P0074,1
OI0007538,O003687,P0299,2
OI0007539,O003688,P0039,1
OI0007540,O003688,P0090,2
OI0007541,O003688,P0075,1
OI0007542,O003689,P0126,1
OI0007543,O003689,P0265,1
OI0007544,O003690,P0144,3
OI0007545,O003691,P0090,2
OI0007546,O003691,P0027,1
OI0007547,O003691,P0294,1
OI0007548,O003691,P0121,1
OI0007549,O003692,P0046,1
OI0007550,O003693,P0088,1
OI0007551,O003693,P0246,1
OI0007552,O003694,P0231,1
OI0007553,O003694,P0173,1
OI0007554,O003695,P0019,1
OI0007555,O003696,P0290,3
OI0007556,O003697,P0095,3
OI0007557,O003698,P0023,1
OI0007558,O003698,P0078,1
OI0007559,O003699,P0089,1
OI0007560,O003700,P0162,2
OI0007561,O003700,P0019,1
OI0007562,O003701,P0271,1
OI0007563,O003701,P0004,1
OI0007564,O003702,P0090,3
OI0007565,O003703,P0166,1
OI0007566,O003703,P0126,1
OI0007567,O003703,P0063,1
OI0007568,O003703,P0254,2
OI0007569,O003704,P0133,1
OI0007570,O003704,P0006,2
OI0007571,O003705,P0142,1
OI0007572,O003706,P0096,1
OI0007573,O003706,P0028,1
OI0007574,O003707,P0210,1
OI0007575,O003708,P0097,1
OI0007576,O003708,P0208,1
OI0007577,O003709,P0138,3
OI0007578,O003710,P0246,1
OI0007579,O003710,P0190,2
OI0007580,O003710,P0093,1
OI0007581,O003711,P0071,1
OI0007582,O003712,P0233,1
OI0007583,O003713,P0044,1
OI0007584,O003713,P0017,1
OI0007585,O003714,P0115,3
OI0007586,O003714,P0190,1
OI0007587,O003714,P0020,1
OI0007588,O003715,P0029,1
OI0007589,O003715,P0087,2
OI0007590,O003716,P0192,1
OI0007591,O003717,P0291,2
OI0007592,O003717,P0251,1
OI0007593,O003717,P0019,2
OI0007594,O003717,P0100,1
OI0007595,O003718,P0235,2
OI0007596,O003719,P0262,1
OI0007597,O003720,P0084,1
OI0007598,O003720,P0184,1
OI0007599,O003720,P0254,1
OI0007600,O003721,P0159,1
OI0007601,O003722,P0074,1
OI0007602,O003722,P0129,1
OI0007603,O003723,P0071,1
OI0007604,O003724,P0165,2
OI0007605,O003724,P0073,1
OI0007606,O003724,P0001,1
OI0007607,O003724,P0022,1
OI0007608,O003725,P0252,1
OI0007609,O003725,P0134,1
OI0007610,O003725,P0139,2
OI0007611,O003726,P0048,1
OI0007612,O003727,P0293,2
OI0007613,O003727,P0098,2
OI0007614,O003727,P0099,1
OI0007615,O003728,P0160,1
OI0007616,O003729,P0191,1
OI0007617,O003729,P0040,1
OI0007618,O003730,P0029,2
OI0007619,O003730,P0283,1
OI0007620,O003731,P0300,1
OI0007621,O003732,P0136,1
OI0007622,O003733,P0103,1
OI0007623,O003734,P0262,3
OI0007624,O003734,P0126,1
OI0007625,O003735,P0170,1
OI0007626,O003736,P0053,1
OI0007627,O003736,P0178,3
OI0007628,O003736,P0299,3
OI0007629,O003737,P0271,1
OI0007630,O003737,P0132,3
OI0007631,O003738,P0256,1
OI0007632,O003738,P0025,2
OI0007633,O003739,P0070,1
OI0007634,O003739,P0145,1
OI0007635,O003740,P0056,1
OI0007636,O003740,P0286,1
OI0007637,O003740,P0283,1
OI0007638,O003741,P0190,1
OI0007639,O003742,P0180,3
OI0007640,O003742,P0182,1
OI0007641,O003742,P0189,1
OI0007642,O003743,P0184,1
OI0007643,O003743,P0119,1
OI0007644,O003744,P0016,1
OI0007645,O003744,P0007,2
OI0007646,O003745,P0076,1
OI0007647,O003745,P0244,1
OI0007648,O003746,P0086,1
OI0007649,O003747,P0094,1
OI0007650,O003748,P0224,1
OI0007651,O003749,P0010,2
OI0007652,O003749,P0018,2
OI0007653,O003749,P0073,2
OI0007654,O003750,P0284,1
OI0007655,O003750,P0173,1
OI0007656,O003751,P0241,2
OI0007657,O003751,P0104,2
OI0007658,O003751,P0270,2
OI0007659,O003752,P0060,1
OI0007660,O003752,P0157,1
OI0007661,O003753,P0079,1
OI0007662,O003753,P0185,1
OI0007663,O003754,P0263,2
OI0007664,O003754,P0083,1
OI0007665,O003754,P0026,1
OI0007666,O003754,P0267,1
OI0007667,O003755,P0014,1
OI0007668,O003755,P0133,2
OI0007669,O003756,P0185,3
OI0007670,O003757,P0208,2
OI0007671,O003757,P0074,1
OI0007672,O003757,P0237,1
OI0007673,O003758,P0244,1
OI0007674,O003758,P0163,1
OI0007675,O003758,P0160,2
OI0007676,O003759,P0147,1
OI0007677,O003759,P0099,1
OI0007678,O003760,P0041,1
OI0007679,O003761,P0227,1
OI0007680,O003761,P0028,2
OI0007681,O003762,P0170,1
OI0007682,O003762,P0153,1
OI0007683,O003763,P0139,1
OI0007684,O003763,P0201,2
OI0007685,O003764,P0110,1
OI0007686,O003764,P0149,1
OI0007687,O003764,P0283,1
OI0007688,O003764,P0233,2
OI0007689,O003765,P0228,1
OI0007690,O003765,P0037,3
OI0007691,O003765,P0258,1
OI0007692,O003766,P0071,1
OI0007693,O003767,P0037,1
OI0007694,O003768,P0046,1
OI0007695,O003768,P0283,2
OI0007696,O003769,P0102,1
OI0007697,O003769,P0290,1
OI0007698,O003770,P0039,1
OI0007699,O003770,P0173,1
OI0007700,O003771,P0235,1
OI0007701,O003771,P0237,3
OI0007702,O003771,P0221,1
OI0007703,O003771,P0070,1
OI0007704,O003772,P0094,1
OI0007705,O003772,P0030,1
OI0007706,O003773,P0069,1
OI0007707,O003773,P0274,1
OI0007708,O003773,P0300,3
OI0007709,O003773,P0295,1
OI0007710,O003774,P0180,1
OI0007711,O003775,P0249,1
OI0007712,O003776,P0227,3
OI0007713,O003776,P0095,1
OI0007714,O003776,P0013,1
OI0007715,O003777,P0169,1
OI0007716,O003778,P0021,1
OI0007717,O003779,P0130,2
OI0007718,O003780,P0027,2
OI0007719,O003780,P0188,1
OI0007720,O003780,P0064,1
OI0007721,O003781,P0095,1
OI0007722,O003782,P0064,1
OI0007723,O003782,P0151,2
OI0007724,O003783,P0242,1
OI0007725,O003783,P0114,1
OI0007726,O003784,P0237,1
OI0007727,O003784,P0211,1
OI0007728,O003785,P0030,1
OI0007729,O003786,P0218,1
OI0007730,O003787,P0298,1
OI0007731,O003787,P0183,1
OI0007732,O003788,P0283,1
OI0007733,O003788,P0161,1
OI0007734,O003789,P0050,3
OI0007735,O003790,P0049,1
OI0007736,O003790,P0041,1
OI0007737,O003790,P0165,1
OI0007738,O003790,P0098,2
OI0007739,O003791,P0130,2
OI0007740,O003792,P0158,1
OI0007741,O003793,P0247,1
OI0007742,O003794,P0128,1
OI0007743,O003794,P0237,2
OI0007744,O003795,P0196,2
OI0007745,O003796,P0219,2
OI0007746,O003796,P0231,1
OI0007747,O003797,P0064,1
OI0007748,O003797,P0130,1
OI0007749,O003798,P0158,1
OI0007750,O003798,P0273,1
OI0007751,O003798,P0039,1
OI0007752,O003799,P0163,2
OI0007753,O003799,P0297,2
OI0007754,O003800,P0017,3
OI0007755,O003800,P0267,1
OI0007756,O003800,P0193,1
OI0007757,O003801,P0198,1
OI0007758,O003802,P0164,1
OI0007759,O003802,P0198,1
OI0007760,O003802,P0298,2
OI0007761,O003803,P0300,1
OI0007762,O003803,P0198,1
OI0007763,O003803,P0103,1
OI0007764,O003804,P0226,2
OI0007765,O003805,P0207,2
OI0007766,O003805,P0147,1
OI0007767,O003805,P0110,1
OI0007768,O003805,P0104,1
OI0007769,O003806,P0022,2
OI0007770,O003807,P0055,1
OI0007771,O003807,P0018,1
OI0007772,O003808,P0269,1
OI0007773,O003808,P0197,1
OI0007774,O003808,P0177,1
OI0007775,O003808,P0142,1
OI0007776,O003809,P0266,2
OI0007777,O003809,P0137,2
OI0007778,O003809,P0184,3
OI0007779,O003809,P0224,2
OI0007780,O003810,P0119,1
OI0007781,O003811,P0147,2
OI0007782,O003812,P0180,1
OI0007783,O003813,P0210,1
OI0007784,O003814,P0142,1
OI0007785,O003815,P0006,3
OI0007786,O003816,P0069,1
OI0007787,O003816,P0162,3
OI0007788,O003816,P0210,1
OI0007789,O003816,P0267,1
OI0007790,O003817,P0225,1
OI0007791,O003817,P0103,1
OI0007792,O003817,P0029,1
OI0007793,O003818,P0003,2
OI0007794,O003818,P0145,2
OI0007795,O003819,P0293,1
OI0007796,O003819,P0281,2
OI0007797,O003819,P0005,3
OI0007798,O003819,P0040,1
OI0007799,O003820,P0222,2
OI0007800,O003820,P0148,3
OI0007801,O003821,P0202,1
OI0007802,O003822,P0262,1
OI0007803,O003822,P0150,1
OI0007804,O003823,P0282,1
OI0007805,O003823,P0132,2
OI0007806,O003823,P0269,1
OI0007807,O003824,P0115,3
OI0007808,O003825,P0281,1
OI0007809,O003825,P0072,2
OI0007810,O003825,P0093,1
OI0007811,O003826,P0046,2
OI0007812,O003827,P0265,2
OI0007813,O003828,P0008,2
OI0007814,O003828,P0082,1
OI0007815,O003829,P0068,1
OI0007816,O003829,P0129,1
OI0007817,O003830,P0162,2
OI0007818,O003830,P0201,2
OI0007819,O003831,P0293,1
OI0007820,O003831,P0116,1
OI0007821,O003831,P0101,3
OI0007822,O003831,P0281,2
OI0007823,O003832,P0182,1
OI0007824,O003832,P0159,2
OI0007825,O003833,P0020,1
OI0007826,O003833,P0215,1
OI0007827,O003833,P0034,1
OI0007828,O003834,P0056,1
OI0007829,O003834,P0170,1
OI0007830,O003834,P0172,1
OI0007831,O003835,P0280,2
OI0007832,O003835,P0237,1
OI0007833,O003835,P0152,1
OI0007834,O003835,P0003,1
OI0007835,O003836,P0047,1
OI0007836,O003836,P0100,3
OI0007837,O003836,P0126,1
OI0007838,O003836,P0061,1
OI0007839,O003837,P0073,1
OI0007840,O003837,P0212,1
OI0007841,O003837,P0179,3
OI0007842,O003837,P0045,1
OI0007843,O003838,P0090,1
OI0007844,O003839,P0037,1
OI0007845,O003839,P0138,1
OI0007846,O003839,P0010,1
OI0007847,O003839,P0228,1
OI0007848,O003840,P0035,1
OI0007849,O003840,P0205,1
OI0007850,O003841,P0080,1
OI0007851,O003841,P0247,3
OI0007852,O003841,P0199,1
OI0007853,O003842,P0011,1
OI0007854,O003843,P0082,1
OI0007855,O003843,P0157,2
OI0007856,O003843,P0145,1
OI0007857,O003843,P0128,1
OI0007858,O003844,P0086,2
OI0007859,O003845,P0133,1
OI0007860,O003845,P0180,1
OI0007861,O003845,P0211,1
OI0007862,O003846,P0200,1
OI0007863,O003846,P0235,1
OI0007864,O003846,P0222,1
OI0007865,O003847,P0167,2
OI0007866,O003848,P0016,1
OI0007867,O003848,P0244,1
OI0007868,O003849,P0062,1
OI0007869,O003849,P0053,1
OI0007870,O003849,P0048,2
OI0007871,O003850,P0056,1
OI0007872,O003850,P0123,1
OI0007873,O003850,P0267,1
OI0007874,O003850,P0271,1
OI0007875,O003851,P0194,1
OI0007876,O003852,P0013,1
OI0007877,O003852,P0183,1
OI0007878,O003852,P0299,2
OI0007879,O003853,P0200,1
OI0007880,O003853,P0087,2
OI0007881,O003854,P0200,1
OI0007882,O003854,P0234,1
OI0007883,O003854,P0154,2
OI0007884,O003854,P0240,2
OI0007885,O003855,P0153,1
OI0007886,O003856,P0195,1
OI0007887,O003856,P0082,2
OI0007888,O003857,P0176,1
OI0007889,O003857,P0021,1
OI0007890,O003857,P0298,1
OI0007891,O003858,P0165,3
OI0007892,O003859,P0228,1
OI0007893,O003859,P0067,1
OI0007894,O003860,P0201,1
OI0007895,O003860,P0215,1
OI0007896,O003861,P0156,2
OI0007897,O003861,P0135,3
OI0007898,O003861,P0189,1
OI0007899,O003862,P0186,1
OI0007900,O003863,P0168,2
OI0007901,O003863,P0244,1
OI0007902,O003864,P0284,1
OI0007903,O003864,P0055,2
OI0007904,O003864,P0223,1
OI0007905,O003865,P0236,1
OI0007906,O003865,P0104,2
OI0007907,O003865,P0203,1
OI0007908,O003866,P0120,1
OI0007909,O003866,P0218,1
OI0007910,O003867,P0071,3
OI0007911,O003867,P0169,1
OI0007912,O003867,P0075,1
OI0007913,O003867,P0088,3
OI0007914,O003868,P0080,1
OI0007915,O003869,P0080,2
OI0007916,O003869,P0039,1
OI0007917,O003869,P0177,1
OI0007918,O003870,P0139,1
OI0007919,O003870,P0202,1
OI0007920,O003871,P0259,1
OI0007921,O003871,P0079,1
OI0007922,O003871,P0172,2
OI0007923,O003872,P0083,1
OI0007924,O003872,P0084,2
OI0007925,O003873,P0240,1
OI0007926,O003873,P0296,1
OI0007927,O003873,P0071,1
OI0007928,O003874,P0157,1
OI0007929,O003875,P0216,1
OI0007930,O003875,P0013,1
OI0007931,O003875,P0096,1
OI0007932,O003876,P0189,1
OI0007933,O003876,P0257,1
OI0007934,O003876,P0039,1
OI0007935,O003877,P0053,2
OI0007936,O003878,P0085,2
OI0007937,O003878,P0178,1
OI0007938,O003878,P0055,2
OI0007939,O003878,P0234,1
OI0007940,O003879,P0127,1
OI0007941,O003879,P0041,1
OI0007942,O003879,P0290,2
OI0007943,O003879,P0005,1
OI0007944,O003880,P0208,1
OI0007945,O003880,P0146,1
OI0007946,O003881,P0187,1
OI0007947,O003882,P0149,1
OI0007948,O003882,P0240,2
OI0007949,O003882,P0071,1
OI0007950,O003883,P0198,2
OI0007951,O003883,P0262,1
OI0007952,O003884,P0019,1
OI0007953,O003884,P0228,1
OI0007954,O003884,P0079,2
OI0007955,O003885,P0067,3
OI0007956,O003885,P0270,1
OI0007957,O003886,P0121,1
OI0007958,O003886,P0287,1
OI0007959,O003887,P0262,1
OI0007960,O003887,P0077,1
OI0007961,O003887,P0269,1
OI0007962,O003887,P0056,1
OI0007963,O003888,P0152,3
OI0007964,O003889,P0273,1
OI0007965,O003890,P0298,2
OI0007966,O003890,P0080,2
OI0007967,O003890,P0201,1
OI0007968,O003891,P0243,2
OI0007969,O003891,P0192,1
OI0007970,O003891,P0116,2
OI0007971,O003892,P0078,1
OI0007972,O003893,P0230,1
OI0007973,O003894,P0104,1
OI0007974,O003894,P0228,2
OI0007975,O003894,P0172,1
OI0007976,O003894,P0135,1
OI0007977,O003895,P0031,3
OI0007978,O003895,P0211,2
OI0007979,O003895,P0271,1
OI0007980,O003895,P0133,1
OI0007981,O003896,P0105,1
OI0007982,O003896,P0259,1
OI0007983,O003897,P0222,1
OI0007984,O003897,P0228,2
OI0007985,O003898,P0207,1
OI0007986,O003898,P0026,1
OI0007987,O003898,P0095,1
OI0007988,O003899,P0218,1
OI0007989,O003900,P0008,1
OI0007990,O003900,P0267,1
OI0007991,O003900,P0166,1
OI0007992,O003901,P0192,1
OI0007993,O003901,P0126,2
OI0007994,O003902,P0090,1
OI0007995,O003902,P0062,1
OI0007996,O003902,P0045,2
OI0007997,O003902,P0287,1
OI0007998,O003903,P0091,2
OI0007999,O003904,P0222,1
OI0008000,O003904,P0243,1
OI0008001,O003904,P0144,1
OI0008002,O003905,P0043,1
OI0008003,O003905,P0146,1
OI0008004,O003906,P0299,2
OI0008005,O003906,P0122,2
OI0008006,O003906,P0242,2
OI0008007,O003906,P0236,2
OI0008008,O003907,P0188,1
OI0008009,O003908,P0190,1
OI0008010,O003908,P0212,1
OI0008011,O003908,P0298,1
OI0008012,O003908,P0091,1
OI0008013,O003909,P0081,1
OI0008014,O003910,P0227,1
OI0008015,O003910,P0207,1
OI0008016,O003910,P0196,3
OI0008017,O003911,P0255,3
OI0008018,O003911,P0009,2
OI0008019,O003911,P0212,1
OI0008020,O003912,P0160,1
OI0008021,O003912,P0007,2
OI0008022,O003913,P0107,1
OI0008023,O003913,P0001,1
OI0008024,O003914,P0263,1
OI0008025,O003914,P0094,1
OI0008026,O003914,P0220,1
OI0008027,O003915,P0037,3
OI0008028,O003915,P0288,1
OI0008029,O003916,P0025,1
OI0008030,O003916,P0065,1
OI0008031,O003917,P0252,1
OI0008032,O003917,P0021,1
OI0008033,O003918,P0225,1
OI0008034,O003918,P0265,1
OI0008035,O003918,P0016,1
OI0008036,O003918,P0275,2
OI0008037,O003919,P0283,1
OI0008038,O003920,P0035,2
OI0008039,O003921,P0266,2
OI0008040,O003921,P0068,3
OI0008041,O003921,P0165,1
OI0008042,O003921,P0187,2
OI0008043,O003922,P0191,1
OI0008044,O003922,P0103,1
OI0008045,O003922,P0138,3
OI0008046,O003922,P0182,1
OI0008047,O003923,P0134,1
OI0008048,O003924,P0008,1
OI0008049,O003924,P0247,1
OI0008050,O003925,P0279,1
OI0008051,O003925,P0106,1
OI0008052,O003926,P0104,2
OI0008053,O003927,P0191,2
OI0008054,O003928,P0275,1
OI0008055,O003928,P0254,1
OI0008056,O003928,P0224,1
OI0008057,O003928,P0213,3
OI0008058,O003929,P0096,1
OI0008059,O003930,P0111,1
OI0008060,O003930,P0273,2
OI0008061,O003931,P0095,1
OI0008062,O003932,P0127,1
OI0008063,O003932,P0099,1
OI0008064,O003932,P0289,1
OI0008065,O003932,P0242,1
OI0008066,O003933,P0213,1
OI0008067,O003933,P0111,1
OI0008068,O003933,P0228,1
OI0008069,O003934,P0074,1
OI0008070,O003934,P0235,1
OI0008071,O003934,P0023,2
OI0008072,O003935,P0021,1
OI0008073,O003935,P0143,2
OI0008074,O003936,P0076,1
OI0008075,O003936,P0003,1
OI0008076,O003937,P0208,2
OI0008077,O003937,P0297,1
OI0008078,O003938,P0183,1
OI0008079,O003939,P0198,1
OI0008080,O003940,P0214,1
OI0008081,O003941,P0106,1
OI0008082,O003942,P0075,1
OI0008083,O003942,P0213,1
OI0008084,O003943,P0168,1
OI0008085,O003943,P0100,1
OI0008086,O003944,P0123,1
OI0008087,O003944,P0236,1
OI0008088,O003944,P0047,2
OI0008089,O003944,P0130,1
OI0008090,O003945,P0123,1
OI0008091,O003945,P0236,1
OI0008092,O003946,P0162,1
OI0008093,O003946,P0138,1
OI0008094,O003947,P0022,1
OI0008095,O003947,P0058,1
OI0008096,O003948,P0252,2
OI0008097,O003949,P0087,1
OI0008098,O003949,P0004,1
OI0008099,O003950,P0146,1
OI0008100,O003951,P0072,2
OI0008101,O003951,P0065,1
OI0008102,O003952,P0071,1
OI0008103,O003953,P0268,1
OI0008104,O003953,P0133,1
OI0008105,O003953,P0007,1
OI0008106,O003954,P0193,2
OI0008107,O003954,P0253,1
OI0008108,O003955,P0185,1
OI0008109,O003955,P0290,1
OI0008110,O003955,P0153,1
OI0008111,O003956,P0097,1
OI0008112,O003956,P0001,1
OI0008113,O003957,P0142,3
OI0008114,O003957,P0016,1
OI0008115,O003958,P0048,1
OI0008116,O003958,P0293,1
OI0008117,O003958,P0082,3
OI0008118,O003959,P0044,2
OI0008119,O003959,P0075,2
OI0008120,O003960,P0163,1
OI0008121,O003961,P0242,1
OI0008122,O003961,P0074,1
OI0008123,O003962,P0040,2
OI0008124,O003962,P0063,1
OI0008125,O003962,P0286,1
OI0008126,O003962,P0269,1
OI0008127,O003963,P0300,1
OI0008128,O003964,P0104,1
OI0008129,O003965,P0130,2
OI0008130,O003965,P0057,1
OI0008131,O003966,P0124,1
OI0008132,O003966,P0158,1
OI0008133,O003967,P0229,1
OI0008134,O003968,P0160,1
OI0008135,O003968,P0046,2
OI0008136,O003969,P0049,1
OI0008137,O003970,P0017,1
OI0008138,O003970,P0007,1
OI0008139,O003971,P0094,2
OI0008140,O003971,P0032,1
OI0008141,O003972,P0067,1
OI0008142,O003973,P0116,1
OI0008143,O003973,P0058,1
OI0008144,O003973,P0127,1
OI0008145,O003973,P0166,1
OI0008146,O003974,P0225,1
OI0008147,O003974,P0216,3
OI0008148,O003975,P0160,1
OI0008149,O003976,P0125,1
OI0008150,O003977,P0263,1
OI0008151,O003978,P0130,1
OI0008152,O003978,P0075,1
OI0008153,O003979,P0239,3
OI0008154,O003980,P0220,1
OI0008155,O003981,P0288,1
OI0008156,O003981,P0242,1
OI0008157,O003982,P0221,1
OI0008158,O003982,P0165,1
OI0008159,O003982,P0026,1
OI0008160,O003982,P0100,2
OI0008161,O003983,P0126,1
OI0008162,O003984,P0148,1
OI0008163,O003984,P0098,1
OI0008164,O003984,P0287,1
OI0008165,O003985,P0268,1
OI0008166,O003985,P0199,1
OI0008167,O003986,P0184,1
OI0008168,O003987,P0142,1
OI0008169,O003987,P0235,1
OI0008170,O003988,P0277,3
OI0008171,O003988,P0146,1
OI0008172,O003988,P0154,1
OI0008173,O003988,P0083,1
OI0008174,O003989,P0205,2
OI0008175,O003990,P0144,1
OI0008176,O003990,P0149,1
OI0008177,O003990,P0007,2
OI0008178,O003991,P0166,2
OI0008179,O003992,P0281,1
OI0008180,O003992,P0032,1
OI0008181,O003992,P0211,1
OI0008182,O003993,P0043,2
OI0008183,O003993,P0118,1
OI0008184,O003994,P0064,1
OI0008185,O003994,P0091,2
OI0008186,O003994,P0270,1
OI0008187,O003995,P0197,1
OI0008188,O003996,P0020,1
OI0008189,O003996,P0184,1
OI0008190,O003997,P0182,1
OI0008191,O003997,P0081,1
OI0008192,O003998,P0157,1
OI0008193,O003998,P0072,1
OI0008194,O003998,P0186,1
OI0008195,O003999,P0076,3
OI0008196,O003999,P0085,1
OI0008197,O003999,P0108,2
OI0008198,O003999,P0250,3
OI0008199,O004000,P0014,1
OI0008200,O004000,P0069,1
OI0008201,O004000,P0243,1
OI0008202,O004001,P0231,1
OI0008203,O004001,P0141,1
OI0008204,O004001,P0063,2
OI0008205,O004001,P0087,1
OI0008206,O004002,P0178,1
OI0008207,O004003,P0049,1
OI0008208,O004004,P0058,1
OI0008209,O004005,P0094,1
OI0008210,O004005,P0113,1
OI0008211,O004006,P0168,2
OI0008212,O004006,P0072,2
OI0008213,O004007,P0174,2
OI0008214,O004007,P0099,2
OI0008215,O004008,P0256,1
OI0008216,O004008,P0154,1
OI0008217,O004009,P0287,1
OI0008218,O004010,P0056,1
OI0008219,O004011,P0162,2
OI0008220,O004011,P0133,2
OI0008221,O004012,P0157,1
OI0008222,O004013,P0239,1
OI0008223,O004013,P0220,1
OI0008224,O004014,P0288,1
OI0008225,O004014,P0243,1
OI0008226,O004015,P0299,2
OI0008227,O004015,P0086,1
OI0008228,O004016,P0284,1
OI0008229,O004016,P0115,1
OI0008230,O004017,P0233,1
OI0008231,O004017,P0106,1
OI0008232,O004018,P0177,2
OI0008233,O004019,P0104,1
OI0008234,O004020,P0268,1
OI0008235,O004020,P0178,2
OI0008236,O004020,P0243,1
OI0008237,O004021,P0287,1
OI0008238,O004021,P0099,1
OI0008239,O004021,P0078,1
OI0008240,O004021,P0225,1
OI0008241,O004022,P0048,1
OI0008242,O004022,P0042,1
OI0008243,O004022,P0063,1
OI0008244,O004023,P0071,1
OI0008245,O004023,P0205,1
OI0008246,O004023,P0257,1
OI0008247,O004024,P0090,1
OI0008248,O004024,P0140,1
OI0008249,O004024,P0228,2
OI0008250,O004024,P0141,3
OI0008251,O004025,P0120,1
OI0008252,O004025,P0006,1
OI0008253,O004026,P0260,1
OI0008254,O004026,P0119,1
OI0008255,O004027,P0057,2
OI0008256,O004027,P0158,1
OI0008257,O004027,P0118,1
OI0008258,O004028,P0029,1
OI0008259,O004029,P0059,1
OI0008260,O004030,P0211,1
OI0008261,O004031,P0082,1
OI0008262,O004031,P0293,1
OI0008263,O004032,P0293,1
OI0008264,O004032,P0260,1
OI0008265,O004033,P0219,1
OI0008266,O004033,P0216,3
OI0008267,O004033,P0210,1
OI0008268,O004033,P0030,2
OI0008269,O004034,P0194,2
OI0008270,O004034,P0286,1
OI0008271,O004034,P0045,1
OI0008272,O004035,P0025,1
OI0008273,O004035,P0285,1
OI0008274,O004035,P0087,1
OI0008275,O004036,P0269,1
OI0008276,O004036,P0201,3
OI0008277,O004037,P0020,1
OI0008278,O004038,P0047,1
OI0008279,O004038,P0145,1
OI0008280,O004039,P0030,3
OI0008281,O004039,P0289,1
OI0008282,O004040,P0204,1
OI0008283,O004040,P0049,1
OI0008284,O004041,P0078,2
OI0008285,O004042,P0074,1
OI0008286,O004042,P0192,1
OI0008287,O004042,P0076,1
OI0008288,O004043,P0230,1
OI0008289,O004044,P0060,1
OI0008290,O004045,P0059,1
OI0008291,O004045,P0164,1
OI0008292,O004046,P0060,1
OI0008293,O004046,P0086,1
OI0008294,O004047,P0271,1
OI0008295,O004048,P0275,1
OI0008296,O004048,P0250,1
OI0008297,O004049,P0103,2
OI0008298,O004049,P0137,1
OI0008299,O004049,P0144,2
OI0008300,O004050,P0089,3
OI0008301,O004051,P0202,3
OI0008302,O004051,P0022,1
OI0008303,O004051,P0136,1
OI0008304,O004052,P0152,1
OI0008305,O004053,P0245,2
OI0008306,O004053,P0199,1
OI0008307,O004053,P0005,1
OI0008308,O004053,P0122,1
OI0008309,O004054,P0264,1
OI0008310,O004055,P0139,1
OI0008311,O004056,P0132,1
OI0008312,O004056,P0107,1
OI0008313,O004056,P0175,1
OI0008314,O004057,P0110,1
OI0008315,O004057,P0119,1
OI0008316,O004058,P0204,2
OI0008317,O004058,P0068,2
OI0008318,O004058,P0049,1
OI0008319,O004059,P0173,2
OI0008320,O004059,P0071,1
OI0008321,O004059,P0237,1
OI0008322,O004060,P0274,1
OI0008323,O004060,P0258,1
OI0008324,O004061,P0223,1
OI0008325,O004061,P0043,3
OI0008326,O004061,P0102,1
OI0008327,O004062,P0142,1
OI0008328,O004062,P0043,1
OI0008329,O004063,P0199,1
OI0008330,O004063,P0163,1
OI0008331,O004064,P0133,1
OI0008332,O004065,P0207,2
OI0008333,O004065,P0091,1
OI0008334,O004065,P0194,1
OI0008335,O004066,P0217,2
OI0008336,O004066,P0112,1
OI0008337,O004067,P0049,1
OI0008338,O004067,P0090,1
OI0008339,O004068,P0180,3
OI0008340,O004068,P0030,2
OI0008341,O004068,P0065,2
OI0008342,O004069,P0158,2
OI0008343,O004069,P0224,1
OI0008344,O004070,P0038,1
OI0008345,O004070,P0209,2
OI0008346,O004071,P0040,1
OI0008347,O004072,P0116,1
OI0008348,O004072,P0134,1
OI0008349,O004072,P0020,2
OI0008350,O004072,P0026,1
OI0008351,O004073,P0178,2
OI0008352,O004074,P0093,2
OI0008353,O004074,P0202,1
OI0008354,O004074,P0078,2
OI0008355,O004075,P0091,1
OI0008356,O004076,P0054,1
OI0008357,O004077,P0209,1
OI0008358,O004077,P0080,1
OI0008359,O004078,P0002,1
OI0008360,O004078,P0103,2
OI0008361,O004078,P0217,3
OI0008362,O004078,P0073,1
OI0008363,O004079,P0062,1
OI0008364,O004080,P0146,1
OI0008365,O004080,P0145,1
OI0008366,O004081,P0115,2
OI0008367,O004081,P0220,1
OI0008368,O004082,P0018,2
OI0008369,O004082,P0247,1
OI0008370,O004082,P0277,1
OI0008371,O004082,P0010,1
OI0008372,O004083,P0017,1
OI0008373,O004083,P0131,1
OI0008374,O004083,P0066,2
OI0008375,O004083,P0159,1
OI0008376,O004084,P0015,1
OI0008377,O004085,P0058,2
OI0008378,O004085,P0042,1
OI0008379,O004086,P0191,1
OI0008380,O004086,P0176,1
OI0008381,O004087,P0067,2
OI0008382,O004087,P0059,1
OI0008383,O004087,P0090,1
OI0008384,O004088,P0078,1
OI0008385,O004089,P0083,2
OI0008386,O004090,P0122,1
OI0008387,O004090,P0117,2
OI0008388,O004090,P0136,2
OI0008389,O004091,P0202,1
OI0008390,O004091,P0068,2
OI0008391,O004092,P0049,3
OI0008392,O004093,P0187,1
OI0008393,O004093,P0104,1
OI0008394,O004093,P0038,2
OI0008395,O004094,P0179,1
OI0008396,O004095,P0108,1
OI0008397,O004096,P0056,1
OI0008398,O004096,P0159,1
OI0008399,O004097,P0227,2
OI0008400,O004097,P0003,1
OI0008401,O004097,P0225,1
OI0008402,O004098,P0271,1
OI0008403,O004098,P0023,1
OI0008404,O004099,P0038,1
OI0008405,O004100,P0146,1
OI0008406,O004100,P0048,1
OI0008407,O004100,P0233,1
OI0008408,O004100,P0215,1
OI0008409,O004101,P0040,1
OI0008410,O004101,P0206,1
OI0008411,O004101,P0022,1
OI0008412,O004101,P0236,1
OI0008413,O004102,P0160,1
OI0008414,O004102,P0210,1
OI0008415,O004103,P0041,1
OI0008416,O004104,P0208,2
OI0008417,O004105,P0166,1
OI0008418,O004106,P0243,1
OI0008419,O004107,P0103,1
OI0008420,O004107,P0080,1
OI0008421,O004107,P0126,1
OI0008422,O004108,P0186,1
OI0008423,O004108,P0264,1
OI0008424,O004108,P0152,1
OI0008425,O004109,P0282,1
OI0008426,O004110,P0003,1
OI0008427,O004110,P0177,1
OI0008428,O004110,P0052,1
OI0008429,O004111,P0208,2
OI0008430,O004111,P0274,1
OI0008431,O004112,P0142,2
OI0008432,O004112,P0109,2
OI0008433,O004113,P0236,1
OI0008434,O004113,P0216,2
OI0008435,O004114,P0272,1
OI0008436,O004114,P0298,2
OI0008437,O004115,P0015,1
OI0008438,O004115,P0170,1
OI0008439,O004115,P0139,2
OI0008440,O004116,P0284,1
OI0008441,O004116,P0114,3
OI0008442,O004117,P0109,2
OI0008443,O004117,P0230,1
OI0008444,O004118,P0084,1
OI0008445,O004119,P0022,1
OI0008446,O004120,P0013,1
OI0008447,O004120,P0134,1
OI0008448,O004120,P0255,3
OI0008449,O004121,P0287,2
OI0008450,O004121,P0294,1
OI0008451,O004122,P0188,1
OI0008452,O004122,P0199,1
OI0008453,O004123,P0257,2
OI0008454,O004123,P0167,1
OI0008455,O004124,P0248,3
OI0008456,O004125,P0291,1
OI0008457,O004125,P0219,1
OI0008458,O004126,P0160,1
OI0008459,O004127,P0280,2
OI0008460,O004127,P0239,1
OI0008461,O004128,P0234,1
OI0008462,O004128,P0043,1
OI0008463,O004129,P0199,1
OI0008464,O004129,P0019,1
OI0008465,O004129,P0262,1
OI0008466,O004130,P0060,1
OI0008467,O004131,P0099,1
OI0008468,O004131,P0043,1
OI0008469,O004131,P0129,1
OI0008470,O004132,P0213,1
OI0008471,O004133,P0286,2
OI0008472,O004134,P0219,1
OI0008473,O004134,P0154,2
OI0008474,O004134,P0095,2
OI0008475,O004134,P0187,1
OI0008476,O004135,P0127,3
OI0008477,O004135,P0219,1
OI0008478,O004136,P0116,1
OI0008479,O004137,P0145,2
OI0008480,O004137,P0095,1
OI0008481,O004138,P0038,1
OI0008482,O004139,P0221,1
OI0008483,O004140,P0232,2
OI0008484,O004140,P0265,1
OI0008485,O004141,P0061,1
OI0008486,O004142,P0098,1
OI0008487,O004143,P0121,1
OI0008488,O004143,P0155,1
OI0008489,O004144,P0266,2
OI0008490,O004145,P0119,1
OI0008491,O004146,P0026,1
OI0008492,O004146,P0153,2
OI0008493,O004146,P0131,1
OI0008494,O004147,P0029,2
OI0008495,O004147,P0045,1
OI0008496,O004148,P0198,1
OI0008497,O004149,P0108,1
OI0008498,O004150,P0285,1
OI0008499,O004150,P0122,1
OI0008500,O004150,P0149,1
OI0008501,O004151,P0109,1
OI0008502,O004152,P0213,1
OI0008503,O004152,P0233,1
OI0008504,O004153,P0192,3
OI0008505,O004154,P0064,1
OI0008506,O004154,P0014,1
OI0008507,O004155,P0116,2
OI0008508,O004155,P0189,1
OI0008509,O004156,P0085,1
OI0008510,O004156,P0286,1
OI0008511,O004157,P0260,1
OI0008512,O004158,P0278,1
OI0008513,O004159,P0009,2
OI0008514,O004159,P0059,1
OI0008515,O004159,P0267,1
OI0008516,O004160,P0003,2
OI0008517,O004160,P0273,2
OI0008518,O004161,P0084,1
OI0008519,O004162,P0075,1
OI0008520,O004162,P0290,1
OI0008521,O004163,P0063,1
OI0008522,O004164,P0259,1
OI0008523,O004165,P0257,2
OI0008524,O004165,P0026,1
OI0008525,O004166,P0233,1
OI0008526,O004167,P0217,1
OI0008527,O004168,P0248,2
OI0008528,O004168,P0240,1
OI0008529,O004168,P0211,1
OI0008530,O004169,P0274,1
OI0008531,O004170,P0109,1
OI0008532,O004170,P0226,1
OI0008533,O004171,P0262,1
OI0008534,O004171,P0087,1
OI0008535,O004171,P0065,3
OI0008536,O004172,P0165,1
OI0008537,O004172,P0116,1
OI0008538,O004173,P0058,1
OI0008539,O004173,P0026,3
OI0008540,O004174,P0271,3
OI0008541,O004174,P0243,1
OI0008542,O004175,P0132,2
OI0008543,O004175,P0046,1
OI0008544,O004176,P0159,1
OI0008545,O004176,P0117,1
OI0008546,O004177,P0135,2
OI0008547,O004178,P0245,1
OI0008548,O004178,P0290,1
OI0008549,O004179,P0133,1
OI0008550,O004179,P0258,1
OI0008551,O004180,P0260,2
OI0008552,O004180,P0024,3
OI0008553,O004180,P0228,2
OI0008554,O004181,P0111,1
OI0008555,O004182,P0176,2
OI0008556,O004183,P0164,1
OI0008557,O004184,P0040,2
OI0008558,O004184,P0126,2
OI0008559,O004185,P0079,1
OI0008560,O004185,P0182,1
OI0008561,O004186,P0049,1
OI0008562,O004186,P0217,2
OI0008563,O004186,P0104,1
OI0008564,O004186,P0174,1
OI0008565,O004187,P0148,3
OI0008566,O004187,P0222,3
OI0008567,O004188,P0149,1
OI0008568,O004188,P0152,3
OI0008569,O004189,P0011,1
OI0008570,O004189,P0023,1
OI0008571,O004190,P0271,1
OI0008572,O004191,P0252,1
OI0008573,O004191,P0009,1
OI0008574,O004191,P0234,1
OI0008575,O004192,P0033,1
OI0008576,O004192,P0242,1
OI0008577,O004192,P0296,1
OI0008578,O004193,P0130,1
OI0008579,O004194,P0150,1
OI0008580,O004194,P0095,1
OI0008581,O004195,P0075,2
OI0008582,O004195,P0123,1
OI0008583,O004196,P0217,1
OI0008584,O004196,P0256,1
OI0008585,O004197,P0251,1
OI0008586,O004198,P0102,3
OI0008587,O004198,P0120,1
OI0008588,O004198,P0054,1
OI0008589,O004199,P0223,2
OI0008590,O004200,P0049,1
OI0008591,O004200,P0258,2
OI0008592,O004201,P0253,2
OI0008593,O004201,P0169,3
OI0008594,O004201,P0133,1
OI0008595,O004201,P0161,1
OI0008596,O004202,P0065,1
OI0008597,O004202,P0019,1
OI0008598,O004202,P0075,1
OI0008599,O004202,P0240,1
OI0008600,O004203,P0071,3
OI0008601,O004203,P0240,1
OI0008602,O004204,P0031,1
OI0008603,O004205,P0146,2
OI0008604,O004205,P0269,1
OI0008605,O004206,P0209,1
OI0008606,O004206,P0114,1
OI0008607,O004207,P0137,1
OI0008608,O004208,P0090,2
OI0008609,O004208,P0132,1
OI0008610,O004208,P0251,1
OI0008611,O004208,P0010,2
OI0008612,O004209,P0259,1
OI0008613,O004209,P0232,3
OI0008614,O004210,P0041,1
OI0008615,O004210,P0237,3
OI0008616,O004210,P0156,1
OI0008617,O004211,P0292,1
OI0008618,O004212,P0052,1
OI0008619,O004212,P0074,1
OI0008620,O004212,P0035,1
OI0008621,O004213,P0155,2
OI0008622,O004213,P0234,3
OI0008623,O004214,P0214,1
OI0008624,O004215,P0138,1
OI0008625,O004216,P0095,1
OI0008626,O004217,P0121,1
OI0008627,O004218,P0130,1
OI0008628,O004219,P0163,1
OI0008629,O004220,P0122,1
OI0008630,O004220,P0118,1
OI0008631,O004221,P0190,1
OI0008632,O004221,P0176,1
OI0008633,O004221,P0220,1
OI0008634,O004221,P0159,1
OI0008635,O004222,P0049,1
OI0008636,O004222,P0142,1
OI0008637,O004222,P0268,1
OI0008638,O004222,P0126,1
OI0008639,O004223,P0119,1
OI0008640,O004224,P0209,1
OI0008641,O004224,P0027,1
OI0008642,O004225,P0283,2
OI0008643,O004226,P0251,2
OI0008644,O004226,P0273,1
OI0008645,O004227,P0013,1
OI0008646,O004227,P0175,1
OI0008647,O004227,P0060,1
OI0008648,O004228,P0157,3
OI0008649,O004228,P0161,1
OI0008650,O004229,P0220,2
OI0008651,O004229,P0174,1
OI0008652,O004229,P0271,1
OI0008653,O004229,P0017,1
OI0008654,O004230,P0193,1
OI0008655,O004231,P0218,1
OI0008656,O004231,P0074,2
OI0008657,O004231,P0121,2
OI0008658,O004232,P0232,2
OI0008659,O004233,P0219,2
OI0008660,O004233,P0106,1
OI0008661,O004234,P0291,2
OI0008662,O004235,P0001,1
OI0008663,O004236,P0005,1
OI0008664,O004236,P0181,1
OI0008665,O004237,P0275,1
OI0008666,O004237,P0171,1
OI0008667,O004238,P0140,1
OI0008668,O004239,P0047,1
OI0008669,O004239,P0056,1
OI0008670,O004240,P0046,1
OI0008671,O004240,P0255,1
OI0008672,O004241,P0214,3
OI0008673,O004242,P0022,2
OI0008674,O004242,P0001,1
OI0008675,O004243,P0069,3
OI0008676,O004243,P0169,1
OI0008677,O004243,P0128,1
OI0008678,O004244,P0175,2
OI0008679,O004245,P0027,3
OI0008680,O004246,P0001,1
OI0008681,O004247,P0102,1
OI0008682,O004247,P0085,1
OI0008683,O004247,P0278,1
OI0008684,O004248,P0056,1
OI0008685,O004248,P0002,2
OI0008686,O004249,P0122,1
OI0008687,O004250,P0273,2
OI0008688,O004250,P0062,1
OI0008689,O004251,P0086,2
OI0008690,O004251,P0022,1
OI0008691,O004252,P0102,1
OI0008692,O004252,P0013,1
OI0008693,O004253,P0179,2
OI0008694,O004253,P0157,1
OI0008695,O004254,P0016,1
OI0008696,O004255,P0186,1
OI0008697,O004255,P0281,1
OI0008698,O004255,P0147,1
OI0008699,O004256,P0178,1
OI0008700,O004256,P0009,1
OI0008701,O004257,P0233,1
OI0008702,O004257,P0088,3
OI0008703,O004258,P0169,2
OI0008704,O004258,P0242,1
OI0008705,O004259,P0162,1
OI0008706,O004259,P0275,1
OI0008707,O004260,P0042,2
OI0008708,O004261,P0030,1
OI0008709,O004262,P0294,2
OI0008710,O004262,P0069,2
OI0008711,O004262,P0042,2
OI0008712,O004263,P0014,3
OI0008713,O004263,P0122,1
OI0008714,O004264,P0068,1
OI0008715,O004264,P0060,1
OI0008716,O004264,P0201,3
OI0008717,O004265,P0179,1
OI0008718,O004265,P0156,1
OI0008719,O004266,P0004,1
OI0008720,O004267,P0066,1
OI0008721,O004268,P0222,1
OI0008722,O004268,P0297,2
OI0008723,O004268,P0003,1
OI0008724,O004268,P0193,1
OI0008725,O004269,P0183,1
OI0008726,O004269,P0138,3
OI0008727,O004270,P0198,1
OI0008728,O004271,P0237,1
OI0008729,O004271,P0161,3
OI0008730,O004271,P0238,3
OI0008731,O004271,P0075,1
OI0008732,O004272,P0164,1
OI0008733,O004272,P0041,1
OI0008734,O004273,P0082,2
OI0008735,O004273,P0084,1
OI0008736,O004274,P0074,1
OI0008737,O004275,P0002,1
OI0008738,O004275,P0163,3
OI0008739,O004276,P0045,2
OI0008740,O004276,P0157,1
OI0008741,O004277,P0103,1
OI0008742,O004277,P0170,1
OI0008743,O004278,P0046,1
OI0008744,O004279,P0184,1
OI0008745,O004280,P0109,2
OI0008746,O004281,P0127,1
OI0008747,O004282,P0226,1
OI0008748,O004282,P0107,1
OI0008749,O004283,P0106,1
OI0008750,O004283,P0247,1
OI0008751,O004284,P0073,1
OI0008752,O004285,P0096,1
OI0008753,O004285,P0251,2
OI0008754,O004285,P0224,2
OI0008755,O004286,P0193,2
OI0008756,O004286,P0234,1
OI0008757,O004286,P0066,1
OI0008758,O004287,P0041,1
OI0008759,O004287,P0220,1
OI0008760,O004287,P0183,2
OI0008761,O004288,P0109,1
OI0008762,O004288,P0156,1
OI0008763,O004289,P0080,1
OI0008764,O004289,P0199,1
OI0008765,O004290,P0173,1
OI0008766,O004291,P0236,2
OI0008767,O004291,P0285,1
OI0008768,O004292,P0047,1
OI0008769,O004292,P0037,3
OI0008770,O004293,P0292,1
OI0008771,O004293,P0102,1
OI0008772,O004293,P0258,1
OI0008773,O004294,P0020,1
OI0008774,O004294,P0123,2
OI0008775,O004294,P0060,2
OI0008776,O004295,P0033,1
OI0008777,O004295,P0004,1
OI0008778,O004296,P0222,1
OI0008779,O004296,P0104,1
OI0008780,O004297,P0114,1
OI0008781,O004297,P0165,1
OI0008782,O004298,P0065,2
OI0008783,O004298,P0158,1
OI0008784,O004298,P0054,1
OI0008785,O004299,P0086,1
OI0008786,O004300,P0212,1
OI0008787,O004300,P0049,1
OI0008788,O004301,P0278,1
OI0008789,O004301,P0073,1
OI0008790,O004301,P0124,2
OI0008791,O004301,P0196,1
OI0008792,O004302,P0251,1
OI0008793,O004302,P0127,1
OI0008794,O004302,P0284,2
OI0008795,O004303,P0262,1
OI0008796,O004303,P0052,1
OI0008797,O004303,P0157,1
OI0008798,O004304,P0039,1
OI0008799,O004304,P0208,1
OI0008800,O004305,P0169,2
OI0008801,O004305,P0177,2
OI0008802,O004306,P0197,2
OI0008803,O004306,P0182,1
OI0008804,O004306,P0040,1
OI0008805,O004306,P0248,1
OI0008806,O004307,P0083,3
OI0008807,O004308,P0078,1
OI0008808,O004308,P0148,2
OI0008809,O004308,P0019,2
OI0008810,O004308,P0083,1
OI0008811,O004309,P0006,1
OI0008812,O004309,P0057,1
OI0008813,O004309,P0033,1
OI0008814,O004309,P0044,1
OI0008815,O004310,P0192,1
OI0008816,O004311,P0124,1
OI0008817,O004311,P0244,1
OI0008818,O004311,P0289,1
OI0008819,O004312,P0164,1
OI0008820,O004312,P0040,1
OI0008821,O004313,P0083,2
OI0008822,O004313,P0173,1
OI0008823,O004313,P0241,1
OI0008824,O004314,P0035,3
OI0008825,O004314,P0202,1
OI0008826,O004315,P0145,1
OI0008827,O004315,P0119,1
OI0008828,O004315,P0055,1
OI0008829,O004316,P0193,1
OI0008830,O004317,P0098,1
OI0008831,O004317,P0178,2
OI0008832,O004318,P0070,2
OI0008833,O004318,P0008,2
OI0008834,O004318,P0145,1
OI0008835,O004319,P0288,1
OI0008836,O004319,P0287,2
OI0008837,O004319,P0127,1
OI0008838,O004319,P0190,1
OI0008839,O004320,P0113,1
OI0008840,O004320,P0067,1
OI0008841,O004321,P0116,2
OI0008842,O004321,P0258,1
OI0008843,O004322,P0280,2
OI0008844,O004322,P0295,1
OI0008845,O004323,P0099,1
OI0008846,O004323,P0006,1
OI0008847,O004323,P0269,1
OI0008848,O004324,P0197,1
OI0008849,O004324,P0170,1
OI0008850,O004324,P0298,2
OI0008851,O004324,P0252,1
OI0008852,O004325,P0144,3
OI0008853,O004325,P0228,1
OI0008854,O004325,P0055,2
OI0008855,O004326,P0029,1
OI0008856,O004327,P0213,2
OI0008857,O004327,P0134,1
OI0008858,O004328,P0004,1
OI0008859,O004328,P0299,1
OI0008860,O004328,P0215,1
OI0008861,O004328,P0157,1
OI0008862,O004329,P0025,1
OI0008863,O004330,P0202,1
OI0008864,O004330,P0041,1
OI0008865,O004331,P0112,1
OI0008866,O004331,P0178,1
OI0008867,O004332,P0051,1
OI0008868,O004332,P0209,2
OI0008869,O004333,P0053,1
OI0008870,O004333,P0289,1
OI0008871,O004333,P0225,2
OI0008872,O004333,P0288,3
OI0008873,O004334,P0127,1
OI0008874,O004334,P0148,1
OI0008875,O004335,P0235,1
OI0008876,O004335,P0254,1
OI0008877,O004335,P0064,1
OI0008878,O004336,P0222,2
OI0008879,O004336,P0163,1
OI0008880,O004337,P0029,2
OI0008881,O004337,P0123,1
OI0008882,O004337,P0166,1
OI0008883,O004338,P0049,1
OI0008884,O004338,P0167,1
OI0008885,O004339,P0001,1
OI0008886,O004339,P0058,1
OI0008887,O004340,P0067,1
OI0008888,O004340,P0299,1
OI0008889,O004341,P0193,1
OI0008890,O004341,P0223,1
OI0008891,O004341,P0130,1
OI0008892,O004341,P0148,3
OI0008893,O004342,P0289,1
OI0008894,O004342,P0097,3
OI0008895,O004342,P0297,1
OI0008896,O004342,P0227,2
OI0008897,O004343,P0226,1
OI0008898,O004343,P0010,3
OI0008899,O004344,P0130,1
OI0008900,O004344,P0115,2
OI0008901,O004344,P0103,1
OI0008902,O004345,P0030,1
OI0008903,O004345,P0298,1
OI0008904,O004346,P0001,1
OI0008905,O004346,P0112,2
OI0008906,O004347,P0018,1
OI0008907,O004347,P0300,1
OI0008908,O004348,P0166,2
OI0008909,O004348,P0020,1
OI0008910,O004348,P0242,1
OI0008911,O004349,P0183,3
OI0008912,O004349,P0221,1
OI0008913,O004350,P0208,1
OI0008914,O004350,P0165,2
OI0008915,O004351,P0120,1
OI0008916,O004352,P0259,1
OI0008917,O004352,P0024,1
OI0008918,O004352,P0113,1
OI0008919,O004352,P0095,1
OI0008920,O004353,P0238,2
OI0008921,O004354,P0261,1
OI0008922,O004354,P0210,1
OI0008923,O004354,P0268,2
OI0008924,O004355,P0165,2
OI0008925,O004355,P0097,2
OI0008926,O004355,P0258,1
OI0008927,O004356,P0270,1
OI0008928,O004356,P0272,1
OI0008929,O004357,P0203,1
OI0008930,O004357,P0159,1
OI0008931,O004358,P0171,1
OI0008932,O004358,P0029,1
OI0008933,O004358,P0258,2
OI0008934,O004359,P0279,1
OI0008935,O004359,P0107,1
OI0008936,O004360,P0128,1
OI0008937,O004360,P0106,2
OI0008938,O004361,P0297,1
OI0008939,O004361,P0202,1
OI0008940,O004361,P0261,2
OI0008941,O004362,P0248,1
OI0008942,O004363,P0202,1
OI0008943,O004364,P0260,1
OI0008944,O004364,P0206,1
OI0008945,O004365,P0073,2
OI0008946,O004365,P0280,2
OI0008947,O004365,P0298,1
OI0008948,O004366,P0220,1
OI0008949,O004366,P0159,1
OI0008950,O004367,P0095,1
OI0008951,O004367,P0087,1
OI0008952,O004368,P0059,1
OI0008953,O004368,P0128,1
OI0008954,O004368,P0120,3
OI0008955,O004369,P0231,3
OI0008956,O004370,P0033,2
OI0008957,O004371,P0128,1
OI0008958,O004372,P0058,2
OI0008959,O004372,P0106,1
OI0008960,O004372,P0025,1
OI0008961,O004372,P0243,1
OI0008962,O004373,P0228,1
OI0008963,O004373,P0106,2
OI0008964,O004374,P0202,1
OI0008965,O004374,P0215,1
OI0008966,O004374,P0300,2
OI0008967,O004375,P0177,1
OI0008968,O004375,P0218,2
OI0008969,O004375,P0286,1
OI0008970,O004376,P0076,2
OI0008971,O004376,P0031,2
OI0008972,O004376,P0180,3
OI0008973,O004377,P0227,1
OI0008974,O004378,P0008,2
OI0008975,O004379,P0120,1
OI0008976,O004380,P0011,1
OI0008977,O004381,P0181,1
OI0008978,O004381,P0093,2
OI0008979,O004382,P0217,1
OI0008980,O004382,P0090,2
OI0008981,O004382,P0194,3
OI0008982,O004383,P0022,1
OI0008983,O004383,P0248,2
OI0008984,O004384,P0079,1
OI0008985,O004384,P0160,3
OI0008986,O004385,P0241,1
OI0008987,O004385,P0242,1
OI0008988,O004386,P0010,2
OI0008989,O004386,P0015,2
OI0008990,O004387,P0074,1
OI0008991,O004388,P0193,1
OI0008992,O004389,P0271,2
OI0008993,O004390,P0197,1
OI0008994,O004390,P0220,1
OI0008995,O004390,P0147,2
OI0008996,O004391,P0299,2
OI0008997,O004391,P0218,1
OI0008998,O004392,P0072,1
OI0008999,O004393,P0066,3
OI0009000,O004393,P0170,1
OI0009001,O004393,P0201,2
OI0009002,O004393,P0135,1
OI0009003,O004394,P0127,2
OI0009004,O004394,P0203,1
OI0009005,O004394,P0290,3
OI0009006,O004395,P0035,1
OI0009007,O004396,P0219,1
OI0009008,O004397,P0269,1
OI0009009,O004397,P0140,1
OI0009010,O004397,P0117,1
OI0009011,O004398,P0197,2
OI0009012,O004398,P0017,1
OI0009013,O004398,P0093,2
OI0009014,O004399,P0205,2
OI0009015,O004399,P0111,1
OI0009016,O004399,P0101,1
OI0009017,O004399,P0219,1
OI0009018,O004400,P0085,1
OI0009019,O004401,P0072,1
OI0009020,O004401,P0095,1
OI0009021,O004402,P0085,3
OI0009022,O004402,P0128,1
OI0009023,O004403,P0116,2
OI0009024,O004403,P0097,2
OI0009025,O004403,P0222,1
OI0009026,O004403,P0127,1
OI0009027,O004404,P0272,1
OI0009028,O004405,P0219,2
OI0009029,O004406,P0298,1
OI0009030,O004406,P0262,1
OI0009031,O004406,P0235,1
OI0009032,O004407,P0115,2
OI0009033,O004407,P0039,2
OI0009034,O004408,P0292,2
OI0009035,O004409,P0233,1
OI0009036,O004409,P0027,1
OI0009037,O004410,P0006,1
OI0009038,O004410,P0280,1
OI0009039,O004410,P0256,1
OI0009040,O004411,P0031,3
OI0009041,O004412,P0089,1
OI0009042,O004412,P0280,1
OI0009043,O004413,P0114,1
OI0009044,O004413,P0163,1
OI0009045,O004414,P0012,1
OI0009046,O004415,P0232,1
OI0009047,O004415,P0260,2
OI0009048,O004416,P0133,1
OI0009049,O004416,P0151,2
OI0009050,O004416,P0007,3
OI0009051,O004417,P0033,1
OI0009052,O004417,P0146,2
OI0009053,O004418,P0161,1
OI0009054,O004418,P0124,1
OI0009055,O004418,P0020,1
OI0009056,O004419,P0015,1
OI0009057,O004419,P0057,2
OI0009058,O004420,P0154,1
OI0009059,O004420,P0272,2
OI0009060,O004420,P0016,1
OI0009061,O004420,P0279,1
OI0009062,O004421,P0241,1
OI0009063,O004422,P0271,1
OI0009064,O004422,P0243,1
OI0009065,O004423,P0105,1
OI0009066,O004423,P0202,1
OI0009067,O004423,P0251,1
OI0009068,O004423,P0143,1
OI0009069,O004424,P0017,1
OI0009070,O004424,P0222,2
OI0009071,O004424,P0007,1
OI0009072,O004424,P0178,1
OI0009073,O004425,P0014,1
OI0009074,O004425,P0140,1
OI0009075,O004425,P0131,1
OI0009076,O004425,P0098,2
OI0009077,O004426,P0299,3
OI0009078,O004427,P0226,2
OI0009079,O004427,P0238,1
OI0009080,O004427,P0206,1
OI0009081,O004428,P0238,1
OI0009082,O004429,P0148,2
OI0009083,O004429,P0207,1
OI0009084,O004430,P0279,1
OI0009085,O004431,P0287,1
OI0009086,O004431,P0026,1
OI0009087,O004432,P0008,1
OI0009088,O004433,P0219,1
OI0009089,O004434,P0213,2
OI0009090,O004434,P0217,1
OI0009091,O004434,P0003,2
OI0009092,O004435,P0051,1
OI0009093,O004435,P0181,1
OI0009094,O004435,P0015,1
OI0009095,O004436,P0181,3
OI0009096,O004436,P0216,1
OI0009097,O004437,P0169,1
OI0009098,O004437,P0241,1
OI0009099,O004437,P0128,1
OI0009100,O004438,P0288,1
OI0009101,O004438,P0066,3
OI0009102,O004438,P0233,1
OI0009103,O004438,P0068,1
OI0009104,O004439,P0249,3
OI0009105,O004440,P0197,1
OI0009106,O004440,P0057,1
OI0009107,O004441,P0124,1
OI0009108,O004441,P0252,1
OI0009109,O004442,P0133,2
OI0009110,O004443,P0132,2
OI0009111,O004443,P0129,1
OI0009112,O004444,P0232,1
OI0009113,O004445,P0055,1
OI0009114,O004445,P0242,1
OI0009115,O004445,P0098,1
OI0009116,O004445,P0213,1
OI0009117,O004446,P0108,1
OI0009118,O004446,P0158,1
OI0009119,O004447,P0154,1
OI0009120,O004447,P0208,1
OI0009121,O004447,P0196,1
OI0009122,O004448,P0209,1
OI0009123,O004448,P0197,1
OI0009124,O004449,P0126,2
OI0009125,O004450,P0021,2
OI0009126,O004451,P0119,2
OI0009127,O004451,P0202,1
OI0009128,O004452,P0218,1
OI0009129,O004452,P0175,1
OI0009130,O004453,P0022,1
OI0009131,O004453,P0027,1
OI0009132,O004453,P0097,1
OI0009133,O004454,P0137,1
OI0009134,O004454,P0021,1
OI0009135,O004454,P0106,1
OI0009136,O004454,P0020,1
OI0009137,O004455,P0150,1
OI0009138,O004455,P0239,1
OI0009139,O004456,P0276,1
OI0009140,O004457,P0158,1
OI0009141,O004458,P0235,1
OI0009142,O004459,P0258,3
OI0009143,O004459,P0121,1
OI0009144,O004459,P0226,1
OI0009145,O004460,P0287,1
OI0009146,O004460,P0058,1
OI0009147,O004461,P0162,2
OI0009148,O004461,P0096,1
OI0009149,O004461,P0074,1
OI0009150,O004462,P0146,2
OI0009151,O004463,P0001,2
OI0009152,O004464,P0220,2
OI0009153,O004465,P0024,1
OI0009154,O004465,P0263,1
OI0009155,O004465,P0033,1
OI0009156,O004466,P0231,1
OI0009157,O004466,P0154,1
OI0009158,O004467,P0011,3
OI0009159,O004467,P0198,1
OI0009160,O004467,P0289,2
OI0009161,O004467,P0136,1
OI0009162,O004468,P0293,1
OI0009163,O004468,P0222,1
OI0009164,O004468,P0232,1
OI0009165,O004469,P0239,1
OI0009166,O004470,P0014,1
OI0009167,O004471,P0018,1
OI0009168,O004472,P0184,2
OI0009169,O004472,P0036,2
OI0009170,O004473,P0031,1
OI0009171,O004474,P0088,1
OI0009172,O004475,P0043,2
OI0009173,O004476,P0192,1
OI0009174,O004476,P0202,1
OI0009175,O004477,P0217,1
OI0009176,O004478,P0066,1
OI0009177,O004479,P0246,1
OI0009178,O004479,P0070,1
OI0009179,O004480,P0176,1
OI0009180,O004480,P0093,1
OI0009181,O004480,P0263,1
OI0009182,O004481,P0222,1
OI0009183,O004481,P0295,1
OI0009184,O004482,P0050,1
OI0009185,O004482,P0096,2
OI0009186,O004483,P0106,2
OI0009187,O004483,P0037,1
OI0009188,O004483,P0038,1
OI0009189,O004484,P0180,1
OI0009190,O004484,P0186,1
OI0009191,O004485,P0256,1
OI0009192,O004485,P0020,2
OI0009193,O004486,P0217,1
OI0009194,O004486,P0151,1
OI0009195,O004487,P0284,3
OI0009196,O004488,P0247,1
OI0009197,O004488,P0252,1
OI0009198,O004489,P0283,3
OI0009199,O004490,P0242,3
OI0009200,O004490,P0089,1
OI0009201,O004491,P0198,1
OI0009202,O004491,P0280,1
OI0009203,O004492,P0137,2
OI0009204,O004492,P0228,1
OI0009205,O004492,P0210,1
OI0009206,O004493,P0191,1
OI0009207,O004494,P0097,1
OI0009208,O004494,P0060,2
OI0009209,O004494,P0057,1
OI0009210,O004495,P0235,3
OI0009211,O004496,P0159,1
OI0009212,O004497,P0042,1
OI0009213,O004497,P0208,1
OI0009214,O004497,P0284,1
OI0009215,O004498,P0212,1
OI0009216,O004499,P0101,1
OI0009217,O004499,P0039,1
OI0009218,O004500,P0213,1
OI0009219,O004500,P0151,1
OI0009220,O004501,P0249,1
OI0009221,O004501,P0148,2
OI0009222,O004502,P0285,2
OI0009223,O004503,P0031,1
OI0009224,O004504,P0115,1
OI0009225,O004504,P0041,2
OI0009226,O004505,P0075,2
OI0009227,O004506,P0173,2
OI0009228,O004506,P0069,3
OI0009229,O004507,P0007,3
OI0009230,O004508,P0053,1
OI0009231,O004508,P0055,2
OI0009232,O004509,P0159,1
OI0009233,O004509,P0293,3
OI0009234,O004510,P0187,1
OI0009235,O004511,P0046,1
OI0009236,O004512,P0212,1
OI0009237,O004512,P0073,3
OI0009238,O004512,P0023,1
OI0009239,O004513,P0270,1
OI0009240,O004513,P0132,1
OI0009241,O004514,P0189,1
OI0009242,O004514,P0096,1
OI0009243,O004514,P0269,1
OI0009244,O004515,P0056,1
OI0009245,O004516,P0167,1
OI0009246,O004516,P0180,3
OI0009247,O004517,P0298,1
OI0009248,O004517,P0012,2
OI0009249,O004518,P0070,2
OI0009250,O004518,P0129,1
OI0009251,O004518,P0003,1
OI0009252,O004519,P0247,3
OI0009253,O004519,P0212,1
OI0009254,O004519,P0054,1
OI0009255,O004519,P0106,2
OI0009256,O004520,P0012,2
OI0009257,O004520,P0055,3
OI0009258,O004521,P0127,1
OI0009259,O004521,P0196,1
OI0009260,O004521,P0129,1
OI0009261,O004522,P0076,1
OI0009262,O004523,P0285,1
OI0009263,O004523,P0158,1
OI0009264,O004524,P0092,1
OI0009265,O004524,P0202,1
OI0009266,O004525,P0270,1
OI0009267,O004525,P0101,2
OI0009268,O004525,P0184,1
OI0009269,O004526,P0171,1
OI0009270,O004526,P0221,3
OI0009271,O004527,P0103,2
OI0009272,O004527,P0049,1
OI0009273,O004527,P0290,1
OI0009274,O004528,P0257,2
OI0009275,O004529,P0121,1
OI0009276,O004529,P0280,1
OI0009277,O004529,P0054,1
OI0009278,O004530,P0149,1
OI0009279,O004530,P0064,1
OI0009280,O004530,P0191,1
OI0009281,O004531,P0163,1
OI0009282,O004531,P0021,1
OI0009283,O004531,P0170,3
OI0009284,O004532,P0136,1
OI0009285,O004532,P0131,1
OI0009286,O004533,P0249,1
OI0009287,O004533,P0026,1
OI0009288,O004534,P0003,3
OI0009289,O004535,P0081,3
OI0009290,O004535,P0009,1
OI0009291,O004536,P0215,3
OI0009292,O004537,P0288,2
OI0009293,O004537,P0019,1
OI0009294,O004537,P0187,3
OI0009295,O004538,P0169,1
OI0009296,O004538,P0187,1
OI0009297,O004538,P0148,3
OI0009298,O004538,P0126,1
OI0009299,O004539,P0100,1
OI0009300,O004540,P0085,1
OI0009301,O004540,P0108,1
OI0009302,O004540,P0005,1
OI0009303,O004541,P0090,2
OI0009304,O004541,P0255,1
OI0009305,O004541,P0208,1
OI0009306,O004542,P0005,2
OI0009307,O004542,P0036,3
OI0009308,O004543,P0015,3
OI0009309,O004543,P0027,2
OI0009310,O004544,P0204,1
OI0009311,O004544,P0169,3
OI0009312,O004545,P0063,1
OI0009313,O004545,P0155,1
OI0009314,O004545,P0191,1
OI0009315,O004546,P0185,1
OI0009316,O004546,P0121,1
OI0009317,O004547,P0257,1
OI0009318,O004548,P0109,1
OI0009319,O004549,P0012,1
OI0009320,O004549,P0067,1
OI0009321,O004550,P0263,1
OI0009322,O004550,P0265,1
OI0009323,O004551,P0018,1
OI0009324,O004552,P0193,1
OI0009325,O004552,P0183,1
OI0009326,O004552,P0269,3
OI0009327,O004552,P0257,1
OI0009328,O004553,P0075,2
OI0009329,O004554,P0042,1
OI0009330,O004554,P0206,1
OI0009331,O004555,P0086,1
OI0009332,O004555,P0188,2
OI0009333,O004556,P0162,1
OI0009334,O004557,P0167,2
OI0009335,O004557,P0038,1
OI0009336,O004557,P0217,1
OI0009337,O004557,P0161,1
OI0009338,O004558,P0245,1
OI0009339,O004559,P0137,1
OI0009340,O004559,P0024,1
OI0009341,O004560,P0119,2
OI0009342,O004560,P0239,1
OI0009343,O004560,P0134,1
OI0009344,O004560,P0001,1
OI0009345,O004561,P0233,1
OI0009346,O004561,P0253,2
OI0009347,O004562,P0280,1
OI0009348,O004563,P0191,2
OI0009349,O004563,P0139,1
OI0009350,O004564,P0228,1
OI0009351,O004565,P0043,1
OI0009352,O004565,P0254,1
OI0009353,O004565,P0143,1
OI0009354,O004566,P0122,1
OI0009355,O004566,P0114,2
OI0009356,O004567,P0166,2
OI0009357,O004568,P0094,1
OI0009358,O004569,P0066,1
OI0009359,O004570,P0198,1
OI0009360,O004571,P0290,1
OI0009361,O004571,P0045,1
OI0009362,O004572,P0122,1
OI0009363,O004572,P0231,1
OI0009364,O004572,P0165,1
OI0009365,O004573,P0022,1
OI0009366,O004573,P0060,1
OI0009367,O004574,P0090,1
OI0009368,O004574,P0014,2
OI0009369,O004574,P0234,1
OI0009370,O004575,P0007,1
OI0009371,O004575,P0040,1
OI0009372,O004576,P0225,2
OI0009373,O004577,P0173,1
OI0009374,O004578,P0216,2
OI0009375,O004578,P0221,2
OI0009376,O004578,P0058,1
OI0009377,O004578,P0202,1
OI0009378,O004579,P0268,1
OI0009379,O004579,P0112,1
OI0009380,O004579,P0214,1
OI0009381,O004579,P0176,3
OI0009382,O004580,P0285,1
OI0009383,O004580,P0181,1
OI0009384,O004581,P0204,3
OI0009385,O004582,P0045,1
OI0009386,O004583,P0067,1
OI0009387,O004583,P0247,1
OI0009388,O004583,P0065,2
OI0009389,O004584,P0089,1
OI0009390,O004584,P0214,1
OI0009391,O004584,P0163,1
OI0009392,O004585,P0205,1
OI0009393,O004586,P0041,1
OI0009394,O004587,P0201,1
OI0009395,O004587,P0044,1
OI0009396,O004588,P0248,1
OI0009397,O004589,P0094,1
OI0009398,O004589,P0197,1
OI0009399,O004590,P0178,1
OI0009400,O004590,P0038,1
OI0009401,O004590,P0078,1
OI0009402,O004591,P0172,1
OI0009403,O004591,P0113,1
OI0009404,O004592,P0055,1
OI0009405,O004592,P0270,3
OI0009406,O004592,P0242,2
OI0009407,O004592,P0027,1
OI0009408,O004593,P0297,1
OI0009409,O004593,P0292,2
OI0009410,O004593,P0210,1
OI0009411,O004594,P0106,1
OI0009412,O004594,P0282,1
OI0009413,O004594,P0030,1
OI0009414,O004595,P0297,3
OI0009415,O004596,P0264,1
OI0009416,O004597,P0163,1
OI0009417,O004597,P0183,1
OI0009418,O004597,P0043,1
OI0009419,O004598,P0020,2
OI0009420,O004598,P0116,3
OI0009421,O004598,P0204,1
OI0009422,O004599,P0234,1
OI0009423,O004600,P0265,1
OI0009424,O004601,P0029,1
OI0009425,O004601,P0116,1
OI0009426,O004601,P0082,1
OI0009427,O004602,P0062,2
OI0009428,O004602,P0135,2
OI0009429,O004602,P0150,1
OI0009430,O004603,P0015,1
OI0009431,O004603,P0230,1
OI0009432,O004603,P0019,2
OI0009433,O004604,P0282,3
OI0009434,O004604,P0136,1
OI0009435,O004604,P0206,1
OI0009436,O004605,P0299,1
OI0009437,O004605,P0015,1
OI0009438,O004605,P0182,2
OI0009439,O004606,P0252,1
OI0009440,O004607,P0192,1
OI0009441,O004608,P0104,1
OI0009442,O004608,P0130,1
OI0009443,O004609,P0212,1
OI0009444,O004610,P0020,1
OI0009445,O004610,P0064,2
OI0009446,O004610,P0268,1
OI0009447,O004610,P0023,3
OI0009448,O004611,P0021,1
OI0009449,O004611,P0095,1
OI0009450,O004612,P0083,3
OI0009451,O004613,P0104,3
OI0009452,O004613,P0051,1
OI0009453,O004613,P0074,2
OI0009454,O004614,P0249,1
OI0009455,O004614,P0097,2
OI0009456,O004615,P0260,1
OI0009457,O004616,P0248,2
OI0009458,O004617,P0250,1
OI0009459,O004617,P0086,1
OI0009460,O004618,P0265,2
OI0009461,O004618,P0177,1
OI0009462,O004618,P0137,1
OI0009463,O004619,P0097,2
OI0009464,O004619,P0103,2
OI0009465,O004619,P0003,1
OI0009466,O004620,P0186,1
OI0009467,O004621,P0080,3
OI0009468,O004622,P0235,3
OI0009469,O004622,P0096,1
OI0009470,O004622,P0039,3
OI0009471,O004623,P0117,1
OI0009472,O004624,P0183,1
OI0009473,O004624,P0167,1
OI0009474,O004624,P0251,1
OI0009475,O004625,P0002,3
OI0009476,O004625,P0105,1
OI0009477,O004625,P0015,1
OI0009478,O004626,P0083,1
OI0009479,O004627,P0238,3
OI0009480,O004627,P0057,2
OI0009481,O004627,P0276,1
OI0009482,O004627,P0172,2
OI0009483,O004628,P0299,1
OI0009484,O004629,P0234,3
OI0009485,O004629,P0157,2
OI0009486,O004630,P0263,1
OI0009487,O004630,P0122,1
OI0009488,O004631,P0024,2
OI0009489,O004632,P0299,1
OI0009490,O004632,P0156,1
OI0009491,O004633,P0183,1
OI0009492,O004634,P0193,1
OI0009493,O004634,P0063,1
OI0009494,O004634,P0230,2
OI0009495,O004635,P0062,1
OI0009496,O004635,P0268,1
OI0009497,O004636,P0006,1
OI0009498,O004636,P0026,1
OI0009499,O004637,P0225,1
OI0009500,O004638,P0287,1
OI0009501,O004639,P0252,1
OI0009502,O004639,P0144,2
OI0009503,O004640,P0127,1
OI0009504,O004640,P0257,1
OI0009505,O004640,P0012,2
OI0009506,O004640,P0104,1
OI0009507,O004641,P0208,2
OI0009508,O004641,P0230,1
OI0009509,O004641,P0076,1
OI0009510,O004642,P0054,1
OI0009511,O004642,P0200,1
OI0009512,O004643,P0032,1
OI0009513,O004643,P0161,1
OI0009514,O004643,P0207,1
OI0009515,O004644,P0185,1
OI0009516,O004645,P0227,3
OI0009517,O004645,P0007,1
OI0009518,O004646,P0008,1
OI0009519,O004646,P0138,3
OI0009520,O004646,P0081,1
OI0009521,O004647,P0091,1
OI0009522,O004647,P0155,1
OI0009523,O004647,P0105,2
OI0009524,O004648,P0281,1
OI0009525,O004648,P0186,1
OI0009526,O004649,P0146,1
OI0009527,O004649,P0245,1
OI0009528,O004650,P0289,1
OI0009529,O004651,P0080,3
OI0009530,O004651,P0199,3
OI0009531,O004652,P0296,1
OI0009532,O004652,P0106,1
OI0009533,O004653,P0149,1
OI0009534,O004653,P0227,1
OI0009535,O004653,P0122,1
OI0009536,O004653,P0080,1
OI0009537,O004654,P0022,1
OI0009538,O004654,P0195,3
OI0009539,O004654,P0017,1
OI0009540,O004654,P0121,1
OI0009541,O004655,P0008,2
OI0009542,O004655,P0300,1
OI0009543,O004655,P0145,2
OI0009544,O004655,P0209,2
OI0009545,O004656,P0228,2
OI0009546,O004657,P0002,1
OI0009547,O004657,P0011,2
OI0009548,O004658,P0148,1
OI0009549,O004658,P0135,1
OI0009550,O004658,P0136,2
OI0009551,O004659,P0069,2
OI0009552,O004659,P0108,1
OI0009553,O004660,P0129,1
OI0009554,O004661,P0113,1
OI0009555,O004661,P0240,3
OI0009556,O004662,P0232,3
OI0009557,O004662,P0215,1
OI0009558,O004663,P0223,1
OI0009559,O004663,P0255,3
OI0009560,O004664,P0044,1
OI0009561,O004664,P0049,1
OI0009562,O004664,P0179,1
OI0009563,O004664,P0138,1
OI0009564,O004665,P0249,1
OI0009565,O004665,P0126,1
OI0009566,O004665,P0262,1
OI0009567,O004666,P0007,1
OI0009568,O004667,P0114,1
OI0009569,O004667,P0065,2
OI0009570,O004668,P0249,2
OI0009571,O004668,P0106,1
OI0009572,O004669,P0063,1
OI0009573,O004669,P0070,1
OI0009574,O004670,P0230,1
OI0009575,O004670,P0218,2
OI0009576,O004670,P0105,2
OI0009577,O004671,P0284,3
OI0009578,O004671,P0105,1
OI0009579,O004671,P0043,1
OI0009580,O004671,P0104,1
OI0009581,O004672,P0190,1
OI0009582,O004672,P0028,1
OI0009583,O004672,P0019,1
OI0009584,O004673,P0214,1
OI0009585,O004673,P0070,3
OI0009586,O004673,P0230,3
OI0009587,O004674,P0122,1
OI0009588,O004674,P0035,1
OI0009589,O004675,P0100,1
OI0009590,O004676,P0141,2
OI0009591,O004676,P0296,3
OI0009592,O004676,P0136,1
OI0009593,O004677,P0252,1
OI0009594,O004677,P0126,1
OI0009595,O004678,P0208,1
OI0009596,O004679,P0086,1
OI0009597,O004679,P0259,2
OI0009598,O004679,P0196,1
OI0009599,O004679,P0010,1
OI0009600,O004680,P0214,1
OI0009601,O004680,P0075,1
OI0009602,O004681,P0238,1
OI0009603,O004681,P0082,2
OI0009604,O004681,P0188,2
OI0009605,O004682,P0211,3
OI0009606,O004682,P0201,1
OI0009607,O004683,P0139,1
OI0009608,O004683,P0223,1
OI0009609,O004684,P0002,1
OI0009610,O004684,P0161,1
OI0009611,O004684,P0024,1
OI0009612,O004685,P0083,1
OI0009613,O004685,P0061,1
OI0009614,O004686,P0056,1
OI0009615,O004687,P0056,1
OI0009616,O004688,P0171,1
OI0009617,O004688,P0181,1
OI0009618,O004689,P0152,1
OI0009619,O004689,P0263,1
OI0009620,O004690,P0178,1
OI0009621,O004690,P0056,1
OI0009622,O004690,P0033,2
OI0009623,O004691,P0180,1
OI0009624,O004692,P0242,1
OI0009625,O004692,P0040,1
OI0009626,O004692,P0085,1
OI0009627,O004693,P0033,1
OI0009628,O004693,P0037,1
OI0009629,O004693,P0275,1
OI0009630,O004694,P0155,1
OI0009631,O004695,P0115,1
OI0009632,O004695,P0069,2
OI0009633,O004696,P0101,1
OI0009634,O004697,P0235,1
OI0009635,O004698,P0164,1
OI0009636,O004698,P0024,1
OI0009637,O004699,P0134,3
OI0009638,O004699,P0043,3
OI0009639,O004700,P0252,1
OI0009640,O004700,P0141,2
OI0009641,O004701,P0237,1
OI0009642,O004701,P0188,3
OI0009643,O004701,P0236,1
OI0009644,O004701,P0280,1
OI0009645,O004702,P0004,2
OI0009646,O004702,P0268,1
OI0009647,O004702,P0141,3
OI0009648,O004703,P0296,1
OI0009649,O004703,P0134,1
OI0009650,O004704,P0253,1
OI0009651,O004704,P0288,1
OI0009652,O004704,P0239,1
OI0009653,O004704,P0209,1
OI0009654,O004705,P0043,3
OI0009655,O004705,P0263,1
OI0009656,O004706,P0075,1
OI0009657,O004707,P0212,1
OI0009658,O004707,P0205,1
OI0009659,O004707,P0150,1
OI0009660,O004708,P0122,1
OI0009661,O004708,P0114,1
OI0009662,O004708,P0191,1
OI0009663,O004709,P0134,1
OI0009664,O004710,P0234,1
OI0009665,O004710,P0001,3
OI0009666,O004710,P0255,1
OI0009667,O004710,P0122,1
OI0009668,O004711,P0293,1
OI0009669,O004711,P0071,1
OI0009670,O004712,P0271,1
OI0009671,O004712,P0180,1
OI0009672,O004713,P0056,1
OI0009673,O004713,P0031,1
OI0009674,O004714,P0137,1
OI0009675,O004715,P0072,1
OI0009676,O004715,P0195,2
OI0009677,O004715,P0033,1
OI0009678,O004716,P0143,1
OI0009679,O004716,P0183,1
OI0009680,O004716,P0261,1
OI0009681,O004717,P0166,1
OI0009682,O004717,P0156,1
OI0009683,O004718,P0261,1
OI0009684,O004719,P0073,1
OI0009685,O004719,P0124,1
OI0009686,O004720,P0101,1
OI0009687,O004720,P0182,2
OI0009688,O004721,P0275,1
OI0009689,O004722,P0244,1
OI0009690,O004722,P0037,1
OI0009691,O004723,P0240,1
OI0009692,O004724,P0004,1
OI0009693,O004724,P0173,2
OI0009694,O004724,P0018,3
OI0009695,O004725,P0249,1
OI0009696,O004725,P0171,1
OI0009697,O004726,P0278,1
OI0009698,O004726,P0096,2
OI0009699,O004726,P0213,1
OI0009700,O004727,P0143,1
OI0009701,O004727,P0026,2
OI0009702,O004727,P0282,1
OI0009703,O004728,P0029,1
OI0009704,O004728,P0001,1
OI0009705,O004728,P0094,1
OI0009706,O004729,P0047,1
OI0009707,O004730,P0021,1
OI0009708,O004731,P0240,1
OI0009709,O004731,P0203,1
OI0009710,O004732,P0179,1
OI0009711,O004733,P0217,1
OI0009712,O004733,P0284,1
OI0009713,O004734,P0211,2
OI0009714,O004734,P0026,1
OI0009715,O004734,P0196,1
OI0009716,O004735,P0248,3
OI0009717,O004735,P0221,3
OI0009718,O004736,P0073,2
OI0009719,O004736,P0042,2
OI0009720,O004737,P0070,1
OI0009721,O004737,P0219,1
OI0009722,O004738,P0283,2
OI0009723,O004738,P0126,1
OI0009724,O004738,P0117,2
OI0009725,O004739,P0139,1
OI0009726,O004739,P0124,1
OI0009727,O004739,P0114,2
OI0009728,O004740,P0006,1
OI0009729,O004741,P0162,1
OI0009730,O004741,P0242,1
OI0009731,O004741,P0135,3
OI0009732,O004742,P0196,1
OI0009733,O004743,P0002,1
OI0009734,O004743,P0288,1
OI0009735,O004743,P0253,1
OI0009736,O004743,P0125,2
OI0009737,O004744,P0172,1
OI0009738,O004744,P0139,1
OI0009739,O004745,P0207,1
OI0009740,O004745,P0118,1
OI0009741,O004746,P0159,1
OI0009742,O004746,P0003,1
OI0009743,O004746,P0036,1
OI0009744,O004746,P0063,1
OI0009745,O004747,P0147,1
OI0009746,O004748,P0186,1
OI0009747,O004748,P0219,1
OI0009748,O004748,P0001,1
OI0009749,O004749,P0196,2
OI0009750,O004749,P0235,1
OI0009751,O004749,P0282,1
OI0009752,O004750,P0293,1
OI0009753,O004751,P0118,2
OI0009754,O004751,P0195,1
OI0009755,O004752,P0100,1
OI0009756,O004753,P0218,2
OI0009757,O004753,P0025,1
OI0009758,O004754,P0298,1
OI0009759,O004755,P0121,3
OI0009760,O004756,P0011,2
OI0009761,O004756,P0161,1
OI0009762,O004757,P0088,1
OI0009763,O004758,P0061,1
OI0009764,O004758,P0277,2
OI0009765,O004759,P0218,1
OI0009766,O004759,P0291,1
OI0009767,O004760,P0248,1
OI0009768,O004760,P0017,1
OI0009769,O004760,P0056,1
OI0009770,O004761,P0237,1
OI0009771,O004761,P0132,1
OI0009772,O004761,P0015,1
OI0009773,O004761,P0010,1
OI0009774,O004762,P0174,1
OI0009775,O004763,P0016,1
OI0009776,O004763,P0005,1
OI0009777,O004764,P0046,1
OI0009778,O004765,P0048,2
OI0009779,O004765,P0206,3
OI0009780,O004766,P0205,1
OI0009781,O004766,P0046,2
OI0009782,O004766,P0061,1
OI0009783,O004766,P0076,1
OI0009784,O004767,P0054,2
OI0009785,O004767,P0033,1
OI0009786,O004767,P0236,1
OI0009787,O004767,P0270,1
OI0009788,O004768,P0246,1
OI0009789,O004768,P0233,2
OI0009790,O004769,P0016,1
OI0009791,O004769,P0287,1
OI0009792,O004769,P0004,1
OI0009793,O004769,P0137,1
OI0009794,O004770,P0098,1
OI0009795,O004770,P0108,1
OI0009796,O004771,P0080,1
OI0009797,O004771,P0058,2
OI0009798,O004772,P0027,2
OI0009799,O004773,P0100,1
OI0009800,O004774,P0120,2
OI0009801,O004774,P0053,1
OI0009802,O004774,P0106,1
OI0009803,O004774,P0105,2
OI0009804,O004775,P0134,1
OI0009805,O004776,P0027,1
OI0009806,O004776,P0147,1
OI0009807,O004777,P0094,1
OI0009808,O004778,P0270,1
OI0009809,O004778,P0065,1
OI0009810,O004779,P0193,1
OI0009811,O004780,P0018,1
OI0009812,O004781,P0110,3
OI0009813,O004781,P0162,2
OI0009814,O004782,P0197,1
OI0009815,O004783,P0269,1
OI0009816,O004783,P0186,1
OI0009817,O004783,P0031,1
OI0009818,O004784,P0040,1
OI0009819,O004784,P0118,1
OI0009820,O004785,P0231,1
OI0009821,O004785,P0282,1
OI0009822,O004785,P0174,2
OI0009823,O004786,P0194,1
OI0009824,O004786,P0210,1
OI0009825,O004786,P0283,1
OI0009826,O004787,P0066,1
OI0009827,O004787,P0091,1
OI0009828,O004787,P0246,2
OI0009829,O004788,P0162,1
OI0009830,O004789,P0190,1
OI0009831,O004789,P0225,2
OI0009832,O004789,P0053,2
OI0009833,O004790,P0245,1
OI0009834,O004791,P0232,1
OI0009835,O004791,P0140,2
OI0009836,O004792,P0038,2
OI0009837,O004793,P0105,1
OI0009838,O004793,P0148,1
OI0009839,O004793,P0279,1
OI0009840,O004794,P0077,1
OI0009841,O004795,P0007,1
OI0009842,O004795,P0146,1
OI0009843,O004795,P0159,2
OI0009844,O004796,P0295,2
OI0009845,O004797,P0066,2
OI0009846,O004798,P0233,1
OI0009847,O004799,P0019,1
OI0009848,O004799,P0141,2
OI0009849,O004800,P0122,1
OI0009850,O004801,P0189,1
OI0009851,O004802,P0049,2
OI0009852,O004803,P0053,2
OI0009853,O004803,P0265,1
OI0009854,O004804,P0181,1
OI0009855,O004804,P0094,1
OI0009856,O004805,P0071,1
OI0009857,O004806,P0164,1
OI0009858,O004806,P0218,3
OI0009859,O004807,P0104,1
OI0009860,O004808,P0221,3
OI0009861,O004809,P0182,1
OI0009862,O004809,P0114,3
OI0009863,O004809,P0022,1
OI0009864,O004810,P0115,1
OI0009865,O004811,P0080,1
OI0009866,O004812,P0049,1
OI0009867,O004813,P0155,1
OI0009868,O004814,P0297,1
OI0009869,O004815,P0243,1
OI0009870,O004816,P0181,1
OI0009871,O004816,P0265,1
OI0009872,O004817,P0283,2
OI0009873,O004817,P0126,1
OI0009874,O004818,P0123,1
OI0009875,O004818,P0033,2
OI0009876,O004818,P0104,1
OI0009877,O004818,P0165,1
OI0009878,O004819,P0203,1
OI0009879,O004820,P0108,2
OI0009880,O004821,P0135,1
OI0009881,O004822,P0149,2
OI0009882,O004822,P0011,1
OI0009883,O004823,P0124,1
OI0009884,O004823,P0112,2
OI0009885,O004824,P0017,1
OI0009886,O004824,P0105,1
OI0009887,O004825,P0127,1
OI0009888,O004825,P0266,1
OI0009889,O004825,P0286,1
OI0009890,O004826,P0199,1
OI0009891,O004826,P0148,1
OI0009892,O004826,P0138,1
OI0009893,O004827,P0261,1
OI0009894,O004827,P0118,3
OI0009895,O004828,P0218,2
OI0009896,O004828,P0042,1
OI0009897,O004828,P0102,1
OI0009898,O004829,P0282,1
OI0009899,O004829,P0277,1
OI0009900,O004829,P0131,1
OI0009901,O004830,P0166,1
OI0009902,O004830,P0258,1
OI0009903,O004830,P0079,1
OI0009904,O004831,P0204,1
OI0009905,O004832,P0017,1
OI0009906,O004832,P0142,1
OI0009907,O004832,P0011,1
OI0009908,O004833,P0122,1
OI0009909,O004833,P0202,1
OI0009910,O004834,P0075,1
OI0009911,O004835,P0011,1
OI0009912,O004835,P0188,1
OI0009913,O004836,P0135,1
OI0009914,O004837,P0078,1
OI0009915,O004838,P0036,1
OI0009916,O004839,P0121,1
OI0009917,O004839,P0044,1
OI0009918,O004840,P0176,1
OI0009919,O004840,P0215,3
OI0009920,O004841,P0132,1
OI0009921,O004841,P0113,1
OI0009922,O004842,P0243,3
OI0009923,O004842,P0198,1
OI0009924,O004842,P0054,1
OI0009925,O004842,P0072,2
OI0009926,O004843,P0113,2
OI0009927,O004843,P0052,2
OI0009928,O004843,P0162,1
OI0009929,O004843,P0203,1
OI0009930,O004844,P0255,1
OI0009931,O004845,P0204,1
OI0009932,O004846,P0110,3
OI0009933,O004846,P0276,1
OI0009934,O004846,P0059,2
OI0009935,O004847,P0111,2
OI0009936,O004847,P0149,1
OI0009937,O004848,P0008,1
OI0009938,O004848,P0095,2
OI0009939,O004849,P0234,2
OI0009940,O004849,P0018,1
OI0009941,O004850,P0197,1
OI0009942,O004850,P0200,1
OI0009943,O004850,P0112,3
OI0009944,O004851,P0289,1
OI0009945,O004852,P0079,1
OI0009946,O004852,P0155,1
OI0009947,O004853,P0169,1
OI0009948,O004853,P0238,2
OI0009949,O004854,P0155,1
OI0009950,O004855,P0085,1
OI0009951,O004856,P0121,1
OI0009952,O004856,P0180,1
OI0009953,O004856,P0088,1
OI0009954,O004857,P0095,1
OI0009955,O004858,P0035,1
OI0009956,O004858,P0265,1
OI0009957,O004859,P0079,1
OI0009958,O004859,P0174,2
OI0009959,O004859,P0150,1
OI0009960,O004860,P0190,1
OI0009961,O004860,P0222,1
OI0009962,O004860,P0198,2
OI0009963,O004860,P0134,1
OI0009964,O004861,P0093,1
OI0009965,O004861,P0168,1
OI0009966,O004862,P0253,3
OI0009967,O004863,P0022,1
OI0009968,O004863,P0144,1
OI0009969,O004864,P0259,1
OI0009970,O004864,P0113,2
OI0009971,O004865,P0007,1
OI0009972,O004865,P0029,1
OI0009973,O004865,P0096,1
OI0009974,O004866,P0054,1
OI0009975,O004866,P0066,1
OI0009976,O004867,P0002,1
OI0009977,O004868,P0131,1
OI0009978,O004868,P0062,2
OI0009979,O004869,P0093,2
OI0009980,O004870,P0268,1
OI0009981,O004870,P0277,2
OI0009982,O004870,P0066,1
OI0009983,O004871,P0297,1
OI0009984,O004872,P0190,1
OI0009985,O004872,P0260,1
OI0009986,O004872,P0117,1
OI0009987,O004873,P0060,1
OI0009988,O004874,P0060,2
OI0009989,O004874,P0174,1
OI0009990,O004874,P0252,1
OI0009991,O004875,P0096,1
OI0009992,O004875,P0132,1
OI0009993,O004876,P0079,1
OI0009994,O004876,P0171,1
OI0009995,O004876,P0089,1
OI0009996,O004877,P0109,3
OI0009997,O004877,P0207,1
OI0009998,O004878,P0095,1
OI0009999,O004879,P0280,1
OI0010000,O004880,P0248,3
OI0010001,O004880,P0079,1
OI0010002,O004881,P0018,3
OI0010003,O004881,P0192,1
OI0010004,O004881,P0196,1
OI0010005,O004882,P0236,1
OI0010006,O004882,P0005,2
OI0010007,O004883,P0268,1
OI0010008,O004883,P0206,1
OI0010009,O004883,P0092,1
OI0010010,O004883,P0076,1
OI0010011,O004884,P0101,1
OI0010012,O004884,P0023,1
OI0010013,O004885,P0156,1
OI0010014,O004885,P0011,1
OI0010015,O004886,P0137,3
OI0010016,O004886,P0038,2
OI0010017,O004887,P0088,1
OI0010018,O004887,P0211,1
OI0010019,O004888,P0005,2
OI0010020,O004889,P0161,2
OI0010021,O004890,P0021,1
OI0010022,O004890,P0003,1
OI0010023,O004891,P0250,1
OI0010024,O004891,P0258,1
OI0010025,O004892,P0171,1
OI0010026,O004892,P0205,2
OI0010027,O004892,P0136,1
OI0010028,O004893,P0232,1
OI0010029,O004893,P0099,1
OI0010030,O004893,P0096,1
OI0010031,O004893,P0007,1
OI0010032,O004894,P0032,1
OI0010033,O004894,P0152,1
OI0010034,O004895,P0254,1
OI0010035,O004896,P0255,1
OI0010036,O004897,P0238,2
OI0010037,O004898,P0094,1
OI0010038,O004898,P0235,1
OI0010039,O004898,P0188,1
OI0010040,O004898,P0165,1
OI0010041,O004899,P0145,1
OI0010042,O004900,P0266,1
OI0010043,O004901,P0173,1
OI0010044,O004901,P0218,1
OI0010045,O004901,P0114,3
OI0010046,O004901,P0163,3
OI0010047,O004902,P0082,1
OI0010048,O004902,P0080,1
OI0010049,O004903,P0003,2
OI0010050,O004904,P0179,1
OI0010051,O004904,P0031,1
OI0010052,O004904,P0126,1
OI0010053,O004904,P0039,2
OI0010054,O004905,P0125,1
OI0010055,O004906,P0213,3
OI0010056,O004907,P0013,1
OI0010057,O004907,P0291,1
OI0010058,O004907,P0182,1
OI0010059,O004908,P0288,1
OI0010060,O004909,P0035,1
OI0010061,O004909,P0079,1
OI0010062,O004909,P0068,1
OI0010063,O004910,P0130,1
OI0010064,O004910,P0119,2
OI0010065,O004910,P0255,1
OI0010066,O004911,P0049,2
OI0010067,O004911,P0115,1
OI0010068,O004912,P0176,1
OI0010069,O004912,P0293,1
OI0010070,O004913,P0222,2
OI0010071,O004914,P0262,1
OI0010072,O004914,P0220,1
OI0010073,O004915,P0251,1
OI0010074,O004915,P0018,1
OI0010075,O004915,P0025,3
OI0010076,O004915,P0222,1
OI0010077,O004916,P0212,1
OI0010078,O004917,P0233,1
OI0010079,O004917,P0173,2
OI0010080,O004917,P0156,2
OI0010081,O004918,P0155,1
OI0010082,O004918,P0029,3
OI0010083,O004918,P0182,1
OI0010084,O004918,P0267,1
OI0010085,O004919,P0129,1
OI0010086,O004920,P0069,1
OI0010087,O004920,P0088,2
OI0010088,O004920,P0027,2
OI0010089,O004920,P0222,1
OI0010090,O004921,P0263,2
OI0010091,O004922,P0110,2
OI0010092,O004923,P0293,2
OI0010093,O004923,P0223,1
OI0010094,O004923,P0026,1
OI0010095,O004924,P0057,3
OI0010096,O004924,P0294,1
OI0010097,O004925,P0079,2
OI0010098,O004925,P0219,2
OI0010099,O004926,P0142,1
OI0010100,O004926,P0229,1
OI0010101,O004926,P0205,1
OI0010102,O004927,P0123,1
OI0010103,O004927,P0062,1
OI0010104,O004928,P0258,3
OI0010105,O004929,P0255,2
OI0010106,O004930,P0136,1
OI0010107,O004930,P0133,1
OI0010108,O004931,P0277,1
OI0010109,O004932,P0164,1
OI0010110,O004933,P0124,1
OI0010111,O004933,P0070,1
OI0010112,O004933,P0079,1
OI0010113,O004934,P0085,2
OI0010114,O004934,P0210,1
OI0010115,O004935,P0039,1
OI0010116,O004935,P0045,1
OI0010117,O004935,P0199,1
OI0010118,O004935,P0087,1
OI0010119,O004936,P0212,2
OI0010120,O004936,P0039,1
OI0010121,O004936,P0005,1
OI0010122,O004936,P0033,1
OI0010123,O004937,P0151,1
OI0010124,O004937,P0273,1
OI0010125,O004937,P0116,1
OI0010126,O004938,P0182,3
OI0010127,O004939,P0227,1
OI0010128,O004940,P0070,1
OI0010129,O004940,P0217,1
OI0010130,O004941,P0171,1
OI0010131,O004941,P0103,1
OI0010132,O004942,P0180,1
OI0010133,O004943,P0101,1
OI0010134,O004944,P0056,1
OI0010135,O004945,P0089,1
OI0010136,O004946,P0238,1
OI0010137,O004947,P0230,3
OI0010138,O004948,P0163,3
OI0010139,O004949,P0069,1
OI0010140,O004950,P0037,2
OI0010141,O004950,P0295,1
OI0010142,O004951,P0033,1
OI0010143,O004952,P0051,1
OI0010144,O004953,P0134,1
OI0010145,O004954,P0240,2
OI0010146,O004955,P0271,1
OI0010147,O004956,P0268,1
OI0010148,O004956,P0272,2
OI0010149,O004957,P0230,1
OI0010150,O004958,P0291,1
OI0010151,O004959,P0010,1
OI0010152,O004960,P0158,1
OI0010153,O004960,P0234,1
OI0010154,O004960,P0104,1
OI0010155,O004961,P0283,1
OI0010156,O004961,P0001,1
OI0010157,O004962,P0250,1
OI0010158,O004962,P0083,2
OI0010159,O004962,P0253,1
OI0010160,O004962,P0258,1
OI0010161,O004963,P0098,1
OI0010162,O004963,P0258,1
OI0010163,O004963,P0121,1
OI0010164,O004964,P0214,1
OI0010165,O004965,P0202,1
OI0010166,O004965,P0265,1
OI0010167,O004965,P0033,2
OI0010168,O004966,P0298,2
OI0010169,O004967,P0224,1
OI0010170,O004967,P0227,2
OI0010171,O004967,P0034,3
OI0010172,O004968,P0198,1
OI0010173,O004968,P0257,3
OI0010174,O004968,P0208,2
OI0010175,O004968,P0232,1
OI0010176,O004969,P0073,1
OI0010177,O004969,P0138,2
OI0010178,O004969,P0183,1
OI0010179,O004970,P0065,1
OI0010180,O004971,P0238,2
OI0010181,O004972,P0281,1
OI0010182,O004972,P0138,1
OI0010183,O004973,P0072,1
OI0010184,O004973,P0050,1
OI0010185,O004974,P0266,1
OI0010186,O004974,P0048,1
OI0010187,O004974,P0150,1
OI0010188,O004975,P0060,1
OI0010189,O004975,P0007,1
OI0010190,O004975,P0058,1
OI0010191,O004975,P0074,1
OI0010192,O004976,P0175,2
OI0010193,O004977,P0040,1
OI0010194,O004977,P0030,3
OI0010195,O004978,P0101,1
OI0010196,O004978,P0187,3
OI0010197,O004978,P0204,2
OI0010198,O004979,P0029,2
OI0010199,O004979,P0129,1
OI0010200,O004979,P0206,2
OI0010201,O004979,P0201,1
OI0010202,O004980,P0098,3
OI0010203,O004981,P0240,2
OI0010204,O004982,P0269,1
OI0010205,O004982,P0018,1
OI0010206,O004983,P0159,2
OI0010207,O004984,P0146,2
OI0010208,O004985,P0019,2
OI0010209,O004986,P0281,1
OI0010210,O004987,P0228,2
OI0010211,O004987,P0003,1
OI0010212,O004988,P0028,2
OI0010213,O004989,P0021,1
OI0010214,O004989,P0226,1
OI0010215,O004990,P0048,1
OI0010216,O004990,P0282,3
OI0010217,O004991,P0281,2
OI0010218,O004992,P0202,1
OI0010219,O004992,P0262,2
OI0010220,O004993,P0114,1
OI0010221,O004993,P0031,1
OI0010222,O004993,P0095,1
OI0010223,O004994,P0172,2
OI0010224,O004995,P0145,3
OI0010225,O004995,P0275,1
OI0010226,O004996,P0242,1
OI0010227,O004996,P0083,2
OI0010228,O004996,P0185,1
OI0010229,O004996,P0167,2
OI0010230,O004997,P0064,2
OI0010231,O004998,P0108,2
OI0010232,O004998,P0112,1
OI0010233,O004999,P0030,1
OI0010234,O004999,P0179,2
OI0010235,O004999,P0133,2
OI0010236,O005000,P0175,1
OI0010237,O005000,P0032,3
OI0010238,O005000,P0128,1
OI0010239,O005001,P0170,1
OI0010240,O005001,P0168,1
OI0010241,O005002,P0110,1
OI0010242,O005002,P0275,1
OI0010243,O005003,P0285,2
OI0010244,O005004,P0095,1
OI0010245,O005004,P0077,1
OI0010246,O005004,P0072,1
OI0010247,O005004,P0146,1
OI0010248,O005005,P0125,2
OI0010249,O005006,P0055,1
OI0010250,O005007,P0175,2
OI0010251,O005007,P0262,1
OI0010252,O005008,P0063,2
OI0010253,O005008,P0276,1
OI0010254,O005008,P0100,1
OI0010255,O005009,P0010,3
OI0010256,O005009,P0264,1
OI0010257,O005009,P0087,1
OI0010258,O005010,P0209,3
OI0010259,O005010,P0222,1
OI0010260,O005011,P0053,1
OI0010261,O005012,P0261,2
OI0010262,O005013,P0173,1
OI0010263,O005014,P0107,1
OI0010264,O005015,P0018,1
OI0010265,O005015,P0157,1
OI0010266,O005015,P0041,1
OI0010267,O005016,P0104,2
OI0010268,O005016,P0266,1
OI0010269,O005017,P0140,1
OI0010270,O005018,P0071,1
OI0010271,O005018,P0214,3
OI0010272,O005018,P0295,2
OI0010273,O005019,P0141,2
OI0010274,O005019,P0110,2
OI0010275,O005019,P0220,1
OI0010276,O005020,P0250,1
OI0010277,O005021,P0038,1
OI0010278,O005021,P0082,1
OI0010279,O005022,P0133,1
OI0010280,O005022,P0014,1
OI0010281,O005022,P0291,1
OI0010282,O005023,P0074,1
OI0010283,O005024,P0153,1
OI0010284,O005025,P0146,1
OI0010285,O005026,P0220,1
OI0010286,O005026,P0105,1
OI0010287,O005026,P0145,1
OI0010288,O005027,P0172,1
OI0010289,O005028,P0263,1
OI0010290,O005029,P0166,1
OI0010291,O005029,P0021,2
OI0010292,O005030,P0145,1
OI0010293,O005030,P0166,2
OI0010294,O005030,P0072,2
OI0010295,O005030,P0067,2
OI0010296,O005031,P0060,1
OI0010297,O005031,P0204,1
OI0010298,O005032,P0182,1
OI0010299,O005032,P0250,3
OI0010300,O005032,P0122,3
OI0010301,O005033,P0055,2
OI0010302,O005033,P0066,2
OI0010303,O005034,P0214,1
OI0010304,O005034,P0163,3
OI0010305,O005034,P0042,1
OI0010306,O005034,P0048,1
OI0010307,O005035,P0246,1
OI0010308,O005035,P0247,2
OI0010309,O005036,P0132,1
OI0010310,O005036,P0290,2
OI0010311,O005037,P0242,1
OI0010312,O005038,P0267,3
OI0010313,O005039,P0010,1
OI0010314,O005040,P0045,1
OI0010315,O005040,P0050,1
OI0010316,O005041,P0094,1
OI0010317,O005042,P0068,1
OI0010318,O005042,P0285,1
OI0010319,O005042,P0159,1
OI0010320,O005043,P0287,1
OI0010321,O005044,P0122,1
OI0010322,O005045,P0224,1
OI0010323,O005045,P0247,1
OI0010324,O005046,P0265,1
OI0010325,O005046,P0138,1
OI0010326,O005047,P0032,1
OI0010327,O005048,P0040,1
OI0010328,O005049,P0291,1
OI0010329,O005049,P0257,1
OI0010330,O005050,P0197,2
OI0010331,O005050,P0253,1
OI0010332,O005051,P0123,2
OI0010333,O005051,P0062,2
OI0010334,O005051,P0215,1
OI0010335,O005052,P0117,1
OI0010336,O005052,P0203,1
OI0010337,O005053,P0243,2
OI0010338,O005053,P0192,1
OI0010339,O005053,P0191,1
OI0010340,O005054,P0227,1
OI0010341,O005055,P0067,1
OI0010342,O005055,P0133,1
OI0010343,O005055,P0134,1
OI0010344,O005056,P0053,1
OI0010345,O005056,P0106,1
OI0010346,O005057,P0041,2
OI0010347,O005057,P0283,2
OI0010348,O005057,P0174,1
OI0010349,O005058,P0107,1
OI0010350,O005059,P0044,1
OI0010351,O005059,P0079,1
OI0010352,O005059,P0296,2
OI0010353,O005060,P0100,3
OI0010354,O005060,P0167,1
OI0010355,O005060,P0114,1
OI0010356,O005060,P0271,3
OI0010357,O005061,P0295,1
OI0010358,O005062,P0216,1
OI0010359,O005062,P0242,2
OI0010360,O005063,P0249,1
OI0010361,O005063,P0005,1
OI0010362,O005063,P0067,1
OI0010363,O005064,P0087,1
OI0010364,O005064,P0067,3
OI0010365,O005065,P0189,1
OI0010366,O005066,P0257,1
OI0010367,O005067,P0295,1
OI0010368,O005068,P0120,2
OI0010369,O005068,P0226,1
OI0010370,O005069,P0292,1
OI0010371,O005069,P0064,1
OI0010372,O005069,P0141,1
OI0010373,O005069,P0245,2
OI0010374,O005070,P0259,1
OI0010375,O005070,P0258,1
OI0010376,O005070,P0188,2
OI0010377,O005071,P0180,1
OI0010378,O005071,P0196,3
OI0010379,O005071,P0037,3
OI0010380,O005072,P0039,1
OI0010381,O005072,P0162,1
OI0010382,O005072,P0069,3
OI0010383,O005073,P0039,1
OI0010384,O005073,P0213,2
OI0010385,O005073,P0094,1
OI0010386,O005074,P0134,1
OI0010387,O005075,P0126,1
OI0010388,O005076,P0105,1
OI0010389,O005076,P0140,1
OI0010390,O005076,P0052,1
OI0010391,O005076,P0259,1
OI0010392,O005077,P0250,3
OI0010393,O005078,P0121,2
OI0010394,O005078,P0165,2
OI0010395,O005079,P0297,2
OI0010396,O005079,P0122,3
OI0010397,O005079,P0192,1
OI0010398,O005079,P0009,1
OI0010399,O005080,P0028,2
OI0010400,O005081,P0226,1
OI0010401,O005081,P0185,1
OI0010402,O005081,P0097,1
OI0010403,O005081,P0281,1
OI0010404,O005082,P0003,2
OI0010405,O005083,P0051,1
OI0010406,O005083,P0241,1
OI0010407,O005084,P0279,1
OI0010408,O005085,P0110,1
OI0010409,O005085,P0169,1
OI0010410,O005086,P0216,1
OI0010411,O005086,P0084,1
OI0010412,O005087,P0285,1
OI0010413,O005087,P0122,1
OI0010414,O005088,P0043,3
OI0010415,O005088,P0062,1
OI0010416,O005089,P0072,1
OI0010417,O005090,P0171,1
OI0010418,O005090,P0070,1
OI0010419,O005090,P0179,1
OI0010420,O005091,P0076,1
OI0010421,O005091,P0108,2
OI0010422,O005092,P0015,1
OI0010423,O005092,P0037,3
OI0010424,O005093,P0040,1
OI0010425,O005094,P0260,1
OI0010426,O005095,P0093,1
OI0010427,O005095,P0119,1
OI0010428,O005095,P0256,1
OI0010429,O005096,P0125,1
OI0010430,O005096,P0228,1
OI0010431,O005097,P0226,3
OI0010432,O005098,P0182,1
OI0010433,O005098,P0131,3
OI0010434,O005098,P0264,1
OI0010435,O005099,P0199,1
OI0010436,O005099,P0062,1
OI0010437,O005099,P0206,1
OI0010438,O005100,P0136,1
OI0010439,O005101,P0142,3
OI0010440,O005102,P0246,2
OI0010441,O005103,P0063,1
OI0010442,O005103,P0161,1
OI0010443,O005104,P0127,1
OI0010444,O005104,P0061,1
OI0010445,O005105,P0214,1
OI0010446,O005105,P0053,2
OI0010447,O005106,P0215,1
OI0010448,O005106,P0050,1
OI0010449,O005107,P0088,1
OI0010450,O005108,P0061,1
OI0010451,O005108,P0269,3
OI0010452,O005108,P0044,2
OI0010453,O005109,P0187,1
OI0010454,O005109,P0223,1
OI0010455,O005109,P0057,1
OI0010456,O005110,P0292,1
OI0010457,O005110,P0284,3
OI0010458,O005110,P0173,1
OI0010459,O005111,P0097,1
OI0010460,O005111,P0009,1
OI0010461,O005112,P0163,3
OI0010462,O005113,P0090,1
OI0010463,O005113,P0283,1
OI0010464,O005114,P0236,1
OI0010465,O005115,P0157,1
OI0010466,O005115,P0171,1
OI0010467,O005116,P0173,1
OI0010468,O005116,P0006,1
OI0010469,O005116,P0244,1
OI0010470,O005116,P0120,2
OI0010471,O005117,P0279,1
OI0010472,O005117,P0289,1
OI0010473,O005117,P0013,1
OI0010474,O005118,P0165,1
OI0010475,O005119,P0226,1
OI0010476,O005119,P0230,1
OI0010477,O005119,P0034,1
OI0010478,O005120,P0096,3
OI0010479,O005120,P0007,3
OI0010480,O005121,P0262,1
OI0010481,O005122,P0187,1
OI0010482,O005122,P0079,1
OI0010483,O005122,P0122,1
OI0010484,O005123,P0288,1
OI0010485,O005123,P0218,1
OI0010486,O005124,P0295,2
OI0010487,O005125,P0279,1
OI0010488,O005126,P0173,1
OI0010489,O005126,P0300,1
OI0010490,O005127,P0067,1
OI0010491,O005127,P0297,1
OI0010492,O005128,P0112,1
OI0010493,O005129,P0068,1
OI0010494,O005130,P0036,1
OI0010495,O005131,P0095,2
OI0010496,O005131,P0242,2
OI0010497,O005131,P0021,1
OI0010498,O005132,P0068,1
OI0010499,O005132,P0077,1
OI0010500,O005133,P0175,1
OI0010501,O005134,P0165,1
OI0010502,O005135,P0194,1
OI0010503,O005136,P0193,2
OI0010504,O005136,P0082,1
OI0010505,O005137,P0170,1
OI0010506,O005137,P0157,1
OI0010507,O005137,P0257,1
OI0010508,O005138,P0178,3
OI0010509,O005139,P0073,1
OI0010510,O005139,P0091,1
OI0010511,O005139,P0175,1
OI0010512,O005139,P0166,1
OI0010513,O005140,P0279,1
OI0010514,O005140,P0004,1
OI0010515,O005140,P0231,1
OI0010516,O005140,P0150,1
OI0010517,O005141,P0262,1
OI0010518,O005141,P0157,1
OI0010519,O005142,P0241,1
OI0010520,O005143,P0273,2
OI0010521,O005143,P0006,1
OI0010522,O005143,P0101,1
OI0010523,O005144,P0126,3
OI0010524,O005144,P0077,1
OI0010525,O005144,P0185,1
OI0010526,O005145,P0002,2
OI0010527,O005146,P0279,1
OI0010528,O005146,P0263,1
OI0010529,O005146,P0115,1
OI0010530,O005146,P0153,2
OI0010531,O005147,P0111,1
OI0010532,O005147,P0214,2
OI0010533,O005148,P0096,1
OI0010534,O005148,P0109,1
OI0010535,O005149,P0255,1
OI0010536,O005150,P0206,1
OI0010537,O005151,P0238,2
OI0010538,O005151,P0158,1
OI0010539,O005151,P0275,1
OI0010540,O005151,P0220,2
OI0010541,O005152,P0093,2
OI0010542,O005152,P0078,2
OI0010543,O005153,P0034,1
OI0010544,O005153,P0061,1
OI0010545,O005153,P0121,1
OI0010546,O005154,P0084,1
OI0010547,O005154,P0039,2
OI0010548,O005154,P0051,2
OI0010549,O005154,P0234,2
OI0010550,O005155,P0160,1
OI0010551,O005155,P0272,1
OI0010552,O005156,P0007,1
OI0010553,O005157,P0133,1
OI0010554,O005157,P0290,2
OI0010555,O005158,P0116,1
OI0010556,O005159,P0234,1
OI0010557,O005159,P0135,2
OI0010558,O005159,P0214,1
OI0010559,O005159,P0207,1
OI0010560,O005160,P0139,1
OI0010561,O005161,P0270,2
OI0010562,O005161,P0179,2
OI0010563,O005162,P0174,2
OI0010564,O005162,P0186,1
OI0010565,O005163,P0053,1
OI0010566,O005163,P0065,1
OI0010567,O005163,P0261,1
OI0010568,O005163,P0184,2
OI0010569,O005164,P0100,2
OI0010570,O005165,P0260,1
OI0010571,O005166,P0161,1
OI0010572,O005166,P0079,2
OI0010573,O005167,P0038,1
OI0010574,O005167,P0154,1
OI0010575,O005167,P0098,1
OI0010576,O005168,P0143,1
OI0010577,O005168,P0014,1
OI0010578,O005169,P0126,1
OI0010579,O005169,P0100,1
OI0010580,O005169,P0197,2
OI0010581,O005169,P0204,1
OI0010582,O005170,P0138,2
OI0010583,O005171,P0063,3
OI0010584,O005171,P0133,2
OI0010585,O005172,P0164,1
OI0010586,O005173,P0067,1
OI0010587,O005173,P0090,1
OI0010588,O005174,P0113,3
OI0010589,O005174,P0207,1
OI0010590,O005175,P0004,1
OI0010591,O005176,P0055,1
OI0010592,O005176,P0131,1
OI0010593,O005177,P0113,3
OI0010594,O005178,P0086,1
OI0010595,O005179,P0109,1
OI0010596,O005179,P0278,1
OI0010597,O005179,P0261,1
OI0010598,O005180,P0049,1
OI0010599,O005180,P0128,2
OI0010600,O005181,P0040,1
OI0010601,O005181,P0148,1
OI0010602,O005182,P0045,1
OI0010603,O005183,P0048,1
OI0010604,O005184,P0201,3
OI0010605,O005184,P0267,1
OI0010606,O005184,P0022,1
OI0010607,O005185,P0099,1
OI0010608,O005186,P0098,1
OI0010609,O005187,P0257,1
OI0010610,O005188,P0140,1
OI0010611,O005188,P0187,1
OI0010612,O005188,P0161,1
OI0010613,O005188,P0287,2
OI0010614,O005189,P0221,1
OI0010615,O005190,P0180,1
OI0010616,O005190,P0141,1
OI0010617,O005190,P0267,1
OI0010618,O005191,P0183,1
OI0010619,O005191,P0018,2
OI0010620,O005192,P0274,1
OI0010621,O005193,P0147,1
OI0010622,O005194,P0105,2
OI0010623,O005194,P0091,1
OI0010624,O005195,P0088,1
OI0010625,O005195,P0031,1
OI0010626,O005195,P0125,1
OI0010627,O005196,P0294,1
OI0010628,O005197,P0010,1
OI0010629,O005197,P0183,2
OI0010630,O005197,P0206,2
OI0010631,O005197,P0221,1
OI0010632,O005198,P0048,1
OI0010633,O005198,P0290,2
OI0010634,O005198,P0037,1
OI0010635,O005199,P0270,1
OI0010636,O005199,P0200,1
OI0010637,O005199,P0044,1
OI0010638,O005200,P0110,1
OI0010639,O005200,P0030,1
OI0010640,O005201,P0073,1
OI0010641,O005201,P0141,1
OI0010642,O005201,P0181,1
OI0010643,O005202,P0158,1
OI0010644,O005203,P0075,1
OI0010645,O005204,P0003,1
OI0010646,O005204,P0034,2
OI0010647,O005204,P0254,2
OI0010648,O005204,P0020,2
OI0010649,O005205,P0080,1
OI0010650,O005205,P0078,2
OI0010651,O005205,P0177,2
OI0010652,O005206,P0235,1
OI0010653,O005206,P0009,1
OI0010654,O005207,P0287,1
OI0010655,O005208,P0177,1
OI0010656,O005208,P0210,1
OI0010657,O005209,P0139,1
OI0010658,O005209,P0069,1
OI0010659,O005209,P0075,1
OI0010660,O005209,P0132,3
OI0010661,O005210,P0118,1
OI0010662,O005210,P0010,1
OI0010663,O005211,P0018,2
OI0010664,O005211,P0211,2
OI0010665,O005212,P0288,2
OI0010666,O005212,P0197,1
OI0010667,O005212,P0086,1
OI0010668,O005213,P0160,1
OI0010669,O005213,P0193,1
OI0010670,O005213,P0029,1
OI0010671,O005214,P0269,1
OI0010672,O005215,P0075,1
OI0010673,O005215,P0256,2
OI0010674,O005216,P0271,1
OI0010675,O005217,P0284,2
OI0010676,O005218,P0266,1
OI0010677,O005218,P0015,1
OI0010678,O005219,P0186,1
OI0010679,O005220,P0036,1
OI0010680,O005221,P0276,1
OI0010681,O005221,P0236,2
OI0010682,O005221,P0193,2
OI0010683,O005222,P0054,1
OI0010684,O005222,P0067,1
OI0010685,O005223,P0175,1
OI0010686,O005223,P0191,2
OI0010687,O005224,P0252,2
OI0010688,O005224,P0224,1
OI0010689,O005224,P0187,1
OI0010690,O005224,P0047,1
OI0010691,O005225,P0051,1
OI0010692,O005225,P0210,1
OI0010693,O005225,P0290,1
OI0010694,O005225,P0111,1
OI0010695,O005226,P0171,1
OI0010696,O005227,P0018,2
OI0010697,O005228,P0130,1
OI0010698,O005228,P0044,1
OI0010699,O005228,P0181,2
OI0010700,O005229,P0108,1
OI0010701,O005229,P0205,1
OI0010702,O005230,P0167,1
OI0010703,O005230,P0269,2
OI0010704,O005231,P0258,1
OI0010705,O005231,P0085,2
OI0010706,O005232,P0125,1
OI0010707,O005232,P0217,1
OI0010708,O005232,P0197,1
OI0010709,O005233,P0136,1
OI0010710,O005233,P0232,1
OI0010711,O005234,P0221,2
OI0010712,O005235,P0165,1
OI0010713,O005236,P0182,3
OI0010714,O005236,P0073,1
OI0010715,O005236,P0171,2
OI0010716,O005237,P0215,1
OI0010717,O005237,P0219,2
OI0010718,O005237,P0038,1
OI0010719,O005237,P0299,1
OI0010720,O005238,P0255,1
OI0010721,O005238,P0066,1
OI0010722,O005239,P0237,3
OI0010723,O005240,P0113,3
OI0010724,O005240,P0021,1
OI0010725,O005241,P0240,3
OI0010726,O005241,P0183,1
OI0010727,O005241,P0243,1
OI0010728,O005242,P0063,1
OI0010729,O005242,P0034,2
OI0010730,O005242,P0098,1
OI0010731,O005243,P0125,3
OI0010732,O005244,P0273,1
OI0010733,O005244,P0205,1
OI0010734,O005244,P0207,1
OI0010735,O005245,P0198,1
OI0010736,O005245,P0078,2
OI0010737,O005246,P0277,1
OI0010738,O005246,P0201,1
OI0010739,O005246,P0218,2
OI0010740,O005246,P0033,1
OI0010741,O005247,P0214,1
OI0010742,O005248,P0291,2
OI0010743,O005248,P0049,1
OI0010744,O005249,P0138,1
OI0010745,O005250,P0179,1
OI0010746,O005250,P0035,1
OI0010747,O005251,P0190,2
OI0010748,O005251,P0169,1
OI0010749,O005252,P0067,1
OI0010750,O005252,P0017,1
OI0010751,O005253,P0109,2
OI0010752,O005253,P0277,1
OI0010753,O005254,P0237,1
OI0010754,O005254,P0263,1
OI0010755,O005255,P0113,1
OI0010756,O005256,P0001,1
OI0010757,O005257,P0269,1
OI0010758,O005257,P0104,2
OI0010759,O005258,P0230,1
OI0010760,O005258,P0201,1
OI0010761,O005259,P0222,3
OI0010762,O005260,P0278,2
OI0010763,O005260,P0273,1
OI0010764,O005260,P0050,1
OI0010765,O005261,P0175,2
OI0010766,O005261,P0032,2
OI0010767,O005261,P0005,2
OI0010768,O005261,P0084,1
OI0010769,O005262,P0209,2
OI0010770,O005262,P0117,1
OI0010771,O005262,P0259,1
OI0010772,O005263,P0200,1
OI0010773,O005263,P0258,1
OI0010774,O005264,P0047,2
OI0010775,O005264,P0055,1
OI0010776,O005264,P0231,1
OI0010777,O005264,P0020,1
OI0010778,O005265,P0005,1
OI0010779,O005266,P0095,1
OI0010780,O005266,P0082,1
OI0010781,O005266,P0143,2
OI0010782,O005267,P0049,1
OI0010783,O005267,P0085,3
OI0010784,O005268,P0079,1
OI0010785,O005268,P0024,1
OI0010786,O005268,P0078,1
OI0010787,O005268,P0273,1
OI0010788,O005269,P0150,1
OI0010789,O005270,P0212,1
OI0010790,O005271,P0178,1
OI0010791,O005271,P0171,1
OI0010792,O005271,P0082,1
OI0010793,O005271,P0134,1
OI0010794,O005272,P0258,1
OI0010795,O005273,P0266,1
OI0010796,O005274,P0266,1
OI0010797,O005274,P0018,1
OI0010798,O005275,P0152,2
OI0010799,O005275,P0065,1
OI0010800,O005275,P0022,1
OI0010801,O005275,P0077,1
OI0010802,O005276,P0235,1
OI0010803,O005277,P0209,2
OI0010804,O005277,P0173,1
OI0010805,O005277,P0250,1
OI0010806,O005278,P0240,1
OI0010807,O005279,P0051,1
OI0010808,O005279,P0269,1
OI0010809,O005279,P0224,1
OI0010810,O005280,P0186,3
OI0010811,O005281,P0265,2
OI0010812,O005281,P0047,2
OI0010813,O005281,P0091,1
OI0010814,O005282,P0075,1
OI0010815,O005283,P0296,1
OI0010816,O005283,P0073,1
OI0010817,O005283,P0094,1
OI0010818,O005284,P0268,2
OI0010819,O005284,P0027,1
OI0010820,O005285,P0232,3
OI0010821,O005285,P0072,1
OI0010822,O005285,P0096,1
OI0010823,O005286,P0213,3
OI0010824,O005286,P0115,1
OI0010825,O005287,P0154,1
OI0010826,O005287,P0031,1
OI0010827,O005288,P0235,1
OI0010828,O005288,P0253,1
OI0010829,O005289,P0003,1
OI0010830,O005289,P0023,1
OI0010831,O005289,P0286,3
OI0010832,O005289,P0220,2
OI0010833,O005290,P0183,2
OI0010834,O005291,P0032,1
OI0010835,O005292,P0156,1
OI0010836,O005293,P0289,1
OI0010837,O005294,P0160,1
OI0010838,O005295,P0077,2
OI0010839,O005295,P0005,1
OI0010840,O005295,P0279,1
OI0010841,O005296,P0282,1
OI0010842,O005297,P0146,1
OI0010843,O005297,P0239,1
OI0010844,O005297,P0004,3
OI0010845,O005298,P0127,1
OI0010846,O005299,P0229,2
OI0010847,O005300,P0282,1
OI0010848,O005301,P0129,2
OI0010849,O005302,P0197,1
OI0010850,O005302,P0235,2
OI0010851,O005303,P0004,1
OI0010852,O005304,P0035,2
OI0010853,O005304,P0080,1
OI0010854,O005305,P0011,1
OI0010855,O005305,P0137,2
OI0010856,O005305,P0178,2
OI0010857,O005305,P0241,1
OI0010858,O005306,P0122,1
OI0010859,O005306,P0050,1
OI0010860,O005306,P0066,1
OI0010861,O005307,P0197,1
OI0010862,O005307,P0166,1
OI0010863,O005308,P0096,1
OI0010864,O005309,P0004,1
OI0010865,O005309,P0035,2
OI0010866,O005309,P0183,1
OI0010867,O005310,P0233,1
OI0010868,O005310,P0225,1
OI0010869,O005311,P0179,1
OI0010870,O005312,P0032,1
OI0010871,O005312,P0026,2
OI0010872,O005312,P0161,3
OI0010873,O005313,P0152,1
OI0010874,O005313,P0064,1
OI0010875,O005314,P0032,3
OI0010876,O005314,P0187,1
OI0010877,O005315,P0138,3
OI0010878,O005316,P0211,2
OI0010879,O005316,P0071,1
OI0010880,O005317,P0057,1
OI0010881,O005317,P0111,2
OI0010882,O005317,P0102,3
OI0010883,O005318,P0246,3
OI0010884,O005318,P0003,2
OI0010885,O005319,P0283,1
OI0010886,O005319,P0044,2
OI0010887,O005320,P0168,3
OI0010888,O005321,P0218,2
OI0010889,O005321,P0170,1
OI0010890,O005321,P0026,1
OI0010891,O005321,P0229,1
OI0010892,O005322,P0110,1
OI0010893,O005322,P0206,1
OI0010894,O005322,P0289,2
OI0010895,O005323,P0054,1
OI0010896,O005323,P0236,2
OI0010897,O005323,P0181,1
OI0010898,O005324,P0160,2
OI0010899,O005324,P0037,1
OI0010900,O005324,P0281,1
OI0010901,O005325,P0170,1
OI0010902,O005325,P0053,1
OI0010903,O005326,P0120,1
OI0010904,O005326,P0287,1
OI0010905,O005327,P0234,1
OI0010906,O005327,P0164,2
OI0010907,O005328,P0280,2
OI0010908,O005329,P0270,1
OI0010909,O005330,P0133,1
OI0010910,O005330,P0218,1
OI0010911,O005331,P0086,1
OI0010912,O005332,P0166,3
OI0010913,O005333,P0148,2
OI0010914,O005334,P0109,1
OI0010915,O005334,P0227,2
OI0010916,O005334,P0115,2
OI0010917,O005334,P0206,2
OI0010918,O005335,P0276,1
OI0010919,O005335,P0091,1
OI0010920,O005335,P0275,1
OI0010921,O005335,P0108,1
OI0010922,O005336,P0217,3
OI0010923,O005337,P0124,1
OI0010924,O005338,P0058,1
OI0010925,O005338,P0142,2
OI0010926,O005338,P0286,1
OI0010927,O005338,P0292,1
OI0010928,O005339,P0014,1
OI0010929,O005339,P0146,1
OI0010930,O005339,P0288,1
OI0010931,O005340,P0289,2
OI0010932,O005340,P0035,1
OI0010933,O005340,P0106,1
OI0010934,O005340,P0042,2
OI0010935,O005341,P0076,2
OI0010936,O005342,P0209,1
OI0010937,O005342,P0282,3
OI0010938,O005342,P0293,1
OI0010939,O005343,P0239,1
OI0010940,O005343,P0213,1
OI0010941,O005344,P0291,2
OI0010942,O005345,P0268,1
OI0010943,O005346,P0247,1
OI0010944,O005347,P0005,3
OI0010945,O005347,P0186,3
OI0010946,O005348,P0196,1
OI0010947,O005348,P0130,2
OI0010948,O005348,P0184,1
OI0010949,O005349,P0038,3
OI0010950,O005349,P0119,1
OI0010951,O005350,P0161,1
OI0010952,O005351,P0292,2
OI0010953,O005351,P0211,1
OI0010954,O005351,P0266,1
OI0010955,O005352,P0143,1
OI0010956,O005352,P0191,1
OI0010957,O005353,P0142,1
OI0010958,O005354,P0137,2
OI0010959,O005354,P0059,1
OI0010960,O005354,P0025,1
OI0010961,O005354,P0018,1
OI0010962,O005355,P0193,1
OI0010963,O005355,P0119,1
OI0010964,O005355,P0222,1
OI0010965,O005356,P0078,1
OI0010966,O005356,P0007,1
OI0010967,O005356,P0180,1
OI0010968,O005356,P0184,1
OI0010969,O005357,P0135,1
OI0010970,O005357,P0011,1
OI0010971,O005358,P0198,1
OI0010972,O005359,P0278,1
OI0010973,O005359,P0232,1
OI0010974,O005360,P0058,1
OI0010975,O005361,P0172,1
OI0010976,O005362,P0119,1
OI0010977,O005363,P0172,1
OI0010978,O005364,P0139,1
OI0010979,O005364,P0088,1
OI0010980,O005365,P0245,1
OI0010981,O005365,P0267,3
OI0010982,O005365,P0179,1
OI0010983,O005366,P0091,3
OI0010984,O005366,P0181,1
OI0010985,O005367,P0244,1
OI0010986,O005367,P0249,2
OI0010987,O005368,P0175,3
OI0010988,O005369,P0299,1
OI0010989,O005369,P0023,1
OI0010990,O005369,P0047,3
OI0010991,O005369,P0240,1
OI0010992,O005370,P0086,1
OI0010993,O005371,P0064,2
OI0010994,O005371,P0037,1
OI0010995,O005371,P0273,1
OI0010996,O005372,P0113,1
OI0010997,O005373,P0078,1
OI0010998,O005373,P0280,3
OI0010999,O005373,P0174,2
OI0011000,O005373,P0042,1
OI0011001,O005374,P0159,2
OI0011002,O005374,P0092,1
OI0011003,O005375,P0299,1
OI0011004,O005375,P0126,1
OI0011005,O005376,P0104,1
OI0011006,O005376,P0156,1
OI0011007,O005376,P0081,2
OI0011008,O005377,P0233,1
OI0011009,O005377,P0039,2
OI0011010,O005378,P0276,3
OI0011011,O005378,P0018,1
OI0011012,O005379,P0092,3
OI0011013,O005380,P0022,1
OI0011014,O005380,P0266,1
OI0011015,O005381,P0014,2
OI0011016,O005381,P0247,1
OI0011017,O005381,P0058,1
OI0011018,O005381,P0091,1
OI0011019,O005382,P0130,1
OI0011020,O005382,P0174,1
OI0011021,O005382,P0110,2
OI0011022,O005383,P0084,1
OI0011023,O005383,P0298,2
OI0011024,O005384,P0283,3
OI0011025,O005385,P0127,2
OI0011026,O005386,P0021,1
OI0011027,O005386,P0099,1
OI0011028,O005386,P0006,3
OI0011029,O005386,P0213,2
OI0011030,O005387,P0118,1
OI0011031,O005387,P0146,1
OI0011032,O005388,P0272,1
OI0011033,O005389,P0143,1
OI0011034,O005389,P0159,1
OI0011035,O005390,P0206,2
OI0011036,O005391,P0035,1
OI0011037,O005391,P0223,2
OI0011038,O005392,P0231,3
OI0011039,O005393,P0168,1
OI0011040,O005393,P0001,3
OI0011041,O005394,P0257,1
OI0011042,O005395,P0029,2
OI0011043,O005395,P0136,1
OI0011044,O005395,P0208,1
OI0011045,O005396,P0082,1
OI0011046,O005397,P0012,2
OI0011047,O005398,P0211,1
OI0011048,O005398,P0064,1
OI0011049,O005399,P0036,1
OI0011050,O005400,P0160,1
OI0011051,O005401,P0092,2
OI0011052,O005402,P0201,1
OI0011053,O005402,P0061,2
OI0011054,O005403,P0205,1
OI0011055,O005403,P0296,1
OI0011056,O005404,P0013,1
OI0011057,O005405,P0199,1
OI0011058,O005406,P0057,1
OI0011059,O005406,P0013,1
OI0011060,O005406,P0056,1
OI0011061,O005406,P0095,2
OI0011062,O005407,P0013,1
OI0011063,O005407,P0061,2
OI0011064,O005407,P0202,2
OI0011065,O005408,P0031,1
OI0011066,O005409,P0040,1
OI0011067,O005409,P0142,1
OI0011068,O005409,P0291,2
OI0011069,O005410,P0208,2
OI0011070,O005410,P0059,2
OI0011071,O005411,P0221,1
OI0011072,O005411,P0167,1
OI0011073,O005412,P0295,1
OI0011074,O005413,P0073,1
OI0011075,O005413,P0210,1
OI0011076,O005413,P0069,2
OI0011077,O005413,P0046,1
OI0011078,O005414,P0278,3
OI0011079,O005414,P0057,2
OI0011080,O005414,P0264,1
OI0011081,O005415,P0179,3
OI0011082,O005416,P0044,1
OI0011083,O005416,P0278,2
OI0011084,O005417,P0177,1
OI0011085,O005418,P0169,1
OI0011086,O005418,P0094,1
OI0011087,O005419,P0208,1
OI0011088,O005419,P0227,1
OI0011089,O005419,P0280,1
OI0011090,O005420,P0169,2
OI0011091,O005421,P0111,1
OI0011092,O005421,P0017,1
OI0011093,O005422,P0207,2
OI0011094,O005422,P0233,1
OI0011095,O005422,P0118,1
OI0011096,O005423,P0193,1
OI0011097,O005424,P0074,1
OI0011098,O005424,P0083,1
OI0011099,O005424,P0148,1
OI0011100,O005425,P0167,1
OI0011101,O005426,P0232,1
OI0011102,O005426,P0288,2
OI0011103,O005426,P0097,1
OI0011104,O005427,P0114,3
OI0011105,O005427,P0049,1
OI0011106,O005428,P0248,1
OI0011107,O005428,P0068,2
OI0011108,O005429,P0272,2
OI0011109,O005429,P0177,1
OI0011110,O005429,P0289,1
OI0011111,O005430,P0155,1
OI0011112,O005430,P0149,1
OI0011113,O005431,P0229,1
OI0011114,O005432,P0092,1
OI0011115,O005432,P0227,1
OI0011116,O005433,P0216,1
OI0011117,O005434,P0064,2
OI0011118,O005434,P0176,1
OI0011119,O005434,P0149,1
OI0011120,O005435,P0190,1
OI0011121,O005435,P0057,1
OI0011122,O005436,P0030,1
OI0011123,O005436,P0019,1
OI0011124,O005436,P0042,1
OI0011125,O005436,P0240,1
OI0011126,O005437,P0100,1
OI0011127,O005437,P0239,1
OI0011128,O005438,P0282,1
OI0011129,O005439,P0253,1
OI0011130,O005439,P0238,1
OI0011131,O005440,P0240,2
OI0011132,O005441,P0278,2
OI0011133,O005441,P0035,2
OI0011134,O005442,P0206,1
OI0011135,O005442,P0173,3
OI0011136,O005443,P0261,2
OI0011137,O005443,P0112,1
OI0011138,O005444,P0116,3
OI0011139,O005444,P0007,3
OI0011140,O005444,P0047,1
OI0011141,O005444,P0062,2
OI0011142,O005445,P0158,1
OI0011143,O005445,P0090,1
OI0011144,O005446,P0008,3
OI0011145,O005446,P0211,1
OI0011146,O005446,P0189,2
OI0011147,O005446,P0238,1
OI0011148,O005447,P0276,1
OI0011149,O005447,P0280,1
OI0011150,O005448,P0167,1
OI0011151,O005449,P0180,3
OI0011152,O005449,P0036,1
OI0011153,O005450,P0087,1
OI0011154,O005450,P0151,1
OI0011155,O005451,P0272,2
OI0011156,O005451,P0251,2
OI0011157,O005451,P0236,1
OI0011158,O005452,P0024,1
OI0011159,O005452,P0051,1
OI0011160,O005453,P0252,3
OI0011161,O005453,P0201,1
OI0011162,O005453,P0040,2
OI0011163,O005453,P0022,1
OI0011164,O005454,P0167,1
OI0011165,O005454,P0166,1
OI0011166,O005454,P0049,1
OI0011167,O005455,P0056,1
OI0011168,O005455,P0278,2
OI0011169,O005455,P0275,2
OI0011170,O005455,P0077,2
OI0011171,O005456,P0252,1
OI0011172,O005456,P0013,1
OI0011173,O005457,P0041,1
OI0011174,O005458,P0251,1
OI0011175,O005459,P0144,1
OI0011176,O005460,P0216,1
OI0011177,O005461,P0260,1
OI0011178,O005462,P0291,1
OI0011179,O005462,P0003,1
OI0011180,O005462,P0183,1
OI0011181,O005463,P0167,3
OI0011182,O005463,P0041,1
OI0011183,O005464,P0087,1
OI0011184,O005464,P0014,2
OI0011185,O005465,P0133,1
OI0011186,O005465,P0087,1
OI0011187,O005466,P0110,2
OI0011188,O005467,P0182,2
OI0011189,O005467,P0001,2
OI0011190,O005467,P0127,1
OI0011191,O005468,P0040,1
OI0011192,O005468,P0065,1
OI0011193,O005469,P0160,1
OI0011194,O005469,P0035,1
OI0011195,O005469,P0205,2
OI0011196,O005469,P0069,1
OI0011197,O005470,P0217,2
OI0011198,O005471,P0133,1
OI0011199,O005471,P0250,2
OI0011200,O005472,P0173,1
OI0011201,O005472,P0019,1
OI0011202,O005473,P0195,1
OI0011203,O005473,P0238,1
OI0011204,O005473,P0148,1
OI0011205,O005474,P0219,1
OI0011206,O005475,P0082,1
OI0011207,O005475,P0224,1
OI0011208,O005476,P0110,2
OI0011209,O005476,P0038,2
OI0011210,O005477,P0189,2
OI0011211,O005478,P0076,1
OI0011212,O005478,P0069,2
OI0011213,O005478,P0259,1
OI0011214,O005478,P0136,1
OI0011215,O005479,P0067,2
OI0011216,O005480,P0025,1
OI0011217,O005481,P0140,1
OI0011218,O005482,P0025,1
OI0011219,O005482,P0188,1
OI0011220,O005483,P0142,3
OI0011221,O005484,P0198,1
OI0011222,O005485,P0142,1
OI0011223,O005486,P0160,1
OI0011224,O005486,P0116,2
OI0011225,O005486,P0028,1
OI0011226,O005486,P0021,1
OI0011227,O005487,P0096,2
OI0011228,O005487,P0150,2
OI0011229,O005487,P0011,1
OI0011230,O005487,P0156,1
OI0011231,O005488,P0149,2
OI0011232,O005489,P0193,1
OI0011233,O005489,P0045,1
OI0011234,O005489,P0020,3
OI0011235,O005490,P0089,1
OI0011236,O005491,P0110,1
OI0011237,O005492,P0253,3
OI0011238,O005493,P0069,1
OI0011239,O005494,P0241,1
OI0011240,O005494,P0147,1
OI0011241,O005495,P0271,2
OI0011242,O005496,P0274,1
OI0011243,O005496,P0069,1
OI0011244,O005497,P0280,2
OI0011245,O005497,P0217,1
OI0011246,O005498,P0115,1
OI0011247,O005498,P0090,1
OI0011248,O005498,P0180,2
OI0011249,O005499,P0031,1
OI0011250,O005500,P0191,2
OI0011251,O005500,P0275,1
OI0011252,O005501,P0210,1
OI0011253,O005501,P0294,1
OI0011254,O005502,P0137,1
OI0011255,O005502,P0021,1
OI0011256,O005503,P0227,1
OI0011257,O005503,P0153,2
OI0011258,O005503,P0133,3
OI0011259,O005503,P0083,1
OI0011260,O005504,P0184,1
OI0011261,O005504,P0022,2
OI0011262,O005505,P0112,1
OI0011263,O005505,P0124,1
OI0011264,O005506,P0249,3
OI0011265,O005506,P0245,1
OI0011266,O005507,P0133,1
OI0011267,O005507,P0094,1
OI0011268,O005508,P0141,1
OI0011269,O005509,P0096,1
OI0011270,O005509,P0173,1
OI0011271,O005510,P0151,1
OI0011272,O005510,P0068,3
OI0011273,O005510,P0045,3
OI0011274,O005510,P0052,1
OI0011275,O005511,P0265,1
OI0011276,O005512,P0251,3
OI0011277,O005512,P0204,1
OI0011278,O005512,P0033,1
OI0011279,O005513,P0197,1
OI0011280,O005513,P0241,2
OI0011281,O005513,P0033,2
OI0011282,O005514,P0053,2
OI0011283,O005514,P0108,2
OI0011284,O005514,P0262,1
OI0011285,O005515,P0159,1
OI0011286,O005516,P0021,1
OI0011287,O005516,P0073,1
OI0011288,O005517,P0243,1
OI0011289,O005517,P0114,1
OI0011290,O005518,P0296,1
OI0011291,O005519,P0281,1
OI0011292,O005519,P0195,1
OI0011293,O005519,P0209,1
OI0011294,O005520,P0017,1
OI0011295,O005520,P0203,1
OI0011296,O005521,P0259,1
OI0011297,O005521,P0296,1
OI0011298,O005521,P0049,2
OI0011299,O005522,P0235,2
OI0011300,O005522,P0117,2
OI0011301,O005522,P0218,3
OI0011302,O005522,P0189,1
OI0011303,O005523,P0224,1
OI0011304,O005524,P0117,2
OI0011305,O005524,P0023,2
OI0011306,O005525,P0154,1
OI0011307,O005525,P0006,1
OI0011308,O005526,P0276,1
OI0011309,O005526,P0265,1
OI0011310,O005527,P0287,2
OI0011311,O005528,P0197,2
OI0011312,O005528,P0159,1
OI0011313,O005529,P0232,2
OI0011314,O005529,P0286,2
OI0011315,O005529,P0149,1
OI0011316,O005529,P0074,3
OI0011317,O005530,P0099,2
OI0011318,O005531,P0031,3
OI0011319,O005532,P0111,1
OI0011320,O005532,P0110,1
OI0011321,O005533,P0240,1
OI0011322,O005534,P0085,1
OI0011323,O005535,P0008,1
OI0011324,O005535,P0258,1
OI0011325,O005535,P0163,2
OI0011326,O005536,P0277,1
OI0011327,O005536,P0288,2
OI0011328,O005536,P0118,1
OI0011329,O005537,P0244,2
OI0011330,O005538,P0045,1
OI0011331,O005538,P0277,1
OI0011332,O005538,P0094,2
OI0011333,O005539,P0056,1
OI0011334,O005539,P0127,1
OI0011335,O005539,P0052,1
OI0011336,O005540,P0190,2
OI0011337,O005540,P0006,1
OI0011338,O005540,P0160,1
OI0011339,O005541,P0158,1
OI0011340,O005542,P0088,1
OI0011341,O005542,P0137,1
OI0011342,O005542,P0058,1
OI0011343,O005542,P0102,1
OI0011344,O005543,P0278,1
OI0011345,O005544,P0009,2
OI0011346,O005544,P0043,1
OI0011347,O005545,P0055,1
OI0011348,O005546,P0197,1
OI0011349,O005546,P0013,1
OI0011350,O005547,P0083,2
OI0011351,O005547,P0051,3
OI0011352,O005548,P0209,1
OI0011353,O005548,P0129,1
OI0011354,O005549,P0042,2
OI0011355,O005550,P0031,1
OI0011356,O005551,P0213,3
OI0011357,O005551,P0253,1
OI0011358,O005552,P0264,1
OI0011359,O005553,P0117,2
OI0011360,O005554,P0097,1
OI0011361,O005555,P0298,1
OI0011362,O005555,P0202,1
OI0011363,O005555,P0187,1
OI0011364,O005555,P0222,1
OI0011365,O005556,P0175,1
OI0011366,O005556,P0043,1
OI0011367,O005557,P0252,1
OI0011368,O005557,P0180,1
OI0011369,O005558,P0290,1
OI0011370,O005558,P0124,1
OI0011371,O005559,P0228,2
OI0011372,O005559,P0209,2
OI0011373,O005559,P0178,1
OI0011374,O005559,P0141,2
OI0011375,O005560,P0169,1
OI0011376,O005560,P0293,1
OI0011377,O005560,P0067,1
OI0011378,O005561,P0066,1
OI0011379,O005562,P0170,1
OI0011380,O005562,P0250,3
OI0011381,O005563,P0055,2
OI0011382,O005563,P0093,1
OI0011383,O005564,P0189,2
OI0011384,O005564,P0178,2
OI0011385,O005565,P0018,1
OI0011386,O005565,P0014,1
OI0011387,O005566,P0130,1
OI0011388,O005567,P0142,1
OI0011389,O005567,P0163,1
OI0011390,O005568,P0188,1
OI0011391,O005568,P0098,1
OI0011392,O005569,P0268,1
OI0011393,O005570,P0136,1
OI0011394,O005571,P0035,1
OI0011395,O005571,P0165,1
OI0011396,O005571,P0048,1
OI0011397,O005571,P0175,1
OI0011398,O005572,P0160,1
OI0011399,O005572,P0102,3
OI0011400,O005572,P0065,2
OI0011401,O005573,P0121,1
OI0011402,O005574,P0295,2
OI0011403,O005574,P0222,2
OI0011404,O005575,P0012,1
OI0011405,O005575,P0187,2
OI0011406,O005575,P0023,1
OI0011407,O005576,P0184,1
OI0011408,O005576,P0222,1
OI0011409,O005577,P0268,2
OI0011410,O005577,P0031,3
OI0011411,O005577,P0007,1
OI0011412,O005578,P0017,1
OI0011413,O005579,P0274,3
OI0011414,O005579,P0228,1
OI0011415,O005579,P0234,1
OI0011416,O005579,P0198,1
OI0011417,O005580,P0204,3
OI0011418,O005580,P0112,2
OI0011419,O005580,P0105,2
OI0011420,O005580,P0032,1
OI0011421,O005581,P0233,1
OI0011422,O005581,P0254,1
OI0011423,O005582,P0065,3
OI0011424,O005582,P0009,1
OI0011425,O005582,P0166,2
OI0011426,O005583,P0007,1
OI0011427,O005584,P0249,2
OI0011428,O005585,P0013,1
OI0011429,O005585,P0128,1
OI0011430,O005585,P0185,2
OI0011431,O005586,P0126,2
OI0011432,O005587,P0180,1
OI0011433,O005587,P0073,1
OI0011434,O005587,P0067,1
OI0011435,O005588,P0227,2
OI0011436,O005588,P0202,1
OI0011437,O005589,P0284,1
OI0011438,O005590,P0240,2
OI0011439,O005590,P0024,3
OI0011440,O005590,P0139,1
OI0011441,O005591,P0160,2
OI0011442,O005592,P0240,1
OI0011443,O005592,P0001,1
OI0011444,O005592,P0034,1
OI0011445,O005593,P0022,1
OI0011446,O005593,P0005,2
OI0011447,O005593,P0268,2
OI0011448,O005593,P0048,3
OI0011449,O005594,P0265,1
OI0011450,O005594,P0073,1
OI0011451,O005594,P0186,1
OI0011452,O005594,P0001,1
OI0011453,O005595,P0042,2
OI0011454,O005596,P0283,3
OI0011455,O005597,P0088,1
OI0011456,O005598,P0276,1
OI0011457,O005598,P0171,1
OI0011458,O005599,P0065,1
OI0011459,O005599,P0088,1
OI0011460,O005599,P0004,1
OI0011461,O005599,P0144,2
OI0011462,O005600,P0041,2
OI0011463,O005601,P0142,1
OI0011464,O005602,P0022,1
OI0011465,O005603,P0020,3
OI0011466,O005604,P0187,2
OI0011467,O005604,P0233,3
OI0011468,O005604,P0282,1
OI0011469,O005604,P0294,1
OI0011470,O005605,P0077,1
OI0011471,O005606,P0078,2
OI0011472,O005606,P0198,1
OI0011473,O005607,P0124,2
OI0011474,O005608,P0110,1
OI0011475,O005608,P0138,1
OI0011476,O005609,P0096,1
OI0011477,O005609,P0195,1
OI0011478,O005610,P0103,2
OI0011479,O005610,P0285,2
OI0011480,O005611,P0165,1
OI0011481,O005612,P0193,1
OI0011482,O005612,P0040,1
OI0011483,O005613,P0205,1
OI0011484,O005613,P0078,1
OI0011485,O005613,P0150,1
OI0011486,O005614,P0094,1
OI0011487,O005615,P0095,1
OI0011488,O005615,P0250,1
OI0011489,O005615,P0158,1
OI0011490,O005615,P0222,1
OI0011491,O005616,P0127,1
OI0011492,O005616,P0082,1
OI0011493,O005617,P0286,2
OI0011494,O005617,P0153,1
OI0011495,O005618,P0211,1
OI0011496,O005619,P0126,1
OI0011497,O005619,P0293,2
OI0011498,O005619,P0251,1
OI0011499,O005620,P0128,2
OI0011500,O005620,P0118,1
OI0011501,O005621,P0110,1
OI0011502,O005621,P0094,1
OI0011503,O005622,P0118,1
OI0011504,O005622,P0230,2
OI0011505,O005622,P0111,1
OI0011506,O005623,P0200,1
OI0011507,O005623,P0002,1
OI0011508,O005624,P0087,2
OI0011509,O005624,P0047,1
OI0011510,O005625,P0274,2
OI0011511,O005626,P0279,1
OI0011512,O005627,P0089,1
OI0011513,O005628,P0240,1
OI0011514,O005629,P0293,1
OI0011515,O005629,P0202,2
OI0011516,O005630,P0203,2
OI0011517,O005630,P0229,2
OI0011518,O005631,P0034,1
OI0011519,O005631,P0065,3
OI0011520,O005632,P0207,3
OI0011521,O005632,P0265,1
OI0011522,O005633,P0189,1
OI0011523,O005634,P0252,1
OI0011524,O005634,P0105,2
OI0011525,O005634,P0253,1
OI0011526,O005635,P0148,1
OI0011527,O005635,P0201,1
OI0011528,O005636,P0063,2
OI0011529,O005636,P0175,2
OI0011530,O005636,P0126,1
OI0011531,O005636,P0083,1
OI0011532,O005637,P0172,1
OI0011533,O005637,P0294,3
OI0011534,O005637,P0293,1
OI0011535,O005638,P0058,1
OI0011536,O005638,P0293,3
OI0011537,O005639,P0162,1
OI0011538,O005640,P0150,2
OI0011539,O005640,P0172,1
OI0011540,O005641,P0189,1
OI0011541,O005642,P0068,1
OI0011542,O005642,P0162,1
OI0011543,O005643,P0105,1
OI0011544,O005643,P0042,1
OI0011545,O005643,P0017,1
OI0011546,O005644,P0049,1
OI0011547,O005644,P0283,1
OI0011548,O005645,P0007,1
OI0011549,O005645,P0143,1
OI0011550,O005645,P0154,2
OI0011551,O005646,P0179,3
OI0011552,O005647,P0071,1
OI0011553,O005647,P0214,1
OI0011554,O005648,P0233,1
OI0011555,O005649,P0071,3
OI0011556,O005649,P0181,2
OI0011557,O005650,P0160,1
OI0011558,O005651,P0134,3
OI0011559,O005652,P0256,1
OI0011560,O005652,P0127,1
OI0011561,O005652,P0169,1
OI0011562,O005653,P0077,1
OI0011563,O005654,P0147,1
OI0011564,O005654,P0256,2
OI0011565,O005655,P0225,1
OI0011566,O005655,P0041,1
OI0011567,O005656,P0217,1
OI0011568,O005656,P0124,2
OI0011569,O005656,P0265,3
OI0011570,O005656,P0117,1
OI0011571,O005657,P0238,1
OI0011572,O005657,P0012,2
OI0011573,O005657,P0147,1
OI0011574,O005658,P0171,1
OI0011575,O005658,P0281,1
OI0011576,O005658,P0036,1
OI0011577,O005659,P0246,1
OI0011578,O005659,P0061,1
OI0011579,O005660,P0041,1
OI0011580,O005660,P0003,1
OI0011581,O005661,P0162,3
OI0011582,O005661,P0176,1
OI0011583,O005661,P0275,1
OI0011584,O005661,P0133,1
OI0011585,O005662,P0092,1
OI0011586,O005662,P0138,1
OI0011587,O005662,P0109,1
OI0011588,O005663,P0069,1
OI0011589,O005663,P0224,1
OI0011590,O005663,P0163,1
OI0011591,O005663,P0196,1
OI0011592,O005664,P0130,2
OI0011593,O005664,P0246,1
OI0011594,O005664,P0161,3
OI0011595,O005665,P0177,1
OI0011596,O005666,P0141,2
OI0011597,O005666,P0041,2
OI0011598,O005666,P0036,3
OI0011599,O005667,P0023,1
OI0011600,O005667,P0037,1
OI0011601,O005668,P0190,2
OI0011602,O005668,P0019,1
OI0011603,O005669,P0003,1
OI0011604,O005669,P0204,1
OI0011605,O005670,P0088,1
OI0011606,O005670,P0143,1
OI0011607,O005671,P0190,1
OI0011608,O005671,P0001,1
OI0011609,O005671,P0007,1
OI0011610,O005672,P0145,1
OI0011611,O005672,P0242,1
OI0011612,O005672,P0010,1
OI0011613,O005673,P0215,2
OI0011614,O005674,P0223,2
OI0011615,O005674,P0142,3
OI0011616,O005674,P0205,1
OI0011617,O005674,P0118,1
OI0011618,O005675,P0014,1
OI0011619,O005675,P0001,1
OI0011620,O005676,P0029,1
OI0011621,O005676,P0009,1
OI0011622,O005676,P0053,3
OI0011623,O005677,P0178,2
OI0011624,O005677,P0188,1
OI0011625,O005678,P0106,1
OI0011626,O005679,P0232,1
OI0011627,O005679,P0297,3
OI0011628,O005679,P0277,1
OI0011629,O005680,P0037,1
OI0011630,O005680,P0105,1
OI0011631,O005681,P0107,3
OI0011632,O005682,P0268,1
OI0011633,O005683,P0183,1
OI0011634,O005684,P0033,1
OI0011635,O005684,P0240,1
OI0011636,O005685,P0049,1
OI0011637,O005686,P0007,1
OI0011638,O005686,P0228,1
OI0011639,O005687,P0172,2
OI0011640,O005688,P0054,3
OI0011641,O005689,P0202,2
OI0011642,O005690,P0110,1
OI0011643,O005691,P0217,3
OI0011644,O005692,P0250,1
OI0011645,O005692,P0050,1
OI0011646,O005693,P0073,2
OI0011647,O005694,P0020,1
OI0011648,O005694,P0158,1
OI0011649,O005694,P0095,3
OI0011650,O005695,P0114,1
OI0011651,O005696,P0048,2
OI0011652,O005697,P0064,1
OI0011653,O005698,P0172,1
OI0011654,O005698,P0242,1
OI0011655,O005698,P0283,2
OI0011656,O005698,P0021,1
OI0011657,O005699,P0280,3
OI0011658,O005699,P0222,1
OI0011659,O005700,P0037,1
OI0011660,O005701,P0081,2
OI0011661,O005702,P0082,2
OI0011662,O005702,P0025,1
OI0011663,O005702,P0054,1
OI0011664,O005703,P0236,1
OI0011665,O005703,P0155,1
OI0011666,O005703,P0126,1
OI0011667,O005704,P0064,1
OI0011668,O005704,P0037,2
OI0011669,O005704,P0042,1
OI0011670,O005705,P0056,1
OI0011671,O005706,P0151,1
OI0011672,O005706,P0153,1
OI0011673,O005707,P0122,2
OI0011674,O005708,P0102,1
OI0011675,O005708,P0075,1
OI0011676,O005708,P0191,3
OI0011677,O005708,P0080,1
OI0011678,O005709,P0165,1
OI0011679,O005710,P0053,2
OI0011680,O005711,P0125,1
OI0011681,O005711,P0271,1
OI0011682,O005712,P0015,2
OI0011683,O005712,P0087,2
OI0011684,O005712,P0026,1
OI0011685,O005713,P0132,1
OI0011686,O005714,P0192,1
OI0011687,O005715,P0023,1
OI0011688,O005715,P0249,3
OI0011689,O005716,P0008,2
OI0011690,O005717,P0091,1
OI0011691,O005718,P0282,1
OI0011692,O005718,P0087,1
OI0011693,O005719,P0048,1
OI0011694,O005719,P0281,1
OI0011695,O005719,P0051,1
OI0011696,O005720,P0113,1
OI0011697,O005721,P0236,1
OI0011698,O005722,P0259,1
OI0011699,O005722,P0006,1
OI0011700,O005723,P0208,1
OI0011701,O005724,P0022,2
OI0011702,O005724,P0290,1
OI0011703,O005725,P0225,1
OI0011704,O005725,P0029,1
OI0011705,O005726,P0153,2
OI0011706,O005726,P0051,1
OI0011707,O005726,P0113,1
OI0011708,O005726,P0198,1
OI0011709,O005727,P0160,1
OI0011710,O005728,P0231,1
OI0011711,O005729,P0214,1
OI0011712,O005729,P0038,1
OI0011713,O005730,P0157,1
OI0011714,O005730,P0239,3
OI0011715,O005731,P0270,2
OI0011716,O005731,P0176,1
OI0011717,O005732,P0294,1
OI0011718,O005733,P0285,1
OI0011719,O005734,P0027,1
OI0011720,O005734,P0113,1
OI0011721,O005735,P0218,1
OI0011722,O005735,P0236,1
OI0011723,O005736,P0209,1
OI0011724,O005736,P0078,1
OI0011725,O005737,P0017,1
OI0011726,O005738,P0065,2
OI0011727,O005739,P0031,1
OI0011728,O005740,P0231,1
OI0011729,O005740,P0054,1
OI0011730,O005740,P0204,1
OI0011731,O005741,P0212,3
OI0011732,O005741,P0083,1
OI0011733,O005742,P0036,3
OI0011734,O005742,P0201,1
OI0011735,O005742,P0191,1
OI0011736,O005743,P0207,1
OI0011737,O005743,P0204,1
OI0011738,O005744,P0123,1
OI0011739,O005744,P0240,1
OI0011740,O005745,P0118,1
OI0011741,O005745,P0285,1
OI0011742,O005745,P0116,1
OI0011743,O005746,P0044,1
OI0011744,O005746,P0100,1
OI0011745,O005746,P0107,1
OI0011746,O005747,P0144,1
OI0011747,O005747,P0195,1
OI0011748,O005748,P0043,1
OI0011749,O005748,P0094,1
OI0011750,O005748,P0129,1
OI0011751,O005748,P0208,1
OI0011752,O005749,P0085,1
OI0011753,O005750,P0286,3
OI0011754,O005750,P0098,1
OI0011755,O005751,P0230,2
OI0011756,O005752,P0097,1
OI0011757,O005753,P0090,1
OI0011758,O005753,P0055,1
OI0011759,O005753,P0126,1
OI0011760,O005754,P0043,3
OI0011761,O005754,P0246,1
OI0011762,O005755,P0152,1
OI0011763,O005755,P0270,2
OI0011764,O005755,P0018,1
OI0011765,O005756,P0251,3
OI0011766,O005757,P0268,1
OI0011767,O005757,P0099,1
OI0011768,O005757,P0040,1
OI0011769,O005758,P0059,1
OI0011770,O005758,P0007,2
OI0011771,O005759,P0134,1
OI0011772,O005759,P0171,1
OI0011773,O005759,P0248,1
OI0011774,O005760,P0186,1
OI0011775,O005760,P0256,3
OI0011776,O005760,P0192,1
OI0011777,O005761,P0198,1
OI0011778,O005761,P0070,1
OI0011779,O005762,P0273,1
OI0011780,O005762,P0127,1
OI0011781,O005763,P0261,2
OI0011782,O005764,P0098,1
OI0011783,O005764,P0276,2
OI0011784,O005765,P0300,3
OI0011785,O005765,P0113,1
OI0011786,O005765,P0233,2
OI0011787,O005766,P0029,1
OI0011788,O005767,P0298,1
OI0011789,O005767,P0078,1
OI0011790,O005767,P0266,1
OI0011791,O005767,P0056,1
OI0011792,O005768,P0012,2
OI0011793,O005768,P0116,1
OI0011794,O005768,P0006,1
OI0011795,O005768,P0144,2
OI0011796,O005769,P0280,1
OI0011797,O005769,P0292,1
OI0011798,O005770,P0264,1
OI0011799,O005771,P0004,2
OI0011800,O005771,P0083,1
OI0011801,O005772,P0060,1
OI0011802,O005773,P0108,1
OI0011803,O005774,P0052,2
OI0011804,O005774,P0110,3
OI0011805,O005774,P0198,1
OI0011806,O005775,P0118,3
OI0011807,O005775,P0019,1
OI0011808,O005776,P0041,1
OI0011809,O005777,P0257,2
OI0011810,O005777,P0102,2
OI0011811,O005777,P0099,1
OI0011812,O005778,P0055,1
OI0011813,O005779,P0025,1
OI0011814,O005780,P0091,1
OI0011815,O005780,P0049,3
OI0011816,O005780,P0257,1
OI0011817,O005781,P0022,1
OI0011818,O005781,P0043,1
OI0011819,O005781,P0017,1
OI0011820,O005782,P0242,1
OI0011821,O005782,P0266,1
OI0011822,O005782,P0107,3
OI0011823,O005783,P0227,2
OI0011824,O005784,P0131,2
OI0011825,O005784,P0207,1
OI0011826,O005784,P0091,1
OI0011827,O005784,P0249,1
OI0011828,O005785,P0011,1
OI0011829,O005785,P0284,3
OI0011830,O005785,P0208,1
OI0011831,O005786,P0285,1
OI0011832,O005786,P0162,1
OI0011833,O005787,P0067,1
OI0011834,O005788,P0130,1
OI0011835,O005789,P0104,2
OI0011836,O005789,P0014,1
OI0011837,O005790,P0297,1
OI0011838,O005791,P0290,1
OI0011839,O005791,P0116,3
OI0011840,O005791,P0035,2
OI0011841,O005792,P0051,1
OI0011842,O005792,P0238,1
OI0011843,O005792,P0098,1
OI0011844,O005792,P0286,1
OI0011845,O005793,P0275,1
OI0011846,O005793,P0165,1
OI0011847,O005794,P0288,1
OI0011848,O005794,P0292,1
OI0011849,O005795,P0110,1
OI0011850,O005795,P0293,1
OI0011851,O005795,P0010,2
OI0011852,O005796,P0288,3
OI0011853,O005796,P0083,1
OI0011854,O005797,P0250,1
OI0011855,O005798,P0142,1
OI0011856,O005799,P0092,2
OI0011857,O005799,P0178,1
OI0011858,O005799,P0130,1
OI0011859,O005799,P0263,1
OI0011860,O005800,P0237,1
OI0011861,O005800,P0156,1
OI0011862,O005801,P0095,1
OI0011863,O005801,P0267,1
OI0011864,O005802,P0275,3
OI0011865,O005803,P0010,1
OI0011866,O005803,P0230,1
OI0011867,O005804,P0299,1
OI0011868,O005805,P0280,1
OI0011869,O005806,P0292,1
OI0011870,O005807,P0068,2
OI0011871,O005807,P0251,1
OI0011872,O005808,P0135,2
OI0011873,O005808,P0073,2
OI0011874,O005808,P0072,2
OI0011875,O005808,P0031,1
OI0011876,O005809,P0065,3
OI0011877,O005809,P0194,2
OI0011878,O005810,P0104,1
OI0011879,O005811,P0006,2
OI0011880,O005812,P0194,1
OI0011881,O005812,P0226,1
OI0011882,O005813,P0120,1
OI0011883,O005814,P0001,1
OI0011884,O005815,P0300,1
OI0011885,O005816,P0267,3
OI0011886,O005816,P0164,1
OI0011887,O005817,P0159,3
OI0011888,O005817,P0192,2
OI0011889,O005817,P0263,2
OI0011890,O005818,P0097,1
OI0011891,O005818,P0248,1
OI0011892,O005819,P0098,2
OI0011893,O005819,P0297,1
OI0011894,O005820,P0299,1
OI0011895,O005821,P0224,1
OI0011896,O005822,P0205,1
OI0011897,O005822,P0075,1
OI0011898,O005822,P0194,1
OI0011899,O005823,P0018,2
OI0011900,O005823,P0137,1
OI0011901,O005824,P0062,2
OI0011902,O005824,P0017,1
OI0011903,O005824,P0085,1
OI0011904,O005825,P0264,1
OI0011905,O005825,P0009,2
OI0011906,O005826,P0226,1
OI0011907,O005826,P0182,1
OI0011908,O005826,P0180,1
OI0011909,O005827,P0070,1
OI0011910,O005827,P0204,1
OI0011911,O005827,P0279,1
OI0011912,O005827,P0062,1
OI0011913,O005828,P0059,1
OI0011914,O005829,P0212,1
OI0011915,O005829,P0048,1
OI0011916,O005829,P0231,2
OI0011917,O005830,P0254,1
OI0011918,O005831,P0004,1
OI0011919,O005831,P0195,1
OI0011920,O005831,P0227,1
OI0011921,O005831,P0201,2
OI0011922,O005832,P0097,1
OI0011923,O005832,P0080,1
OI0011924,O005832,P0119,1
OI0011925,O005833,P0262,1
OI0011926,O005833,P0267,1
OI0011927,O005834,P0112,1
OI0011928,O005834,P0280,3
OI0011929,O005834,P0275,1
OI0011930,O005834,P0270,1
OI0011931,O005835,P0139,2
OI0011932,O005835,P0010,2
OI0011933,O005836,P0118,2
OI0011934,O005837,P0276,2
OI0011935,O005838,P0204,1
OI0011936,O005838,P0002,1
OI0011937,O005838,P0288,3
OI0011938,O005839,P0282,1
OI0011939,O005839,P0195,1
OI0011940,O005840,P0206,1
OI0011941,O005841,P0117,1
OI0011942,O005841,P0044,1
OI0011943,O005841,P0184,1
OI0011944,O005842,P0030,1
OI0011945,O005843,P0210,1
OI0011946,O005843,P0141,2
OI0011947,O005844,P0183,2
OI0011948,O005844,P0178,1
OI0011949,O005845,P0138,1
OI0011950,O005845,P0044,1
OI0011951,O005846,P0155,1
OI0011952,O005846,P0166,1
OI0011953,O005847,P0161,1
OI0011954,O005847,P0107,2
OI0011955,O005847,P0143,1
OI0011956,O005848,P0226,2
OI0011957,O005849,P0180,1
OI0011958,O005850,P0111,1
OI0011959,O005850,P0265,1
OI0011960,O005851,P0178,1
OI0011961,O005851,P0032,1
OI0011962,O005852,P0289,1
OI0011963,O005852,P0013,1
OI0011964,O005853,P0282,1
OI0011965,O005853,P0203,1
OI0011966,O005853,P0012,1
OI0011967,O005854,P0041,2
OI0011968,O005854,P0194,1
OI0011969,O005855,P0273,1
OI0011970,O005856,P0072,1
OI0011971,O005857,P0041,2
OI0011972,O005857,P0252,2
OI0011973,O005858,P0104,1
OI0011974,O005858,P0212,1
OI0011975,O005858,P0040,1
OI0011976,O005859,P0180,1
OI0011977,O005860,P0185,1
OI0011978,O005861,P0063,1
OI0011979,O005861,P0228,1
OI0011980,O005862,P0237,1
OI0011981,O005862,P0027,1
OI0011982,O005862,P0085,1
OI0011983,O005863,P0264,1
OI0011984,O005864,P0088,1
OI0011985,O005865,P0161,1
OI0011986,O005866,P0064,1
OI0011987,O005866,P0153,2
OI0011988,O005866,P0068,1
OI0011989,O005867,P0154,1
OI0011990,O005867,P0226,1
OI0011991,O005868,P0256,1
OI0011992,O005868,P0148,1
OI0011993,O005868,P0083,1
OI0011994,O005868,P0057,1
OI0011995,O005869,P0231,1
OI0011996,O005869,P0263,1
OI0011997,O005869,P0153,3
OI0011998,O005870,P0163,1
OI0011999,O005870,P0053,2
OI0012000,O005871,P0065,1
OI0012001,O005871,P0097,1
OI0012002,O005871,P0273,3
OI0012003,O005871,P0025,1
OI0012004,O005872,P0139,2
OI0012005,O005873,P0191,1
OI0012006,O005873,P0039,1
OI0012007,O005873,P0102,1
OI0012008,O005874,P0296,1
OI0012009,O005874,P0170,1
OI0012010,O005874,P0023,1
OI0012011,O005874,P0016,1
OI0012012,O005875,P0090,1
OI0012013,O005875,P0005,1
OI0012014,O005875,P0293,2
OI0012015,O005876,P0150,2
OI0012016,O005876,P0119,1
OI0012017,O005877,P0201,1
OI0012018,O005877,P0130,1
OI0012019,O005877,P0110,1
OI0012020,O005878,P0042,1
OI0012021,O005878,P0156,1
OI0012022,O005879,P0147,3
OI0012023,O005879,P0284,1
OI0012024,O005880,P0150,2
OI0012025,O005881,P0042,1
OI0012026,O005881,P0053,1
OI0012027,O005882,P0187,1
OI0012028,O005883,P0086,1
OI0012029,O005883,P0085,1
OI0012030,O005883,P0023,1
OI0012031,O005883,P0243,1
OI0012032,O005884,P0079,1
OI0012033,O005884,P0235,1
OI0012034,O005885,P0133,3
OI0012035,O005885,P0290,1
OI0012036,O005886,P0121,1
OI0012037,O005886,P0018,1
OI0012038,O005887,P0045,1
OI0012039,O005888,P0085,1
OI0012040,O005888,P0123,1
OI0012041,O005889,P0108,1
OI0012042,O005889,P0282,3
OI0012043,O005889,P0005,1
OI0012044,O005890,P0270,1
OI0012045,O005890,P0199,1
OI0012046,O005891,P0285,2
OI0012047,O005891,P0077,1
OI0012048,O005891,P0052,1
OI0012049,O005891,P0229,2
OI0012050,O005892,P0093,1
OI0012051,O005892,P0071,3
OI0012052,O005892,P0029,2
OI0012053,O005893,P0294,1
OI0012054,O005893,P0176,2
OI0012055,O005894,P0051,1
OI0012056,O005894,P0109,1
OI0012057,O005894,P0163,1
OI0012058,O005895,P0268,1
OI0012059,O005896,P0237,1
OI0012060,O005897,P0080,1
OI0012061,O005898,P0227,1
OI0012062,O005898,P0099,1
OI0012063,O005899,P0030,1
OI0012064,O005899,P0263,2
OI0012065,O005900,P0106,1
OI0012066,O005900,P0163,1
OI0012067,O005901,P0271,1
OI0012068,O005901,P0226,1
OI0012069,O005902,P0274,2
OI0012070,O005903,P0015,1
OI0012071,O005904,P0108,1
OI0012072,O005904,P0134,2
OI0012073,O005905,P0192,2
OI0012074,O005905,P0170,1
OI0012075,O005906,P0111,2
OI0012076,O005906,P0105,1
OI0012077,O005906,P0218,1
OI0012078,O005906,P0266,2
OI0012079,O005907,P0179,1
OI0012080,O005907,P0059,1
OI0012081,O005908,P0297,1
OI0012082,O005909,P0275,1
OI0012083,O005909,P0294,1
OI0012084,O005909,P0226,1
OI0012085,O005910,P0094,1
OI0012086,O005910,P0075,1
OI0012087,O005911,P0007,1
OI0012088,O005911,P0082,2
OI0012089,O005912,P0158,1
OI0012090,O005913,P0244,1
OI0012091,O005913,P0133,1
OI0012092,O005913,P0281,2
OI0012093,O005913,P0007,2
OI0012094,O005914,P0124,1
OI0012095,O005915,P0230,2
OI0012096,O005916,P0222,1
OI0012097,O005916,P0157,1
OI0012098,O005916,P0269,1
OI0012099,O005916,P0033,1
OI0012100,O005917,P0052,1
OI0012101,O005917,P0232,1
OI0012102,O005917,P0248,1
OI0012103,O005917,P0064,1
OI0012104,O005918,P0291,1
OI0012105,O005919,P0045,1
OI0012106,O005920,P0244,2
OI0012107,O005920,P0218,3
OI0012108,O005921,P0008,1
OI0012109,O005921,P0212,1
OI0012110,O005922,P0228,1
OI0012111,O005923,P0214,1
OI0012112,O005923,P0069,1
OI0012113,O005923,P0185,1
OI0012114,O005923,P0053,1
OI0012115,O005924,P0079,1
OI0012116,O005924,P0111,1
OI0012117,O005924,P0165,1
OI0012118,O005925,P0234,1
OI0012119,O005925,P0110,1
OI0012120,O005925,P0098,1
OI0012121,O005925,P0019,1
OI0012122,O005926,P0040,3
OI0012123,O005927,P0142,1
OI0012124,O005927,P0205,1
OI0012125,O005928,P0092,2
OI0012126,O005929,P0001,1
OI0012127,O005929,P0236,1
OI0012128,O005930,P0219,1
OI0012129,O005930,P0058,2
OI0012130,O005930,P0074,1
OI0012131,O005931,P0151,1
OI0012132,O005931,P0130,2
OI0012133,O005932,P0257,3
OI0012134,O005932,P0141,1
OI0012135,O005933,P0120,2
OI0012136,O005933,P0165,1
OI0012137,O005933,P0220,3
OI0012138,O005933,P0075,1
OI0012139,O005934,P0291,1
OI0012140,O005935,P0100,1
OI0012141,O005936,P0126,1
OI0012142,O005936,P0146,2
OI0012143,O005937,P0105,1
OI0012144,O005937,P0119,1
OI0012145,O005938,P0285,1
OI0012146,O005938,P0188,1
OI0012147,O005939,P0262,2
OI0012148,O005940,P0071,2
OI0012149,O005940,P0016,2
OI0012150,O005940,P0180,1
OI0012151,O005941,P0263,1
OI0012152,O005941,P0196,2
OI0012153,O005942,P0252,1
OI0012154,O005942,P0274,1
OI0012155,O005943,P0030,1
OI0012156,O005944,P0063,1
OI0012157,O005944,P0108,1
OI0012158,O005945,P0112,1
OI0012159,O005946,P0124,1
OI0012160,O005946,P0250,1
OI0012161,O005946,P0151,2
OI0012162,O005947,P0141,1
OI0012163,O005947,P0134,1
OI0012164,O005947,P0145,2
OI0012165,O005947,P0199,1
OI0012166,O005948,P0288,1
OI0012167,O005948,P0145,1
OI0012168,O005949,P0103,3
OI0012169,O005949,P0074,1
OI0012170,O005949,P0019,1
OI0012171,O005950,P0204,1
OI0012172,O005950,P0251,2
OI0012173,O005950,P0178,1
OI0012174,O005951,P0152,3
OI0012175,O005951,P0081,1
OI0012176,O005952,P0132,1
OI0012177,O005952,P0183,1
OI0012178,O005952,P0182,1
OI0012179,O005953,P0187,3
OI0012180,O005954,P0149,2
OI0012181,O005954,P0071,1
OI0012182,O005955,P0025,2
OI0012183,O005955,P0056,1
OI0012184,O005956,P0042,1
OI0012185,O005957,P0061,1
OI0012186,O005958,P0043,1
OI0012187,O005959,P0025,2
OI0012188,O005960,P0231,1
OI0012189,O005960,P0152,1
OI0012190,O005960,P0277,1
OI0012191,O005961,P0112,1
OI0012192,O005961,P0220,1
OI0012193,O005961,P0222,1
OI0012194,O005962,P0002,1
OI0012195,O005962,P0256,1
OI0012196,O005962,P0216,1
OI0012197,O005963,P0029,1
OI0012198,O005964,P0103,1
OI0012199,O005964,P0272,1
OI0012200,O005964,P0144,1
OI0012201,O005965,P0214,1
OI0012202,O005965,P0039,1
OI0012203,O005965,P0155,2
OI0012204,O005966,P0166,1
OI0012205,O005966,P0100,3
OI0012206,O005967,P0069,1
OI0012207,O005967,P0044,1
OI0012208,O005968,P0220,1
OI0012209,O005968,P0161,1
OI0012210,O005969,P0238,1
OI0012211,O005969,P0031,1
OI0012212,O005970,P0070,1
OI0012213,O005970,P0053,1
OI0012214,O005971,P0151,1
OI0012215,O005972,P0008,3
OI0012216,O005973,P0178,1
OI0012217,O005973,P0169,1
OI0012218,O005974,P0121,1
OI0012219,O005974,P0190,2
OI0012220,O005974,P0061,1
OI0012221,O005974,P0189,3
OI0012222,O005975,P0277,1
OI0012223,O005975,P0124,1
OI0012224,O005976,P0155,1
OI0012225,O005977,P0125,3
OI0012226,O005977,P0258,2
OI0012227,O005978,P0176,1
OI0012228,O005978,P0300,1
OI0012229,O005979,P0142,1
OI0012230,O005979,P0279,2
OI0012231,O005979,P0181,1
OI0012232,O005980,P0242,1
OI0012233,O005980,P0146,2
OI0012234,O005981,P0043,2
OI0012235,O005981,P0191,1
OI0012236,O005981,P0291,1
OI0012237,O005981,P0106,2
OI0012238,O005982,P0118,1
OI0012239,O005983,P0201,1
OI0012240,O005984,P0144,2
OI0012241,O005984,P0150,1
OI0012242,O005984,P0171,1
OI0012243,O005985,P0171,2
OI0012244,O005986,P0279,1
OI0012245,O005986,P0095,1
OI0012246,O005987,P0163,2
OI0012247,O005987,P0193,1
OI0012248,O005988,P0001,1
OI0012249,O005989,P0269,1
OI0012250,O005989,P0124,1
OI0012251,O005989,P0159,1
OI0012252,O005990,P0077,1
OI0012253,O005990,P0186,1
OI0012254,O005991,P0083,2
OI0012255,O005991,P0284,1
OI0012256,O005992,P0009,3
OI0012257,O005993,P0130,1
OI0012258,O005993,P0085,1
OI0012259,O005994,P0146,1
OI0012260,O005995,P0085,1
OI0012261,O005995,P0046,1
OI0012262,O005996,P0269,2
OI0012263,O005997,P0014,3
OI0012264,O005997,P0229,2
OI0012265,O005998,P0298,1
OI0012266,O005998,P0123,1
OI0012267,O005998,P0024,1
OI0012268,O005999,P0222,1
OI0012269,O005999,P0107,1
OI0012270,O005999,P0163,2
OI0012271,O006000,P0142,1
OI0012272,O006000,P0038,1
OI0012273,O006000,P0007,1
OI0012274,O006001,P0048,1
OI0012275,O006001,P0278,2
OI0012276,O006002,P0074,1
OI0012277,O006003,P0163,1
OI0012278,O006003,P0075,1
OI0012279,O006004,P0030,1
OI0012280,O006005,P0149,1
OI0012281,O006006,P0107,1
OI0012282,O006006,P0086,3
OI0012283,O006006,P0057,3
OI0012284,O006007,P0108,1
OI0012285,O006008,P0028,2
OI0012286,O006009,P0080,1
OI0012287,O006009,P0228,1
OI0012288,O006009,P0020,1
OI0012289,O006009,P0067,2
OI0012290,O006010,P0183,1
OI0012291,O006011,P0225,2
OI0012292,O006011,P0280,2
OI0012293,O006011,P0213,1
OI0012294,O006012,P0232,1
OI0012295,O006012,P0181,1
OI0012296,O006013,P0129,1
OI0012297,O006014,P0275,1
OI0012298,O006015,P0158,1
OI0012299,O006015,P0262,1
OI0012300,O006016,P0256,1
OI0012301,O006016,P0194,1
OI0012302,O006017,P0221,1
OI0012303,O006017,P0163,1
OI0012304,O006018,P0198,1
OI0012305,O006019,P0064,1
OI0012306,O006019,P0170,1
OI0012307,O006020,P0271,1
OI0012308,O006020,P0203,2
OI0012309,O006021,P0179,1
OI0012310,O006021,P0114,2
OI0012311,O006022,P0212,2
OI0012312,O006023,P0293,3
OI0012313,O006023,P0149,1
OI0012314,O006024,P0200,1
OI0012315,O006024,P0143,1
OI0012316,O006025,P0062,1
OI0012317,O006025,P0005,1
OI0012318,O006025,P0114,3
OI0012319,O006025,P0203,1
OI0012320,O006026,P0056,1
OI0012321,O006027,P0255,1
OI0012322,O006027,P0125,2
OI0012323,O006027,P0045,1
OI0012324,O006027,P0127,2
OI0012325,O006028,P0233,1
OI0012326,O006028,P0214,3
OI0012327,O006029,P0201,3
OI0012328,O006030,P0136,1
OI0012329,O006030,P0108,1
OI0012330,O006031,P0050,3
OI0012331,O006031,P0022,1
OI0012332,O006031,P0018,1
OI0012333,O006032,P0235,1
OI0012334,O006033,P0246,1
OI0012335,O006033,P0128,3
OI0012336,O006034,P0090,1
OI0012337,O006035,P0204,1
OI0012338,O006035,P0251,1
OI0012339,O006036,P0126,1
OI0012340,O006036,P0063,1
OI0012341,O006036,P0294,3
OI0012342,O006036,P0023,1
OI0012343,O006037,P0239,2
OI0012344,O006037,P0233,1
OI0012345,O006038,P0109,1
OI0012346,O006038,P0203,1
OI0012347,O006039,P0082,1
OI0012348,O006040,P0129,2
OI0012349,O006040,P0154,1
OI0012350,O006041,P0257,1
OI0012351,O006041,P0226,1
OI0012352,O006042,P0149,1
OI0012353,O006042,P0138,1
OI0012354,O006042,P0300,1
OI0012355,O006042,P0174,1
OI0012356,O006043,P0180,1
OI0012357,O006044,P0040,1
OI0012358,O006044,P0196,2
OI0012359,O006044,P0177,1
OI0012360,O006045,P0184,1
OI0012361,O006046,P0215,1
OI0012362,O006046,P0020,1
OI0012363,O006046,P0023,2
OI0012364,O006046,P0055,1
OI0012365,O006047,P0295,1
OI0012366,O006047,P0283,1
OI0012367,O006048,P0169,1
OI0012368,O006048,P0048,1
OI0012369,O006048,P0161,1
OI0012370,O006049,P0090,1
OI0012371,O006049,P0285,2
OI0012372,O006050,P0271,2
OI0012373,O006051,P0150,2
OI0012374,O006051,P0080,2
OI0012375,O006051,P0090,1
OI0012376,O006051,P0006,1
OI0012377,O006052,P0187,1
OI0012378,O006052,P0209,1
OI0012379,O006052,P0226,2
OI0012380,O006052,P0218,1
OI0012381,O006053,P0133,1
OI0012382,O006053,P0143,2
OI0012383,O006053,P0298,3
OI0012384,O006053,P0152,2
OI0012385,O006054,P0278,1
OI0012386,O006055,P0235,2
OI0012387,O006056,P0031,3
OI0012388,O006057,P0273,1
OI0012389,O006057,P0232,3
OI0012390,O006057,P0080,2
OI0012391,O006057,P0162,1
OI0012392,O006058,P0004,1
OI0012393,O006059,P0127,2
OI0012394,O006060,P0006,1
OI0012395,O006060,P0233,1
OI0012396,O006060,P0021,1
OI0012397,O006061,P0049,1
OI0012398,O006062,P0109,2
OI0012399,O006063,P0216,2
OI0012400,O006063,P0292,2
OI0012401,O006063,P0231,2
OI0012402,O006063,P0227,1
OI0012403,O006064,P0061,1
OI0012404,O006064,P0101,1
OI0012405,O006065,P0272,1
OI0012406,O006065,P0003,1
OI0012407,O006065,P0057,1
OI0012408,O006066,P0097,3
OI0012409,O006067,P0110,1
OI0012410,O006067,P0268,1
OI0012411,O006068,P0102,2
OI0012412,O006068,P0227,2
OI0012413,O006068,P0116,1
OI0012414,O006069,P0082,1
OI0012415,O006070,P0244,1
OI0012416,O006070,P0086,2
OI0012417,O006071,P0144,3
OI0012418,O006072,P0072,1
OI0012419,O006072,P0117,2
OI0012420,O006073,P0300,2
OI0012421,O006073,P0123,2
OI0012422,O006074,P0222,1
OI0012423,O006075,P0122,1
OI0012424,O006075,P0255,1
OI0012425,O006076,P0166,1
OI0012426,O006076,P0241,1
OI0012427,O006076,P0146,1
OI0012428,O006077,P0012,1
OI0012429,O006077,P0046,1
OI0012430,O006077,P0137,1
OI0012431,O006077,P0018,1
OI0012432,O006078,P0222,1
OI0012433,O006079,P0122,1
OI0012434,O006080,P0264,1
OI0012435,O006081,P0095,2
OI0012436,O006081,P0107,1
OI0012437,O006081,P0113,2
OI0012438,O006082,P0243,2
OI0012439,O006082,P0240,2
OI0012440,O006082,P0167,1
OI0012441,O006082,P0252,1
OI0012442,O006083,P0048,1
OI0012443,O006083,P0297,1
OI0012444,O006083,P0109,1
OI0012445,O006084,P0289,1
OI0012446,O006085,P0189,3
OI0012447,O006085,P0137,1
OI0012448,O006085,P0045,3
OI0012449,O006085,P0114,3
OI0012450,O006086,P0042,1
OI0012451,O006086,P0182,3
OI0012452,O006086,P0074,1
OI0012453,O006087,P0002,1
OI0012454,O006087,P0044,1
OI0012455,O006088,P0209,1
OI0012456,O006088,P0049,1
OI0012457,O006089,P0257,1
OI0012458,O006090,P0154,1
OI0012459,O006091,P0199,1
OI0012460,O006091,P0101,1
OI0012461,O006091,P0244,1
OI0012462,O006091,P0158,2
OI0012463,O006092,P0213,2
OI0012464,O006093,P0221,1
OI0012465,O006093,P0043,1
OI0012466,O006094,P0050,1
OI0012467,O006095,P0161,1
OI0012468,O006095,P0048,2
OI0012469,O006095,P0258,1
OI0012470,O006096,P0271,1
OI0012471,O006097,P0019,1
OI0012472,O006097,P0208,3
OI0012473,O006097,P0186,1
OI0012474,O006097,P0015,1
OI0012475,O006098,P0248,1
OI0012476,O006098,P0212,1
OI0012477,O006098,P0105,1
OI0012478,O006098,P0096,2
OI0012479,O006099,P0086,1
OI0012480,O006099,P0209,1
OI0012481,O006100,P0139,1
OI0012482,O006101,P0202,1
OI0012483,O006101,P0024,1
OI0012484,O006101,P0246,1
OI0012485,O006102,P0242,1
OI0012486,O006102,P0232,1
OI0012487,O006102,P0130,1
OI0012488,O006103,P0081,1
OI0012489,O006103,P0234,1
OI0012490,O006104,P0063,1
OI0012491,O006105,P0074,2
OI0012492,O006106,P0157,1
OI0012493,O006106,P0218,1
OI0012494,O006106,P0145,1
OI0012495,O006106,P0283,1
OI0012496,O006107,P0020,1
OI0012497,O006107,P0124,1
OI0012498,O006108,P0180,1
OI0012499,O006108,P0296,1
OI0012500,O006108,P0245,2
OI0012501,O006109,P0252,1
OI0012502,O006110,P0050,1
OI0012503,O006110,P0089,2
OI0012504,O006110,P0144,1
OI0012505,O006111,P0199,1
OI0012506,O006111,P0195,1
OI0012507,O006112,P0148,1
OI0012508,O006113,P0239,1
OI0012509,O006113,P0055,2
OI0012510,O006114,P0007,1
OI0012511,O006114,P0205,1
OI0012512,O006115,P0176,1
OI0012513,O006116,P0022,1
OI0012514,O006116,P0126,1
OI0012515,O006117,P0269,1
OI0012516,O006118,P0171,1
OI0012517,O006119,P0215,1
OI0012518,O006120,P0149,1
OI0012519,O006120,P0126,1
OI0012520,O006120,P0004,1
OI0012521,O006121,P0148,1
OI0012522,O006121,P0082,1
OI0012523,O006121,P0167,1
OI0012524,O006121,P0056,1
OI0012525,O006122,P0282,1
OI0012526,O006122,P0092,1
OI0012527,O006122,P0064,1
OI0012528,O006122,P0229,2
OI0012529,O006123,P0002,2
OI0012530,O006124,P0173,1
OI0012531,O006125,P0041,1
OI0012532,O006125,P0099,1
OI0012533,O006126,P0100,1
OI0012534,O006126,P0291,1
OI0012535,O006127,P0028,1
OI0012536,O006127,P0016,1
OI0012537,O006128,P0094,2
OI0012538,O006128,P0073,1
OI0012539,O006128,P0216,1
OI0012540,O006129,P0209,1
OI0012541,O006129,P0135,1
OI0012542,O006130,P0092,1
OI0012543,O006130,P0136,1
OI0012544,O006130,P0266,2
OI0012545,O006131,P0020,1
OI0012546,O006131,P0265,2
OI0012547,O006132,P0232,1
OI0012548,O006133,P0136,1
OI0012549,O006133,P0181,1
OI0012550,O006133,P0235,1
OI0012551,O006134,P0060,1
OI0012552,O006134,P0232,1
OI0012553,O006135,P0216,1
OI0012554,O006135,P0177,1
OI0012555,O006135,P0013,1
OI0012556,O006136,P0097,1
OI0012557,O006136,P0062,1
OI0012558,O006137,P0038,1
OI0012559,O006138,P0293,2
OI0012560,O006139,P0045,3
OI0012561,O006140,P0052,1
OI0012562,O006140,P0073,1
OI0012563,O006141,P0132,1
OI0012564,O006141,P0270,1
OI0012565,O006142,P0074,2
OI0012566,O006143,P0230,1
OI0012567,O006143,P0036,1
OI0012568,O006143,P0119,1
OI0012569,O006144,P0286,1
OI0012570,O006144,P0090,1
OI0012571,O006144,P0030,1
OI0012572,O006145,P0195,3
OI0012573,O006145,P0283,2
OI0012574,O006145,P0265,1
OI0012575,O006145,P0007,1
OI0012576,O006146,P0040,1
OI0012577,O006146,P0235,2
OI0012578,O006147,P0045,1
OI0012579,O006147,P0161,1
OI0012580,O006147,P0159,2
OI0012581,O006147,P0023,1
OI0012582,O006148,P0201,1
OI0012583,O006149,P0287,3
OI0012584,O006149,P0180,1
OI0012585,O006149,P0235,1
OI0012586,O006150,P0157,1
OI0012587,O006151,P0160,1
OI0012588,O006152,P0097,1
OI0012589,O006153,P0051,2
OI0012590,O006153,P0225,1
OI0012591,O006154,P0190,1
OI0012592,O006154,P0242,1
OI0012593,O006154,P0287,1
OI0012594,O006155,P0141,3
OI0012595,O006156,P0289,2
OI0012596,O006156,P0193,1
OI0012597,O006157,P0205,3
OI0012598,O006158,P0225,1
OI0012599,O006158,P0029,1
OI0012600,O006158,P0020,1
OI0012601,O006158,P0024,3
OI0012602,O006159,P0273,1
OI0012603,O006159,P0196,1
OI0012604,O006159,P0001,2
OI0012605,O006160,P0028,2
OI0012606,O006160,P0025,1
OI0012607,O006161,P0246,1
OI0012608,O006162,P0006,1
OI0012609,O006162,P0071,1
OI0012610,O006163,P0166,2
OI0012611,O006164,P0072,3
OI0012612,O006165,P0068,1
OI0012613,O006166,P0006,1
OI0012614,O006167,P0293,2
OI0012615,O006168,P0155,1
OI0012616,O006168,P0165,1
OI0012617,O006169,P0075,2
OI0012618,O006169,P0218,1
OI0012619,O006169,P0133,1
OI0012620,O006169,P0216,1
OI0012621,O006170,P0191,2
OI0012622,O006171,P0054,1
OI0012623,O006171,P0137,2
OI0012624,O006171,P0051,1
OI0012625,O006171,P0257,2
OI0012626,O006172,P0181,1
OI0012627,O006172,P0182,1
OI0012628,O006172,P0291,1
OI0012629,O006173,P0039,1
OI0012630,O006173,P0002,1
OI0012631,O006173,P0150,3
OI0012632,O006174,P0250,1
OI0012633,O006175,P0130,1
OI0012634,O006176,P0242,1
OI0012635,O006177,P0156,1
OI0012636,O006177,P0096,1
OI0012637,O006178,P0063,1
OI0012638,O006178,P0072,1
OI0012639,O006178,P0029,1
OI0012640,O006179,P0113,1
OI0012641,O006179,P0242,2
OI0012642,O006180,P0216,1
OI0012643,O006181,P0111,1
OI0012644,O006181,P0123,1
OI0012645,O006182,P0087,1
OI0012646,O006182,P0177,2
OI0012647,O006182,P0136,1
OI0012648,O006183,P0026,1
OI0012649,O006184,P0100,1
OI0012650,O006185,P0200,1
OI0012651,O006185,P0288,1
OI0012652,O006186,P0143,1
OI0012653,O006186,P0014,1
OI0012654,O006187,P0249,1
OI0012655,O006188,P0270,1
OI0012656,O006189,P0027,1
OI0012657,O006189,P0155,1
OI0012658,O006189,P0003,1
OI0012659,O006189,P0120,1
OI0012660,O006190,P0031,1
OI0012661,O006190,P0099,1
OI0012662,O006190,P0049,1
OI0012663,O006191,P0137,1
OI0012664,O006191,P0139,1
OI0012665,O006191,P0150,1
OI0012666,O006192,P0005,3
OI0012667,O006192,P0061,1
OI0012668,O006192,P0218,1
OI0012669,O006193,P0252,2
OI0012670,O006193,P0247,1
OI0012671,O006193,P0265,1
OI0012672,O006194,P0269,1
OI0012673,O006194,P0250,1
OI0012674,O006194,P0046,3
OI0012675,O006195,P0288,2
OI0012676,O006196,P0181,3
OI0012677,O006196,P0276,1
OI0012678,O006196,P0033,1
OI0012679,O006197,P0211,3
OI0012680,O006198,P0291,1
OI0012681,O006198,P0206,1
OI0012682,O006198,P0278,1
OI0012683,O006199,P0232,1
OI0012684,O006199,P0039,1
OI0012685,O006200,P0236,1
OI0012686,O006201,P0048,1
OI0012687,O006201,P0054,1
OI0012688,O006201,P0180,1
OI0012689,O006202,P0011,1
OI0012690,O006202,P0085,1
OI0012691,O006202,P0048,1
OI0012692,O006203,P0198,1
OI0012693,O006204,P0232,1
OI0012694,O006204,P0281,1
OI0012695,O006205,P0164,1
OI0012696,O006206,P0211,1
OI0012697,O006207,P0289,1
OI0012698,O006208,P0123,1
OI0012699,O006208,P0010,1
OI0012700,O006208,P0099,3
OI0012701,O006209,P0029,1
OI0012702,O006210,P0252,1
OI0012703,O006210,P0141,1
OI0012704,O006211,P0079,1
OI0012705,O006212,P0170,2
OI0012706,O006213,P0196,2
OI0012707,O006213,P0082,1
OI0012708,O006213,P0021,1
OI0012709,O006213,P0190,1
OI0012710,O006214,P0238,1
OI0012711,O006215,P0037,2
OI0012712,O006215,P0187,2
OI0012713,O006215,P0058,1
OI0012714,O006216,P0011,2
OI0012715,O006217,P0186,1
OI0012716,O006217,P0093,3
OI0012717,O006218,P0009,1
OI0012718,O006218,P0265,1
OI0012719,O006219,P0040,1
OI0012720,O006220,P0037,1
OI0012721,O006221,P0163,1
OI0012722,O006221,P0155,2
OI0012723,O006222,P0205,1
OI0012724,O006222,P0238,1
OI0012725,O006222,P0210,1
OI0012726,O006222,P0098,1
OI0012727,O006223,P0216,3
OI0012728,O006223,P0093,1
OI0012729,O006224,P0264,1
OI0012730,O006224,P0119,1
OI0012731,O006224,P0290,1
OI0012732,O006224,P0233,2
OI0012733,O006225,P0290,1
OI0012734,O006225,P0157,1
OI0012735,O006226,P0133,1
OI0012736,O006227,P0190,1
OI0012737,O006227,P0118,1
OI0012738,O006227,P0214,2
OI0012739,O006227,P0046,1
OI0012740,O006228,P0130,1
OI0012741,O006228,P0259,1
OI0012742,O006229,P0282,1
OI0012743,O006230,P0048,2
OI0012744,O006230,P0294,1
OI0012745,O006231,P0130,2
OI0012746,O006232,P0088,1
OI0012747,O006232,P0087,1
OI0012748,O006233,P0189,1
OI0012749,O006233,P0085,1
OI0012750,O006234,P0095,1
OI0012751,O006234,P0233,1
OI0012752,O006235,P0012,2
OI0012753,O006235,P0153,1
OI0012754,O006236,P0145,2
OI0012755,O006237,P0021,1
OI0012756,O006237,P0084,2
OI0012757,O006238,P0184,1
OI0012758,O006239,P0207,1
OI0012759,O006239,P0108,1
OI0012760,O006240,P0075,1
OI0012761,O006241,P0246,2
OI0012762,O006241,P0234,1
OI0012763,O006242,P0250,1
OI0012764,O006243,P0053,1
OI0012765,O006244,P0126,1
OI0012766,O006245,P0144,1
OI0012767,O006246,P0224,2
OI0012768,O006246,P0161,3
OI0012769,O006246,P0202,1
OI0012770,O006247,P0032,3
OI0012771,O006247,P0064,1
OI0012772,O006248,P0078,1
OI0012773,O006249,P0023,2
OI0012774,O006249,P0169,1
OI0012775,O006249,P0271,1
OI0012776,O006250,P0222,1
OI0012777,O006251,P0190,1
OI0012778,O006252,P0194,1
OI0012779,O006252,P0241,1
OI0012780,O006253,P0274,1
OI0012781,O006254,P0187,1
OI0012782,O006255,P0002,1
OI0012783,O006255,P0148,1
OI0012784,O006256,P0138,1
OI0012785,O006257,P0061,1
OI0012786,O006257,P0225,2
OI0012787,O006257,P0130,1
OI0012788,O006258,P0078,3
OI0012789,O006259,P0245,3
OI0012790,O006260,P0155,1
OI0012791,O006260,P0013,1
OI0012792,O006261,P0135,1
OI0012793,O006261,P0224,1
OI0012794,O006262,P0281,1
OI0012795,O006263,P0156,2
OI0012796,O006263,P0249,3
OI0012797,O006264,P0267,3
OI0012798,O006264,P0227,1
OI0012799,O006264,P0132,1
OI0012800,O006265,P0135,1
OI0012801,O006265,P0287,2
OI0012802,O006266,P0072,1
OI0012803,O006267,P0058,2
OI0012804,O006267,P0053,1
OI0012805,O006267,P0099,1
OI0012806,O006268,P0135,1
OI0012807,O006269,P0025,2
OI0012808,O006269,P0291,1
OI0012809,O006269,P0274,1
OI0012810,O006269,P0136,1
OI0012811,O006270,P0199,1
OI0012812,O006270,P0041,2
OI0012813,O006271,P0054,1
OI0012814,O006271,P0039,1
OI0012815,O006272,P0074,2
OI0012816,O006272,P0128,1
OI0012817,O006272,P0045,2
OI0012818,O006272,P0077,1
OI0012819,O006273,P0163,1
OI0012820,O006273,P0025,1
OI0012821,O006273,P0132,2
OI0012822,O006274,P0026,1
OI0012823,O006274,P0030,1
OI0012824,O006274,P0080,1
OI0012825,O006275,P0097,1
OI0012826,O006276,P0078,1
OI0012827,O006276,P0171,2
OI0012828,O006277,P0265,1
OI0012829,O006277,P0244,1
OI0012830,O006278,P0194,1
OI0012831,O006278,P0038,1
OI0012832,O006279,P0035,1
OI0012833,O006279,P0252,1
OI0012834,O006279,P0225,1
OI0012835,O006279,P0204,2
OI0012836,O006280,P0193,1
OI0012837,O006280,P0087,2
OI0012838,O006280,P0256,2
OI0012839,O006281,P0234,1
OI0012840,O006282,P0199,1
OI0012841,O006283,P0002,1
OI0012842,O006283,P0160,1
OI0012843,O006284,P0102,1
OI0012844,O006285,P0054,2
OI0012845,O006285,P0174,1
OI0012846,O006286,P0019,1
OI0012847,O006286,P0114,2
OI0012848,O006287,P0055,1
OI0012849,O006287,P0158,1
OI0012850,O006288,P0293,1
OI0012851,O006288,P0018,1
OI0012852,O006288,P0088,2
OI0012853,O006288,P0271,1
OI0012854,O006289,P0246,1
OI0012855,O006290,P0133,1
OI0012856,O006290,P0020,1
OI0012857,O006290,P0023,1
OI0012858,O006291,P0057,1
OI0012859,O006291,P0036,1
OI0012860,O006292,P0053,3
OI0012861,O006292,P0115,1
OI0012862,O006293,P0269,1
OI0012863,O006293,P0255,2
OI0012864,O006294,P0118,1
OI0012865,O006294,P0070,1
OI0012866,O006295,P0111,1
OI0012867,O006295,P0099,1
OI0012868,O006296,P0285,2
OI0012869,O006296,P0091,1
OI0012870,O006296,P0081,3
OI0012871,O006296,P0201,1
OI0012872,O006297,P0290,2
OI0012873,O006297,P0215,1
OI0012874,O006297,P0053,1
OI0012875,O006298,P0246,1
OI0012876,O006299,P0163,1
OI0012877,O006299,P0094,1
OI0012878,O006299,P0114,2
OI0012879,O006300,P0229,1
OI0012880,O006301,P0090,1
OI0012881,O006301,P0289,1
OI0012882,O006301,P0268,3
OI0012883,O006301,P0149,1
OI0012884,O006302,P0219,1
OI0012885,O006303,P0225,3
OI0012886,O006303,P0107,2
OI0012887,O006303,P0234,1
OI0012888,O006304,P0115,1
OI0012889,O006304,P0292,1
OI0012890,O006305,P0074,1
OI0012891,O006306,P0114,2
OI0012892,O006306,P0022,1
OI0012893,O006306,P0176,1
OI0012894,O006307,P0207,3
OI0012895,O006308,P0199,3
OI0012896,O006308,P0160,2
OI0012897,O006308,P0193,1
OI0012898,O006309,P0168,2
OI0012899,O006310,P0120,3
OI0012900,O006310,P0098,1
OI0012901,O006310,P0037,1
OI0012902,O006311,P0236,1
OI0012903,O006312,P0103,2
OI0012904,O006312,P0098,2
OI0012905,O006312,P0054,1
OI0012906,O006313,P0212,1
OI0012907,O006313,P0007,1
OI0012908,O006314,P0121,1
OI0012909,O006315,P0122,1
OI0012910,O006315,P0071,1
OI0012911,O006316,P0175,3
OI0012912,O006317,P0201,1
OI0012913,O006318,P0109,1
OI0012914,O006318,P0175,1
OI0012915,O006319,P0297,1
OI0012916,O006319,P0034,1
OI0012917,O006320,P0264,1
OI0012918,O006320,P0252,2
OI0012919,O006320,P0080,1
OI0012920,O006320,P0254,1
OI0012921,O006321,P0103,3
OI0012922,O006322,P0300,1
OI0012923,O006323,P0033,2
OI0012924,O006324,P0226,1
OI0012925,O006324,P0198,2
OI0012926,O006324,P0100,1
OI0012927,O006325,P0170,1
OI0012928,O006325,P0279,1
OI0012929,O006326,P0171,1
OI0012930,O006326,P0239,3
OI0012931,O006327,P0182,1
OI0012932,O006328,P0144,1
OI0012933,O006328,P0142,1
OI0012934,O006328,P0270,1
OI0012935,O006329,P0110,2
OI0012936,O006330,P0181,1
OI0012937,O006330,P0230,2
OI0012938,O006331,P0102,2
OI0012939,O006332,P0098,1
OI0012940,O006332,P0180,1
OI0012941,O006333,P0160,1
OI0012942,O006334,P0243,1
OI0012943,O006334,P0059,1
OI0012944,O006334,P0247,2
OI0012945,O006335,P0144,1
OI0012946,O006335,P0215,1
OI0012947,O006336,P0003,1
OI0012948,O006336,P0242,1
OI0012949,O006336,P0030,1
OI0012950,O006337,P0156,3
OI0012951,O006338,P0287,1
OI0012952,O006338,P0040,1
OI0012953,O006338,P0038,1
OI0012954,O006338,P0168,1
OI0012955,O006339,P0119,2
OI0012956,O006339,P0229,3
OI0012957,O006340,P0117,2
OI0012958,O006341,P0251,2
OI0012959,O006341,P0169,2
OI0012960,O006342,P0120,1
OI0012961,O006342,P0043,1
OI0012962,O006342,P0045,1
OI0012963,O006342,P0115,2
OI0012964,O006343,P0196,1
OI0012965,O006344,P0136,1
OI0012966,O006344,P0019,2
OI0012967,O006344,P0256,1
OI0012968,O006344,P0195,2
OI0012969,O006345,P0264,1
OI0012970,O006345,P0275,2
OI0012971,O006346,P0268,1
OI0012972,O006346,P0161,1
OI0012973,O006347,P0063,1
OI0012974,O006347,P0253,2
OI0012975,O006347,P0259,1
OI0012976,O006347,P0106,1
OI0012977,O006348,P0242,1
OI0012978,O006349,P0247,1
OI0012979,O006349,P0102,1
OI0012980,O006349,P0191,1
OI0012981,O006349,P0083,1
OI0012982,O006350,P0277,1
OI0012983,O006350,P0003,1
OI0012984,O006351,P0239,1
OI0012985,O006352,P0272,2
OI0012986,O006352,P0198,1
OI0012987,O006352,P0233,1
OI0012988,O006353,P0255,2
OI0012989,O006353,P0300,1
OI0012990,O006353,P0170,1
OI0012991,O006354,P0085,2
OI0012992,O006355,P0063,1
OI0012993,O006355,P0147,1
OI0012994,O006356,P0051,1
OI0012995,O006356,P0003,2
OI0012996,O006357,P0289,1
OI0012997,O006357,P0194,1
OI0012998,O006358,P0037,1
OI0012999,O006358,P0163,2
OI0013000,O006359,P0062,1
OI0013001,O006360,P0026,3
OI0013002,O006360,P0233,1
OI0013003,O006361,P0183,1
OI0013004,O006362,P0217,3
OI0013005,O006363,P0105,2
OI0013006,O006364,P0094,1
OI0013007,O006364,P0021,1
OI0013008,O006364,P0206,1
OI0013009,O006365,P0059,1
OI0013010,O006366,P0266,2
OI0013011,O006366,P0077,1
OI0013012,O006367,P0202,3
OI0013013,O006367,P0005,1
OI0013014,O006367,P0040,1
OI0013015,O006368,P0203,1
OI0013016,O006369,P0275,1
OI0013017,O006369,P0290,1
OI0013018,O006370,P0290,1
OI0013019,O006371,P0076,1
OI0013020,O006372,P0284,1
OI0013021,O006372,P0088,1
OI0013022,O006372,P0059,1
OI0013023,O006373,P0079,2
OI0013024,O006373,P0090,1
OI0013025,O006373,P0168,1
OI0013026,O006373,P0085,1
OI0013027,O006374,P0195,1
OI0013028,O006374,P0101,2
OI0013029,O006375,P0212,2
OI0013030,O006375,P0043,2
OI0013031,O006375,P0148,1
OI0013032,O006376,P0160,1
OI0013033,O006376,P0069,3
OI0013034,O006377,P0127,2
OI0013035,O006377,P0024,1
OI0013036,O006377,P0181,1
OI0013037,O006378,P0068,2
OI0013038,O006378,P0008,1
OI0013039,O006379,P0212,2
OI0013040,O006379,P0108,2
OI0013041,O006380,P0031,1
OI0013042,O006380,P0159,2
OI0013043,O006381,P0107,3
OI0013044,O006381,P0100,1
OI0013045,O006381,P0051,1
OI0013046,O006381,P0277,1
OI0013047,O006382,P0097,2
OI0013048,O006383,P0078,1
OI0013049,O006383,P0272,2
OI0013050,O006383,P0168,1
OI0013051,O006384,P0001,1
OI0013052,O006384,P0043,1
OI0013053,O006384,P0009,1
OI0013054,O006385,P0146,3
OI0013055,O006385,P0022,2
OI0013056,O006385,P0024,1
OI0013057,O006386,P0035,3
OI0013058,O006386,P0283,1
OI0013059,O006387,P0272,1
OI0013060,O006388,P0025,1
OI0013061,O006388,P0066,1
OI0013062,O006389,P0236,2
OI0013063,O006390,P0254,1
OI0013064,O006391,P0155,1
OI0013065,O006391,P0029,1
OI0013066,O006392,P0065,1
OI0013067,O006393,P0123,2
OI0013068,O006393,P0291,1
OI0013069,O006393,P0169,1
OI0013070,O006393,P0048,2
OI0013071,O006394,P0253,1
OI0013072,O006394,P0268,1
OI0013073,O006394,P0114,1
OI0013074,O006394,P0022,1
OI0013075,O006395,P0041,1
OI0013076,O006396,P0098,1
OI0013077,O006396,P0128,1
OI0013078,O006397,P0209,1
OI0013079,O006398,P0093,1
OI0013080,O006398,P0024,1
OI0013081,O006398,P0166,1
OI0013082,O006399,P0015,1
OI0013083,O006400,P0255,2
OI0013084,O006401,P0032,1
OI0013085,O006401,P0020,1
OI0013086,O006401,P0051,1
OI0013087,O006402,P0250,1
OI0013088,O006402,P0030,1
OI0013089,O006402,P0182,1
OI0013090,O006402,P0296,1
OI0013091,O006403,P0169,1
OI0013092,O006404,P0138,2
OI0013093,O006405,P0056,1
OI0013094,O006406,P0150,1
OI0013095,O006406,P0013,1
OI0013096,O006406,P0143,1
OI0013097,O006406,P0144,1
OI0013098,O006407,P0121,1
OI0013099,O006407,P0198,3
OI0013100,O006407,P0053,1
OI0013101,O006408,P0095,1
OI0013102,O006409,P0003,1
OI0013103,O006409,P0237,1
OI0013104,O006409,P0285,1
OI0013105,O006409,P0029,3
OI0013106,O006410,P0081,1
OI0013107,O006411,P0056,1
OI0013108,O006411,P0201,1
OI0013109,O006411,P0297,1
OI0013110,O006412,P0296,1
OI0013111,O006412,P0199,1
OI0013112,O006412,P0032,1
OI0013113,O006412,P0195,1
OI0013114,O006413,P0007,1
OI0013115,O006414,P0221,1
OI0013116,O006414,P0263,2
OI0013117,O006415,P0222,3
OI0013118,O006416,P0137,1
OI0013119,O006416,P0120,1
OI0013120,O006416,P0243,1
OI0013121,O006416,P0118,1
OI0013122,O006417,P0094,1
OI0013123,O006417,P0060,1
OI0013124,O006417,P0050,2
OI0013125,O006417,P0194,1
OI0013126,O006418,P0103,1
OI0013127,O006418,P0078,1
OI0013128,O006419,P0058,1
OI0013129,O006419,P0045,1
OI0013130,O006420,P0256,1
OI0013131,O006420,P0285,1
OI0013132,O006420,P0018,1
OI0013133,O006421,P0208,1
OI0013134,O006421,P0188,2
OI0013135,O006422,P0076,1
OI0013136,O006422,P0107,1
OI0013137,O006422,P0135,1
OI0013138,O006423,P0204,1
OI0013139,O006424,P0230,1
OI0013140,O006425,P0191,1
OI0013141,O006425,P0157,1
OI0013142,O006426,P0190,1
OI0013143,O006426,P0212,1
OI0013144,O006427,P0036,1
OI0013145,O006427,P0178,2
OI0013146,O006427,P0114,1
OI0013147,O006428,P0200,1
OI0013148,O006428,P0287,1
OI0013149,O006429,P0218,2
OI0013150,O006430,P0259,3
OI0013151,O006430,P0226,1
OI0013152,O006430,P0055,2
OI0013153,O006430,P0092,2
OI0013154,O006431,P0132,2
OI0013155,O006431,P0171,1
OI0013156,O006432,P0272,2
OI0013157,O006432,P0123,1
OI0013158,O006433,P0228,1
OI0013159,O006433,P0244,2
OI0013160,O006434,P0007,1
OI0013161,O006435,P0179,1
OI0013162,O006435,P0082,1
OI0013163,O006436,P0280,2
OI0013164,O006436,P0155,1
OI0013165,O006436,P0172,2
OI0013166,O006437,P0009,1
OI0013167,O006437,P0040,1
OI0013168,O006438,P0072,1
OI0013169,O006438,P0178,1
OI0013170,O006438,P0102,1
OI0013171,O006439,P0297,1
OI0013172,O006440,P0132,2
OI0013173,O006441,P0147,1
OI0013174,O006442,P0031,1
OI0013175,O006442,P0223,1
OI0013176,O006443,P0258,1
OI0013177,O006444,P0103,1
OI0013178,O006444,P0098,1
OI0013179,O006444,P0181,2
OI0013180,O006444,P0275,1
OI0013181,O006445,P0063,2
OI0013182,O006446,P0103,2
OI0013183,O006447,P0234,1
OI0013184,O006447,P0039,2
OI0013185,O006448,P0169,2
OI0013186,O006448,P0189,1
OI0013187,O006449,P0211,3
OI0013188,O006449,P0237,1
OI0013189,O006450,P0156,2
OI0013190,O006450,P0089,1
OI0013191,O006451,P0015,1
OI0013192,O006451,P0242,3
OI0013193,O006452,P0227,3
OI0013194,O006453,P0154,1
OI0013195,O006453,P0199,1
OI0013196,O006454,P0113,1
OI0013197,O006454,P0256,1
OI0013198,O006455,P0093,2
OI0013199,O006456,P0063,1
OI0013200,O006456,P0132,2
OI0013201,O006457,P0208,1
OI0013202,O006458,P0145,1
OI0013203,O006459,P0170,3
OI0013204,O006459,P0073,1
OI0013205,O006459,P0121,1
OI0013206,O006460,P0212,1
OI0013207,O006461,P0062,3
OI0013208,O006462,P0065,1
OI0013209,O006462,P0027,1
OI0013210,O006462,P0123,1
OI0013211,O006463,P0236,1
OI0013212,O006463,P0182,1
OI0013213,O006463,P0126,2
OI0013214,O006464,P0210,1
OI0013215,O006465,P0061,2
OI0013216,O006465,P0196,1
OI0013217,O006466,P0199,1
OI0013218,O006467,P0079,2
OI0013219,O006467,P0081,1
OI0013220,O006467,P0051,1
OI0013221,O006468,P0273,1
OI0013222,O006469,P0292,1
OI0013223,O006469,P0059,1
OI0013224,O006470,P0154,1
OI0013225,O006471,P0057,1
OI0013226,O006472,P0194,2
OI0013227,O006472,P0135,1
OI0013228,O006472,P0154,3
OI0013229,O006473,P0191,1
OI0013230,O006473,P0161,1
OI0013231,O006473,P0275,1
OI0013232,O006474,P0260,1
OI0013233,O006475,P0220,1
OI0013234,O006475,P0020,1
OI0013235,O006476,P0271,1
OI0013236,O006476,P0235,1
OI0013237,O006477,P0211,1
OI0013238,O006477,P0209,1
OI0013239,O006478,P0280,1
OI0013240,O006478,P0089,1
OI0013241,O006478,P0169,2
OI0013242,O006479,P0284,1
OI0013243,O006479,P0027,1
OI0013244,O006479,P0216,1
OI0013245,O006480,P0067,1
OI0013246,O006480,P0048,1
OI0013247,O006481,P0219,3
OI0013248,O006481,P0245,2
OI0013249,O006482,P0286,1
OI0013250,O006482,P0141,1
OI0013251,O006482,P0271,1
OI0013252,O006483,P0249,1
OI0013253,O006483,P0279,1
OI0013254,O006483,P0104,1
OI0013255,O006484,P0197,1
OI0013256,O006484,P0075,1
OI0013257,O006484,P0169,1
OI0013258,O006485,P0194,2
OI0013259,O006485,P0159,1
OI0013260,O006486,P0085,3
OI0013261,O006486,P0151,2
OI0013262,O006486,P0195,1
OI0013263,O006486,P0069,1
OI0013264,O006487,P0114,1
OI0013265,O006487,P0025,1
OI0013266,O006488,P0158,1
OI0013267,O006489,P0212,1
OI0013268,O006489,P0205,1
OI0013269,O006489,P0028,2
OI0013270,O006490,P0251,1
OI0013271,O006490,P0280,1
OI0013272,O006491,P0200,1
OI0013273,O006491,P0294,1
OI0013274,O006491,P0246,2
OI0013275,O006492,P0185,1
OI0013276,O006492,P0180,1
OI0013277,O006492,P0234,1
OI0013278,O006493,P0176,1
OI0013279,O006493,P0141,1
OI0013280,O006493,P0246,1
OI0013281,O006494,P0287,1
OI0013282,O006494,P0015,1
OI0013283,O006495,P0176,1
OI0013284,O006496,P0096,1
OI0013285,O006496,P0217,3
OI0013286,O006497,P0272,1
OI0013287,O006498,P0119,1
OI0013288,O006498,P0169,2
OI0013289,O006498,P0130,1
OI0013290,O006499,P0044,1
OI0013291,O006499,P0003,1
OI0013292,O006499,P0136,1
OI0013293,O006499,P0010,1
OI0013294,O006500,P0061,1
OI0013295,O006501,P0220,1
OI0013296,O006501,P0169,1
OI0013297,O006501,P0016,1
OI0013298,O006501,P0148,1
OI0013299,O006502,P0300,1
OI0013300,O006502,P0219,1
OI0013301,O006503,P0259,2
OI0013302,O006504,P0297,1
OI0013303,O006505,P0005,2
OI0013304,O006505,P0051,1
OI0013305,O006506,P0222,1
OI0013306,O006506,P0229,1
OI0013307,O006507,P0103,1
OI0013308,O006507,P0008,1
OI0013309,O006507,P0036,1
OI0013310,O006508,P0049,1
OI0013311,O006509,P0210,1
OI0013312,O006509,P0276,1
OI0013313,O006510,P0279,1
OI0013314,O006510,P0152,1
OI0013315,O006511,P0054,1
OI0013316,O006512,P0058,2
OI0013317,O006512,P0189,1
OI0013318,O006512,P0056,1
OI0013319,O006512,P0207,1
OI0013320,O006513,P0194,1
OI0013321,O006513,P0083,1
OI0013322,O006513,P0289,1
OI0013323,O006513,P0166,2
OI0013324,O006514,P0256,1
OI0013325,O006514,P0299,1
OI0013326,O006514,P0089,1
OI0013327,O006515,P0290,1
OI0013328,O006516,P0151,1
OI0013329,O006516,P0238,1
OI0013330,O006516,P0228,1
OI0013331,O006516,P0160,2
OI0013332,O006517,P0024,2
OI0013333,O006518,P0235,2
OI0013334,O006518,P0268,1
OI0013335,O006518,P0121,3
OI0013336,O006518,P0131,1
OI0013337,O006519,P0212,1
OI0013338,O006520,P0142,2
OI0013339,O006521,P0151,3
OI0013340,O006522,P0248,1
OI0013341,O006522,P0274,1
OI0013342,O006523,P0168,1
OI0013343,O006523,P0116,1
OI0013344,O006523,P0083,2
OI0013345,O006523,P0164,1
OI0013346,O006524,P0211,1
OI0013347,O006524,P0086,1
OI0013348,O006524,P0232,1
OI0013349,O006525,P0080,1
OI0013350,O006526,P0296,1
OI0013351,O006526,P0048,3
OI0013352,O006527,P0261,1
OI0013353,O006528,P0278,1
OI0013354,O006528,P0016,1
OI0013355,O006528,P0049,1
OI0013356,O006529,P0122,1
OI0013357,O006530,P0066,2
OI0013358,O006530,P0122,2
OI0013359,O006531,P0027,2
OI0013360,O006531,P0236,1
OI0013361,O006532,P0150,1
OI0013362,O006532,P0283,1
OI0013363,O006533,P0260,3
OI0013364,O006533,P0192,1
OI0013365,O006534,P0138,1
OI0013366,O006534,P0062,1
OI0013367,O006534,P0100,1
OI0013368,O006535,P0040,2
OI0013369,O006536,P0241,2
OI0013370,O006536,P0220,2
OI0013371,O006537,P0213,1
OI0013372,O006537,P0219,1
OI0013373,O006538,P0256,1
OI0013374,O006539,P0238,1
OI0013375,O006540,P0023,1
OI0013376,O006540,P0264,2
OI0013377,O006541,P0161,2
OI0013378,O006541,P0058,1
OI0013379,O006541,P0205,1
OI0013380,O006542,P0081,1
OI0013381,O006543,P0030,1
OI0013382,O006543,P0271,1
OI0013383,O006543,P0151,1
OI0013384,O006544,P0158,1
OI0013385,O006544,P0135,1
OI0013386,O006545,P0050,1
OI0013387,O006546,P0212,1
OI0013388,O006547,P0217,1
OI0013389,O006547,P0297,2
OI0013390,O006548,P0123,3
OI0013391,O006548,P0192,1
OI0013392,O006548,P0167,1
OI0013393,O006549,P0043,1
OI0013394,O006549,P0003,1
OI0013395,O006549,P0243,1
OI0013396,O006549,P0115,2
OI0013397,O006550,P0283,2
OI0013398,O006550,P0011,1
OI0013399,O006550,P0261,1
OI0013400,O006551,P0054,1
OI0013401,O006552,P0023,1
OI0013402,O006553,P0152,1
OI0013403,O006554,P0176,1
OI0013404,O006555,P0057,1
OI0013405,O006556,P0206,1
OI0013406,O006556,P0061,1
OI0013407,O006557,P0290,1
OI0013408,O006557,P0164,1
OI0013409,O006558,P0131,1
OI0013410,O006558,P0204,1
OI0013411,O006558,P0279,2
OI0013412,O006559,P0020,1
OI0013413,O006559,P0013,1
OI0013414,O006560,P0012,1
OI0013415,O006560,P0090,1
OI0013416,O006560,P0188,1
OI0013417,O006560,P0233,1
OI0013418,O006561,P0094,1
OI0013419,O006561,P0047,1
OI0013420,O006561,P0131,1
OI0013421,O006561,P0041,2
OI0013422,O006562,P0247,1
OI0013423,O006562,P0124,3
OI0013424,O006563,P0115,3
OI0013425,O006563,P0295,1
OI0013426,O006564,P0146,1
OI0013427,O006564,P0270,1
OI0013428,O006565,P0011,2
OI0013429,O006565,P0039,3
OI0013430,O006565,P0173,2
OI0013431,O006566,P0258,1
OI0013432,O006566,P0202,2
OI0013433,O006567,P0021,1
OI0013434,O006567,P0218,1
OI0013435,O006567,P0244,1
OI0013436,O006567,P0186,1
OI0013437,O006568,P0032,1
OI0013438,O006569,P0214,3
OI0013439,O006569,P0034,1
OI0013440,O006570,P0079,1
OI0013441,O006570,P0102,3
OI0013442,O006571,P0162,1
OI0013443,O006572,P0036,1
OI0013444,O006572,P0071,1
OI0013445,O006572,P0107,1
OI0013446,O006573,P0009,1
OI0013447,O006573,P0008,2
OI0013448,O006574,P0298,1
OI0013449,O006574,P0088,3
OI0013450,O006574,P0162,2
OI0013451,O006575,P0283,2
OI0013452,O006575,P0102,1
OI0013453,O006576,P0251,3
OI0013454,O006576,P0205,2
OI0013455,O006576,P0228,1
OI0013456,O006576,P0082,1
OI0013457,O006577,P0151,1
OI0013458,O006577,P0220,2
OI0013459,O006577,P0020,2
OI0013460,O006578,P0020,3
OI0013461,O006578,P0053,2
OI0013462,O006578,P0090,1
OI0013463,O006578,P0290,2
OI0013464,O006579,P0190,1
OI0013465,O006579,P0266,1
OI0013466,O006579,P0273,1
OI0013467,O006579,P0005,1
OI0013468,O006580,P0132,1
OI0013469,O006580,P0066,3
OI0013470,O006580,P0291,2
OI0013471,O006580,P0285,1
OI0013472,O006581,P0201,1
OI0013473,O006581,P0018,1
OI0013474,O006581,P0244,1
OI0013475,O006582,P0041,1
OI0013476,O006582,P0221,1
OI0013477,O006582,P0214,1
OI0013478,O006583,P0004,1
OI0013479,O006583,P0191,1
OI0013480,O006584,P0248,2
OI0013481,O006584,P0079,1
OI0013482,O006584,P0047,1
OI0013483,O006585,P0157,1
OI0013484,O006585,P0176,1
OI0013485,O006585,P0030,1
OI0013486,O006586,P0044,1
OI0013487,O006586,P0118,1
OI0013488,O006586,P0124,1
OI0013489,O006586,P0235,2
OI0013490,O006587,P0105,2
OI0013491,O006587,P0134,2
OI0013492,O006587,P0273,1
OI0013493,O006587,P0108,1
OI0013494,O006588,P0107,1
OI0013495,O006589,P0159,1
OI0013496,O006590,P0080,2
OI0013497,O006590,P0061,1
OI0013498,O006591,P0073,2
OI0013499,O006592,P0095,1
OI0013500,O006592,P0138,3
OI0013501,O006593,P0266,2
OI0013502,O006593,P0237,1
OI0013503,O006593,P0111,1
OI0013504,O006594,P0054,1
OI0013505,O006594,P0021,1
OI0013506,O006594,P0219,1
OI0013507,O006594,P0068,1
OI0013508,O006595,P0253,1
OI0013509,O006595,P0153,1
OI0013510,O006595,P0002,3
OI0013511,O006596,P0143,2
OI0013512,O006597,P0205,3
OI0013513,O006598,P0221,1
OI0013514,O006598,P0018,1
OI0013515,O006599,P0223,1
OI0013516,O006600,P0296,1
OI0013517,O006600,P0095,1
OI0013518,O006600,P0078,2
OI0013519,O006600,P0080,1
OI0013520,O006601,P0246,1
OI0013521,O006601,P0066,1
OI0013522,O006602,P0235,2
OI0013523,O006602,P0050,1
OI0013524,O006603,P0070,1
OI0013525,O006604,P0264,1
OI0013526,O006604,P0063,1
OI0013527,O006604,P0058,1
OI0013528,O006605,P0076,3
OI0013529,O006606,P0159,2
OI0013530,O006606,P0254,1
OI0013531,O006607,P0214,1
OI0013532,O006607,P0073,1
OI0013533,O006607,P0246,3
OI0013534,O006607,P0105,1
OI0013535,O006608,P0053,1
OI0013536,O006608,P0185,2
OI0013537,O006608,P0217,1
OI0013538,O006609,P0284,1
OI0013539,O006609,P0021,1
OI0013540,O006610,P0026,2
OI0013541,O006611,P0029,1
OI0013542,O006612,P0021,2
OI0013543,O006612,P0212,1
OI0013544,O006613,P0017,1
OI0013545,O006613,P0201,1
OI0013546,O006614,P0120,2
OI0013547,O006615,P0090,1
OI0013548,O006616,P0116,1
OI0013549,O006617,P0042,1
OI0013550,O006618,P0161,1
OI0013551,O006619,P0296,1
OI0013552,O006619,P0202,1
OI0013553,O006619,P0016,1
OI0013554,O006619,P0020,2
OI0013555,O006620,P0198,2
OI0013556,O006620,P0262,1
OI0013557,O006620,P0076,1
OI0013558,O006621,P0154,3
OI0013559,O006621,P0003,1
OI0013560,O006622,P0014,1
OI0013561,O006622,P0198,1
OI0013562,O006623,P0117,1
OI0013563,O006623,P0016,3
OI0013564,O006623,P0279,2
OI0013565,O006623,P0239,1
OI0013566,O006624,P0248,1
OI0013567,O006624,P0255,1
OI0013568,O006625,P0130,1
OI0013569,O006625,P0205,1
OI0013570,O006626,P0025,2
OI0013571,O006626,P0141,2
OI0013572,O006627,P0263,2
OI0013573,O006627,P0259,1
OI0013574,O006628,P0158,1
OI0013575,O006629,P0237,2
OI0013576,O006629,P0282,1
OI0013577,O006630,P0061,1
OI0013578,O006631,P0199,1
OI0013579,O006632,P0104,1
OI0013580,O006632,P0211,1
OI0013581,O006632,P0091,2
OI0013582,O006633,P0098,2
OI0013583,O006634,P0278,1
OI0013584,O006634,P0012,1
OI0013585,O006635,P0075,1
OI0013586,O006635,P0216,1
OI0013587,O006636,P0219,1
OI0013588,O006637,P0221,1
OI0013589,O006637,P0272,1
OI0013590,O006638,P0204,1
OI0013591,O006639,P0064,1
OI0013592,O006640,P0245,1
OI0013593,O006641,P0034,1
OI0013594,O006641,P0146,2
OI0013595,O006641,P0198,1
OI0013596,O006642,P0216,1
OI0013597,O006643,P0076,1
OI0013598,O006644,P0098,1
OI0013599,O006644,P0060,3
OI0013600,O006645,P0299,2
OI0013601,O006646,P0234,1
OI0013602,O006647,P0189,1
OI0013603,O006648,P0189,2
OI0013604,O006648,P0017,3
OI0013605,O006648,P0111,1
OI0013606,O006648,P0245,1
OI0013607,O006649,P0121,1
OI0013608,O006649,P0166,2
OI0013609,O006650,P0088,1
OI0013610,O006650,P0153,1
OI0013611,O006650,P0248,1
OI0013612,O006651,P0206,1
OI0013613,O006651,P0057,1
OI0013614,O006652,P0047,1
OI0013615,O006653,P0080,1
OI0013616,O006653,P0134,2
OI0013617,O006654,P0260,1
OI0013618,O006654,P0265,1
OI0013619,O006654,P0168,1
OI0013620,O006655,P0142,1
OI0013621,O006655,P0130,1
OI0013622,O006655,P0033,1
OI0013623,O006656,P0056,2
OI0013624,O006656,P0093,1
OI0013625,O006657,P0241,1
OI0013626,O006657,P0289,1
OI0013627,O006658,P0257,1
OI0013628,O006658,P0143,1
OI0013629,O006658,P0166,1
OI0013630,O006658,P0178,1
OI0013631,O006659,P0015,1
OI0013632,O006660,P0008,2
OI0013633,O006660,P0210,1
OI0013634,O006660,P0082,1
OI0013635,O006661,P0083,1
OI0013636,O006662,P0011,1
OI0013637,O006662,P0284,1
OI0013638,O006663,P0155,1
OI0013639,O006664,P0169,1
OI0013640,O006664,P0281,1
OI0013641,O006665,P0129,1
OI0013642,O006665,P0195,2
OI0013643,O006666,P0001,1
OI0013644,O006667,P0144,2
OI0013645,O006667,P0083,1
OI0013646,O006667,P0049,1
OI0013647,O006668,P0270,1
OI0013648,O006668,P0073,1
OI0013649,O006669,P0158,1
OI0013650,O006670,P0289,1
OI0013651,O006670,P0191,1
OI0013652,O006671,P0098,2
OI0013653,O006671,P0184,3
OI0013654,O006672,P0180,1
OI0013655,O006673,P0015,1
OI0013656,O006674,P0041,1
OI0013657,O006675,P0019,1
OI0013658,O006675,P0177,1
OI0013659,O006675,P0262,2
OI0013660,O006676,P0214,2
OI0013661,O006676,P0132,1
OI0013662,O006677,P0101,1
OI0013663,O006678,P0239,1
OI0013664,O006679,P0090,2
OI0013665,O006679,P0108,1
OI0013666,O006679,P0280,3
OI0013667,O006680,P0016,1
OI0013668,O006681,P0078,1
OI0013669,O006681,P0019,1
OI0013670,O006682,P0236,1
OI0013671,O006682,P0189,1
OI0013672,O006683,P0233,1
OI0013673,O006683,P0202,1
OI0013674,O006684,P0007,1
OI0013675,O006684,P0226,1
OI0013676,O006684,P0147,1
OI0013677,O006684,P0056,1
OI0013678,O006685,P0155,1
OI0013679,O006685,P0011,1
OI0013680,O006686,P0090,1
OI0013681,O006687,P0211,1
OI0013682,O006687,P0066,1
OI0013683,O006687,P0230,1
OI0013684,O006687,P0208,1
OI0013685,O006688,P0254,1
OI0013686,O006689,P0033,1
OI0013687,O006689,P0195,1
OI0013688,O006689,P0082,2
OI0013689,O006690,P0007,2
OI0013690,O006690,P0094,1
OI0013691,O006691,P0188,1
OI0013692,O006691,P0141,1
OI0013693,O006692,P0027,1
OI0013694,O006692,P0264,1
OI0013695,O006692,P0244,1
OI0013696,O006693,P0222,1
OI0013697,O006694,P0152,1
OI0013698,O006694,P0096,1
OI0013699,O006695,P0059,1
OI0013700,O006695,P0115,1
OI0013701,O006695,P0156,2
OI0013702,O006696,P0053,3
OI0013703,O006696,P0023,2
OI0013704,O006697,P0029,1
OI0013705,O006697,P0038,1
OI0013706,O006697,P0191,2
OI0013707,O006698,P0293,1
OI0013708,O006699,P0233,1
OI0013709,O006699,P0214,1
OI0013710,O006699,P0141,1
OI0013711,O006700,P0141,2
OI0013712,O006701,P0055,1
OI0013713,O006701,P0087,1
OI0013714,O006702,P0257,1
OI0013715,O006702,P0180,1
OI0013716,O006703,P0285,3
OI0013717,O006703,P0122,1
OI0013718,O006703,P0160,1
OI0013719,O006703,P0183,1
OI0013720,O006704,P0236,1
OI0013721,O006704,P0198,1
OI0013722,O006705,P0265,1
OI0013723,O006705,P0180,3
OI0013724,O006705,P0013,1
OI0013725,O006706,P0220,2
OI0013726,O006706,P0081,2
OI0013727,O006707,P0069,3
OI0013728,O006707,P0047,1
OI0013729,O006707,P0049,1
OI0013730,O006707,P0285,1
OI0013731,O006708,P0174,1
OI0013732,O006708,P0064,1
OI0013733,O006709,P0255,1
OI0013734,O006709,P0287,1
OI0013735,O006709,P0189,1
OI0013736,O006710,P0057,1
OI0013737,O006710,P0218,1
OI0013738,O006710,P0159,1
OI0013739,O006711,P0244,3
OI0013740,O006711,P0169,1
OI0013741,O006711,P0111,1
OI0013742,O006711,P0197,1
OI0013743,O006712,P0054,1
OI0013744,O006713,P0255,1
OI0013745,O006713,P0257,1
OI0013746,O006714,P0103,2
OI0013747,O006714,P0135,1
OI0013748,O006715,P0183,1
OI0013749,O006715,P0011,1
OI0013750,O006716,P0092,2
OI0013751,O006717,P0183,2
OI0013752,O006718,P0057,1
OI0013753,O006719,P0283,1
OI0013754,O006720,P0209,3
OI0013755,O006721,P0030,1
OI0013756,O006721,P0245,1
OI0013757,O006721,P0300,2
OI0013758,O006721,P0281,1
OI0013759,O006722,P0240,1
OI0013760,O006722,P0161,1
OI0013761,O006722,P0216,1
OI0013762,O006723,P0158,1
OI0013763,O006724,P0153,1
OI0013764,O006724,P0024,2
OI0013765,O006724,P0084,1
OI0013766,O006725,P0047,2
OI0013767,O006725,P0052,1
OI0013768,O006725,P0079,1
OI0013769,O006726,P0070,2
OI0013770,O006726,P0230,1
OI0013771,O006726,P0166,1
OI0013772,O006726,P0131,1
OI0013773,O006727,P0009,1
OI0013774,O006727,P0165,3
OI0013775,O006727,P0039,1
OI0013776,O006728,P0021,1
OI0013777,O006728,P0167,2
OI0013778,O006729,P0038,1
OI0013779,O006729,P0123,3
OI0013780,O006730,P0030,3
OI0013781,O006730,P0003,1
OI0013782,O006730,P0089,1
OI0013783,O006731,P0171,1
OI0013784,O006731,P0278,1
OI0013785,O006731,P0267,2
OI0013786,O006732,P0125,1
OI0013787,O006732,P0093,1
OI0013788,O006733,P0205,2
OI0013789,O006733,P0295,1
OI0013790,O006734,P0077,1
OI0013791,O006734,P0226,2
OI0013792,O006734,P0049,1
OI0013793,O006735,P0045,1
OI0013794,O006735,P0162,2
OI0013795,O006736,P0220,3
OI0013796,O006736,P0279,2
OI0013797,O006736,P0046,3
OI0013798,O006737,P0191,2
OI0013799,O006738,P0272,1
OI0013800,O006739,P0100,1
OI0013801,O006740,P0169,1
OI0013802,O006740,P0089,1
OI0013803,O006740,P0173,2
OI0013804,O006740,P0110,1
OI0013805,O006741,P0041,2
OI0013806,O006742,P0133,1
OI0013807,O006743,P0171,1
OI0013808,O006743,P0157,1
OI0013809,O006744,P0123,2
OI0013810,O006745,P0148,1
OI0013811,O006746,P0221,1
OI0013812,O006746,P0009,3
OI0013813,O006746,P0155,1
OI0013814,O006746,P0076,1
OI0013815,O006747,P0013,1
OI0013816,O006747,P0156,1
OI0013817,O006748,P0059,1
OI0013818,O006749,P0040,1
OI0013819,O006749,P0140,1
OI0013820,O006749,P0083,1
OI0013821,O006750,P0159,1
OI0013822,O006751,P0084,1
OI0013823,O006751,P0276,1
OI0013824,O006752,P0268,1
OI0013825,O006752,P0232,2
OI0013826,O006753,P0168,1
OI0013827,O006754,P0205,2
OI0013828,O006754,P0088,1
OI0013829,O006755,P0003,1
OI0013830,O006755,P0011,1
OI0013831,O006755,P0177,1
OI0013832,O006755,P0005,1
OI0013833,O006756,P0073,2
OI0013834,O006756,P0164,2
OI0013835,O006757,P0080,1
OI0013836,O006757,P0191,2
OI0013837,O006758,P0051,1
OI0013838,O006758,P0202,1
OI0013839,O006759,P0194,1
OI0013840,O006759,P0072,1
OI0013841,O006760,P0199,1
OI0013842,O006760,P0124,1
OI0013843,O006760,P0257,1
OI0013844,O006761,P0035,3
OI0013845,O006761,P0092,1
OI0013846,O006761,P0188,1
OI0013847,O006762,P0072,2
OI0013848,O006763,P0099,1
OI0013849,O006763,P0020,1
OI0013850,O006764,P0038,1
OI0013851,O006765,P0037,1
OI0013852,O006765,P0049,1
OI0013853,O006766,P0233,1
OI0013854,O006767,P0014,1
OI0013855,O006767,P0050,1
OI0013856,O006767,P0112,2
OI0013857,O006768,P0172,1
OI0013858,O006768,P0196,1
OI0013859,O006768,P0112,1
OI0013860,O006768,P0197,1
OI0013861,O006769,P0116,1
OI0013862,O006769,P0058,1
OI0013863,O006770,P0152,1
OI0013864,O006771,P0161,1
OI0013865,O006771,P0234,1
OI0013866,O006772,P0193,1
OI0013867,O006773,P0077,1
OI0013868,O006773,P0203,1
OI0013869,O006774,P0054,1
OI0013870,O006775,P0159,1
OI0013871,O006775,P0146,1
OI0013872,O006775,P0234,1
OI0013873,O006776,P0238,1
OI0013874,O006776,P0199,1
OI0013875,O006777,P0272,2
OI0013876,O006778,P0140,1
OI0013877,O006779,P0273,1
OI0013878,O006780,P0299,1
OI0013879,O006780,P0263,1
OI0013880,O006780,P0160,1
OI0013881,O006780,P0252,2
OI0013882,O006781,P0297,1
OI0013883,O006781,P0230,1
OI0013884,O006781,P0015,1
OI0013885,O006782,P0241,1
OI0013886,O006782,P0100,1
OI0013887,O006782,P0135,1
OI0013888,O006783,P0093,1
OI0013889,O006783,P0084,1
OI0013890,O006783,P0284,2
OI0013891,O006783,P0064,1
OI0013892,O006784,P0139,1
OI0013893,O006784,P0288,1
OI0013894,O006785,P0098,1
OI0013895,O006785,P0101,2
OI0013896,O006785,P0056,1
OI0013897,O006786,P0295,1
OI0013898,O006787,P0286,1
OI0013899,O006787,P0073,1
OI0013900,O006788,P0100,1
OI0013901,O006788,P0134,1
OI0013902,O006788,P0040,3
OI0013903,O006788,P0300,2
OI0013904,O006789,P0051,1
OI0013905,O006790,P0288,1
OI0013906,O006791,P0246,2
OI0013907,O006791,P0210,1
OI0013908,O006792,P0195,2
OI0013909,O006792,P0041,1
OI0013910,O006793,P0086,1
OI0013911,O006794,P0024,2
OI0013912,O006795,P0218,1
OI0013913,O006796,P0098,3
OI0013914,O006797,P0100,1
OI0013915,O006797,P0070,1
OI0013916,O006797,P0277,1
OI0013917,O006797,P0110,1
OI0013918,O006798,P0184,1
OI0013919,O006799,P0177,1
OI0013920,O006800,P0079,1
OI0013921,O006801,P0276,1
OI0013922,O006801,P0175,2
OI0013923,O006801,P0059,1
OI0013924,O006802,P0086,1
OI0013925,O006802,P0220,1
OI0013926,O006802,P0217,1
OI0013927,O006803,P0111,1
OI0013928,O006804,P0217,2
OI0013929,O006805,P0102,1
OI0013930,O006805,P0084,2
OI0013931,O006805,P0127,1
OI0013932,O006806,P0080,1
OI0013933,O006806,P0130,1
OI0013934,O006806,P0278,1
OI0013935,O006806,P0094,3
OI0013936,O006807,P0192,1
OI0013937,O006808,P0170,1
OI0013938,O006808,P0227,2
OI0013939,O006809,P0030,1
OI0013940,O006810,P0276,3
OI0013941,O006810,P0061,2
OI0013942,O006810,P0158,2
OI0013943,O006810,P0203,1
OI0013944,O006811,P0005,1
OI0013945,O006811,P0280,2
OI0013946,O006812,P0231,2
OI0013947,O006812,P0028,3
OI0013948,O006813,P0124,3
OI0013949,O006813,P0007,1
OI0013950,O006814,P0100,1
OI0013951,O006814,P0108,1
OI0013952,O006815,P0039,2
OI0013953,O006816,P0196,2
OI0013954,O006817,P0196,2
OI0013955,O006817,P0201,1
OI0013956,O006818,P0164,1
OI0013957,O006819,P0249,1
OI0013958,O006820,P0275,1
OI0013959,O006821,P0193,1
OI0013960,O006822,P0188,2
OI0013961,O006823,P0139,2
OI0013962,O006823,P0213,2
OI0013963,O006824,P0278,1
OI0013964,O006824,P0275,1
OI0013965,O006824,P0053,2
OI0013966,O006825,P0277,1
OI0013967,O006825,P0218,1
OI0013968,O006825,P0233,1
OI0013969,O006825,P0205,1
OI0013970,O006826,P0179,1
OI0013971,O006827,P0070,1
OI0013972,O006827,P0274,2
OI0013973,O006828,P0155,1
OI0013974,O006828,P0107,1
OI0013975,O006828,P0030,2
OI0013976,O006828,P0044,1
OI0013977,O006829,P0165,2
OI0013978,O006829,P0002,1
OI0013979,O006829,P0208,2
OI0013980,O006830,P0135,1
OI0013981,O006830,P0086,1
OI0013982,O006831,P0210,1
OI0013983,O006832,P0023,2
OI0013984,O006832,P0025,1
OI0013985,O006833,P0195,1
OI0013986,O006833,P0141,3
OI0013987,O006834,P0156,2
OI0013988,O006835,P0097,1
OI0013989,O006836,P0052,2
OI0013990,O006836,P0048,1
OI0013991,O006837,P0185,2
OI0013992,O006837,P0167,1
OI0013993,O006838,P0079,3
OI0013994,O006839,P0179,1
OI0013995,O006839,P0014,1
OI0013996,O006839,P0215,1
OI0013997,O006839,P0126,3
OI0013998,O006840,P0200,2
OI0013999,O006841,P0142,2
OI0014000,O006841,P0280,1
OI0014001,O006842,P0258,1
OI0014002,O006842,P0027,3
OI0014003,O006842,P0074,1
OI0014004,O006843,P0017,1
OI0014005,O006843,P0101,2
OI0014006,O006843,P0009,1
OI0014007,O006843,P0051,1
OI0014008,O006844,P0072,1
OI0014009,O006844,P0287,3
OI0014010,O006844,P0263,1
OI0014011,O006844,P0289,1
OI0014012,O006845,P0114,1
OI0014013,O006845,P0157,2
OI0014014,O006846,P0193,1
OI0014015,O006846,P0125,1
OI0014016,O006846,P0096,1
OI0014017,O006847,P0288,1
OI0014018,O006848,P0056,1
OI0014019,O006848,P0094,1
OI0014020,O006848,P0127,1
OI0014021,O006848,P0250,1
OI0014022,O006849,P0001,2
OI0014023,O006849,P0029,1
OI0014024,O006850,P0081,1
OI0014025,O006850,P0061,1
OI0014026,O006851,P0009,1
OI0014027,O006851,P0148,1
OI0014028,O006852,P0142,1
OI0014029,O006852,P0048,3
OI0014030,O006852,P0133,1
OI0014031,O006852,P0013,1
OI0014032,O006853,P0293,2
OI0014033,O006853,P0020,2
OI0014034,O006853,P0091,1
OI0014035,O006854,P0164,1
OI0014036,O006855,P0067,1
OI0014037,O006855,P0266,2
OI0014038,O006856,P0093,1
OI0014039,O006857,P0039,1
OI0014040,O006858,P0047,1
OI0014041,O006859,P0273,2
OI0014042,O006860,P0231,1
OI0014043,O006861,P0076,1
OI0014044,O006861,P0018,1
OI0014045,O006861,P0241,1
OI0014046,O006862,P0021,1
OI0014047,O006862,P0115,1
OI0014048,O006862,P0220,2
OI0014049,O006863,P0186,1
OI0014050,O006863,P0204,2
OI0014051,O006864,P0167,2
OI0014052,O006864,P0143,1
OI0014053,O006865,P0171,1
OI0014054,O006865,P0289,2
OI0014055,O006866,P0251,1
OI0014056,O006867,P0122,1
OI0014057,O006867,P0206,1
OI0014058,O006868,P0266,1
OI0014059,O006868,P0122,1
OI0014060,O006869,P0037,2
OI0014061,O006870,P0144,2
OI0014062,O006870,P0249,1
OI0014063,O006870,P0087,1
OI0014064,O006870,P0297,1
OI0014065,O006871,P0263,1
OI0014066,O006871,P0229,3
OI0014067,O006872,P0171,1
OI0014068,O006872,P0175,1
OI0014069,O006872,P0284,1
OI0014070,O006873,P0188,1
OI0014071,O006873,P0065,1
OI0014072,O006874,P0090,1
OI0014073,O006874,P0202,1
OI0014074,O006875,P0104,1
OI0014075,O006875,P0026,1
OI0014076,O006876,P0283,1
OI0014077,O006876,P0208,1
OI0014078,O006876,P0201,1
OI0014079,O006876,P0029,1
OI0014080,O006877,P0252,1
OI0014081,O006877,P0196,1
OI0014082,O006877,P0286,1
OI0014083,O006877,P0032,3
OI0014084,O006878,P0135,1
OI0014085,O006879,P0155,2
OI0014086,O006879,P0265,3
OI0014087,O006879,P0008,1
OI0014088,O006880,P0064,1
OI0014089,O006881,P0034,1
OI0014090,O006881,P0089,1
OI0014091,O006882,P0028,2
OI0014092,O006883,P0097,1
OI0014093,O006883,P0037,1
OI0014094,O006884,P0226,1
OI0014095,O006884,P0034,1
OI0014096,O006884,P0227,2
OI0014097,O006885,P0106,1
OI0014098,O006885,P0184,1
OI0014099,O006885,P0240,2
OI0014100,O006886,P0072,3
OI0014101,O006886,P0232,1
OI0014102,O006887,P0257,1
OI0014103,O006888,P0234,1
OI0014104,O006888,P0114,1
OI0014105,O006889,P0025,1
OI0014106,O006889,P0261,1
OI0014107,O006890,P0162,3
OI0014108,O006891,P0289,1
OI0014109,O006892,P0148,1
OI0014110,O006892,P0246,1
OI0014111,O006893,P0177,2
OI0014112,O006894,P0251,1
OI0014113,O006895,P0289,1
OI0014114,O006895,P0112,1
OI0014115,O006896,P0047,1
OI0014116,O006896,P0119,1
OI0014117,O006896,P0132,2
OI0014118,O006896,P0260,1
OI0014119,O006897,P0254,2
OI0014120,O006898,P0210,1
OI0014121,O006898,P0019,1
OI0014122,O006899,P0040,1
OI0014123,O006899,P0021,2
OI0014124,O006900,P0232,1
OI0014125,O006900,P0070,3
OI0014126,O006901,P0049,3
OI0014127,O006901,P0061,1
OI0014128,O006901,P0119,1
OI0014129,O006902,P0086,1
OI0014130,O006902,P0011,1
OI0014131,O006903,P0140,1
OI0014132,O006903,P0114,1
OI0014133,O006903,P0052,1
OI0014134,O006904,P0056,1
OI0014135,O006904,P0100,1
OI0014136,O006905,P0134,2
OI0014137,O006906,P0092,3
OI0014138,O006907,P0186,1
OI0014139,O006907,P0295,1
OI0014140,O006907,P0017,1
OI0014141,O006907,P0105,1
OI0014142,O006908,P0147,3
OI0014143,O006909,P0153,1
OI0014144,O006909,P0088,1
OI0014145,O006909,P0193,1
OI0014146,O006910,P0099,2
OI0014147,O006910,P0219,2
OI0014148,O006910,P0231,3
OI0014149,O006911,P0098,2
OI0014150,O006912,P0191,1
OI0014151,O006912,P0225,1
OI0014152,O006912,P0244,1
OI0014153,O006913,P0230,1
OI0014154,O006913,P0077,1
OI0014155,O006913,P0097,2
OI0014156,O006913,P0262,1
OI0014157,O006914,P0246,2
OI0014158,O006915,P0067,2
OI0014159,O006916,P0036,1
OI0014160,O006916,P0160,1
OI0014161,O006917,P0286,1
OI0014162,O006917,P0183,1
OI0014163,O006918,P0211,1
OI0014164,O006919,P0286,1
OI0014165,O006920,P0095,3
OI0014166,O006920,P0144,1
OI0014167,O006921,P0091,1
OI0014168,O006921,P0064,2
OI0014169,O006922,P0189,1
OI0014170,O006922,P0264,1
OI0014171,O006922,P0194,1
OI0014172,O006923,P0007,1
OI0014173,O006924,P0199,1
OI0014174,O006925,P0021,1
OI0014175,O006925,P0292,1
OI0014176,O006926,P0181,1
OI0014177,O006926,P0231,2
OI0014178,O006926,P0194,1
OI0014179,O006927,P0234,1
OI0014180,O006928,P0124,1
OI0014181,O006928,P0072,1
OI0014182,O006928,P0012,1
OI0014183,O006929,P0192,1
OI0014184,O006929,P0278,1
OI0014185,O006929,P0053,1
OI0014186,O006929,P0216,2
OI0014187,O006930,P0100,1
OI0014188,O006930,P0183,1
OI0014189,O006931,P0032,2
OI0014190,O006931,P0191,2
OI0014191,O006932,P0039,2
OI0014192,O006932,P0212,1
OI0014193,O006932,P0265,1
OI0014194,O006933,P0221,1
OI0014195,O006934,P0156,1
OI0014196,O006934,P0238,3
OI0014197,O006935,P0083,2
OI0014198,O006935,P0048,1
OI0014199,O006935,P0034,1
OI0014200,O006936,P0113,2
OI0014201,O006937,P0012,1
OI0014202,O006937,P0052,1
OI0014203,O006938,P0111,1
OI0014204,O006939,P0018,2
OI0014205,O006939,P0139,2
OI0014206,O006939,P0099,2
OI0014207,O006940,P0236,1
OI0014208,O006941,P0169,3
OI0014209,O006941,P0205,1
OI0014210,O006942,P0082,1
OI0014211,O006942,P0280,2
OI0014212,O006942,P0241,3
OI0014213,O006943,P0159,2
OI0014214,O006943,P0217,1
OI0014215,O006944,P0148,1
OI0014216,O006944,P0145,2
OI0014217,O006945,P0032,1
OI0014218,O006945,P0028,1
OI0014219,O006945,P0236,3
OI0014220,O006946,P0294,3
OI0014221,O006946,P0215,3
OI0014222,O006947,P0031,1
OI0014223,O006947,P0284,1
OI0014224,O006947,P0118,1
OI0014225,O006948,P0257,1
OI0014226,O006948,P0254,2
OI0014227,O006949,P0192,1
OI0014228,O006949,P0162,1
OI0014229,O006950,P0151,1
OI0014230,O006951,P0280,2
OI0014231,O006952,P0155,2
OI0014232,O006952,P0088,1
OI0014233,O006953,P0195,1
OI0014234,O006954,P0083,1
OI0014235,O006954,P0079,1
OI0014236,O006955,P0286,1
OI0014237,O006955,P0027,1
OI0014238,O006955,P0070,1
OI0014239,O006955,P0292,1
OI0014240,O006956,P0217,1
OI0014241,O006956,P0194,1
OI0014242,O006956,P0134,3
OI0014243,O006956,P0164,1
OI0014244,O006957,P0280,2
OI0014245,O006958,P0005,1
OI0014246,O006958,P0251,1
OI0014247,O006959,P0161,1
OI0014248,O006960,P0164,1
OI0014249,O006961,P0234,1
OI0014250,O006962,P0085,1
OI0014251,O006962,P0299,2
OI0014252,O006962,P0121,3
OI0014253,O006963,P0112,1
OI0014254,O006964,P0279,1
OI0014255,O006964,P0003,1
OI0014256,O006965,P0095,1
OI0014257,O006965,P0025,1
OI0014258,O006965,P0041,1
OI0014259,O006966,P0283,1
OI0014260,O006967,P0230,1
OI0014261,O006967,P0067,1
OI0014262,O006968,P0105,1
OI0014263,O006968,P0286,1
OI0014264,O006969,P0266,1
OI0014265,O006969,P0169,1
OI0014266,O006969,P0006,1
OI0014267,O006970,P0015,1
OI0014268,O006970,P0218,1
OI0014269,O006971,P0096,1
OI0014270,O006971,P0049,2
OI0014271,O006972,P0145,1
OI0014272,O006973,P0107,1
OI0014273,O006974,P0001,1
OI0014274,O006975,P0109,2
OI0014275,O006975,P0185,2
OI0014276,O006975,P0281,2
OI0014277,O006976,P0069,1
OI0014278,O006976,P0279,2
OI0014279,O006977,P0135,1
OI0014280,O006977,P0159,3
OI0014281,O006977,P0085,1
OI0014282,O006978,P0276,2
OI0014283,O006978,P0247,1
OI0014284,O006979,P0053,2
OI0014285,O006979,P0296,1
OI0014286,O006980,P0078,1
OI0014287,O006981,P0037,2
OI0014288,O006982,P0176,1
OI0014289,O006982,P0256,1
OI0014290,O006982,P0050,1
OI0014291,O006983,P0089,1
OI0014292,O006983,P0046,1
OI0014293,O006983,P0131,1
OI0014294,O006983,P0173,1
OI0014295,O006984,P0071,1
OI0014296,O006984,P0279,1
OI0014297,O006985,P0167,1
OI0014298,O006986,P0081,1
OI0014299,O006987,P0189,1
OI0014300,O006987,P0117,1
OI0014301,O006988,P0182,1
OI0014302,O006988,P0295,1
OI0014303,O006989,P0282,1
OI0014304,O006990,P0251,1
OI0014305,O006990,P0135,1
OI0014306,O006990,P0249,2
OI0014307,O006991,P0173,1
OI0014308,O006991,P0247,2
OI0014309,O006992,P0153,2
OI0014310,O006992,P0071,1
OI0014311,O006993,P0103,1
OI0014312,O006993,P0067,1
OI0014313,O006993,P0186,2
OI0014314,O006994,P0236,1
OI0014315,O006995,P0028,1
OI0014316,O006995,P0293,1
OI0014317,O006995,P0128,2
OI0014318,O006996,P0084,1
OI0014319,O006996,P0149,1
OI0014320,O006996,P0200,3
OI0014321,O006997,P0290,1
OI0014322,O006997,P0284,1
OI0014323,O006997,P0056,2
OI0014324,O006998,P0120,2
OI0014325,O006998,P0115,1
OI0014326,O006999,P0183,1
OI0014327,O006999,P0266,1
OI0014328,O007000,P0021,2
OI0014329,O007000,P0238,1
OI0014330,O007001,P0294,1
OI0014331,O007002,P0024,2
OI0014332,O007003,P0048,2
OI0014333,O007003,P0143,2
OI0014334,O007003,P0141,1
OI0014335,O007003,P0179,1
OI0014336,O007004,P0086,1
OI0014337,O007005,P0130,3
OI0014338,O007006,P0053,1
OI0014339,O007006,P0151,1
OI0014340,O007006,P0019,2
OI0014341,O007007,P0141,2
OI0014342,O007007,P0115,3
OI0014343,O007008,P0118,1
OI0014344,O007008,P0086,2
OI0014345,O007008,P0009,1
OI0014346,O007009,P0134,1
OI0014347,O007009,P0018,1
OI0014348,O007009,P0108,1
OI0014349,O007010,P0246,3
OI0014350,O007010,P0006,1
OI0014351,O007011,P0120,2
OI0014352,O007011,P0187,3
OI0014353,O007012,P0142,3
OI0014354,O007013,P0134,3
OI0014355,O007013,P0221,1
OI0014356,O007014,P0003,1
OI0014357,O007014,P0154,1
OI0014358,O007015,P0072,1
OI0014359,O007015,P0039,1
OI0014360,O007015,P0208,1
OI0014361,O007016,P0165,3
OI0014362,O007017,P0073,3
OI0014363,O007017,P0286,2
OI0014364,O007018,P0199,1
OI0014365,O007018,P0041,1
OI0014366,O007019,P0077,1
OI0014367,O007019,P0070,1
OI0014368,O007020,P0028,1
OI0014369,O007021,P0264,1
OI0014370,O007021,P0137,2
OI0014371,O007022,P0138,1
OI0014372,O007022,P0226,1
OI0014373,O007022,P0124,1
OI0014374,O007022,P0091,1
OI0014375,O007023,P0280,1
OI0014376,O007024,P0081,1
OI0014377,O007024,P0193,1
OI0014378,O007025,P0010,1
OI0014379,O007025,P0191,1
OI0014380,O007025,P0226,1
OI0014381,O007026,P0299,1
OI0014382,O007026,P0256,1
OI0014383,O007027,P0142,3
OI0014384,O007028,P0149,1
OI0014385,O007029,P0052,1
OI0014386,O007029,P0248,1
OI0014387,O007029,P0122,3
OI0014388,O007030,P0034,1
OI0014389,O007030,P0067,2
OI0014390,O007031,P0043,1
OI0014391,O007031,P0263,1
OI0014392,O007031,P0055,1
OI0014393,O007031,P0085,1
OI0014394,O007032,P0182,1
OI0014395,O007032,P0200,2
OI0014396,O007032,P0054,1
OI0014397,O007033,P0051,1
OI0014398,O007034,P0064,1
OI0014399,O007035,P0224,1
OI0014400,O007035,P0184,1
OI0014401,O007036,P0165,1
OI0014402,O007036,P0167,2
OI0014403,O007037,P0272,2
OI0014404,O007038,P0075,1
OI0014405,O007039,P0106,1
OI0014406,O007039,P0257,1
OI0014407,O007040,P0084,2
OI0014408,O007040,P0104,1
OI0014409,O007040,P0272,1
OI0014410,O007041,P0213,1
OI0014411,O007042,P0207,1
OI0014412,O007042,P0198,1
OI0014413,O007043,P0005,1
OI0014414,O007043,P0101,2
OI0014415,O007043,P0091,1
OI0014416,O007044,P0036,2
OI0014417,O007045,P0010,1
OI0014418,O007046,P0172,1
OI0014419,O007046,P0034,1
OI0014420,O007046,P0173,1
OI0014421,O007047,P0178,1
OI0014422,O007047,P0040,2
OI0014423,O007048,P0207,1
OI0014424,O007049,P0243,1
OI0014425,O007049,P0251,1
OI0014426,O007049,P0178,2
OI0014427,O007050,P0085,1
OI0014428,O007051,P0289,1
OI0014429,O007051,P0095,1
OI0014430,O007051,P0131,3
OI0014431,O007052,P0025,1
OI0014432,O007052,P0263,1
OI0014433,O007053,P0159,2
OI0014434,O007053,P0098,1
OI0014435,O007053,P0017,1
OI0014436,O007053,P0153,1
OI0014437,O007054,P0291,2
OI0014438,O007054,P0113,1
OI0014439,O007054,P0046,1
OI0014440,O007054,P0164,1
OI0014441,O007055,P0193,1
OI0014442,O007055,P0282,1
OI0014443,O007055,P0070,1
OI0014444,O007056,P0070,2
OI0014445,O007056,P0075,1
OI0014446,O007056,P0113,1
OI0014447,O007057,P0167,1
OI0014448,O007058,P0287,1
OI0014449,O007058,P0171,1
OI0014450,O007058,P0160,3
OI0014451,O007059,P0223,1
OI0014452,O007059,P0272,2
OI0014453,O007060,P0161,1
OI0014454,O007060,P0263,1
OI0014455,O007060,P0006,1
OI0014456,O007061,P0200,2
OI0014457,O007061,P0209,1
OI0014458,O007061,P0155,2
OI0014459,O007061,P0295,2
OI0014460,O007062,P0139,1
OI0014461,O007062,P0212,3
OI0014462,O007063,P0291,3
OI0014463,O007063,P0283,1
OI0014464,O007063,P0150,1
OI0014465,O007064,P0010,1
OI0014466,O007064,P0105,1
OI0014467,O007064,P0157,1
OI0014468,O007065,P0192,1
OI0014469,O007066,P0077,2
OI0014470,O007066,P0069,1
OI0014471,O007066,P0117,1
OI0014472,O007066,P0266,2
OI0014473,O007067,P0137,1
OI0014474,O007067,P0257,3
OI0014475,O007068,P0178,2
OI0014476,O007069,P0156,3
OI0014477,O007069,P0221,1
OI0014478,O007069,P0283,2
OI0014479,O007070,P0088,2
OI0014480,O007071,P0269,3
OI0014481,O007072,P0238,3
OI0014482,O007072,P0224,1
OI0014483,O007073,P0126,1
OI0014484,O007074,P0103,2
OI0014485,O007074,P0248,1
OI0014486,O007075,P0260,1
OI0014487,O007075,P0173,1
OI0014488,O007075,P0258,1
OI0014489,O007075,P0285,3
OI0014490,O007076,P0054,1
OI0014491,O007076,P0079,1
OI0014492,O007077,P0106,1
OI0014493,O007077,P0192,1
OI0014494,O007078,P0236,3
OI0014495,O007078,P0063,1
OI0014496,O007079,P0112,1
OI0014497,O007079,P0055,1
OI0014498,O007080,P0092,1
OI0014499,O007080,P0057,1
OI0014500,O007081,P0024,2
OI0014501,O007081,P0111,1
OI0014502,O007082,P0046,2
OI0014503,O007082,P0196,1
OI0014504,O007082,P0076,2
OI0014505,O007083,P0201,1
OI0014506,O007083,P0250,1
OI0014507,O007083,P0229,1
OI0014508,O007084,P0026,1
OI0014509,O007085,P0193,1
OI0014510,O007086,P0271,2
OI0014511,O007086,P0260,1
OI0014512,O007086,P0201,2
OI0014513,O007087,P0072,1
OI0014514,O007088,P0110,1
OI0014515,O007088,P0115,2
OI0014516,O007088,P0186,1
OI0014517,O007088,P0197,1
OI0014518,O007089,P0299,1
OI0014519,O007090,P0114,2
OI0014520,O007090,P0283,1
OI0014521,O007090,P0200,1
OI0014522,O007091,P0169,1
OI0014523,O007092,P0212,2
OI0014524,O007093,P0074,1
OI0014525,O007093,P0237,2
OI0014526,O007093,P0291,2
OI0014527,O007094,P0257,1
OI0014528,O007094,P0265,1
OI0014529,O007094,P0076,1
OI0014530,O007095,P0096,1
OI0014531,O007096,P0129,1
OI0014532,O007096,P0265,1
OI0014533,O007097,P0044,2
OI0014534,O007097,P0292,3
OI0014535,O007098,P0133,3
OI0014536,O007098,P0155,1
OI0014537,O007098,P0064,1
OI0014538,O007099,P0002,1
OI0014539,O007100,P0089,1
OI0014540,O007100,P0138,1
OI0014541,O007101,P0275,3
OI0014542,O007101,P0212,3
OI0014543,O007101,P0063,2
OI0014544,O007102,P0022,1
OI0014545,O007103,P0231,1
OI0014546,O007103,P0196,1
OI0014547,O007104,P0021,1
OI0014548,O007104,P0107,2
OI0014549,O007104,P0071,1
OI0014550,O007105,P0103,2
OI0014551,O007106,P0097,1
OI0014552,O007106,P0108,1
OI0014553,O007107,P0146,1
OI0014554,O007107,P0153,1
OI0014555,O007108,P0025,1
OI0014556,O007109,P0119,1
OI0014557,O007109,P0167,1
OI0014558,O007109,P0279,1
OI0014559,O007110,P0066,1
OI0014560,O007110,P0129,1
OI0014561,O007110,P0103,1
OI0014562,O007110,P0094,1
OI0014563,O007111,P0002,2
OI0014564,O007111,P0190,1
OI0014565,O007111,P0165,1
OI0014566,O007111,P0122,1
OI0014567,O007112,P0240,1
OI0014568,O007112,P0017,1
OI0014569,O007113,P0225,1
OI0014570,O007114,P0274,1
OI0014571,O007115,P0084,1
OI0014572,O007116,P0161,1
OI0014573,O007116,P0114,1
OI0014574,O007116,P0165,1
OI0014575,O007117,P0283,1
OI0014576,O007118,P0165,1
OI0014577,O007118,P0132,2
OI0014578,O007119,P0107,1
OI0014579,O007119,P0098,1
OI0014580,O007120,P0084,3
OI0014581,O007120,P0166,3
OI0014582,O007121,P0197,1
OI0014583,O007121,P0133,2
OI0014584,O007122,P0162,1
OI0014585,O007123,P0049,1
OI0014586,O007124,P0143,1
OI0014587,O007125,P0145,1
OI0014588,O007125,P0264,1
OI0014589,O007126,P0214,1
OI0014590,O007127,P0284,1
OI0014591,O007127,P0262,2
OI0014592,O007128,P0169,1
OI0014593,O007129,P0219,2
OI0014594,O007129,P0159,1
OI0014595,O007129,P0076,1
OI0014596,O007130,P0225,2
OI0014597,O007131,P0040,2
OI0014598,O007131,P0010,1
OI0014599,O007131,P0064,2
OI0014600,O007131,P0259,1
OI0014601,O007132,P0159,1
OI0014602,O007132,P0292,1
OI0014603,O007133,P0081,1
OI0014604,O007133,P0084,1
OI0014605,O007133,P0024,1
OI0014606,O007133,P0271,1
OI0014607,O007134,P0236,2
OI0014608,O007135,P0164,1
OI0014609,O007135,P0115,1
OI0014610,O007136,P0204,1
OI0014611,O007136,P0161,3
OI0014612,O007136,P0150,1
OI0014613,O007137,P0117,1
OI0014614,O007138,P0001,1
OI0014615,O007139,P0200,1
OI0014616,O007139,P0002,3
OI0014617,O007139,P0117,1
OI0014618,O007139,P0012,1
OI0014619,O007140,P0216,1
OI0014620,O007140,P0159,1
OI0014621,O007140,P0222,1
OI0014622,O007141,P0159,1
OI0014623,O007141,P0017,1
OI0014624,O007142,P0282,1
OI0014625,O007142,P0261,1
OI0014626,O007143,P0249,1
OI0014627,O007144,P0205,1
OI0014628,O007145,P0068,1
OI0014629,O007145,P0167,1
OI0014630,O007146,P0158,3
OI0014631,O007147,P0261,1
OI0014632,O007148,P0028,1
OI0014633,O007148,P0197,3
OI0014634,O007149,P0103,2
OI0014635,O007149,P0070,2
OI0014636,O007150,P0176,1
OI0014637,O007151,P0246,3
OI0014638,O007151,P0195,1
OI0014639,O007151,P0022,2
OI0014640,O007152,P0119,2
OI0014641,O007152,P0145,1
OI0014642,O007152,P0027,1
OI0014643,O007153,P0066,1
OI0014644,O007153,P0001,2
OI0014645,O007153,P0193,2
OI0014646,O007154,P0267,1
OI0014647,O007154,P0055,2
OI0014648,O007154,P0190,1
OI0014649,O007155,P0293,2
OI0014650,O007155,P0001,1
OI0014651,O007155,P0198,1
OI0014652,O007156,P0250,1
OI0014653,O007157,P0029,1
OI0014654,O007157,P0158,2
OI0014655,O007158,P0054,2
OI0014656,O007158,P0090,3
OI0014657,O007159,P0044,1
OI0014658,O007160,P0184,1
OI0014659,O007161,P0093,1
OI0014660,O007161,P0086,1
OI0014661,O007162,P0184,1
OI0014662,O007162,P0279,1
OI0014663,O007162,P0016,1
OI0014664,O007163,P0272,1
OI0014665,O007163,P0125,1
OI0014666,O007163,P0087,1
OI0014667,O007164,P0057,1
OI0014668,O007164,P0138,3
OI0014669,O007164,P0262,1
OI0014670,O007165,P0229,1
OI0014671,O007166,P0048,2
OI0014672,O007167,P0095,1
OI0014673,O007167,P0210,1
OI0014674,O007167,P0155,1
OI0014675,O007167,P0260,1
OI0014676,O007168,P0275,1
OI0014677,O007169,P0127,2
OI0014678,O007169,P0214,2
OI0014679,O007169,P0187,1
OI0014680,O007169,P0156,1
OI0014681,O007170,P0072,1
OI0014682,O007170,P0016,1
OI0014683,O007170,P0248,1
OI0014684,O007170,P0291,1
OI0014685,O007171,P0046,2
OI0014686,O007172,P0032,3
OI0014687,O007173,P0243,3
OI0014688,O007173,P0257,1
OI0014689,O007173,P0149,1
OI0014690,O007174,P0080,2
OI0014691,O007174,P0275,2
OI0014692,O007175,P0257,1
OI0014693,O007175,P0077,1
OI0014694,O007175,P0140,1
OI0014695,O007176,P0243,1
OI0014696,O007176,P0115,3
OI0014697,O007176,P0086,1
OI0014698,O007176,P0017,1
OI0014699,O007177,P0027,2
OI0014700,O007177,P0038,1
OI0014701,O007178,P0188,1
OI0014702,O007178,P0163,3
OI0014703,O007178,P0171,1
OI0014704,O007178,P0034,2
OI0014705,O007179,P0201,2
OI0014706,O007179,P0158,3
OI0014707,O007179,P0300,1
OI0014708,O007180,P0078,1
OI0014709,O007181,P0113,1
OI0014710,O007182,P0178,1
OI0014711,O007182,P0082,1
OI0014712,O007183,P0288,1
OI0014713,O007184,P0009,1
OI0014714,O007185,P0266,1
OI0014715,O007186,P0187,1
OI0014716,O007186,P0152,1
OI0014717,O007187,P0056,1
OI0014718,O007187,P0300,1
OI0014719,O007188,P0200,1
OI0014720,O007188,P0292,1
OI0014721,O007189,P0003,2
OI0014722,O007190,P0025,3
OI0014723,O007190,P0023,1
OI0014724,O007190,P0159,1
OI0014725,O007190,P0016,1
OI0014726,O007191,P0143,1
OI0014727,O007192,P0019,1
OI0014728,O007192,P0297,1
OI0014729,O007193,P0005,1
OI0014730,O007194,P0233,1
OI0014731,O007194,P0078,1
OI0014732,O007194,P0052,1
OI0014733,O007194,P0244,2
OI0014734,O007195,P0193,1
OI0014735,O007196,P0120,1
OI0014736,O007196,P0051,1
OI0014737,O007197,P0219,1
OI0014738,O007198,P0108,1
OI0014739,O007198,P0016,1
OI0014740,O007199,P0003,1
OI0014741,O007199,P0107,1
OI0014742,O007199,P0216,1
OI0014743,O007200,P0084,1
OI0014744,O007200,P0035,1
OI0014745,O007200,P0013,1
OI0014746,O007201,P0028,1
OI0014747,O007202,P0208,3
OI0014748,O007202,P0291,1
OI0014749,O007203,P0016,1
OI0014750,O007203,P0038,2
OI0014751,O007204,P0154,1
OI0014752,O007205,P0168,1
OI0014753,O007205,P0107,1
OI0014754,O007205,P0177,1
OI0014755,O007205,P0092,1
OI0014756,O007206,P0010,1
OI0014757,O007206,P0079,1
OI0014758,O007207,P0289,2
OI0014759,O007208,P0006,1
OI0014760,O007208,P0093,1
OI0014761,O007209,P0247,1
OI0014762,O007210,P0065,1
OI0014763,O007211,P0089,1
OI0014764,O007211,P0205,1
OI0014765,O007212,P0005,1
OI0014766,O007212,P0119,1
OI0014767,O007212,P0139,1
OI0014768,O007213,P0129,2
OI0014769,O007213,P0036,1
OI0014770,O007214,P0056,2
OI0014771,O007214,P0081,1
OI0014772,O007215,P0041,1
OI0014773,O007216,P0274,1
OI0014774,O007217,P0122,1
OI0014775,O007217,P0274,1
OI0014776,O007217,P0038,1
OI0014777,O007218,P0260,3
OI0014778,O007218,P0079,2
OI0014779,O007219,P0245,1
OI0014780,O007219,P0062,3
OI0014781,O007219,P0208,1
OI0014782,O007220,P0222,2
OI0014783,O007220,P0139,1
OI0014784,O007220,P0043,1
OI0014785,O007220,P0151,2
OI0014786,O007221,P0290,1
OI0014787,O007222,P0028,1
OI0014788,O007222,P0138,2
OI0014789,O007223,P0072,1
OI0014790,O007223,P0184,1
OI0014791,O007224,P0203,2
OI0014792,O007224,P0100,1
OI0014793,O007224,P0042,3
OI0014794,O007225,P0059,2
OI0014795,O007225,P0019,1
OI0014796,O007225,P0229,1
OI0014797,O007226,P0222,1
OI0014798,O007226,P0200,1
OI0014799,O007226,P0042,1
OI0014800,O007226,P0137,1
OI0014801,O007227,P0108,2
OI0014802,O007227,P0022,2
OI0014803,O007227,P0032,2
OI0014804,O007227,P0042,1
OI0014805,O007228,P0256,1
OI0014806,O007229,P0189,2
OI0014807,O007230,P0202,3
OI0014808,O007230,P0129,1
OI0014809,O007230,P0045,1
OI0014810,O007231,P0212,1
OI0014811,O007232,P0236,3
OI0014812,O007232,P0096,2
OI0014813,O007233,P0257,3
OI0014814,O007234,P0097,2
OI0014815,O007235,P0097,2
OI0014816,O007236,P0178,1
OI0014817,O007236,P0014,3
OI0014818,O007237,P0088,2
OI0014819,O007237,P0261,2
OI0014820,O007237,P0067,1
OI0014821,O007238,P0247,1
OI0014822,O007238,P0276,3
OI0014823,O007239,P0058,2
OI0014824,O007240,P0166,1
OI0014825,O007240,P0014,2
OI0014826,O007240,P0001,1
OI0014827,O007241,P0161,1
OI0014828,O007241,P0128,1
OI0014829,O007241,P0215,2
OI0014830,O007242,P0099,1
OI0014831,O007242,P0193,1
OI0014832,O007243,P0068,1
OI0014833,O007244,P0185,3
OI0014834,O007245,P0159,3
OI0014835,O007246,P0116,2
OI0014836,O007247,P0134,1
OI0014837,O007248,P0116,2
OI0014838,O007249,P0001,2
OI0014839,O007249,P0088,1
OI0014840,O007250,P0181,2
OI0014841,O007250,P0174,1
OI0014842,O007251,P0087,1
OI0014843,O007251,P0071,3
OI0014844,O007251,P0186,1
OI0014845,O007252,P0009,1
OI0014846,O007253,P0160,1
OI0014847,O007253,P0294,1
OI0014848,O007254,P0087,1
OI0014849,O007254,P0196,1
OI0014850,O007255,P0075,1
OI0014851,O007256,P0148,1
OI0014852,O007256,P0061,1
OI0014853,O007257,P0255,1
OI0014854,O007257,P0118,1
OI0014855,O007257,P0027,1
OI0014856,O007257,P0016,1
OI0014857,O007258,P0234,3
OI0014858,O007259,P0012,1
OI0014859,O007259,P0144,2
OI0014860,O007259,P0260,1
OI0014861,O007260,P0270,1
OI0014862,O007260,P0056,1
OI0014863,O007261,P0073,1
OI0014864,O007261,P0191,1
OI0014865,O007262,P0122,1
OI0014866,O007262,P0123,1
OI0014867,O007262,P0244,1
OI0014868,O007262,P0081,1
OI0014869,O007263,P0115,2
OI0014870,O007263,P0143,1
OI0014871,O007264,P0099,1
OI0014872,O007264,P0137,1
OI0014873,O007264,P0283,2
OI0014874,O007265,P0221,1
OI0014875,O007265,P0077,2
OI0014876,O007265,P0148,1
OI0014877,O007266,P0174,1
OI0014878,O007267,P0290,1
OI0014879,O007268,P0098,1
OI0014880,O007268,P0102,1
OI0014881,O007269,P0051,1
OI0014882,O007269,P0103,2
OI0014883,O007270,P0285,1
OI0014884,O007271,P0192,1
OI0014885,O007271,P0053,1
OI0014886,O007271,P0144,1
OI0014887,O007272,P0259,1
OI0014888,O007272,P0133,1
OI0014889,O007272,P0056,2
OI0014890,O007273,P0043,1
OI0014891,O007273,P0145,1
OI0014892,O007273,P0069,1
OI0014893,O007273,P0042,1
OI0014894,O007274,P0158,1
OI0014895,O007275,P0143,1
OI0014896,O007275,P0009,1
OI0014897,O007275,P0054,1
OI0014898,O007276,P0123,1
OI0014899,O007276,P0121,1
OI0014900,O007277,P0020,1
OI0014901,O007277,P0195,1
OI0014902,O007278,P0186,1
OI0014903,O007279,P0091,1
OI0014904,O007280,P0090,1
OI0014905,O007281,P0043,1
OI0014906,O007282,P0057,1
OI0014907,O007282,P0190,1
OI0014908,O007282,P0039,1
OI0014909,O007283,P0018,1
OI0014910,O007283,P0130,1
OI0014911,O007284,P0238,1
OI0014912,O007284,P0171,1
OI0014913,O007285,P0022,1
OI0014914,O007285,P0080,1
OI0014915,O007285,P0061,1
OI0014916,O007286,P0108,2
OI0014917,O007286,P0110,1
OI0014918,O007287,P0213,1
OI0014919,O007287,P0004,1
OI0014920,O007288,P0114,1
OI0014921,O007288,P0270,2
OI0014922,O007289,P0289,2
OI0014923,O007289,P0159,1
OI0014924,O007290,P0284,3
OI0014925,O007290,P0202,2
OI0014926,O007291,P0047,1
OI0014927,O007292,P0058,1
OI0014928,O007292,P0126,1
OI0014929,O007293,P0156,1
OI0014930,O007294,P0220,1
OI0014931,O007294,P0170,2
OI0014932,O007294,P0072,1
OI0014933,O007295,P0108,1
OI0014934,O007295,P0077,1
OI0014935,O007296,P0139,2
OI0014936,O007296,P0166,1
OI0014937,O007296,P0113,1
OI0014938,O007296,P0276,1
OI0014939,O007297,P0145,3
OI0014940,O007297,P0069,1
OI0014941,O007297,P0218,2
OI0014942,O007298,P0218,1
OI0014943,O007299,P0288,2
OI0014944,O007299,P0236,1
OI0014945,O007299,P0045,1
OI0014946,O007300,P0248,1
OI0014947,O007301,P0173,2
OI0014948,O007301,P0292,2
OI0014949,O007302,P0005,1
OI0014950,O007303,P0133,1
OI0014951,O007304,P0088,2
OI0014952,O007305,P0289,3
OI0014953,O007305,P0174,1
OI0014954,O007305,P0110,2
OI0014955,O007305,P0010,3
OI0014956,O007306,P0122,1
OI0014957,O007306,P0198,3
OI0014958,O007306,P0057,2
OI0014959,O007307,P0080,1
OI0014960,O007308,P0212,2
OI0014961,O007308,P0025,1
OI0014962,O007308,P0228,1
OI0014963,O007309,P0151,1
OI0014964,O007310,P0286,2
OI0014965,O007311,P0247,1
OI0014966,O007311,P0142,1
OI0014967,O007311,P0250,3
OI0014968,O007312,P0199,1
OI0014969,O007313,P0199,1
OI0014970,O007313,P0256,1
OI0014971,O007314,P0145,1
OI0014972,O007315,P0134,2
OI0014973,O007315,P0276,1
OI0014974,O007315,P0257,1
OI0014975,O007316,P0102,1
OI0014976,O007316,P0254,2
OI0014977,O007316,P0160,1
OI0014978,O007316,P0117,3
OI0014979,O007317,P0242,1
OI0014980,O007317,P0055,1
OI0014981,O007317,P0300,1
OI0014982,O007317,P0150,1
OI0014983,O007318,P0287,3
OI0014984,O007318,P0020,1
OI0014985,O007319,P0262,2
OI0014986,O007319,P0167,1
OI0014987,O007319,P0057,1
OI0014988,O007319,P0082,1
OI0014989,O007320,P0292,1
OI0014990,O007320,P0131,1
OI0014991,O007321,P0029,1
OI0014992,O007322,P0017,1
OI0014993,O007322,P0115,1
OI0014994,O007322,P0011,2
OI0014995,O007322,P0268,1
OI0014996,O007323,P0057,1
OI0014997,O007323,P0080,2
OI0014998,O007323,P0031,1
OI0014999,O007323,P0184,1
OI0015000,O007324,P0179,3
OI0015001,O007324,P0155,1
OI0015002,O007325,P0263,3
OI0015003,O007325,P0155,1
OI0015004,O007325,P0170,1
OI0015005,O007325,P0016,2
OI0015006,O007326,P0049,2
OI0015007,O007327,P0244,2
OI0015008,O007327,P0007,2
OI0015009,O007327,P0100,1
OI0015010,O007328,P0154,1
OI0015011,O007329,P0247,2
OI0015012,O007330,P0197,1
OI0015013,O007330,P0144,1
OI0015014,O007330,P0271,2
OI0015015,O007331,P0008,1
OI0015016,O007331,P0100,1
OI0015017,O007331,P0233,1
OI0015018,O007332,P0187,3
OI0015019,O007332,P0209,1
OI0015020,O007333,P0085,1
OI0015021,O007333,P0249,1
OI0015022,O007334,P0094,1
OI0015023,O007335,P0279,2
OI0015024,O007335,P0221,1
OI0015025,O007336,P0095,1
OI0015026,O007336,P0080,1
OI0015027,O007337,P0232,1
OI0015028,O007338,P0263,2
OI0015029,O007339,P0068,2
OI0015030,O007339,P0234,1
OI0015031,O007339,P0124,3
OI0015032,O007340,P0159,2
OI0015033,O007340,P0013,1
OI0015034,O007340,P0213,2
OI0015035,O007341,P0156,1
OI0015036,O007341,P0150,1
OI0015037,O007341,P0086,1
OI0015038,O007341,P0032,1
OI0015039,O007342,P0210,1
OI0015040,O007342,P0105,1
OI0015041,O007342,P0142,3
OI0015042,O007343,P0277,1
OI0015043,O007344,P0192,1
OI0015044,O007344,P0134,1
OI0015045,O007345,P0104,2
OI0015046,O007345,P0159,1
OI0015047,O007345,P0030,1
OI0015048,O007346,P0130,3
OI0015049,O007346,P0227,3
OI0015050,O007347,P0283,1
OI0015051,O007348,P0062,2
OI0015052,O007348,P0022,2
OI0015053,O007348,P0110,1
OI0015054,O007349,P0236,1
OI0015055,O007349,P0100,1
OI0015056,O007349,P0224,1
OI0015057,O007350,P0094,2
OI0015058,O007350,P0151,3
OI0015059,O007351,P0094,1
OI0015060,O007351,P0247,1
OI0015061,O007351,P0099,2
OI0015062,O007351,P0096,1
OI0015063,O007352,P0023,1
OI0015064,O007353,P0054,1
OI0015065,O007353,P0189,1
OI0015066,O007354,P0046,2
OI0015067,O007354,P0077,1
OI0015068,O007355,P0274,1
OI0015069,O007355,P0273,3
OI0015070,O007356,P0186,1
OI0015071,O007356,P0085,1
OI0015072,O007357,P0248,1
OI0015073,O007357,P0029,1
OI0015074,O007358,P0245,1
OI0015075,O007358,P0123,1
OI0015076,O007359,P0026,1
OI0015077,O007359,P0029,3
OI0015078,O007360,P0267,2
OI0015079,O007360,P0275,1
OI0015080,O007361,P0197,3
OI0015081,O007361,P0100,1
OI0015082,O007362,P0040,1
OI0015083,O007363,P0176,2
OI0015084,O007364,P0191,1
OI0015085,O007364,P0123,3
OI0015086,O007364,P0111,1
OI0015087,O007365,P0059,1
OI0015088,O007365,P0250,2
OI0015089,O007365,P0229,1
OI0015090,O007365,P0052,1
OI0015091,O007366,P0060,1
OI0015092,O007367,P0162,2
OI0015093,O007367,P0198,1
OI0015094,O007368,P0039,1
OI0015095,O007369,P0279,1
OI0015096,O007369,P0281,1
OI0015097,O007370,P0052,1
OI0015098,O007370,P0053,1
OI0015099,O007371,P0238,2
OI0015100,O007371,P0186,1
OI0015101,O007372,P0147,1
OI0015102,O007373,P0142,1
OI0015103,O007373,P0017,2
OI0015104,O007373,P0291,1
OI0015105,O007374,P0271,2
OI0015106,O007374,P0098,2
OI0015107,O007375,P0139,2
OI0015108,O007376,P0222,3
OI0015109,O007377,P0160,1
OI0015110,O007378,P0249,3
OI0015111,O007378,P0200,1
OI0015112,O007379,P0019,1
OI0015113,O007379,P0269,1
OI0015114,O007380,P0292,2
OI0015115,O007381,P0284,1
OI0015116,O007382,P0194,1
OI0015117,O007383,P0190,1
OI0015118,O007383,P0242,1
OI0015119,O007384,P0257,2
OI0015120,O007385,P0216,1
OI0015121,O007386,P0255,2
OI0015122,O007386,P0087,1
OI0015123,O007386,P0093,1
OI0015124,O007387,P0257,1
OI0015125,O007387,P0043,1
OI0015126,O007388,P0067,1
OI0015127,O007388,P0245,1
OI0015128,O007388,P0109,1
OI0015129,O007389,P0250,1
OI0015130,O007390,P0140,1
OI0015131,O007390,P0045,2
OI0015132,O007390,P0263,2
OI0015133,O007390,P0239,1
OI0015134,O007391,P0213,1
OI0015135,O007392,P0269,1
OI0015136,O007392,P0283,1
OI0015137,O007393,P0092,1
OI0015138,O007393,P0167,1
OI0015139,O007394,P0152,3
OI0015140,O007394,P0014,2
OI0015141,O007394,P0042,1
OI0015142,O007395,P0134,1
OI0015143,O007396,P0231,1
OI0015144,O007397,P0025,1
OI0015145,O007397,P0107,1
OI0015146,O007397,P0083,1
OI0015147,O007398,P0288,1
OI0015148,O007399,P0203,1
OI0015149,O007399,P0089,1
OI0015150,O007399,P0290,2
OI0015151,O007399,P0246,1
OI0015152,O007400,P0115,1
OI0015153,O007400,P0091,1
OI0015154,O007401,P0155,1
OI0015155,O007402,P0109,1
OI0015156,O007403,P0058,3
OI0015157,O007404,P0248,1
OI0015158,O007404,P0282,2
OI0015159,O007404,P0239,1
OI0015160,O007405,P0241,2
OI0015161,O007405,P0005,2
OI0015162,O007406,P0253,1
OI0015163,O007406,P0046,1
OI0015164,O007406,P0059,1
OI0015165,O007407,P0241,1
OI0015166,O007408,P0014,2
OI0015167,O007409,P0260,2
OI0015168,O007409,P0187,1
OI0015169,O007410,P0059,1
OI0015170,O007411,P0227,1
OI0015171,O007411,P0224,1
OI0015172,O007411,P0138,1
OI0015173,O007412,P0015,1
OI0015174,O007413,P0271,3
OI0015175,O007413,P0132,3
OI0015176,O007414,P0140,1
OI0015177,O007414,P0281,2
OI0015178,O007415,P0062,2
OI0015179,O007416,P0122,1
OI0015180,O007416,P0199,1
OI0015181,O007417,P0022,1
OI0015182,O007417,P0294,2
OI0015183,O007418,P0273,1
OI0015184,O007419,P0194,1
OI0015185,O007420,P0087,1
OI0015186,O007420,P0241,1
OI0015187,O007421,P0083,2
OI0015188,O007422,P0138,3
OI0015189,O007422,P0159,1
OI0015190,O007422,P0019,2
OI0015191,O007423,P0267,1
OI0015192,O007423,P0225,3
OI0015193,O007424,P0084,1
OI0015194,O007425,P0137,2
OI0015195,O007426,P0001,1
OI0015196,O007427,P0107,1
OI0015197,O007428,P0260,1
OI0015198,O007429,P0239,1
OI0015199,O007429,P0174,1
OI0015200,O007430,P0046,1
OI0015201,O007431,P0011,1
OI0015202,O007432,P0057,1
OI0015203,O007432,P0286,1
OI0015204,O007433,P0204,1
OI0015205,O007433,P0221,1
OI0015206,O007434,P0093,1
OI0015207,O007434,P0133,1
OI0015208,O007434,P0185,1
OI0015209,O007435,P0294,2
OI0015210,O007435,P0075,1
OI0015211,O007436,P0089,1
OI0015212,O007436,P0121,1
OI0015213,O007437,P0070,3
OI0015214,O007437,P0295,1
OI0015215,O007438,P0081,3
OI0015216,O007438,P0008,1
OI0015217,O007438,P0062,2
OI0015218,O007439,P0194,1
OI0015219,O007440,P0295,1
OI0015220,O007440,P0296,1
OI0015221,O007440,P0055,1
OI0015222,O007441,P0246,1
OI0015223,O007442,P0038,1
OI0015224,O007442,P0222,1
OI0015225,O007443,P0271,2
OI0015226,O007443,P0124,1
OI0015227,O007444,P0188,1
OI0015228,O007445,P0118,1
OI0015229,O007446,P0006,1
OI0015230,O007447,P0182,1
OI0015231,O007447,P0026,1
OI0015232,O007447,P0219,2
OI0015233,O007448,P0014,2
OI0015234,O007448,P0126,1
OI0015235,O007449,P0004,2
OI0015236,O007450,P0197,3
OI0015237,O007450,P0244,1
OI0015238,O007450,P0098,1
OI0015239,O007451,P0015,1
OI0015240,O007452,P0300,2
OI0015241,O007452,P0033,1
OI0015242,O007452,P0072,2
OI0015243,O007453,P0074,2
OI0015244,O007454,P0014,1
OI0015245,O007454,P0270,1
OI0015246,O007454,P0075,1
OI0015247,O007454,P0245,1
OI0015248,O007455,P0082,1
OI0015249,O007455,P0016,2
OI0015250,O007455,P0227,1
OI0015251,O007455,P0029,1
OI0015252,O007456,P0242,2
OI0015253,O007456,P0169,1
OI0015254,O007457,P0157,2
OI0015255,O007457,P0225,1
OI0015256,O007458,P0213,1
OI0015257,O007458,P0148,2
OI0015258,O007459,P0219,1
OI0015259,O007460,P0162,2
OI0015260,O007460,P0193,1
OI0015261,O007460,P0140,2
OI0015262,O007461,P0066,2
OI0015263,O007461,P0003,2
OI0015264,O007461,P0225,1
OI0015265,O007461,P0270,1
OI0015266,O007462,P0187,2
OI0015267,O007462,P0179,1
OI0015268,O007463,P0042,1
OI0015269,O007464,P0092,1
OI0015270,O007465,P0038,2
OI0015271,O007465,P0021,1
OI0015272,O007466,P0098,1
OI0015273,O007467,P0203,1
OI0015274,O007467,P0152,3
OI0015275,O007468,P0300,1
OI0015276,O007468,P0088,1
OI0015277,O007469,P0042,1
OI0015278,O007469,P0038,1
OI0015279,O007469,P0116,1
OI0015280,O007470,P0153,1
OI0015281,O007470,P0122,1
OI0015282,O007471,P0039,3
OI0015283,O007471,P0134,2
OI0015284,O007471,P0248,1
OI0015285,O007471,P0188,2
OI0015286,O007472,P0149,1
OI0015287,O007472,P0054,1
OI0015288,O007473,P0028,2
OI0015289,O007474,P0264,1
OI0015290,O007474,P0107,1
OI0015291,O007474,P0154,2
OI0015292,O007475,P0287,1
OI0015293,O007475,P0221,2
OI0015294,O007475,P0071,1
OI0015295,O007475,P0034,2
OI0015296,O007476,P0042,3
OI0015297,O007476,P0172,1
OI0015298,O007476,P0051,1
OI0015299,O007477,P0294,1
OI0015300,O007478,P0280,2
OI0015301,O007479,P0262,1
OI0015302,O007479,P0108,1
OI0015303,O007480,P0078,1
OI0015304,O007480,P0212,1
OI0015305,O007481,P0179,1
OI0015306,O007482,P0183,1
OI0015307,O007482,P0283,1
OI0015308,O007483,P0282,1
OI0015309,O007483,P0129,1
OI0015310,O007483,P0220,1
OI0015311,O007483,P0010,2
OI0015312,O007484,P0239,1
OI0015313,O007484,P0256,1
OI0015314,O007484,P0276,1
OI0015315,O007485,P0187,1
OI0015316,O007486,P0172,2
OI0015317,O007487,P0087,1
OI0015318,O007488,P0119,1
OI0015319,O007488,P0028,1
OI0015320,O007489,P0201,1
OI0015321,O007489,P0060,1
OI0015322,O007490,P0083,1
OI0015323,O007490,P0069,1
OI0015324,O007491,P0197,1
OI0015325,O007491,P0025,2
OI0015326,O007491,P0142,1
OI0015327,O007492,P0176,1
OI0015328,O007493,P0278,1
OI0015329,O007493,P0155,2
OI0015330,O007493,P0125,1
OI0015331,O007493,P0232,1
OI0015332,O007494,P0249,3
OI0015333,O007494,P0217,1
OI0015334,O007495,P0170,2
OI0015335,O007495,P0193,2
OI0015336,O007496,P0189,1
OI0015337,O007496,P0017,3
OI0015338,O007497,P0241,1
OI0015339,O007497,P0024,1
OI0015340,O007497,P0184,1
OI0015341,O007498,P0265,2
OI0015342,O007498,P0208,1
OI0015343,O007499,P0063,1
OI0015344,O007500,P0260,1
OI0015345,O007501,P0272,1
OI0015346,O007501,P0189,1
OI0015347,O007502,P0160,3
OI0015348,O007503,P0186,1
OI0015349,O007503,P0138,1
OI0015350,O007503,P0055,1
OI0015351,O007504,P0148,1
OI0015352,O007505,P0262,1
OI0015353,O007505,P0098,1
OI0015354,O007506,P0122,1
OI0015355,O007507,P0097,2
OI0015356,O007507,P0123,1
OI0015357,O007508,P0141,1
OI0015358,O007509,P0226,2
OI0015359,O007509,P0036,1
OI0015360,O007510,P0231,1
OI0015361,O007510,P0128,3
OI0015362,O007511,P0146,1
OI0015363,O007512,P0114,1
OI0015364,O007512,P0175,2
OI0015365,O007513,P0199,1
OI0015366,O007514,P0222,1
OI0015367,O007514,P0160,2
OI0015368,O007514,P0096,1
OI0015369,O007515,P0161,1
OI0015370,O007515,P0053,1
OI0015371,O007516,P0155,1
OI0015372,O007516,P0231,1
OI0015373,O007517,P0224,1
OI0015374,O007517,P0157,1
OI0015375,O007517,P0059,1
OI0015376,O007517,P0036,2
OI0015377,O007518,P0037,1
OI0015378,O007519,P0001,1
OI0015379,O007519,P0064,3
OI0015380,O007520,P0024,1
OI0015381,O007521,P0164,1
OI0015382,O007521,P0244,1
OI0015383,O007522,P0124,3
OI0015384,O007523,P0142,1
OI0015385,O007524,P0270,1
OI0015386,O007525,P0150,3
OI0015387,O007526,P0232,2
OI0015388,O007526,P0150,1
OI0015389,O007526,P0056,3
OI0015390,O007527,P0107,1
OI0015391,O007527,P0121,1
OI0015392,O007527,P0004,1
OI0015393,O007528,P0161,1
OI0015394,O007528,P0112,1
OI0015395,O007528,P0270,1
OI0015396,O007528,P0296,2
OI0015397,O007529,P0114,1
OI0015398,O007529,P0011,2
OI0015399,O007530,P0147,3
OI0015400,O007530,P0153,1
OI0015401,O007531,P0240,1
OI0015402,O007532,P0136,3
OI0015403,O007532,P0064,1
OI0015404,O007532,P0176,1
OI0015405,O007532,P0179,1
OI0015406,O007533,P0148,1
OI0015407,O007534,P0267,1
OI0015408,O007534,P0056,2
OI0015409,O007534,P0287,1
OI0015410,O007535,P0121,2
OI0015411,O007535,P0038,1
OI0015412,O007536,P0213,2
OI0015413,O007536,P0209,2
OI0015414,O007537,P0198,1
OI0015415,O007538,P0242,1
OI0015416,O007538,P0120,1
OI0015417,O007538,P0255,1
OI0015418,O007539,P0179,2
OI0015419,O007540,P0116,1
OI0015420,O007540,P0125,1
OI0015421,O007541,P0073,1
OI0015422,O007542,P0270,1
OI0015423,O007542,P0236,1
OI0015424,O007542,P0180,1
OI0015425,O007542,P0217,2
OI0015426,O007543,P0181,3
OI0015427,O007543,P0146,1
OI0015428,O007544,P0263,1
OI0015429,O007544,P0085,1
OI0015430,O007545,P0217,1
OI0015431,O007546,P0044,1
OI0015432,O007546,P0076,2
OI0015433,O007547,P0215,2
OI0015434,O007548,P0287,1
OI0015435,O007548,P0283,1
OI0015436,O007549,P0286,2
OI0015437,O007550,P0109,1
OI0015438,O007551,P0001,1
OI0015439,O007552,P0100,2
OI0015440,O007553,P0274,2
OI0015441,O007553,P0038,1
OI0015442,O007553,P0007,1
OI0015443,O007554,P0256,1
OI0015444,O007555,P0232,1
OI0015445,O007556,P0233,1
OI0015446,O007556,P0067,3
OI0015447,O007557,P0158,2
OI0015448,O007558,P0159,2
OI0015449,O007558,P0279,1
OI0015450,O007559,P0214,1
OI0015451,O007559,P0097,1
OI0015452,O007559,P0283,1
OI0015453,O007560,P0063,1
OI0015454,O007561,P0211,1
OI0015455,O007561,P0256,1
OI0015456,O007562,P0070,1
OI0015457,O007562,P0067,2
OI0015458,O007563,P0232,1
OI0015459,O007563,P0178,2
OI0015460,O007564,P0083,3
OI0015461,O007564,P0145,1
OI0015462,O007565,P0061,1
OI0015463,O007565,P0264,1
OI0015464,O007565,P0048,1
OI0015465,O007566,P0174,1
OI0015466,O007566,P0055,1
OI0015467,O007567,P0005,2
OI0015468,O007567,P0155,1
OI0015469,O007568,P0094,1
OI0015470,O007568,P0229,1
OI0015471,O007569,P0121,1
OI0015472,O007570,P0156,1
OI0015473,O007571,P0072,3
OI0015474,O007572,P0251,1
OI0015475,O007572,P0284,2
OI0015476,O007573,P0254,1
OI0015477,O007573,P0255,1
OI0015478,O007574,P0163,1
OI0015479,O007574,P0120,1
OI0015480,O007575,P0289,1
OI0015481,O007575,P0020,2
OI0015482,O007575,P0078,2
OI0015483,O007576,P0036,3
OI0015484,O007576,P0262,1
OI0015485,O007576,P0052,1
OI0015486,O007577,P0124,1
OI0015487,O007578,P0212,2
OI0015488,O007578,P0228,2
OI0015489,O007579,P0157,2
OI0015490,O007580,P0003,1
OI0015491,O007581,P0293,2
OI0015492,O007581,P0268,1
OI0015493,O007582,P0079,2
OI0015494,O007582,P0287,1
OI0015495,O007583,P0120,2
OI0015496,O007583,P0003,2
OI0015497,O007583,P0049,1
OI0015498,O007584,P0147,2
OI0015499,O007584,P0002,1
OI0015500,O007585,P0016,1
OI0015501,O007585,P0029,2
OI0015502,O007586,P0010,2
OI0015503,O007586,P0224,2
OI0015504,O007587,P0065,1
OI0015505,O007588,P0175,1
OI0015506,O007588,P0185,1
OI0015507,O007589,P0104,1
OI0015508,O007589,P0226,1
OI0015509,O007590,P0164,1
OI0015510,O007590,P0026,1
OI0015511,O007591,P0070,1
OI0015512,O007591,P0278,2
OI0015513,O007591,P0183,2
OI0015514,O007592,P0164,1
OI0015515,O007592,P0166,1
OI0015516,O007593,P0227,1
OI0015517,O007594,P0094,1
OI0015518,O007595,P0035,2
OI0015519,O007596,P0243,1
OI0015520,O007597,P0011,1
OI0015521,O007597,P0216,1
OI0015522,O007598,P0086,1
OI0015523,O007598,P0138,1
OI0015524,O007599,P0080,1
OI0015525,O007599,P0153,2
OI0015526,O007600,P0054,1
OI0015527,O007600,P0168,2
OI0015528,O007601,P0118,1
OI0015529,O007601,P0192,1
OI0015530,O007601,P0155,1
OI0015531,O007601,P0158,1
OI0015532,O007602,P0252,1
OI0015533,O007602,P0217,1
OI0015534,O007603,P0162,1
OI0015535,O007603,P0090,2
OI0015536,O007603,P0297,1
OI0015537,O007603,P0100,1
OI0015538,O007604,P0128,3
OI0015539,O007604,P0059,1
OI0015540,O007605,P0243,2
OI0015541,O007606,P0177,1
OI0015542,O007607,P0038,1
OI0015543,O007607,P0094,1
OI0015544,O007608,P0095,3
OI0015545,O007608,P0024,1
OI0015546,O007609,P0006,2
OI0015547,O007609,P0199,2
OI0015548,O007610,P0133,3
OI0015549,O007610,P0190,2
OI0015550,O007611,P0073,1
OI0015551,O007611,P0189,1
OI0015552,O007612,P0257,1
OI0015553,O007612,P0262,1
OI0015554,O007613,P0218,1
OI0015555,O007613,P0104,2
OI0015556,O007613,P0289,1
OI0015557,O007613,P0018,1
OI0015558,O007614,P0117,1
OI0015559,O007615,P0166,1
OI0015560,O007615,P0224,1
OI0015561,O007615,P0213,2
OI0015562,O007615,P0208,2
OI0015563,O007616,P0018,2
OI0015564,O007616,P0235,1
OI0015565,O007617,P0216,1
OI0015566,O007617,P0160,1
OI0015567,O007618,P0247,1
OI0015568,O007618,P0193,2
OI0015569,O007619,P0100,3
OI0015570,O007619,P0044,1
OI0015571,O007620,P0068,1
OI0015572,O007620,P0231,1
OI0015573,O007621,P0152,2
OI0015574,O007621,P0216,1
OI0015575,O007622,P0295,3
OI0015576,O007622,P0290,1
OI0015577,O007623,P0087,1
OI0015578,O007623,P0204,3
OI0015579,O007623,P0176,1
OI0015580,O007624,P0256,1
OI0015581,O007624,P0205,2
OI0015582,O007625,P0139,1
OI0015583,O007625,P0179,1
OI0015584,O007626,P0069,1
OI0015585,O007626,P0199,1
OI0015586,O007626,P0074,2
OI0015587,O007627,P0098,1
OI0015588,O007627,P0141,1
OI0015589,O007627,P0197,1
OI0015590,O007627,P0036,1
OI0015591,O007628,P0064,2
OI0015592,O007628,P0240,2
OI0015593,O007628,P0169,1
OI0015594,O007629,P0145,2
OI0015595,O007630,P0050,1
OI0015596,O007630,P0137,1
OI0015597,O007631,P0232,1
OI0015598,O007631,P0260,1
OI0015599,O007632,P0273,3
OI0015600,O007632,P0102,1
OI0015601,O007632,P0033,1
OI0015602,O007633,P0248,1
OI0015603,O007633,P0180,1
OI0015604,O007634,P0296,1
OI0015605,O007634,P0009,1
OI0015606,O007634,P0094,3
OI0015607,O007635,P0017,1
OI0015608,O007636,P0113,1
OI0015609,O007636,P0262,1
OI0015610,O007636,P0126,1
OI0015611,O007637,P0175,2
OI0015612,O007637,P0259,1
OI0015613,O007638,P0249,1
OI0015614,O007638,P0177,1
OI0015615,O007639,P0124,2
OI0015616,O007640,P0205,1
OI0015617,O007640,P0273,1
OI0015618,O007640,P0088,1
OI0015619,O007640,P0224,1
OI0015620,O007641,P0272,1
OI0015621,O007642,P0051,1
OI0015622,O007642,P0092,1
OI0015623,O007643,P0006,1
OI0015624,O007643,P0020,1
OI0015625,O007644,P0118,1
OI0015626,O007644,P0296,1
OI0015627,O007644,P0056,1
OI0015628,O007645,P0071,2
OI0015629,O007645,P0028,1
OI0015630,O007645,P0067,1
OI0015631,O007646,P0139,1
OI0015632,O007647,P0224,1
OI0015633,O007647,P0002,1
OI0015634,O007648,P0173,1
OI0015635,O007649,P0045,1
OI0015636,O007649,P0072,1
OI0015637,O007649,P0076,1
OI0015638,O007650,P0274,1
OI0015639,O007651,P0111,2
OI0015640,O007651,P0177,2
OI0015641,O007651,P0009,1
OI0015642,O007652,P0110,1
OI0015643,O007653,P0188,2
OI0015644,O007653,P0031,2
OI0015645,O007653,P0005,1
OI0015646,O007654,P0158,1
OI0015647,O007654,P0105,1
OI0015648,O007655,P0188,2
OI0015649,O007656,P0106,1
OI0015650,O007656,P0136,3
OI0015651,O007657,P0149,1
OI0015652,O007657,P0009,1
OI0015653,O007658,P0139,1
OI0015654,O007659,P0178,1
OI0015655,O007660,P0240,2
OI0015656,O007661,P0215,1
OI0015657,O007661,P0088,1
OI0015658,O007661,P0159,1
OI0015659,O007662,P0217,1
OI0015660,O007662,P0044,1
OI0015661,O007662,P0257,2
OI0015662,O007662,P0208,1
OI0015663,O007663,P0044,3
OI0015664,O007663,P0207,2
OI0015665,O007663,P0274,2
OI0015666,O007663,P0153,2
OI0015667,O007664,P0145,2
OI0015668,O007664,P0197,1
OI0015669,O007664,P0258,1
OI0015670,O007664,P0114,1
OI0015671,O007665,P0264,1
OI0015672,O007665,P0234,1
OI0015673,O007666,P0120,3
OI0015674,O007666,P0057,1
OI0015675,O007667,P0111,1
OI0015676,O007668,P0070,1
OI0015677,O007668,P0235,2
OI0015678,O007669,P0223,1
OI0015679,O007669,P0280,1
OI0015680,O007670,P0163,2
OI0015681,O007670,P0274,1
OI0015682,O007671,P0148,1
OI0015683,O007671,P0225,1
OI0015684,O007671,P0183,3
OI0015685,O007672,P0047,1
OI0015686,O007672,P0157,1
OI0015687,O007672,P0262,1
OI0015688,O007673,P0236,1
OI0015689,O007674,P0299,1
OI0015690,O007674,P0125,1
OI0015691,O007675,P0239,3
OI0015692,O007675,P0257,1
OI0015693,O007675,P0057,1
OI0015694,O007675,P0249,1
OI0015695,O007676,P0085,1
OI0015696,O007676,P0293,1
OI0015697,O007676,P0108,2
OI0015698,O007677,P0251,2
OI0015699,O007677,P0103,1
OI0015700,O007678,P0169,1
OI0015701,O007679,P0139,2
OI0015702,O007680,P0094,1
OI0015703,O007681,P0078,1
OI0015704,O007681,P0151,1
OI0015705,O007682,P0024,1
OI0015706,O007682,P0215,1
OI0015707,O007683,P0199,1
OI0015708,O007684,P0002,2
OI0015709,O007685,P0080,1
OI0015710,O007686,P0057,1
OI0015711,O007686,P0167,1
OI0015712,O007687,P0181,1
OI0015713,O007687,P0155,1
OI0015714,O007688,P0067,1
OI0015715,O007688,P0113,1
OI0015716,O007689,P0152,2
OI0015717,O007689,P0238,2
OI0015718,O007690,P0146,2
OI0015719,O007691,P0008,1
OI0015720,O007691,P0135,1
OI0015721,O007692,P0285,3
OI0015722,O007693,P0298,1
OI0015723,O007693,P0025,1
OI0015724,O007694,P0281,1
OI0015725,O007694,P0014,2
OI0015726,O007694,P0216,1
OI0015727,O007694,P0265,1
OI0015728,O007695,P0090,1
OI0015729,O007695,P0144,1
OI0015730,O007696,P0270,1
OI0015731,O007696,P0204,1
OI0015732,O007697,P0077,3
OI0015733,O007698,P0081,2
OI0015734,O007698,P0168,1
OI0015735,O007699,P0032,1
OI0015736,O007699,P0269,1
OI0015737,O007700,P0162,1
OI0015738,O007700,P0262,2
OI0015739,O007701,P0194,1
OI0015740,O007701,P0205,1
OI0015741,O007701,P0227,1
OI0015742,O007702,P0097,1
OI0015743,O007703,P0066,1
OI0015744,O007703,P0170,1
OI0015745,O007704,P0159,2
OI0015746,O007704,P0150,2
OI0015747,O007704,P0135,1
OI0015748,O007705,P0296,1
OI0015749,O007705,P0215,3
OI0015750,O007705,P0173,1
OI0015751,O007705,P0148,1
OI0015752,O007706,P0273,1
OI0015753,O007707,P0003,2
OI0015754,O007708,P0287,1
OI0015755,O007708,P0156,1
OI0015756,O007709,P0007,2
OI0015757,O007709,P0054,1
OI0015758,O007710,P0159,1
OI0015759,O007710,P0242,1
OI0015760,O007711,P0262,1
OI0015761,O007712,P0288,1
OI0015762,O007712,P0187,1
OI0015763,O007712,P0002,1
OI0015764,O007712,P0166,1
OI0015765,O007713,P0087,1
OI0015766,O007714,P0084,1
OI0015767,O007715,P0277,2
OI0015768,O007715,P0266,1
OI0015769,O007716,P0232,1
OI0015770,O007716,P0192,1
OI0015771,O007717,P0097,1
OI0015772,O007717,P0257,1
OI0015773,O007718,P0117,2
OI0015774,O007719,P0076,1
OI0015775,O007719,P0204,1
OI0015776,O007719,P0108,1
OI0015777,O007719,P0295,1
OI0015778,O007720,P0266,1
OI0015779,O007720,P0169,2
OI0015780,O007721,P0291,3
OI0015781,O007721,P0059,1
OI0015782,O007722,P0234,1
OI0015783,O007722,P0223,1
OI0015784,O007722,P0089,1
OI0015785,O007723,P0168,2
OI0015786,O007723,P0287,1
OI0015787,O007723,P0035,1
OI0015788,O007724,P0058,1
OI0015789,O007724,P0124,3
OI0015790,O007724,P0275,1
OI0015791,O007725,P0127,1
OI0015792,O007725,P0063,2
OI0015793,O007725,P0189,1
OI0015794,O007726,P0244,2
OI0015795,O007726,P0250,1
OI0015796,O007726,P0172,1
OI0015797,O007726,P0137,2
OI0015798,O007727,P0038,1
OI0015799,O007728,P0273,1
OI0015800,O007728,P0050,1
OI0015801,O007728,P0149,1
OI0015802,O007729,P0220,1
OI0015803,O007729,P0221,2
OI0015804,O007729,P0072,1
OI0015805,O007730,P0252,2
OI0015806,O007730,P0234,1
OI0015807,O007730,P0207,2
OI0015808,O007730,P0042,1
OI0015809,O007731,P0184,1
OI0015810,O007732,P0163,1
OI0015811,O007733,P0024,1
OI0015812,O007733,P0118,3
OI0015813,O007733,P0278,1
OI0015814,O007733,P0208,1
OI0015815,O007734,P0116,1
OI0015816,O007734,P0175,1
OI0015817,O007734,P0236,1
OI0015818,O007735,P0263,1
OI0015819,O007735,P0017,1
OI0015820,O007736,P0099,2
OI0015821,O007736,P0135,1
OI0015822,O007736,P0260,1
OI0015823,O007737,P0145,1
OI0015824,O007737,P0079,2
OI0015825,O007737,P0193,1
OI0015826,O007738,P0077,3
OI0015827,O007738,P0015,1
OI0015828,O007738,P0031,1
OI0015829,O007738,P0163,2
OI0015830,O007739,P0288,1
OI0015831,O007739,P0262,2
OI0015832,O007739,P0219,1
OI0015833,O007739,P0086,1
OI0015834,O007740,P0280,3
OI0015835,O007740,P0297,1
OI0015836,O007740,P0089,1
OI0015837,O007741,P0040,1
OI0015838,O007742,P0024,1
OI0015839,O007742,P0002,1
OI0015840,O007742,P0270,1
OI0015841,O007742,P0085,1
OI0015842,O007743,P0159,2
OI0015843,O007743,P0099,1
OI0015844,O007744,P0172,2
OI0015845,O007745,P0266,2
OI0015846,O007745,P0017,1
OI0015847,O007745,P0230,1
OI0015848,O007745,P0127,2
OI0015849,O007746,P0170,2
OI0015850,O007746,P0055,1
OI0015851,O007746,P0214,1
OI0015852,O007747,P0249,1
OI0015853,O007748,P0111,2
OI0015854,O007748,P0204,2
OI0015855,O007749,P0148,1
OI0015856,O007749,P0171,1
OI0015857,O007749,P0108,1
OI0015858,O007750,P0275,1
OI0015859,O007751,P0062,1
OI0015860,O007751,P0296,2
OI0015861,O007751,P0169,1
OI0015862,O007752,P0237,1
OI0015863,O007752,P0139,1
OI0015864,O007753,P0268,1
OI0015865,O007753,P0025,2
OI0015866,O007753,P0066,1
OI0015867,O007754,P0095,1
OI0015868,O007754,P0222,1
OI0015869,O007754,P0198,1
OI0015870,O007754,P0105,2
OI0015871,O007755,P0054,1
OI0015872,O007755,P0238,2
OI0015873,O007756,P0117,1
OI0015874,O007757,P0204,3
OI0015875,O007757,P0136,2
OI0015876,O007757,P0004,1
OI0015877,O007758,P0104,1
OI0015878,O007758,P0173,1
OI0015879,O007759,P0028,2
OI0015880,O007760,P0226,1
OI0015881,O007760,P0177,3
OI0015882,O007761,P0253,2
OI0015883,O007762,P0274,2
OI0015884,O007762,P0218,3
OI0015885,O007762,P0138,1
OI0015886,O007763,P0054,1
OI0015887,O007764,P0119,2
OI0015888,O007764,P0289,1
OI0015889,O007765,P0035,1
OI0015890,O007765,P0067,1
OI0015891,O007766,P0253,1
OI0015892,O007766,P0273,1
OI0015893,O007767,P0097,2
OI0015894,O007767,P0112,1
OI0015895,O007768,P0010,2
OI0015896,O007768,P0277,1
OI0015897,O007769,P0102,2
OI0015898,O007769,P0109,3
OI0015899,O007769,P0029,1
OI0015900,O007769,P0213,1
OI0015901,O007770,P0025,3
OI0015902,O007770,P0273,1
OI0015903,O007771,P0248,2
OI0015904,O007772,P0168,3
OI0015905,O007773,P0215,1
OI0015906,O007773,P0277,1
OI0015907,O007773,P0161,1
OI0015908,O007774,P0205,1
OI0015909,O007774,P0174,2
OI0015910,O007775,P0140,2
OI0015911,O007776,P0236,1
OI0015912,O007776,P0121,2
OI0015913,O007777,P0202,1
OI0015914,O007777,P0098,2
OI0015915,O007778,P0077,1
OI0015916,O007779,P0197,2
OI0015917,O007779,P0265,2
OI0015918,O007780,P0236,1
OI0015919,O007781,P0041,2
OI0015920,O007781,P0191,1
OI0015921,O007781,P0015,1
OI0015922,O007782,P0276,1
OI0015923,O007783,P0050,3
OI0015924,O007783,P0030,1
OI0015925,O007783,P0110,2
OI0015926,O007784,P0079,3
OI0015927,O007784,P0182,2
OI0015928,O007784,P0156,2
OI0015929,O007785,P0239,1
OI0015930,O007786,P0179,1
OI0015931,O007786,P0004,1
OI0015932,O007787,P0020,1
OI0015933,O007787,P0240,1
OI0015934,O007788,P0073,3
OI0015935,O007788,P0164,1
OI0015936,O007788,P0264,1
OI0015937,O007788,P0094,1
OI0015938,O007789,P0206,1
OI0015939,O007790,P0283,2
OI0015940,O007791,P0257,1
OI0015941,O007791,P0242,2
OI0015942,O007792,P0235,1
OI0015943,O007793,P0142,1
OI0015944,O007793,P0163,2
OI0015945,O007793,P0037,1
OI0015946,O007793,P0263,1
OI0015947,O007794,P0213,1
OI0015948,O007794,P0296,1
OI0015949,O007795,P0136,2
OI0015950,O007796,P0236,1
OI0015951,O007796,P0056,2
OI0015952,O007797,P0040,3
OI0015953,O007797,P0192,2
OI0015954,O007798,P0024,2
OI0015955,O007799,P0265,2
OI0015956,O007800,P0277,1
OI0015957,O007801,P0111,1
OI0015958,O007802,P0267,3
OI0015959,O007802,P0115,1
OI0015960,O007803,P0166,1
OI0015961,O007803,P0143,2
OI0015962,O007803,P0021,1
OI0015963,O007804,P0151,2
OI0015964,O007804,P0270,3
OI0015965,O007805,P0083,1
OI0015966,O007806,P0043,1
OI0015967,O007807,P0044,1
OI0015968,O007807,P0142,1
OI0015969,O007808,P0199,1
OI0015970,O007808,P0142,1
OI0015971,O007809,P0238,2
OI0015972,O007810,P0031,1
OI0015973,O007811,P0055,1
OI0015974,O007811,P0145,1
OI0015975,O007811,P0054,1
OI0015976,O007812,P0223,3
OI0015977,O007812,P0113,1
OI0015978,O007813,P0101,1
OI0015979,O007814,P0041,1
OI0015980,O007814,P0293,1
OI0015981,O007815,P0279,1
OI0015982,O007816,P0153,1
OI0015983,O007816,P0105,2
OI0015984,O007817,P0231,2
OI0015985,O007817,P0140,1
OI0015986,O007818,P0289,1
OI0015987,O007818,P0051,1
OI0015988,O007818,P0046,1
OI0015989,O007819,P0123,1
OI0015990,O007819,P0246,1
OI0015991,O007820,P0182,2
OI0015992,O007821,P0107,1
OI0015993,O007822,P0003,2
OI0015994,O007823,P0203,1
OI0015995,O007823,P0021,1
OI0015996,O007823,P0155,1
OI0015997,O007824,P0179,1
OI0015998,O007824,P0275,1
OI0015999,O007824,P0119,2
OI0016000,O007825,P0228,2
OI0016001,O007825,P0172,1
OI0016002,O007826,P0022,1
OI0016003,O007826,P0081,1
OI0016004,O007827,P0225,1
OI0016005,O007828,P0212,1
OI0016006,O007828,P0254,1
OI0016007,O007829,P0175,1
OI0016008,O007829,P0111,2
OI0016009,O007829,P0255,1
OI0016010,O007830,P0228,1
OI0016011,O007830,P0176,1
OI0016012,O007830,P0243,3
OI0016013,O007831,P0141,1
OI0016014,O007831,P0061,1
OI0016015,O007831,P0108,2
OI0016016,O007831,P0068,1
OI0016017,O007832,P0264,1
OI0016018,O007832,P0015,1
OI0016019,O007833,P0216,1
OI0016020,O007833,P0173,1
OI0016021,O007834,P0004,1
OI0016022,O007834,P0281,3
OI0016023,O007835,P0245,3
OI0016024,O007835,P0088,1
OI0016025,O007836,P0159,1
OI0016026,O007836,P0232,1
OI0016027,O007837,P0239,1
OI0016028,O007838,P0220,1
OI0016029,O007838,P0031,2
OI0016030,O007838,P0278,1
OI0016031,O007839,P0232,1
OI0016032,O007839,P0248,1
OI0016033,O007839,P0242,1
OI0016034,O007840,P0019,2
OI0016035,O007840,P0123,1
OI0016036,O007840,P0219,1
OI0016037,O007840,P0254,2
OI0016038,O007841,P0041,2
OI0016039,O007841,P0215,1
OI0016040,O007842,P0100,1
OI0016041,O007843,P0030,2
OI0016042,O007844,P0175,1
OI0016043,O007845,P0141,2
OI0016044,O007845,P0081,1
OI0016045,O007845,P0279,1
OI0016046,O007846,P0252,2
OI0016047,O007846,P0283,1
OI0016048,O007847,P0027,1
OI0016049,O007847,P0212,2
OI0016050,O007847,P0264,1
OI0016051,O007848,P0129,2
OI0016052,O007849,P0165,1
OI0016053,O007850,P0273,2
OI0016054,O007850,P0081,1
OI0016055,O007851,P0037,1
OI0016056,O007851,P0004,2
OI0016057,O007851,P0132,1
OI0016058,O007851,P0111,1
OI0016059,O007852,P0281,3
OI0016060,O007853,P0086,1
OI0016061,O007853,P0008,2
OI0016062,O007854,P0263,3
OI0016063,O007854,P0285,1
OI0016064,O007854,P0090,3
OI0016065,O007855,P0164,1
OI0016066,O007855,P0065,1
OI0016067,O007856,P0094,1
OI0016068,O007856,P0217,2
OI0016069,O007857,P0290,1
OI0016070,O007857,P0207,1
OI0016071,O007858,P0276,2
OI0016072,O007858,P0049,1
OI0016073,O007859,P0239,1
OI0016074,O007860,P0092,1
OI0016075,O007860,P0250,1
OI0016076,O007861,P0144,3
OI0016077,O007861,P0210,1
OI0016078,O007861,P0001,2
OI0016079,O007861,P0273,2
OI0016080,O007862,P0282,1
OI0016081,O007863,P0170,1
OI0016082,O007864,P0047,2
OI0016083,O007865,P0077,1
OI0016084,O007865,P0293,1
OI0016085,O007866,P0179,2
OI0016086,O007866,P0119,2
OI0016087,O007866,P0042,2
OI0016088,O007867,P0107,1
OI0016089,O007867,P0032,2
OI0016090,O007868,P0233,2
OI0016091,O007868,P0137,1
OI0016092,O007869,P0277,2
OI0016093,O007869,P0171,2
OI0016094,O007869,P0076,1
OI0016095,O007869,P0256,1
OI0016096,O007870,P0282,1
OI0016097,O007870,P0199,1
OI0016098,O007871,P0092,3
OI0016099,O007872,P0291,1
OI0016100,O007872,P0113,3
OI0016101,O007873,P0195,1
OI0016102,O007873,P0187,1
OI0016103,O007874,P0092,1
OI0016104,O007875,P0219,3
OI0016105,O007875,P0192,1
OI0016106,O007876,P0132,2
OI0016107,O007876,P0296,2
OI0016108,O007876,P0053,1
OI0016109,O007876,P0028,1
OI0016110,O007877,P0044,1
OI0016111,O007877,P0072,1
OI0016112,O007878,P0280,1
OI0016113,O007878,P0218,1
OI0016114,O007879,P0066,2
OI0016115,O007880,P0246,1
OI0016116,O007880,P0134,1
OI0016117,O007881,P0106,1
OI0016118,O007881,P0228,3
OI0016119,O007882,P0259,2
OI0016120,O007882,P0197,2
OI0016121,O007882,P0217,1
OI0016122,O007882,P0039,1
OI0016123,O007883,P0148,1
OI0016124,O007883,P0248,1
OI0016125,O007884,P0241,1
OI0016126,O007884,P0013,1
OI0016127,O007884,P0265,1
OI0016128,O007885,P0157,1
OI0016129,O007885,P0133,1
OI0016130,O007886,P0267,1
OI0016131,O007887,P0033,1
OI0016132,O007887,P0219,2
OI0016133,O007887,P0214,1
OI0016134,O007888,P0232,1
OI0016135,O007889,P0238,1
OI0016136,O007890,P0073,1
OI0016137,O007891,P0153,1
OI0016138,O007891,P0106,2
OI0016139,O007891,P0190,1
OI0016140,O007892,P0169,1
OI0016141,O007893,P0097,1
OI0016142,O007893,P0224,2
OI0016143,O007894,P0122,1
OI0016144,O007895,P0098,1
OI0016145,O007895,P0017,1
OI0016146,O007895,P0168,1
OI0016147,O007896,P0001,3
OI0016148,O007897,P0012,1
OI0016149,O007898,P0288,1
OI0016150,O007898,P0019,1
OI0016151,O007898,P0100,1
OI0016152,O007898,P0179,2
OI0016153,O007899,P0200,3
OI0016154,O007899,P0083,1
OI0016155,O007900,P0232,1
OI0016156,O007901,P0024,2
OI0016157,O007901,P0257,1
OI0016158,O007901,P0127,1
OI0016159,O007902,P0041,1
OI0016160,O007902,P0213,1
OI0016161,O007903,P0213,1
OI0016162,O007903,P0268,1
OI0016163,O007904,P0184,1
OI0016164,O007905,P0027,2
OI0016165,O007905,P0094,1
OI0016166,O007906,P0297,1
OI0016167,O007907,P0266,1
OI0016168,O007907,P0008,1
OI0016169,O007908,P0134,2
OI0016170,O007909,P0117,2
OI0016171,O007909,P0219,1
OI0016172,O007910,P0014,1
OI0016173,O007911,P0167,3
OI0016174,O007912,P0112,2
OI0016175,O007912,P0106,2
OI0016176,O007913,P0202,1
OI0016177,O007913,P0292,2
OI0016178,O007914,P0129,1
OI0016179,O007914,P0206,2
OI0016180,O007914,P0014,1
OI0016181,O007915,P0027,1
OI0016182,O007916,P0287,1
OI0016183,O007917,P0223,1
OI0016184,O007918,P0117,1
OI0016185,O007919,P0037,1
OI0016186,O007919,P0094,1
OI0016187,O007919,P0098,3
OI0016188,O007920,P0291,1
OI0016189,O007920,P0206,2
OI0016190,O007920,P0006,1
OI0016191,O007921,P0105,1
OI0016192,O007921,P0126,2
OI0016193,O007921,P0062,1
OI0016194,O007922,P0002,1
OI0016195,O007923,P0252,1
OI0016196,O007924,P0219,1
OI0016197,O007925,P0240,3
OI0016198,O007926,P0216,1
OI0016199,O007926,P0281,2
OI0016200,O007926,P0171,1
OI0016201,O007927,P0031,1
OI0016202,O007927,P0290,1
OI0016203,O007927,P0101,2
OI0016204,O007928,P0054,1
OI0016205,O007929,P0059,2
OI0016206,O007929,P0190,1
OI0016207,O007929,P0296,1
OI0016208,O007930,P0299,1
OI0016209,O007930,P0191,1
OI0016210,O007931,P0148,2
OI0016211,O007931,P0099,1
OI0016212,O007931,P0276,2
OI0016213,O007932,P0280,1
OI0016214,O007932,P0229,3
OI0016215,O007933,P0202,2
OI0016216,O007933,P0214,1
OI0016217,O007934,P0259,2
OI0016218,O007934,P0094,1
OI0016219,O007935,P0048,1
OI0016220,O007936,P0236,1
OI0016221,O007936,P0103,1
OI0016222,O007937,P0108,2
OI0016223,O007937,P0200,1
OI0016224,O007938,P0193,2
OI0016225,O007938,P0014,1
OI0016226,O007938,P0293,3
OI0016227,O007939,P0136,1
OI0016228,O007939,P0212,1
OI0016229,O007939,P0189,2
OI0016230,O007940,P0055,1
OI0016231,O007940,P0146,2
OI0016232,O007941,P0040,1
OI0016233,O007942,P0031,1
OI0016234,O007942,P0053,2
OI0016235,O007942,P0258,1
OI0016236,O007943,P0014,1
OI0016237,O007943,P0087,1
OI0016238,O007944,P0194,1
OI0016239,O007944,P0040,2
OI0016240,O007945,P0072,1
OI0016241,O007945,P0145,2
OI0016242,O007946,P0218,1
OI0016243,O007947,P0282,2
OI0016244,O007947,P0098,1
OI0016245,O007948,P0177,1
OI0016246,O007948,P0057,1
OI0016247,O007949,P0041,2
OI0016248,O007949,P0238,1
OI0016249,O007950,P0280,1
OI0016250,O007951,P0096,1
OI0016251,O007951,P0153,1
OI0016252,O007952,P0030,2
OI0016253,O007952,P0078,3
OI0016254,O007953,P0279,1
OI0016255,O007954,P0206,1
OI0016256,O007954,P0198,1
OI0016257,O007955,P0026,1
OI0016258,O007955,P0218,2
OI0016259,O007955,P0235,1
OI0016260,O007956,P0256,1
OI0016261,O007956,P0272,2
OI0016262,O007957,P0089,1
OI0016263,O007958,P0195,2
OI0016264,O007959,P0184,1
OI0016265,O007959,P0162,3
OI0016266,O007960,P0208,1
OI0016267,O007961,P0252,1
OI0016268,O007962,P0230,1
OI0016269,O007962,P0126,1
OI0016270,O007963,P0065,1
OI0016271,O007963,P0133,1
OI0016272,O007963,P0219,2
OI0016273,O007963,P0249,1
OI0016274,O007964,P0037,1
OI0016275,O007965,P0012,1
OI0016276,O007965,P0042,1
OI0016277,O007965,P0171,1
OI0016278,O007966,P0049,3
OI0016279,O007967,P0087,2
OI0016280,O007967,P0130,1
OI0016281,O007968,P0076,1
OI0016282,O007969,P0095,1
OI0016283,O007970,P0029,1
OI0016284,O007970,P0114,2
OI0016285,O007970,P0115,2
OI0016286,O007971,P0017,1
OI0016287,O007972,P0087,1
OI0016288,O007973,P0060,1
OI0016289,O007973,P0096,1
OI0016290,O007973,P0062,3
OI0016291,O007974,P0293,1
OI0016292,O007974,P0038,1
OI0016293,O007975,P0219,1
OI0016294,O007975,P0255,1
OI0016295,O007976,P0021,1
OI0016296,O007977,P0088,1
OI0016297,O007978,P0047,1
OI0016298,O007979,P0247,2
OI0016299,O007980,P0234,1
OI0016300,O007980,P0173,1
OI0016301,O007980,P0163,3
OI0016302,O007981,P0062,1
OI0016303,O007982,P0026,2
OI0016304,O007982,P0070,1
OI0016305,O007983,P0099,2
OI0016306,O007983,P0125,1
OI0016307,O007983,P0035,1
OI0016308,O007984,P0121,1
OI0016309,O007984,P0191,3
OI0016310,O007985,P0099,1
OI0016311,O007986,P0033,1
OI0016312,O007987,P0032,3
OI0016313,O007988,P0104,2
OI0016314,O007989,P0022,3
OI0016315,O007989,P0268,3
OI0016316,O007990,P0269,1
OI0016317,O007990,P0278,1
OI0016318,O007990,P0244,1
OI0016319,O007991,P0149,1
OI0016320,O007992,P0140,2
OI0016321,O007992,P0086,1
OI0016322,O007992,P0009,1
OI0016323,O007992,P0045,2
OI0016324,O007993,P0098,1
OI0016325,O007993,P0094,1
OI0016326,O007994,P0100,1
OI0016327,O007995,P0246,1
OI0016328,O007995,P0079,1
OI0016329,O007996,P0046,2
OI0016330,O007996,P0242,1
OI0016331,O007997,P0147,1
OI0016332,O007997,P0262,2
OI0016333,O007997,P0299,2
OI0016334,O007997,P0095,2
OI0016335,O007998,P0176,2
OI0016336,O007998,P0206,2
OI0016337,O007999,P0131,2
OI0016338,O007999,P0170,2
OI0016339,O007999,P0051,1
OI0016340,O007999,P0019,1
OI0016341,O008000,P0229,1
OI0016342,O008001,P0299,1
OI0016343,O008001,P0035,1
OI0016344,O008002,P0040,1
OI0016345,O008002,P0267,1
OI0016346,O008003,P0134,1
OI0016347,O008003,P0038,1
OI0016348,O008004,P0106,1
OI0016349,O008004,P0044,2
OI0016350,O008005,P0187,1
OI0016351,O008005,P0148,1
OI0016352,O008006,P0002,2
OI0016353,O008007,P0045,2
OI0016354,O008008,P0259,1
OI0016355,O008008,P0198,1
OI0016356,O008008,P0218,3
OI0016357,O008009,P0201,1
OI0016358,O008009,P0161,2
OI0016359,O008010,P0212,1
OI0016360,O008010,P0169,1
OI0016361,O008011,P0177,2
OI0016362,O008011,P0255,3
OI0016363,O008012,P0016,1
OI0016364,O008013,P0208,1
OI0016365,O008013,P0293,2
OI0016366,O008014,P0145,3
OI0016367,O008014,P0022,1
OI0016368,O008014,P0025,1
OI0016369,O008015,P0113,2
OI0016370,O008015,P0165,1
OI0016371,O008015,P0292,1
OI0016372,O008016,P0250,1
OI0016373,O008016,P0023,1
OI0016374,O008017,P0196,1
OI0016375,O008017,P0152,1
OI0016376,O008017,P0008,1
OI0016377,O008017,P0269,2
OI0016378,O008018,P0130,1
OI0016379,O008018,P0091,3
OI0016380,O008018,P0236,1
OI0016381,O008018,P0295,1
OI0016382,O008019,P0067,1
OI0016383,O008019,P0286,2
OI0016384,O008020,P0194,1
OI0016385,O008020,P0284,1
OI0016386,O008021,P0219,2
OI0016387,O008021,P0108,2
OI0016388,O008021,P0156,1
OI0016389,O008022,P0187,1
OI0016390,O008022,P0061,1
OI0016391,O008022,P0071,1
OI0016392,O008023,P0201,2
OI0016393,O008024,P0011,1
OI0016394,O008024,P0229,1
OI0016395,O008024,P0095,1
OI0016396,O008025,P0249,1
OI0016397,O008025,P0057,1
OI0016398,O008026,P0091,1
OI0016399,O008026,P0259,1
OI0016400,O008027,P0026,2
OI0016401,O008027,P0269,1
OI0016402,O008028,P0065,1
OI0016403,O008028,P0245,2
OI0016404,O008029,P0044,1
OI0016405,O008030,P0105,1
OI0016406,O008030,P0284,1
OI0016407,O008030,P0073,2
OI0016408,O008031,P0120,1
OI0016409,O008031,P0286,1
OI0016410,O008031,P0042,1
OI0016411,O008032,P0180,1
OI0016412,O008033,P0138,2
OI0016413,O008034,P0022,1
OI0016414,O008034,P0208,1
OI0016415,O008035,P0205,1
OI0016416,O008035,P0120,1
OI0016417,O008036,P0096,1
OI0016418,O008037,P0254,1
OI0016419,O008037,P0288,2
OI0016420,O008038,P0138,3
OI0016421,O008038,P0020,3
OI0016422,O008038,P0234,1
OI0016423,O008038,P0014,2
OI0016424,O008039,P0191,1
OI0016425,O008039,P0040,1
OI0016426,O008039,P0120,1
OI0016427,O008040,P0016,1
OI0016428,O008040,P0161,3
OI0016429,O008040,P0221,3
OI0016430,O008041,P0279,3
OI0016431,O008041,P0072,1
OI0016432,O008041,P0123,1
OI0016433,O008042,P0172,3
OI0016434,O008042,P0066,2
OI0016435,O008042,P0199,1
OI0016436,O008043,P0075,1
OI0016437,O008043,P0180,1
OI0016438,O008043,P0076,2
OI0016439,O008043,P0058,1
OI0016440,O008044,P0034,1
OI0016441,O008045,P0029,1
OI0016442,O008045,P0163,1
OI0016443,O008046,P0271,1
OI0016444,O008046,P0046,2
OI0016445,O008047,P0200,3
OI0016446,O008047,P0255,1
OI0016447,O008048,P0071,1
OI0016448,O008048,P0070,2
OI0016449,O008048,P0045,1
OI0016450,O008049,P0157,1
OI0016451,O008049,P0113,1
OI0016452,O008050,P0173,1
OI0016453,O008051,P0057,2
OI0016454,O008052,P0018,1
OI0016455,O008053,P0183,1
OI0016456,O008054,P0182,1
OI0016457,O008054,P0155,1
OI0016458,O008054,P0060,1
OI0016459,O008055,P0135,1
OI0016460,O008056,P0202,1
OI0016461,O008057,P0209,1
OI0016462,O008058,P0095,1
OI0016463,O008059,P0171,1
OI0016464,O008060,P0027,1
OI0016465,O008061,P0140,1
OI0016466,O008061,P0255,2
OI0016467,O008062,P0114,1
OI0016468,O008062,P0110,1
OI0016469,O008062,P0158,1
OI0016470,O008062,P0251,1
OI0016471,O008063,P0100,1
OI0016472,O008064,P0177,1
OI0016473,O008065,P0035,2
OI0016474,O008065,P0158,1
OI0016475,O008065,P0113,3
OI0016476,O008065,P0219,1
OI0016477,O008066,P0152,1
OI0016478,O008067,P0198,1
OI0016479,O008067,P0127,1
OI0016480,O008068,P0047,1
OI0016481,O008069,P0119,1
OI0016482,O008069,P0057,1
OI0016483,O008070,P0264,1
OI0016484,O008071,P0293,1
OI0016485,O008072,P0064,1
OI0016486,O008072,P0142,1
OI0016487,O008073,P0022,1
OI0016488,O008074,P0282,1
OI0016489,O008074,P0179,3
OI0016490,O008075,P0122,2
OI0016491,O008075,P0136,2
OI0016492,O008076,P0100,2
OI0016493,O008077,P0173,1
OI0016494,O008078,P0267,2
OI0016495,O008079,P0050,2
OI0016496,O008079,P0267,1
OI0016497,O008080,P0165,2
OI0016498,O008080,P0221,1
OI0016499,O008081,P0187,2
OI0016500,O008081,P0196,1
OI0016501,O008082,P0081,1
OI0016502,O008082,P0080,1
OI0016503,O008083,P0235,1
OI0016504,O008084,P0201,1
OI0016505,O008084,P0032,1
OI0016506,O008085,P0296,1
OI0016507,O008085,P0057,1
OI0016508,O008085,P0211,1
OI0016509,O008086,P0058,1
OI0016510,O008087,P0290,2
OI0016511,O008087,P0274,1
OI0016512,O008088,P0274,3
OI0016513,O008089,P0260,1
OI0016514,O008089,P0141,1
OI0016515,O008089,P0212,3
OI0016516,O008089,P0268,1
OI0016517,O008090,P0134,1
OI0016518,O008090,P0020,3
OI0016519,O008090,P0173,1
OI0016520,O008091,P0128,1
OI0016521,O008091,P0173,2
OI0016522,O008091,P0218,1
OI0016523,O008091,P0083,1
OI0016524,O008092,P0128,1
OI0016525,O008092,P0180,3
OI0016526,O008092,P0064,1
OI0016527,O008093,P0031,1
OI0016528,O008093,P0102,1
OI0016529,O008093,P0137,1
OI0016530,O008094,P0190,1
OI0016531,O008095,P0212,3
OI0016532,O008096,P0217,2
OI0016533,O008096,P0204,2
OI0016534,O008097,P0036,1
OI0016535,O008097,P0296,1
OI0016536,O008098,P0109,2
OI0016537,O008098,P0120,2
OI0016538,O008098,P0098,2
OI0016539,O008099,P0041,1
OI0016540,O008100,P0193,1
OI0016541,O008100,P0164,2
OI0016542,O008101,P0282,1
OI0016543,O008102,P0145,1
OI0016544,O008102,P0194,1
OI0016545,O008102,P0083,1
OI0016546,O008103,P0107,1
OI0016547,O008104,P0114,2
OI0016548,O008104,P0208,1
OI0016549,O008105,P0274,1
OI0016550,O008105,P0236,1
OI0016551,O008106,P0282,1
OI0016552,O008106,P0246,1
OI0016553,O008107,P0245,2
OI0016554,O008108,P0002,1
OI0016555,O008108,P0090,1
OI0016556,O008109,P0261,1
OI0016557,O008109,P0121,1
OI0016558,O008109,P0066,2
OI0016559,O008110,P0013,1
OI0016560,O008111,P0141,1
OI0016561,O008111,P0088,2
OI0016562,O008112,P0112,1
OI0016563,O008112,P0192,1
OI0016564,O008112,P0167,1
OI0016565,O008113,P0165,1
OI0016566,O008114,P0200,1
OI0016567,O008114,P0265,1
OI0016568,O008115,P0068,1
OI0016569,O008115,P0173,2
OI0016570,O008115,P0056,1
OI0016571,O008116,P0249,2
OI0016572,O008117,P0185,1
OI0016573,O008117,P0296,1
OI0016574,O008118,P0211,1
OI0016575,O008119,P0204,1
OI0016576,O008120,P0009,3
OI0016577,O008120,P0245,1
OI0016578,O008120,P0281,1
OI0016579,O008121,P0198,2
OI0016580,O008121,P0178,1
OI0016581,O008122,P0215,1
OI0016582,O008122,P0050,2
OI0016583,O008122,P0144,1
OI0016584,O008123,P0256,1
OI0016585,O008123,P0165,1
OI0016586,O008123,P0182,1
OI0016587,O008124,P0293,1
OI0016588,O008124,P0096,2
OI0016589,O008124,P0284,1
OI0016590,O008125,P0061,1
OI0016591,O008126,P0056,1
OI0016592,O008126,P0108,1
OI0016593,O008126,P0288,1
OI0016594,O008127,P0290,1
OI0016595,O008127,P0204,1
OI0016596,O008128,P0298,2
OI0016597,O008128,P0200,1
OI0016598,O008129,P0268,1
OI0016599,O008129,P0267,1
OI0016600,O008130,P0088,2
OI0016601,O008131,P0224,1
OI0016602,O008132,P0092,1
OI0016603,O008132,P0063,1
OI0016604,O008133,P0082,1
OI0016605,O008133,P0155,1
OI0016606,O008134,P0239,1
OI0016607,O008134,P0081,3
OI0016608,O008134,P0118,1
OI0016609,O008135,P0278,1
OI0016610,O008135,P0083,1
OI0016611,O008136,P0225,1
OI0016612,O008136,P0071,3
OI0016613,O008137,P0251,1
OI0016614,O008138,P0191,1
OI0016615,O008139,P0290,1
OI0016616,O008139,P0247,3
OI0016617,O008139,P0255,1
OI0016618,O008139,P0278,1
OI0016619,O008140,P0166,2
OI0016620,O008141,P0070,1
OI0016621,O008141,P0013,1
OI0016622,O008141,P0091,1
OI0016623,O008142,P0237,2
OI0016624,O008142,P0231,1
OI0016625,O008142,P0116,2
OI0016626,O008142,P0085,1
OI0016627,O008143,P0055,2
OI0016628,O008144,P0185,2
OI0016629,O008144,P0051,1
OI0016630,O008144,P0022,1
OI0016631,O008144,P0263,2
OI0016632,O008145,P0066,1
OI0016633,O008146,P0164,1
OI0016634,O008147,P0073,1
OI0016635,O008147,P0053,1
OI0016636,O008148,P0029,1
OI0016637,O008148,P0075,1
OI0016638,O008149,P0247,1
OI0016639,O008150,P0297,1
OI0016640,O008151,P0079,1
OI0016641,O008151,P0134,1
OI0016642,O008152,P0035,2
OI0016643,O008152,P0242,1
OI0016644,O008153,P0062,2
OI0016645,O008153,P0004,1
OI0016646,O008153,P0188,1
OI0016647,O008154,P0137,1
OI0016648,O008154,P0093,2
OI0016649,O008154,P0091,1
OI0016650,O008154,P0243,1
OI0016651,O008155,P0057,1
OI0016652,O008155,P0279,2
OI0016653,O008155,P0131,1
OI0016654,O008156,P0293,1
OI0016655,O008156,P0137,1
OI0016656,O008156,P0132,1
OI0016657,O008156,P0161,1
OI0016658,O008157,P0231,1
OI0016659,O008158,P0254,2
OI0016660,O008159,P0110,3
OI0016661,O008159,P0154,1
OI0016662,O008160,P0232,1
OI0016663,O008160,P0129,2
OI0016664,O008161,P0078,3
OI0016665,O008162,P0260,1
OI0016666,O008162,P0095,3
OI0016667,O008162,P0110,2
OI0016668,O008163,P0021,1
OI0016669,O008163,P0237,1
OI0016670,O008164,P0287,3
OI0016671,O008164,P0210,1
OI0016672,O008164,P0080,1
OI0016673,O008165,P0122,3
OI0016674,O008165,P0273,1
OI0016675,O008165,P0238,2
OI0016676,O008166,P0077,3
OI0016677,O008166,P0026,1
OI0016678,O008166,P0143,1
OI0016679,O008167,P0100,1
OI0016680,O008168,P0083,2
OI0016681,O008169,P0200,1
OI0016682,O008169,P0166,2
OI0016683,O008169,P0233,1
OI0016684,O008169,P0091,1
OI0016685,O008170,P0048,1
OI0016686,O008170,P0088,1
OI0016687,O008170,P0091,1
OI0016688,O008171,P0272,1
OI0016689,O008171,P0183,1
OI0016690,O008172,P0135,2
OI0016691,O008172,P0201,1
OI0016692,O008173,P0025,2
OI0016693,O008174,P0219,1
OI0016694,O008175,P0066,1
OI0016695,O008176,P0116,3
OI0016696,O008176,P0284,1
OI0016697,O008177,P0229,1
OI0016698,O008177,P0210,2
OI0016699,O008177,P0240,1
OI0016700,O008177,P0254,3
OI0016701,O008178,P0241,1
OI0016702,O008179,P0217,1
OI0016703,O008179,P0076,1
OI0016704,O008179,P0092,1
OI0016705,O008180,P0142,3
OI0016706,O008180,P0135,3
OI0016707,O008181,P0012,2
OI0016708,O008181,P0124,1
OI0016709,O008181,P0073,1
OI0016710,O008182,P0204,2
OI0016711,O008182,P0296,2
OI0016712,O008183,P0107,3
OI0016713,O008183,P0217,1
OI0016714,O008184,P0045,1
OI0016715,O008185,P0252,1
OI0016716,O008186,P0289,1
OI0016717,O008186,P0265,1
OI0016718,O008186,P0009,1
OI0016719,O008186,P0180,1
OI0016720,O008187,P0122,2
OI0016721,O008188,P0029,2
OI0016722,O008188,P0170,2
OI0016723,O008189,P0276,1
OI0016724,O008189,P0162,2
OI0016725,O008189,P0045,1
OI0016726,O008189,P0095,1
OI0016727,O008190,P0111,2
OI0016728,O008190,P0110,1
OI0016729,O008191,P0128,1
OI0016730,O008192,P0103,2
OI0016731,O008193,P0162,1
OI0016732,O008194,P0246,1
OI0016733,O008195,P0133,1
OI0016734,O008195,P0170,2
OI0016735,O008195,P0224,2
OI0016736,O008196,P0258,1
OI0016737,O008197,P0254,3
OI0016738,O008197,P0132,1
OI0016739,O008198,P0130,1
OI0016740,O008199,P0070,3
OI0016741,O008199,P0177,2
OI0016742,O008199,P0090,1
OI0016743,O008199,P0255,2
OI0016744,O008200,P0250,1
OI0016745,O008200,P0077,1
OI0016746,O008201,P0131,1
OI0016747,O008201,P0283,1
OI0016748,O008202,P0043,2
OI0016749,O008203,P0171,2
OI0016750,O008203,P0248,1
OI0016751,O008203,P0114,2
OI0016752,O008203,P0037,1
OI0016753,O008204,P0191,2
OI0016754,O008204,P0164,1
OI0016755,O008205,P0138,2
OI0016756,O008205,P0164,2
OI0016757,O008206,P0217,1
OI0016758,O008206,P0275,1
OI0016759,O008207,P0192,1
OI0016760,O008207,P0100,1
OI0016761,O008208,P0236,1
OI0016762,O008209,P0254,3
OI0016763,O008209,P0009,1
OI0016764,O008210,P0185,1
OI0016765,O008210,P0226,1
OI0016766,O008210,P0279,1
OI0016767,O008211,P0167,2
OI0016768,O008212,P0126,1
OI0016769,O008212,P0122,2
OI0016770,O008213,P0218,1
OI0016771,O008213,P0148,1
OI0016772,O008214,P0271,1
OI0016773,O008214,P0054,1
OI0016774,O008215,P0047,1
OI0016775,O008216,P0167,2
OI0016776,O008216,P0035,1
OI0016777,O008217,P0252,3
OI0016778,O008218,P0214,2
OI0016779,O008218,P0161,1
OI0016780,O008218,P0063,2
OI0016781,O008219,P0235,1
OI0016782,O008220,P0009,2
OI0016783,O008220,P0082,1
OI0016784,O008221,P0147,1
OI0016785,O008222,P0240,1
OI0016786,O008222,P0035,1
OI0016787,O008223,P0078,1
OI0016788,O008223,P0243,1
OI0016789,O008223,P0037,1
OI0016790,O008224,P0159,1
OI0016791,O008225,P0271,1
OI0016792,O008225,P0031,3
OI0016793,O008225,P0051,1
OI0016794,O008226,P0223,1
OI0016795,O008226,P0136,1
OI0016796,O008227,P0151,1
OI0016797,O008227,P0053,3
OI0016798,O008228,P0176,2
OI0016799,O008228,P0180,2
OI0016800,O008229,P0179,1
OI0016801,O008230,P0133,1
OI0016802,O008230,P0087,1
OI0016803,O008230,P0261,1
OI0016804,O008230,P0288,1
OI0016805,O008231,P0272,1
OI0016806,O008231,P0080,1
OI0016807,O008232,P0184,1
OI0016808,O008232,P0243,1
OI0016809,O008233,P0226,3
OI0016810,O008233,P0295,3
OI0016811,O008234,P0210,1
OI0016812,O008234,P0034,1
OI0016813,O008235,P0065,2
OI0016814,O008235,P0031,1
OI0016815,O008236,P0123,2
OI0016816,O008236,P0020,1
OI0016817,O008237,P0188,1
OI0016818,O008238,P0082,1
OI0016819,O008239,P0179,1
OI0016820,O008240,P0108,1
OI0016821,O008241,P0270,1
OI0016822,O008241,P0012,1
OI0016823,O008242,P0050,1
OI0016824,O008242,P0229,1
OI0016825,O008242,P0260,3
OI0016826,O008243,P0131,1
OI0016827,O008244,P0168,1
OI0016828,O008245,P0250,2
OI0016829,O008245,P0063,3
OI0016830,O008245,P0279,1
OI0016831,O008245,P0084,1
OI0016832,O008246,P0124,1
OI0016833,O008247,P0040,2
OI0016834,O008247,P0209,2
OI0016835,O008247,P0018,1
OI0016836,O008248,P0187,1
OI0016837,O008249,P0134,1
OI0016838,O008249,P0095,1
OI0016839,O008249,P0038,2
OI0016840,O008250,P0277,1
OI0016841,O008251,P0183,1
OI0016842,O008251,P0194,1
OI0016843,O008252,P0077,1
OI0016844,O008252,P0296,3
OI0016845,O008253,P0230,1
OI0016846,O008254,P0028,1
OI0016847,O008255,P0237,1
OI0016848,O008256,P0058,1
OI0016849,O008256,P0267,2
OI0016850,O008257,P0233,1
OI0016851,O008257,P0090,2
OI0016852,O008257,P0218,1
OI0016853,O008257,P0273,2
OI0016854,O008258,P0171,1
OI0016855,O008259,P0059,1
OI0016856,O008259,P0172,2
OI0016857,O008260,P0158,1
OI0016858,O008260,P0222,1
OI0016859,O008261,P0094,1
OI0016860,O008261,P0027,1
OI0016861,O008261,P0254,3
OI0016862,O008261,P0146,1
OI0016863,O008262,P0133,1
OI0016864,O008262,P0232,1
OI0016865,O008262,P0198,1
OI0016866,O008262,P0155,3
OI0016867,O008263,P0038,3
OI0016868,O008264,P0085,1
OI0016869,O008264,P0068,3
OI0016870,O008265,P0020,3
OI0016871,O008266,P0248,1
OI0016872,O008267,P0080,1
OI0016873,O008267,P0267,1
OI0016874,O008268,P0113,2
OI0016875,O008269,P0175,1
OI0016876,O008269,P0207,2
OI0016877,O008270,P0183,1
OI0016878,O008271,P0044,2
OI0016879,O008271,P0224,2
OI0016880,O008271,P0085,3
OI0016881,O008272,P0247,1
OI0016882,O008273,P0204,1
OI0016883,O008274,P0026,2
OI0016884,O008274,P0144,2
OI0016885,O008274,P0116,3
OI0016886,O008275,P0100,1
OI0016887,O008275,P0043,1
OI0016888,O008276,P0063,1
OI0016889,O008276,P0123,3
OI0016890,O008277,P0141,1
OI0016891,O008277,P0263,1
OI0016892,O008278,P0075,1
OI0016893,O008279,P0098,1
OI0016894,O008279,P0029,2
OI0016895,O008280,P0082,1
OI0016896,O008280,P0003,1
OI0016897,O008281,P0136,1
OI0016898,O008281,P0212,1
OI0016899,O008282,P0147,1
OI0016900,O008282,P0273,1
OI0016901,O008282,P0031,1
OI0016902,O008283,P0199,2
OI0016903,O008283,P0275,1
OI0016904,O008284,P0293,2
OI0016905,O008284,P0289,2
OI0016906,O008284,P0249,2
OI0016907,O008285,P0282,1
OI0016908,O008286,P0224,1
OI0016909,O008286,P0062,1
OI0016910,O008287,P0057,1
OI0016911,O008288,P0072,1
OI0016912,O008289,P0103,1
OI0016913,O008289,P0133,1
OI0016914,O008290,P0230,1
OI0016915,O008290,P0238,2
OI0016916,O008291,P0023,2
OI0016917,O008291,P0168,2
OI0016918,O008292,P0067,1
OI0016919,O008292,P0102,1
OI0016920,O008293,P0088,2
OI0016921,O008294,P0171,1
OI0016922,O008294,P0202,1
OI0016923,O008294,P0149,1
OI0016924,O008294,P0205,3
OI0016925,O008295,P0042,3
OI0016926,O008295,P0114,1
OI0016927,O008296,P0034,1
OI0016928,O008296,P0180,1
OI0016929,O008297,P0173,1
OI0016930,O008297,P0270,3
OI0016931,O008298,P0039,3
OI0016932,O008298,P0216,3
OI0016933,O008298,P0129,1
OI0016934,O008298,P0255,1
OI0016935,O008299,P0067,1
OI0016936,O008299,P0145,1
OI0016937,O008299,P0004,1
OI0016938,O008300,P0156,1
OI0016939,O008300,P0182,1
OI0016940,O008300,P0207,1
OI0016941,O008301,P0175,2
OI0016942,O008302,P0234,2
OI0016943,O008303,P0042,1
OI0016944,O008304,P0083,1
OI0016945,O008305,P0147,1
OI0016946,O008305,P0011,2
OI0016947,O008306,P0223,2
OI0016948,O008306,P0141,2
OI0016949,O008307,P0139,2
OI0016950,O008308,P0206,1
OI0016951,O008308,P0157,3
OI0016952,O008308,P0222,1
OI0016953,O008309,P0194,2
OI0016954,O008309,P0034,3
OI0016955,O008310,P0083,3
OI0016956,O008310,P0130,1
OI0016957,O008311,P0179,1
OI0016958,O008311,P0084,1
OI0016959,O008312,P0120,1
OI0016960,O008312,P0156,1
OI0016961,O008313,P0149,1
OI0016962,O008313,P0295,1
OI0016963,O008314,P0033,1
OI0016964,O008314,P0252,1
OI0016965,O008315,P0273,1
OI0016966,O008315,P0186,2
OI0016967,O008315,P0286,2
OI0016968,O008316,P0047,1
OI0016969,O008316,P0056,1
OI0016970,O008316,P0119,2
OI0016971,O008317,P0277,1
OI0016972,O008317,P0208,1
OI0016973,O008318,P0131,1
OI0016974,O008318,P0043,1
OI0016975,O008318,P0076,2
OI0016976,O008319,P0172,1
OI0016977,O008320,P0034,2
OI0016978,O008320,P0212,1
OI0016979,O008321,P0201,1
OI0016980,O008321,P0051,2
OI0016981,O008321,P0159,1
OI0016982,O008322,P0226,1
OI0016983,O008323,P0109,3
OI0016984,O008324,P0049,1
OI0016985,O008324,P0081,1
OI0016986,O008324,P0005,1
OI0016987,O008325,P0173,2
OI0016988,O008326,P0020,2
OI0016989,O008326,P0134,1
OI0016990,O008326,P0070,1
OI0016991,O008327,P0204,1
OI0016992,O008328,P0223,3
OI0016993,O008328,P0186,1
OI0016994,O008328,P0104,1
OI0016995,O008328,P0182,1
OI0016996,O008329,P0201,1
OI0016997,O008329,P0265,1
OI0016998,O008329,P0024,1
OI0016999,O008329,P0275,1
OI0017000,O008330,P0255,1
OI0017001,O008330,P0128,1
OI0017002,O008331,P0203,1
OI0017003,O008332,P0182,1
OI0017004,O008332,P0253,1
OI0017005,O008333,P0238,1
OI0017006,O008334,P0097,1
OI0017007,O008334,P0155,2
OI0017008,O008335,P0030,1
OI0017009,O008336,P0206,3
OI0017010,O008337,P0006,3
OI0017011,O008338,P0054,1
OI0017012,O008339,P0087,2
OI0017013,O008339,P0035,1
OI0017014,O008340,P0072,1
OI0017015,O008340,P0051,3
OI0017016,O008340,P0134,1
OI0017017,O008341,P0175,1
OI0017018,O008342,P0008,3
OI0017019,O008343,P0030,1
OI0017020,O008343,P0221,3
OI0017021,O008344,P0237,3
OI0017022,O008344,P0206,2
OI0017023,O008345,P0279,1
OI0017024,O008345,P0132,1
OI0017025,O008345,P0168,1
OI0017026,O008346,P0005,1
OI0017027,O008346,P0193,1
OI0017028,O008347,P0291,2
OI0017029,O008347,P0222,1
OI0017030,O008348,P0297,1
OI0017031,O008348,P0115,1
OI0017032,O008349,P0197,1
OI0017033,O008350,P0236,1
OI0017034,O008351,P0036,3
OI0017035,O008352,P0183,1
OI0017036,O008352,P0087,1
OI0017037,O008353,P0142,2
OI0017038,O008353,P0253,2
OI0017039,O008353,P0218,2
OI0017040,O008354,P0136,2
OI0017041,O008354,P0048,1
OI0017042,O008355,P0285,1
OI0017043,O008355,P0221,2
OI0017044,O008356,P0178,1
OI0017045,O008356,P0146,1
OI0017046,O008356,P0177,1
OI0017047,O008356,P0210,1
OI0017048,O008357,P0151,2
OI0017049,O008357,P0161,1
OI0017050,O008357,P0176,1
OI0017051,O008358,P0269,1
OI0017052,O008359,P0095,2
OI0017053,O008359,P0099,2
OI0017054,O008360,P0185,1
OI0017055,O008360,P0274,3
OI0017056,O008361,P0193,1
OI0017057,O008361,P0077,2
OI0017058,O008362,P0126,1
OI0017059,O008362,P0190,2
OI0017060,O008363,P0282,1
OI0017061,O008364,P0176,2
OI0017062,O008364,P0208,1
OI0017063,O008365,P0176,1
OI0017064,O008365,P0214,2
OI0017065,O008366,P0056,1
OI0017066,O008367,P0271,1
OI0017067,O008368,P0249,1
OI0017068,O008368,P0240,1
OI0017069,O008369,P0223,1
OI0017070,O008369,P0235,3
OI0017071,O008369,P0198,2
OI0017072,O008370,P0248,2
OI0017073,O008370,P0215,1
OI0017074,O008371,P0034,1
OI0017075,O008371,P0213,2
OI0017076,O008371,P0068,3
OI0017077,O008372,P0037,3
OI0017078,O008373,P0267,1
OI0017079,O008373,P0161,2
OI0017080,O008374,P0029,1
OI0017081,O008374,P0095,1
OI0017082,O008375,P0273,2
OI0017083,O008375,P0285,1
OI0017084,O008376,P0182,2
OI0017085,O008377,P0291,3
OI0017086,O008377,P0211,1
OI0017087,O008378,P0109,1
OI0017088,O008378,P0299,1
OI0017089,O008379,P0255,1
OI0017090,O008379,P0131,1
OI0017091,O008380,P0221,1
OI0017092,O008381,P0220,1
OI0017093,O008381,P0016,2
OI0017094,O008381,P0275,1
OI0017095,O008382,P0287,1
OI0017096,O008382,P0127,1
OI0017097,O008382,P0016,1
OI0017098,O008383,P0278,1
OI0017099,O008383,P0236,2
OI0017100,O008383,P0107,3
OI0017101,O008384,P0266,1
OI0017102,O008384,P0141,1
OI0017103,O008385,P0131,1
OI0017104,O008385,P0148,1
OI0017105,O008386,P0139,1
OI0017106,O008386,P0024,2
OI0017107,O008387,P0225,1
OI0017108,O008387,P0070,1
OI0017109,O008388,P0100,1
OI0017110,O008389,P0246,1
OI0017111,O008389,P0126,1
OI0017112,O008390,P0205,1
OI0017113,O008390,P0241,2
OI0017114,O008391,P0070,1
OI0017115,O008392,P0034,1
OI0017116,O008392,P0074,1
OI0017117,O008393,P0154,1
OI0017118,O008393,P0148,1
OI0017119,O008393,P0267,1
OI0017120,O008394,P0177,1
OI0017121,O008394,P0023,1
OI0017122,O008394,P0050,1
OI0017123,O008394,P0138,3
OI0017124,O008395,P0050,3
OI0017125,O008395,P0282,1
OI0017126,O008396,P0071,2
OI0017127,O008396,P0211,1
OI0017128,O008396,P0041,2
OI0017129,O008397,P0208,2
OI0017130,O008398,P0144,1
OI0017131,O008399,P0145,1
OI0017132,O008399,P0224,1
OI0017133,O008400,P0130,1
OI0017134,O008400,P0051,1
OI0017135,O008401,P0167,2
OI0017136,O008401,P0287,3
OI0017137,O008401,P0057,1
OI0017138,O008401,P0148,2
OI0017139,O008402,P0210,1
OI0017140,O008402,P0085,1
OI0017141,O008403,P0052,1
OI0017142,O008403,P0023,1
OI0017143,O008404,P0052,1
OI0017144,O008404,P0276,2
OI0017145,O008405,P0172,1
OI0017146,O008405,P0027,1
OI0017147,O008406,P0137,1
OI0017148,O008407,P0194,1
OI0017149,O008407,P0170,1
OI0017150,O008408,P0156,3
OI0017151,O008409,P0173,1
OI0017152,O008410,P0200,1
OI0017153,O008411,P0079,1
OI0017154,O008412,P0278,2
OI0017155,O008413,P0101,3
OI0017156,O008414,P0071,1
OI0017157,O008415,P0128,3
OI0017158,O008415,P0253,1
OI0017159,O008415,P0022,1
OI0017160,O008416,P0153,1
OI0017161,O008416,P0085,1
OI0017162,O008417,P0227,2
OI0017163,O008418,P0160,1
OI0017164,O008418,P0272,2
OI0017165,O008418,P0260,1
OI0017166,O008419,P0292,1
OI0017167,O008419,P0205,1
OI0017168,O008420,P0150,1
OI0017169,O008420,P0146,2
OI0017170,O008421,P0007,1
OI0017171,O008421,P0291,1
OI0017172,O008422,P0256,1
OI0017173,O008422,P0054,1
OI0017174,O008423,P0002,1
OI0017175,O008423,P0116,1
OI0017176,O008423,P0076,2
OI0017177,O008424,P0094,2
OI0017178,O008424,P0069,1
OI0017179,O008425,P0133,1
OI0017180,O008425,P0184,1
OI0017181,O008426,P0038,1
OI0017182,O008426,P0041,2
OI0017183,O008427,P0272,3
OI0017184,O008428,P0169,1
OI0017185,O008428,P0253,1
OI0017186,O008429,P0286,1
OI0017187,O008429,P0259,2
OI0017188,O008430,P0227,1
OI0017189,O008431,P0104,1
OI0017190,O008432,P0071,3
OI0017191,O008432,P0221,1
OI0017192,O008433,P0203,1
OI0017193,O008433,P0104,2
OI0017194,O008433,P0236,1
OI0017195,O008434,P0125,3
OI0017196,O008434,P0042,1
OI0017197,O008434,P0006,1
OI0017198,O008435,P0247,1
OI0017199,O008435,P0114,1
OI0017200,O008436,P0273,1
OI0017201,O008436,P0141,1
OI0017202,O008436,P0111,2
OI0017203,O008437,P0028,2
OI0017204,O008438,P0010,1
OI0017205,O008438,P0214,1
OI0017206,O008439,P0268,1
OI0017207,O008440,P0188,1
OI0017208,O008440,P0007,2
OI0017209,O008440,P0274,1
OI0017210,O008440,P0171,1
OI0017211,O008441,P0090,1
OI0017212,O008442,P0165,1
OI0017213,O008443,P0293,1
OI0017214,O008443,P0103,2
OI0017215,O008443,P0271,1
OI0017216,O008444,P0056,1
OI0017217,O008444,P0194,1
OI0017218,O008444,P0208,1
OI0017219,O008444,P0279,2
OI0017220,O008445,P0098,1
OI0017221,O008445,P0205,1
OI0017222,O008446,P0258,1
OI0017223,O008446,P0021,1
OI0017224,O008447,P0018,1
OI0017225,O008447,P0068,1
OI0017226,O008447,P0265,2
OI0017227,O008448,P0163,3
OI0017228,O008449,P0175,3
OI0017229,O008450,P0135,1
OI0017230,O008451,P0202,1
OI0017231,O008451,P0190,1
OI0017232,O008451,P0196,1
OI0017233,O008452,P0198,2
OI0017234,O008453,P0185,3
OI0017235,O008453,P0237,2
OI0017236,O008454,P0162,2
OI0017237,O008454,P0042,1
OI0017238,O008454,P0202,2
OI0017239,O008454,P0217,1
OI0017240,O008455,P0107,1
OI0017241,O008455,P0246,1
OI0017242,O008456,P0189,1
OI0017243,O008457,P0252,1
OI0017244,O008458,P0094,1
OI0017245,O008458,P0240,1
OI0017246,O008458,P0271,1
OI0017247,O008458,P0144,1
OI0017248,O008459,P0121,1
OI0017249,O008460,P0281,1
OI0017250,O008461,P0087,1
OI0017251,O008461,P0221,1
OI0017252,O008462,P0170,2
OI0017253,O008462,P0273,1
OI0017254,O008463,P0039,1
OI0017255,O008463,P0292,1
OI0017256,O008463,P0262,1
OI0017257,O008464,P0300,3
OI0017258,O008465,P0122,1
OI0017259,O008466,P0056,1
OI0017260,O008466,P0119,2
OI0017261,O008466,P0019,1
OI0017262,O008467,P0146,1
OI0017263,O008467,P0254,1
OI0017264,O008468,P0036,1
OI0017265,O008468,P0158,1
OI0017266,O008469,P0179,1
OI0017267,O008470,P0034,3
OI0017268,O008470,P0286,2
OI0017269,O008471,P0120,1
OI0017270,O008471,P0066,2
OI0017271,O008472,P0264,1
OI0017272,O008472,P0074,1
OI0017273,O008473,P0036,1
OI0017274,O008474,P0105,2
OI0017275,O008474,P0019,3
OI0017276,O008474,P0068,1
OI0017277,O008474,P0154,1
OI0017278,O008475,P0015,1
OI0017279,O008475,P0012,1
OI0017280,O008476,P0280,1
OI0017281,O008476,P0059,1
OI0017282,O008477,P0220,1
OI0017283,O008477,P0286,1
OI0017284,O008477,P0187,1
OI0017285,O008478,P0054,1
OI0017286,O008478,P0084,1
OI0017287,O008478,P0269,1
OI0017288,O008479,P0023,1
OI0017289,O008480,P0148,1
OI0017290,O008481,P0134,2
OI0017291,O008482,P0210,3
OI0017292,O008483,P0282,1
OI0017293,O008484,P0169,1
OI0017294,O008484,P0240,1
OI0017295,O008485,P0229,2
OI0017296,O008486,P0127,1
OI0017297,O008486,P0286,1
OI0017298,O008486,P0039,1
OI0017299,O008486,P0254,1
OI0017300,O008487,P0084,1
OI0017301,O008487,P0173,3
OI0017302,O008488,P0203,1
OI0017303,O008488,P0154,1
OI0017304,O008489,P0140,1
OI0017305,O008490,P0289,3
OI0017306,O008490,P0131,1
OI0017307,O008490,P0295,2
OI0017308,O008490,P0046,1
OI0017309,O008491,P0267,3
OI0017310,O008491,P0295,3
OI0017311,O008491,P0259,1
OI0017312,O008491,P0069,1
OI0017313,O008492,P0077,1
OI0017314,O008492,P0197,1
OI0017315,O008492,P0135,2
OI0017316,O008493,P0243,1
OI0017317,O008494,P0245,1
OI0017318,O008495,P0026,1
OI0017319,O008496,P0137,1
OI0017320,O008496,P0271,1
OI0017321,O008496,P0262,3
OI0017322,O008497,P0095,1
OI0017323,O008498,P0084,1
OI0017324,O008499,P0147,1
OI0017325,O008499,P0068,1
OI0017326,O008500,P0237,1
OI0017327,O008500,P0123,3
OI0017328,O008501,P0214,1
OI0017329,O008502,P0050,1
OI0017330,O008503,P0096,2
OI0017331,O008503,P0137,1
OI0017332,O008503,P0043,2
OI0017333,O008504,P0062,1
OI0017334,O008504,P0001,1
OI0017335,O008505,P0046,3
OI0017336,O008506,P0006,1
OI0017337,O008507,P0107,1
OI0017338,O008507,P0087,3
OI0017339,O008508,P0041,1
OI0017340,O008508,P0263,1
OI0017341,O008509,P0002,1
OI0017342,O008509,P0088,1
OI0017343,O008510,P0034,3
OI0017344,O008511,P0143,1
OI0017345,O008512,P0068,2
OI0017346,O008512,P0242,2
OI0017347,O008512,P0299,1
OI0017348,O008512,P0281,3
OI0017349,O008513,P0007,2
OI0017350,O008513,P0075,1
OI0017351,O008514,P0085,1
OI0017352,O008515,P0101,1
OI0017353,O008515,P0211,1
OI0017354,O008516,P0247,1
OI0017355,O008516,P0179,1
OI0017356,O008517,P0018,1
OI0017357,O008517,P0090,1
OI0017358,O008517,P0161,1
OI0017359,O008517,P0273,1
OI0017360,O008518,P0245,1
OI0017361,O008518,P0151,1
OI0017362,O008518,P0262,1
OI0017363,O008519,P0281,1
OI0017364,O008520,P0212,2
OI0017365,O008520,P0115,1
OI0017366,O008521,P0037,1
OI0017367,O008521,P0253,1
OI0017368,O008521,P0158,1
OI0017369,O008522,P0173,1
OI0017370,O008523,P0236,1
OI0017371,O008524,P0131,1
OI0017372,O008525,P0216,1
OI0017373,O008525,P0226,1
OI0017374,O008525,P0002,1
OI0017375,O008526,P0283,1
OI0017376,O008526,P0086,1
OI0017377,O008527,P0250,1
OI0017378,O008527,P0255,2
OI0017379,O008528,P0251,2
OI0017380,O008529,P0227,1
OI0017381,O008529,P0145,1
OI0017382,O008530,P0138,1
OI0017383,O008530,P0120,3
OI0017384,O008531,P0155,1
OI0017385,O008531,P0223,1
OI0017386,O008531,P0078,1
OI0017387,O008531,P0014,1
OI0017388,O008532,P0145,1
OI0017389,O008532,P0047,1
OI0017390,O008532,P0088,1
OI0017391,O008532,P0016,1
OI0017392,O008533,P0064,1
OI0017393,O008534,P0286,1
OI0017394,O008534,P0290,1
OI0017395,O008534,P0197,1
OI0017396,O008534,P0255,2
OI0017397,O008535,P0132,2
OI0017398,O008535,P0250,1
OI0017399,O008536,P0224,1
OI0017400,O008537,P0259,1
OI0017401,O008537,P0034,1
OI0017402,O008537,P0073,1
OI0017403,O008538,P0026,1
OI0017404,O008539,P0063,1
OI0017405,O008539,P0033,1
OI0017406,O008539,P0200,1
OI0017407,O008540,P0191,1
OI0017408,O008540,P0130,2
OI0017409,O008541,P0155,2
OI0017410,O008541,P0275,1
OI0017411,O008542,P0033,1
OI0017412,O008543,P0225,1
OI0017413,O008543,P0091,1
OI0017414,O008543,P0133,1
OI0017415,O008544,P0037,1
OI0017416,O008544,P0043,1
OI0017417,O008545,P0250,1
OI0017418,O008546,P0168,1
OI0017419,O008547,P0069,1
OI0017420,O008548,P0013,1
OI0017421,O008548,P0233,2
OI0017422,O008549,P0183,1
OI0017423,O008550,P0130,1
OI0017424,O008550,P0198,2
OI0017425,O008550,P0056,1
OI0017426,O008551,P0096,1
OI0017427,O008551,P0153,2
OI0017428,O008551,P0090,1
OI0017429,O008552,P0054,1
OI0017430,O008553,P0035,2
OI0017431,O008553,P0120,1
OI0017432,O008554,P0059,1
OI0017433,O008555,P0242,1
OI0017434,O008555,P0132,2
OI0017435,O008555,P0003,1
OI0017436,O008556,P0214,1
OI0017437,O008557,P0110,2
OI0017438,O008557,P0146,1
OI0017439,O008558,P0068,2
OI0017440,O008558,P0087,3
OI0017441,O008558,P0021,1
OI0017442,O008559,P0093,1
OI0017443,O008560,P0222,3
OI0017444,O008561,P0135,1
OI0017445,O008561,P0257,1
OI0017446,O008562,P0297,1
OI0017447,O008562,P0129,1
OI0017448,O008562,P0258,2
OI0017449,O008563,P0078,1
OI0017450,O008563,P0091,1
OI0017451,O008563,P0259,3
OI0017452,O008564,P0220,1
OI0017453,O008564,P0065,1
OI0017454,O008565,P0071,1
OI0017455,O008565,P0254,1
OI0017456,O008565,P0179,2
OI0017457,O008565,P0152,1
OI0017458,O008566,P0025,3
OI0017459,O008567,P0199,1
OI0017460,O008568,P0111,2
OI0017461,O008568,P0043,1
OI0017462,O008569,P0296,1
OI0017463,O008569,P0139,1
OI0017464,O008570,P0193,1
OI0017465,O008570,P0264,1
OI0017466,O008570,P0131,1
OI0017467,O008571,P0086,1
OI0017468,O008571,P0297,1
OI0017469,O008572,P0133,1
OI0017470,O008572,P0238,1
OI0017471,O008573,P0257,1
OI0017472,O008574,P0132,1
OI0017473,O008574,P0179,1
OI0017474,O008574,P0143,1
OI0017475,O008575,P0022,1
OI0017476,O008575,P0285,1
OI0017477,O008576,P0208,1
OI0017478,O008577,P0047,2
OI0017479,O008577,P0210,1
OI0017480,O008577,P0252,1
OI0017481,O008577,P0143,3
OI0017482,O008578,P0170,1
OI0017483,O008578,P0221,1
OI0017484,O008579,P0075,3
OI0017485,O008580,P0272,1
OI0017486,O008581,P0300,3
OI0017487,O008581,P0099,2
OI0017488,O008582,P0139,2
OI0017489,O008582,P0145,1
OI0017490,O008582,P0111,1
OI0017491,O008583,P0224,1
OI0017492,O008583,P0030,1
OI0017493,O008584,P0046,1
OI0017494,O008584,P0135,1
OI0017495,O008584,P0150,1
OI0017496,O008585,P0090,1
OI0017497,O008586,P0053,2
OI0017498,O008587,P0257,1
OI0017499,O008587,P0135,2
OI0017500,O008588,P0153,1
OI0017501,O008589,P0264,1
OI0017502,O008590,P0086,1
OI0017503,O008590,P0222,1
OI0017504,O008591,P0036,1
OI0017505,O008592,P0247,2
OI0017506,O008592,P0292,1
OI0017507,O008593,P0096,1
OI0017508,O008594,P0091,1
OI0017509,O008595,P0165,2
OI0017510,O008596,P0250,2
OI0017511,O008597,P0202,1
OI0017512,O008597,P0124,2
OI0017513,O008598,P0066,2
OI0017514,O008599,P0170,1
OI0017515,O008599,P0021,3
OI0017516,O008600,P0179,2
OI0017517,O008601,P0160,1
OI0017518,O008602,P0121,3
OI0017519,O008602,P0299,1
OI0017520,O008603,P0007,1
OI0017521,O008603,P0017,1
OI0017522,O008604,P0016,1
OI0017523,O008604,P0048,1
OI0017524,O008604,P0012,1
OI0017525,O008605,P0240,1
OI0017526,O008605,P0052,2
OI0017527,O008606,P0077,2
OI0017528,O008607,P0232,1
OI0017529,O008608,P0051,1
OI0017530,O008608,P0231,1
OI0017531,O008609,P0226,2
OI0017532,O008609,P0191,2
OI0017533,O008610,P0130,1
OI0017534,O008611,P0262,1
OI0017535,O008612,P0027,1
OI0017536,O008612,P0127,1
OI0017537,O008613,P0022,1
OI0017538,O008613,P0003,1
OI0017539,O008614,P0271,2
OI0017540,O008614,P0295,1
OI0017541,O008615,P0203,1
OI0017542,O008615,P0012,1
OI0017543,O008615,P0106,1
OI0017544,O008616,P0243,3
OI0017545,O008617,P0240,1
OI0017546,O008617,P0272,1
OI0017547,O008617,P0094,1
OI0017548,O008617,P0215,1
OI0017549,O008618,P0138,1
OI0017550,O008618,P0135,1
OI0017551,O008618,P0037,2
OI0017552,O008619,P0006,2
OI0017553,O008619,P0257,1
OI0017554,O008620,P0019,1
OI0017555,O008621,P0241,1
OI0017556,O008622,P0164,2
OI0017557,O008622,P0195,2
OI0017558,O008623,P0213,1
OI0017559,O008624,P0151,3
OI0017560,O008625,P0169,2
OI0017561,O008626,P0092,1
OI0017562,O008626,P0216,2
OI0017563,O008626,P0036,1
OI0017564,O008626,P0164,1
OI0017565,O008627,P0281,1
OI0017566,O008628,P0157,1
OI0017567,O008628,P0099,1
OI0017568,O008629,P0030,2
OI0017569,O008630,P0116,1
OI0017570,O008630,P0261,2
OI0017571,O008631,P0290,1
OI0017572,O008631,P0097,1
OI0017573,O008631,P0293,1
OI0017574,O008632,P0272,1
OI0017575,O008633,P0254,1
OI0017576,O008634,P0062,1
OI0017577,O008634,P0290,1
OI0017578,O008635,P0030,1
OI0017579,O008635,P0230,1
OI0017580,O008636,P0048,1
OI0017581,O008637,P0200,1
OI0017582,O008637,P0166,1
OI0017583,O008637,P0209,1
OI0017584,O008638,P0224,1
OI0017585,O008638,P0243,1
OI0017586,O008638,P0261,1
OI0017587,O008639,P0199,1
OI0017588,O008640,P0066,1
OI0017589,O008640,P0026,2
OI0017590,O008640,P0152,1
OI0017591,O008640,P0244,1
OI0017592,O008641,P0293,1
OI0017593,O008641,P0055,2
OI0017594,O008642,P0080,1
OI0017595,O008643,P0275,1
OI0017596,O008643,P0250,1
OI0017597,O008644,P0117,2
OI0017598,O008645,P0091,3
OI0017599,O008645,P0252,2
OI0017600,O008645,P0160,1
OI0017601,O008646,P0046,1
OI0017602,O008646,P0261,3
OI0017603,O008646,P0300,1
OI0017604,O008647,P0193,2
OI0017605,O008648,P0133,1
OI0017606,O008649,P0172,1
OI0017607,O008650,P0120,3
OI0017608,O008651,P0196,1
OI0017609,O008652,P0295,1
OI0017610,O008652,P0026,1
OI0017611,O008653,P0256,1
OI0017612,O008654,P0091,1
OI0017613,O008654,P0215,1
OI0017614,O008654,P0144,1
OI0017615,O008655,P0170,2
OI0017616,O008655,P0150,1
OI0017617,O008655,P0002,1
OI0017618,O008656,P0079,2
OI0017619,O008657,P0269,1
OI0017620,O008657,P0156,1
OI0017621,O008657,P0140,2
OI0017622,O008658,P0253,1
OI0017623,O008659,P0236,1
OI0017624,O008659,P0247,1
OI0017625,O008659,P0178,1
OI0017626,O008660,P0098,2
OI0017627,O008660,P0166,2
OI0017628,O008660,P0207,1
OI0017629,O008660,P0186,2
OI0017630,O008661,P0247,3
OI0017631,O008662,P0072,1
OI0017632,O008662,P0240,1
OI0017633,O008663,P0228,1
OI0017634,O008664,P0013,1
OI0017635,O008664,P0130,2
OI0017636,O008664,P0273,1
OI0017637,O008665,P0057,1
OI0017638,O008666,P0259,1
OI0017639,O008666,P0030,1
OI0017640,O008667,P0271,1
OI0017641,O008667,P0251,1
OI0017642,O008668,P0001,1
OI0017643,O008668,P0049,1
OI0017644,O008668,P0248,1
OI0017645,O008669,P0033,1
OI0017646,O008670,P0086,2
OI0017647,O008671,P0277,1
OI0017648,O008671,P0289,1
OI0017649,O008672,P0091,1
OI0017650,O008672,P0259,1
OI0017651,O008672,P0089,1
OI0017652,O008672,P0078,1
OI0017653,O008673,P0125,3
OI0017654,O008674,P0241,1
OI0017655,O008674,P0006,1
OI0017656,O008674,P0198,1
OI0017657,O008674,P0093,1
OI0017658,O008675,P0022,1
OI0017659,O008675,P0081,3
OI0017660,O008675,P0119,1
OI0017661,O008676,P0271,1
OI0017662,O008677,P0089,1
OI0017663,O008678,P0230,1
OI0017664,O008678,P0109,1
OI0017665,O008679,P0087,1
OI0017666,O008679,P0086,1
OI0017667,O008679,P0079,1
OI0017668,O008680,P0141,1
OI0017669,O008681,P0243,3
OI0017670,O008681,P0144,1
OI0017671,O008682,P0168,1
OI0017672,O008683,P0006,1
OI0017673,O008683,P0190,2
OI0017674,O008684,P0075,1
OI0017675,O008685,P0177,3
OI0017676,O008686,P0250,1
OI0017677,O008687,P0180,3
OI0017678,O008687,P0147,1
OI0017679,O008688,P0106,1
OI0017680,O008689,P0127,2
OI0017681,O008689,P0114,1
OI0017682,O008690,P0225,1
OI0017683,O008690,P0010,2
OI0017684,O008690,P0186,1
OI0017685,O008691,P0122,1
OI0017686,O008691,P0041,1
OI0017687,O008691,P0037,1
OI0017688,O008691,P0112,1
OI0017689,O008692,P0227,1
OI0017690,O008693,P0194,1
OI0017691,O008693,P0284,1
OI0017692,O008694,P0050,1
OI0017693,O008694,P0081,1
OI0017694,O008695,P0241,1
OI0017695,O008696,P0011,1
OI0017696,O008696,P0084,1
OI0017697,O008697,P0212,1
OI0017698,O008697,P0197,3
OI0017699,O008698,P0282,1
OI0017700,O008699,P0172,3
OI0017701,O008700,P0119,1
OI0017702,O008700,P0139,2
OI0017703,O008701,P0042,1
OI0017704,O008701,P0175,1
OI0017705,O008702,P0040,1
OI0017706,O008703,P0251,1
OI0017707,O008704,P0231,1
OI0017708,O008705,P0004,2
OI0017709,O008705,P0053,1
OI0017710,O008706,P0119,1
OI0017711,O008706,P0277,1
OI0017712,O008707,P0220,1
OI0017713,O008707,P0117,1
OI0017714,O008707,P0042,1
OI0017715,O008708,P0048,1
OI0017716,O008708,P0238,2
OI0017717,O008709,P0170,2
OI0017718,O008710,P0228,1
OI0017719,O008710,P0136,2
OI0017720,O008711,P0256,1
OI0017721,O008711,P0065,1
OI0017722,O008712,P0176,1
OI0017723,O008713,P0082,1
OI0017724,O008713,P0203,3
OI0017725,O008713,P0117,3
OI0017726,O008714,P0130,1
OI0017727,O008714,P0276,3
OI0017728,O008715,P0161,1
OI0017729,O008716,P0117,1
OI0017730,O008717,P0245,1
OI0017731,O008718,P0216,2
OI0017732,O008718,P0204,1
OI0017733,O008718,P0250,1
OI0017734,O008718,P0288,1
OI0017735,O008719,P0008,2
OI0017736,O008719,P0155,1
OI0017737,O008719,P0053,2
OI0017738,O008720,P0210,1
OI0017739,O008720,P0012,1
OI0017740,O008721,P0023,2
OI0017741,O008721,P0035,2
OI0017742,O008721,P0073,1
OI0017743,O008722,P0159,1
OI0017744,O008722,P0300,1
OI0017745,O008722,P0260,1
OI0017746,O008723,P0007,1
OI0017747,O008724,P0263,1
OI0017748,O008725,P0284,3
OI0017749,O008726,P0088,1
OI0017750,O008726,P0136,1
OI0017751,O008726,P0011,1
OI0017752,O008726,P0184,2
OI0017753,O008727,P0271,2
OI0017754,O008728,P0107,1
OI0017755,O008729,P0226,1
OI0017756,O008729,P0020,1
OI0017757,O008729,P0125,1
OI0017758,O008730,P0079,3
OI0017759,O008730,P0201,2
OI0017760,O008731,P0266,1
OI0017761,O008731,P0102,1
OI0017762,O008731,P0203,3
OI0017763,O008732,P0295,1
OI0017764,O008732,P0192,1
OI0017765,O008733,P0124,1
OI0017766,O008733,P0019,1
OI0017767,O008733,P0058,2
OI0017768,O008733,P0039,1
OI0017769,O008734,P0288,1
OI0017770,O008735,P0066,1
OI0017771,O008736,P0119,2
OI0017772,O008737,P0008,2
OI0017773,O008737,P0176,1
OI0017774,O008737,P0101,1
OI0017775,O008737,P0073,1
OI0017776,O008738,P0184,3
OI0017777,O008738,P0291,2
OI0017778,O008738,P0248,1
OI0017779,O008738,P0034,1
OI0017780,O008739,P0170,1
OI0017781,O008739,P0290,1
OI0017782,O008740,P0236,2
OI0017783,O008740,P0297,1
OI0017784,O008741,P0074,1
OI0017785,O008741,P0046,1
OI0017786,O008741,P0050,2
OI0017787,O008742,P0280,2
OI0017788,O008742,P0170,1
OI0017789,O008742,P0076,1
OI0017790,O008743,P0276,1
OI0017791,O008743,P0217,3
OI0017792,O008743,P0113,1
OI0017793,O008744,P0046,3
OI0017794,O008744,P0258,2
OI0017795,O008745,P0297,1
OI0017796,O008745,P0070,1
OI0017797,O008746,P0132,1
OI0017798,O008747,P0247,3
OI0017799,O008747,P0198,1
OI0017800,O008748,P0013,1
OI0017801,O008748,P0146,1
OI0017802,O008748,P0228,1
OI0017803,O008749,P0183,1
OI0017804,O008749,P0178,1
OI0017805,O008750,P0059,3
OI0017806,O008750,P0172,1
OI0017807,O008751,P0168,1
OI0017808,O008751,P0162,1
OI0017809,O008751,P0006,1
OI0017810,O008752,P0083,1
OI0017811,O008752,P0239,1
OI0017812,O008752,P0126,1
OI0017813,O008753,P0222,2
OI0017814,O008754,P0216,1
OI0017815,O008754,P0245,1
OI0017816,O008754,P0134,1
OI0017817,O008754,P0152,1
OI0017818,O008755,P0261,2
OI0017819,O008756,P0200,1
OI0017820,O008756,P0066,1
OI0017821,O008756,P0221,1
OI0017822,O008756,P0150,1
OI0017823,O008757,P0290,2
OI0017824,O008758,P0164,2
OI0017825,O008758,P0099,1
OI0017826,O008758,P0230,2
OI0017827,O008759,P0037,1
OI0017828,O008760,P0262,1
OI0017829,O008761,P0052,2
OI0017830,O008761,P0158,1
OI0017831,O008761,P0286,1
OI0017832,O008761,P0213,1
OI0017833,O008762,P0273,1
OI0017834,O008762,P0155,1
OI0017835,O008762,P0216,1
OI0017836,O008762,P0275,2
OI0017837,O008763,P0014,2
OI0017838,O008764,P0017,1
OI0017839,O008765,P0254,2
OI0017840,O008765,P0193,1
OI0017841,O008766,P0201,2
OI0017842,O008767,P0081,1
OI0017843,O008767,P0246,1
OI0017844,O008767,P0196,2
OI0017845,O008767,P0290,1
OI0017846,O008768,P0145,1
OI0017847,O008768,P0206,1
OI0017848,O008769,P0158,3
OI0017849,O008769,P0296,2
OI0017850,O008770,P0120,2
OI0017851,O008770,P0060,1
OI0017852,O008770,P0165,1
OI0017853,O008771,P0239,1
OI0017854,O008771,P0173,2
OI0017855,O008772,P0136,1
OI0017856,O008773,P0255,1
OI0017857,O008773,P0252,1
OI0017858,O008774,P0102,2
OI0017859,O008774,P0053,2
OI0017860,O008774,P0109,1
OI0017861,O008775,P0287,1
OI0017862,O008776,P0058,1
OI0017863,O008776,P0273,2
OI0017864,O008776,P0104,2
OI0017865,O008777,P0184,3
OI0017866,O008778,P0031,1
OI0017867,O008778,P0054,1
OI0017868,O008779,P0174,1
OI0017869,O008780,P0278,1
OI0017870,O008780,P0064,1
OI0017871,O008780,P0086,2
OI0017872,O008780,P0001,1
OI0017873,O008781,P0206,1
OI0017874,O008781,P0284,1
OI0017875,O008782,P0193,3
OI0017876,O008782,P0250,3
OI0017877,O008783,P0116,1
OI0017878,O008784,P0294,1
OI0017879,O008785,P0155,2
OI0017880,O008786,P0207,1
OI0017881,O008786,P0015,1
OI0017882,O008786,P0268,1
OI0017883,O008786,P0189,1
OI0017884,O008787,P0034,1
OI0017885,O008788,P0020,1
OI0017886,O008788,P0152,1
OI0017887,O008788,P0260,1
OI0017888,O008788,P0045,3
OI0017889,O008789,P0198,1
OI0017890,O008789,P0292,1
OI0017891,O008790,P0280,1
OI0017892,O008791,P0298,1
OI0017893,O008791,P0033,1
OI0017894,O008791,P0085,2
OI0017895,O008791,P0271,1
OI0017896,O008792,P0178,2
OI0017897,O008792,P0011,1
OI0017898,O008793,P0032,1
OI0017899,O008793,P0053,1
OI0017900,O008794,P0080,1
OI0017901,O008794,P0013,2
OI0017902,O008795,P0223,1
OI0017903,O008796,P0172,2
OI0017904,O008796,P0284,1
OI0017905,O008797,P0100,2
OI0017906,O008797,P0244,1
OI0017907,O008797,P0207,1
OI0017908,O008798,P0179,1
OI0017909,O008798,P0149,3
OI0017910,O008798,P0079,1
OI0017911,O008798,P0176,2
OI0017912,O008799,P0193,1
OI0017913,O008799,P0140,1
OI0017914,O008799,P0205,1
OI0017915,O008799,P0126,1
OI0017916,O008800,P0026,1
OI0017917,O008800,P0232,1
OI0017918,O008800,P0158,1
OI0017919,O008800,P0167,1
OI0017920,O008801,P0162,2
OI0017921,O008802,P0211,1
OI0017922,O008802,P0176,1
OI0017923,O008802,P0152,1
OI0017924,O008803,P0004,1
OI0017925,O008803,P0144,1
OI0017926,O008804,P0017,1
OI0017927,O008804,P0271,3
OI0017928,O008805,P0020,2
OI0017929,O008806,P0011,2
OI0017930,O008806,P0279,1
OI0017931,O008807,P0046,1
OI0017932,O008807,P0076,1
OI0017933,O008807,P0090,1
OI0017934,O008808,P0259,1
OI0017935,O008808,P0260,2
OI0017936,O008808,P0224,2
OI0017937,O008809,P0074,1
OI0017938,O008809,P0128,2
OI0017939,O008810,P0080,1
OI0017940,O008810,P0174,1
OI0017941,O008811,P0268,1
OI0017942,O008812,P0008,3
OI0017943,O008812,P0101,1
OI0017944,O008813,P0208,1
OI0017945,O008813,P0076,3
OI0017946,O008813,P0227,1
OI0017947,O008813,P0258,1
OI0017948,O008814,P0170,1
OI0017949,O008814,P0272,1
OI0017950,O008815,P0011,1
OI0017951,O008815,P0184,1
OI0017952,O008815,P0220,2
OI0017953,O008816,P0058,3
OI0017954,O008816,P0187,1
OI0017955,O008816,P0160,1
OI0017956,O008817,P0036,1
OI0017957,O008817,P0086,1
OI0017958,O008818,P0184,1
OI0017959,O008819,P0083,1
OI0017960,O008819,P0137,1
OI0017961,O008819,P0048,2
OI0017962,O008819,P0245,1
OI0017963,O008820,P0242,1
OI0017964,O008820,P0023,1
OI0017965,O008820,P0259,1
OI0017966,O008820,P0113,3
OI0017967,O008821,P0151,1
OI0017968,O008821,P0157,1
OI0017969,O008821,P0198,1
OI0017970,O008822,P0294,1
OI0017971,O008822,P0160,1
OI0017972,O008822,P0092,1
OI0017973,O008823,P0162,1
OI0017974,O008824,P0275,2
OI0017975,O008825,P0151,3
OI0017976,O008826,P0024,1
OI0017977,O008827,P0163,3
OI0017978,O008828,P0224,1
OI0017979,O008828,P0114,1
OI0017980,O008829,P0235,1
OI0017981,O008829,P0192,1
OI0017982,O008830,P0052,1
OI0017983,O008830,P0080,1
OI0017984,O008831,P0050,1
OI0017985,O008831,P0162,3
OI0017986,O008832,P0114,1
OI0017987,O008832,P0035,2
OI0017988,O008832,P0038,1
OI0017989,O008832,P0299,1
OI0017990,O008833,P0176,2
OI0017991,O008834,P0199,1
OI0017992,O008834,P0126,3
OI0017993,O008835,P0284,1
OI0017994,O008836,P0136,1
OI0017995,O008836,P0111,2
OI0017996,O008837,P0193,1
OI0017997,O008837,P0037,3
OI0017998,O008837,P0179,2
OI0017999,O008838,P0270,1
OI0018000,O008838,P0084,1
OI0018001,O008838,P0190,1
OI0018002,O008838,P0193,2
OI0018003,O008839,P0009,1
OI0018004,O008839,P0207,2
OI0018005,O008840,P0139,1
OI0018006,O008841,P0076,1
OI0018007,O008841,P0297,1
OI0018008,O008842,P0091,1
OI0018009,O008843,P0009,1
OI0018010,O008844,P0194,1
OI0018011,O008844,P0286,1
OI0018012,O008845,P0288,2
OI0018013,O008846,P0210,3
OI0018014,O008846,P0285,1
OI0018015,O008846,P0287,2
OI0018016,O008847,P0069,2
OI0018017,O008847,P0110,1
OI0018018,O008847,P0174,1
OI0018019,O008847,P0281,1
OI0018020,O008848,P0034,2
OI0018021,O008849,P0098,1
OI0018022,O008849,P0191,1
OI0018023,O008849,P0078,1
OI0018024,O008849,P0043,1
OI0018025,O008850,P0168,1
OI0018026,O008851,P0060,1
OI0018027,O008851,P0233,1
OI0018028,O008852,P0085,1
OI0018029,O008852,P0242,1
OI0018030,O008852,P0286,1
OI0018031,O008852,P0263,1
OI0018032,O008853,P0062,3
OI0018033,O008854,P0188,3
OI0018034,O008854,P0294,1
OI0018035,O008854,P0206,1
OI0018036,O008855,P0114,1
OI0018037,O008855,P0258,1
OI0018038,O008855,P0063,2
OI0018039,O008855,P0233,2
OI0018040,O008856,P0185,1
OI0018041,O008856,P0052,1
OI0018042,O008856,P0239,2
OI0018043,O008856,P0214,1
OI0018044,O008857,P0160,3
OI0018045,O008857,P0059,1
OI0018046,O008857,P0214,2
OI0018047,O008857,P0095,1
OI0018048,O008858,P0067,1
OI0018049,O008859,P0133,1
OI0018050,O008859,P0162,2
OI0018051,O008860,P0268,1
OI0018052,O008860,P0259,1
OI0018053,O008861,P0149,1
OI0018054,O008861,P0241,1
OI0018055,O008862,P0137,1
OI0018056,O008863,P0108,3
OI0018057,O008863,P0151,1
OI0018058,O008863,P0107,1
OI0018059,O008863,P0022,1
OI0018060,O008864,P0260,1
OI0018061,O008865,P0201,1
OI0018062,O008865,P0013,2
OI0018063,O008865,P0130,1
OI0018064,O008866,P0275,1
OI0018065,O008866,P0039,1
OI0018066,O008866,P0261,1
OI0018067,O008867,P0148,1
OI0018068,O008868,P0004,1
OI0018069,O008868,P0230,2
OI0018070,O008868,P0223,1
OI0018071,O008869,P0197,1
OI0018072,O008869,P0152,1
OI0018073,O008870,P0240,1
OI0018074,O008870,P0273,1
OI0018075,O008870,P0217,2
OI0018076,O008870,P0295,1
OI0018077,O008871,P0298,2
OI0018078,O008871,P0221,1
OI0018079,O008871,P0107,2
OI0018080,O008872,P0274,3
OI0018081,O008872,P0143,1
OI0018082,O008872,P0295,1
OI0018083,O008873,P0002,3
OI0018084,O008874,P0145,1
OI0018085,O008874,P0174,1
OI0018086,O008874,P0062,1
OI0018087,O008875,P0063,1
OI0018088,O008875,P0237,2
OI0018089,O008876,P0114,1
OI0018090,O008876,P0260,1
OI0018091,O008876,P0094,1
OI0018092,O008876,P0145,2
OI0018093,O008877,P0157,2
OI0018094,O008877,P0209,1
OI0018095,O008878,P0025,1
OI0018096,O008879,P0038,3
OI0018097,O008879,P0230,1
OI0018098,O008880,P0221,1
OI0018099,O008880,P0276,1
OI0018100,O008881,P0126,1
OI0018101,O008881,P0146,1
OI0018102,O008881,P0053,3
OI0018103,O008881,P0114,2
OI0018104,O008882,P0106,1
OI0018105,O008882,P0274,2
OI0018106,O008883,P0249,2
OI0018107,O008883,P0138,1
OI0018108,O008883,P0010,2
OI0018109,O008884,P0214,1
OI0018110,O008884,P0176,1
OI0018111,O008885,P0055,3
OI0018112,O008886,P0266,1
OI0018113,O008886,P0103,2
OI0018114,O008886,P0219,1
OI0018115,O008887,P0038,1
OI0018116,O008888,P0215,1
OI0018117,O008888,P0150,1
OI0018118,O008889,P0058,1
OI0018119,O008890,P0152,1
OI0018120,O008890,P0165,1
OI0018121,O008890,P0113,2
OI0018122,O008891,P0176,1
OI0018123,O008892,P0296,1
OI0018124,O008892,P0090,1
OI0018125,O008892,P0165,1
OI0018126,O008892,P0207,1
OI0018127,O008893,P0161,1
OI0018128,O008894,P0143,1
OI0018129,O008895,P0085,2
OI0018130,O008896,P0229,2
OI0018131,O008896,P0139,1
OI0018132,O008897,P0034,2
OI0018133,O008897,P0052,3
OI0018134,O008898,P0263,1
OI0018135,O008898,P0046,3
OI0018136,O008898,P0037,1
OI0018137,O008899,P0073,1
OI0018138,O008900,P0289,1
OI0018139,O008901,P0140,1
OI0018140,O008901,P0180,1
OI0018141,O008902,P0138,1
OI0018142,O008902,P0115,1
OI0018143,O008903,P0229,1
OI0018144,O008903,P0214,1
OI0018145,O008904,P0273,3
OI0018146,O008905,P0108,1
OI0018147,O008906,P0246,1
OI0018148,O008906,P0264,1
OI0018149,O008906,P0273,1
OI0018150,O008907,P0156,1
OI0018151,O008907,P0204,1
OI0018152,O008908,P0020,1
OI0018153,O008909,P0141,1
OI0018154,O008909,P0162,1
OI0018155,O008910,P0052,2
OI0018156,O008910,P0295,1
OI0018157,O008910,P0258,1
OI0018158,O008911,P0088,1
OI0018159,O008912,P0243,1
OI0018160,O008912,P0160,1
OI0018161,O008912,P0283,1
OI0018162,O008912,P0221,1
OI0018163,O008913,P0284,1
OI0018164,O008913,P0239,1
OI0018165,O008913,P0186,1
OI0018166,O008913,P0272,1
OI0018167,O008914,P0008,1
OI0018168,O008914,P0257,1
OI0018169,O008914,P0059,3
OI0018170,O008915,P0042,2
OI0018171,O008915,P0155,3
OI0018172,O008915,P0229,2
OI0018173,O008916,P0219,1
OI0018174,O008916,P0092,1
OI0018175,O008916,P0126,1
OI0018176,O008916,P0152,1
OI0018177,O008917,P0185,1
OI0018178,O008917,P0003,1
OI0018179,O008918,P0039,2
OI0018180,O008919,P0015,2
OI0018181,O008920,P0274,2
OI0018182,O008920,P0268,1
OI0018183,O008921,P0246,1
OI0018184,O008921,P0215,1
OI0018185,O008921,P0287,1
OI0018186,O008922,P0041,1
OI0018187,O008922,P0157,1
OI0018188,O008923,P0065,1
OI0018189,O008923,P0140,1
OI0018190,O008924,P0185,1
OI0018191,O008924,P0253,1
OI0018192,O008925,P0223,1
OI0018193,O008925,P0196,1
OI0018194,O008925,P0094,3
OI0018195,O008926,P0126,1
OI0018196,O008926,P0165,2
OI0018197,O008926,P0206,1
OI0018198,O008927,P0064,1
OI0018199,O008928,P0098,3
OI0018200,O008928,P0177,2
OI0018201,O008928,P0152,2
OI0018202,O008929,P0130,1
OI0018203,O008930,P0098,2
OI0018204,O008931,P0098,1
OI0018205,O008931,P0067,1
OI0018206,O008932,P0091,1
OI0018207,O008932,P0137,3
OI0018208,O008933,P0218,2
OI0018209,O008934,P0251,1
OI0018210,O008934,P0210,3
OI0018211,O008935,P0055,2
OI0018212,O008935,P0252,1
OI0018213,O008935,P0198,1
OI0018214,O008936,P0123,1
OI0018215,O008937,P0287,1
OI0018216,O008938,P0168,2
OI0018217,O008939,P0204,1
OI0018218,O008939,P0055,2
OI0018219,O008940,P0066,1
OI0018220,O008940,P0170,1
OI0018221,O008941,P0255,1
OI0018222,O008941,P0169,1
OI0018223,O008941,P0188,1
OI0018224,O008942,P0054,2
OI0018225,O008943,P0150,1
OI0018226,O008943,P0156,3
OI0018227,O008943,P0181,1
OI0018228,O008943,P0260,1
OI0018229,O008944,P0054,1
OI0018230,O008944,P0187,1
OI0018231,O008944,P0230,1
OI0018232,O008945,P0057,2
OI0018233,O008945,P0242,1
OI0018234,O008945,P0250,1
OI0018235,O008946,P0006,1
OI0018236,O008946,P0216,1
OI0018237,O008947,P0225,1
OI0018238,O008947,P0210,2
OI0018239,O008947,P0127,1
OI0018240,O008947,P0240,1
OI0018241,O008948,P0141,1
OI0018242,O008949,P0290,1
OI0018243,O008949,P0179,2
OI0018244,O008949,P0108,2
OI0018245,O008949,P0055,1
OI0018246,O008950,P0068,3
OI0018247,O008950,P0234,1
OI0018248,O008950,P0293,2
OI0018249,O008951,P0181,1
OI0018250,O008951,P0300,1
OI0018251,O008951,P0176,3
OI0018252,O008952,P0115,1
OI0018253,O008952,P0257,1
OI0018254,O008952,P0093,1
OI0018255,O008952,P0269,1
OI0018256,O008953,P0181,1
OI0018257,O008953,P0081,2
OI0018258,O008954,P0170,3
OI0018259,O008955,P0014,1
OI0018260,O008955,P0268,1
OI0018261,O008956,P0131,3
OI0018262,O008957,P0052,1
OI0018263,O008958,P0181,2
OI0018264,O008959,P0126,3
OI0018265,O008959,P0274,1
OI0018266,O008960,P0271,1
OI0018267,O008960,P0273,1
OI0018268,O008961,P0111,1
OI0018269,O008961,P0214,1
OI0018270,O008962,P0129,2
OI0018271,O008962,P0005,1
OI0018272,O008962,P0100,1
OI0018273,O008963,P0177,2
OI0018274,O008963,P0169,1
OI0018275,O008964,P0007,1
OI0018276,O008964,P0053,1
OI0018277,O008965,P0165,1
OI0018278,O008966,P0191,2
OI0018279,O008966,P0224,1
OI0018280,O008967,P0042,2
OI0018281,O008967,P0022,1
OI0018282,O008967,P0018,2
OI0018283,O008968,P0203,1
OI0018284,O008969,P0224,3
OI0018285,O008969,P0147,2
OI0018286,O008970,P0113,2
OI0018287,O008970,P0200,2
OI0018288,O008971,P0030,1
OI0018289,O008971,P0174,1
OI0018290,O008972,P0149,1
OI0018291,O008973,P0120,1
OI0018292,O008973,P0167,1
OI0018293,O008973,P0260,1
OI0018294,O008974,P0131,1
OI0018295,O008975,P0282,2
OI0018296,O008976,P0249,3
OI0018297,O008976,P0151,1
OI0018298,O008977,P0067,1
OI0018299,O008977,P0242,1
OI0018300,O008977,P0019,1
OI0018301,O008978,P0281,1
OI0018302,O008979,P0106,1
OI0018303,O008979,P0107,1
OI0018304,O008980,P0114,2
OI0018305,O008980,P0145,2
OI0018306,O008980,P0212,2
OI0018307,O008981,P0120,1
OI0018308,O008981,P0233,1
OI0018309,O008982,P0229,1
OI0018310,O008983,P0143,1
OI0018311,O008984,P0133,2
OI0018312,O008985,P0285,1
OI0018313,O008985,P0258,1
OI0018314,O008985,P0090,1
OI0018315,O008986,P0220,1
OI0018316,O008986,P0054,1
OI0018317,O008987,P0129,1
OI0018318,O008987,P0295,1
OI0018319,O008987,P0190,2
OI0018320,O008988,P0244,1
OI0018321,O008988,P0041,3
OI0018322,O008989,P0109,1
OI0018323,O008989,P0035,1
OI0018324,O008989,P0166,1
OI0018325,O008990,P0115,2
OI0018326,O008990,P0234,1
OI0018327,O008990,P0131,1
OI0018328,O008990,P0279,1
OI0018329,O008991,P0083,1
OI0018330,O008992,P0110,1
OI0018331,O008992,P0023,2
OI0018332,O008993,P0052,3
OI0018333,O008993,P0240,1
OI0018334,O008994,P0300,1
OI0018335,O008994,P0232,2
OI0018336,O008995,P0047,2
OI0018337,O008995,P0125,1
OI0018338,O008996,P0081,1
OI0018339,O008997,P0078,3
OI0018340,O008998,P0255,1
OI0018341,O008998,P0113,1
OI0018342,O008999,P0027,1
OI0018343,O008999,P0003,3
OI0018344,O009000,P0151,1
OI0018345,O009000,P0121,1
OI0018346,O009001,P0185,2
OI0018347,O009002,P0119,1
OI0018348,O009002,P0138,1
OI0018349,O009002,P0260,1
OI0018350,O009003,P0056,1
OI0018351,O009003,P0278,2
OI0018352,O009003,P0031,1
OI0018353,O009004,P0071,1
OI0018354,O009005,P0276,1
OI0018355,O009005,P0059,1
OI0018356,O009006,P0147,1
OI0018357,O009007,P0262,1
OI0018358,O009007,P0013,1
OI0018359,O009008,P0065,1
OI0018360,O009009,P0096,1
OI0018361,O009009,P0128,2
OI0018362,O009010,P0082,1
OI0018363,O009010,P0296,2
OI0018364,O009010,P0123,1
OI0018365,O009010,P0102,1
OI0018366,O009011,P0086,3
OI0018367,O009011,P0216,1
OI0018368,O009012,P0135,1
OI0018369,O009012,P0022,1
OI0018370,O009013,P0155,1
OI0018371,O009013,P0026,2
OI0018372,O009013,P0298,1
OI0018373,O009014,P0132,1
OI0018374,O009014,P0130,1
OI0018375,O009015,P0130,1
OI0018376,O009015,P0268,1
OI0018377,O009016,P0207,1
OI0018378,O009017,P0160,2
OI0018379,O009017,P0043,1
OI0018380,O009018,P0003,1
OI0018381,O009019,P0118,1
OI0018382,O009019,P0031,2
OI0018383,O009019,P0071,1
OI0018384,O009020,P0283,1
OI0018385,O009021,P0017,1
OI0018386,O009021,P0298,2
OI0018387,O009021,P0040,1
OI0018388,O009021,P0240,2
OI0018389,O009022,P0113,1
OI0018390,O009022,P0004,1
OI0018391,O009023,P0038,1
OI0018392,O009023,P0247,2
OI0018393,O009023,P0254,3
OI0018394,O009024,P0111,1
OI0018395,O009025,P0211,2
OI0018396,O009025,P0251,1
OI0018397,O009025,P0124,1
OI0018398,O009026,P0070,2
OI0018399,O009027,P0057,1
OI0018400,O009027,P0149,1
OI0018401,O009028,P0089,2
OI0018402,O009029,P0214,1
OI0018403,O009030,P0197,1
OI0018404,O009030,P0123,1
OI0018405,O009031,P0291,1
OI0018406,O009032,P0281,2
OI0018407,O009032,P0102,1
OI0018408,O009032,P0016,1
OI0018409,O009033,P0237,1
OI0018410,O009033,P0179,1
OI0018411,O009033,P0134,1
OI0018412,O009034,P0042,1
OI0018413,O009035,P0037,1
OI0018414,O009036,P0130,1
OI0018415,O009037,P0022,1
OI0018416,O009037,P0170,1
OI0018417,O009038,P0193,1
OI0018418,O009038,P0160,1
OI0018419,O009038,P0083,1
OI0018420,O009038,P0231,1
OI0018421,O009039,P0290,1
OI0018422,O009040,P0262,1
OI0018423,O009040,P0003,1
OI0018424,O009040,P0017,1
OI0018425,O009040,P0164,2
OI0018426,O009041,P0079,1
OI0018427,O009042,P0015,1
OI0018428,O009043,P0061,1
OI0018429,O009043,P0222,1
OI0018430,O009043,P0025,2
OI0018431,O009043,P0075,2
OI0018432,O009044,P0083,1
OI0018433,O009044,P0295,2
OI0018434,O009044,P0049,1
OI0018435,O009045,P0266,1
OI0018436,O009045,P0249,2
OI0018437,O009046,P0235,1
OI0018438,O009046,P0122,1
OI0018439,O009046,P0134,1
OI0018440,O009047,P0147,1
OI0018441,O009048,P0229,1
OI0018442,O009048,P0057,1
OI0018443,O009048,P0098,1
OI0018444,O009049,P0033,1
OI0018445,O009050,P0275,2
OI0018446,O009051,P0271,1
OI0018447,O009051,P0264,1
OI0018448,O009052,P0007,2
OI0018449,O009053,P0180,1
OI0018450,O009053,P0091,2
OI0018451,O009054,P0047,1
OI0018452,O009054,P0268,3
OI0018453,O009054,P0080,1
OI0018454,O009055,P0178,1
OI0018455,O009055,P0085,1
OI0018456,O009056,P0240,1
OI0018457,O009057,P0258,1
OI0018458,O009057,P0037,1
OI0018459,O009057,P0016,1
OI0018460,O009057,P0295,1
OI0018461,O009058,P0114,1
OI0018462,O009058,P0122,2
OI0018463,O009058,P0031,2
OI0018464,O009058,P0081,1
OI0018465,O009059,P0047,1
OI0018466,O009059,P0136,1
OI0018467,O009059,P0104,2
OI0018468,O009060,P0187,2
OI0018469,O009061,P0281,2
OI0018470,O009061,P0086,1
OI0018471,O009062,P0242,1
OI0018472,O009062,P0015,1
OI0018473,O009063,P0129,1
OI0018474,O009063,P0281,1
OI0018475,O009064,P0258,1
OI0018476,O009065,P0283,1
OI0018477,O009065,P0202,1
OI0018478,O009066,P0287,1
OI0018479,O009067,P0146,1
OI0018480,O009067,P0201,1
OI0018481,O009068,P0236,1
OI0018482,O009068,P0299,1
OI0018483,O009068,P0180,1
OI0018484,O009068,P0192,1
OI0018485,O009069,P0226,1
OI0018486,O009070,P0195,1
OI0018487,O009071,P0250,2
OI0018488,O009071,P0036,2
OI0018489,O009071,P0142,3
OI0018490,O009072,P0021,1
OI0018491,O009073,P0133,1
OI0018492,O009074,P0034,1
OI0018493,O009074,P0204,3
OI0018494,O009075,P0124,1
OI0018495,O009075,P0211,1
OI0018496,O009075,P0208,1
OI0018497,O009076,P0181,1
OI0018498,O009076,P0172,1
OI0018499,O009077,P0259,1
OI0018500,O009077,P0061,1
OI0018501,O009078,P0093,1
OI0018502,O009078,P0280,1
OI0018503,O009079,P0126,3
OI0018504,O009079,P0291,2
OI0018505,O009080,P0248,2
OI0018506,O009080,P0051,1
OI0018507,O009081,P0136,1
OI0018508,O009081,P0070,1
OI0018509,O009082,P0009,2
OI0018510,O009083,P0185,2
OI0018511,O009084,P0270,1
OI0018512,O009084,P0023,2
OI0018513,O009085,P0283,1
OI0018514,O009085,P0099,1
OI0018515,O009086,P0230,1
OI0018516,O009086,P0173,1
OI0018517,O009087,P0049,1
OI0018518,O009087,P0080,1
OI0018519,O009088,P0174,1
OI0018520,O009089,P0223,1
OI0018521,O009089,P0025,1
OI0018522,O009090,P0279,1
OI0018523,O009090,P0170,1
OI0018524,O009091,P0105,2
OI0018525,O009091,P0128,1
OI0018526,O009091,P0108,1
OI0018527,O009092,P0175,1
OI0018528,O009093,P0185,1
OI0018529,O009094,P0285,1
OI0018530,O009094,P0039,1
OI0018531,O009094,P0142,2
OI0018532,O009095,P0157,2
OI0018533,O009095,P0120,1
OI0018534,O009095,P0159,1
OI0018535,O009095,P0256,1
OI0018536,O009096,P0058,1
OI0018537,O009097,P0269,1
OI0018538,O009097,P0119,1
OI0018539,O009098,P0237,1
OI0018540,O009098,P0111,1
OI0018541,O009099,P0287,1
OI0018542,O009100,P0023,1
OI0018543,O009100,P0259,1
OI0018544,O009100,P0037,3
OI0018545,O009101,P0100,2
OI0018546,O009101,P0115,3
OI0018547,O009101,P0281,1
OI0018548,O009102,P0208,1
OI0018549,O009102,P0080,1
OI0018550,O009102,P0053,2
OI0018551,O009102,P0209,2
OI0018552,O009103,P0083,1
OI0018553,O009103,P0114,1
OI0018554,O009103,P0120,1
OI0018555,O009104,P0212,1
OI0018556,O009105,P0004,2
OI0018557,O009105,P0153,2
OI0018558,O009106,P0074,2
OI0018559,O009106,P0106,1
OI0018560,O009107,P0127,1
OI0018561,O009107,P0243,3
OI0018562,O009107,P0058,1
OI0018563,O009107,P0027,2
OI0018564,O009108,P0256,1
OI0018565,O009108,P0289,1
OI0018566,O009109,P0088,1
OI0018567,O009110,P0196,1
OI0018568,O009110,P0120,1
OI0018569,O009111,P0062,1
OI0018570,O009111,P0221,3
OI0018571,O009111,P0299,1
OI0018572,O009112,P0074,2
OI0018573,O009112,P0077,1
OI0018574,O009112,P0073,1
OI0018575,O009113,P0190,1
OI0018576,O009113,P0088,1
OI0018577,O009114,P0248,3
OI0018578,O009114,P0082,1
OI0018579,O009114,P0022,1
OI0018580,O009115,P0247,1
OI0018581,O009115,P0159,1
OI0018582,O009115,P0160,1
OI0018583,O009116,P0250,1
OI0018584,O009116,P0142,1
OI0018585,O009116,P0275,1
OI0018586,O009116,P0072,1
OI0018587,O009117,P0053,1
OI0018588,O009117,P0272,1
OI0018589,O009118,P0087,2
OI0018590,O009118,P0216,2
OI0018591,O009118,P0150,1
OI0018592,O009119,P0175,1
OI0018593,O009120,P0050,1
OI0018594,O009120,P0037,1
OI0018595,O009121,P0075,1
OI0018596,O009121,P0021,1
OI0018597,O009122,P0121,1
OI0018598,O009123,P0232,1
OI0018599,O009124,P0297,2
OI0018600,O009124,P0094,1
OI0018601,O009125,P0278,1
OI0018602,O009126,P0096,1
OI0018603,O009126,P0139,1
OI0018604,O009127,P0011,3
OI0018605,O009127,P0217,1
OI0018606,O009128,P0246,3
OI0018607,O009129,P0086,3
OI0018608,O009130,P0182,2
OI0018609,O009130,P0291,2
OI0018610,O009130,P0271,1
OI0018611,O009131,P0080,2
OI0018612,O009131,P0143,1
OI0018613,O009131,P0278,3
OI0018614,O009132,P0005,1
OI0018615,O009133,P0080,1
OI0018616,O009134,P0284,1
OI0018617,O009134,P0122,2
OI0018618,O009135,P0300,1
OI0018619,O009135,P0082,1
OI0018620,O009136,P0144,3
OI0018621,O009136,P0249,1
OI0018622,O009137,P0243,3
OI0018623,O009137,P0279,1
OI0018624,O009138,P0163,1
OI0018625,O009138,P0208,1
OI0018626,O009139,P0293,1
OI0018627,O009139,P0282,1
OI0018628,O009140,P0033,1
OI0018629,O009141,P0290,1
OI0018630,O009142,P0190,1
OI0018631,O009142,P0268,1
OI0018632,O009142,P0104,2
OI0018633,O009143,P0183,1
OI0018634,O009143,P0092,1
OI0018635,O009144,P0057,1
OI0018636,O009145,P0242,1
OI0018637,O009145,P0050,2
OI0018638,O009145,P0053,2
OI0018639,O009146,P0161,1
OI0018640,O009146,P0180,1
OI0018641,O009146,P0109,1
OI0018642,O009147,P0116,2
OI0018643,O009147,P0140,1
OI0018644,O009148,P0232,1
OI0018645,O009148,P0108,1
OI0018646,O009149,P0202,3
OI0018647,O009150,P0265,1
OI0018648,O009150,P0230,1
OI0018649,O009150,P0177,1
OI0018650,O009151,P0252,1
OI0018651,O009152,P0037,1
OI0018652,O009152,P0008,1
OI0018653,O009152,P0116,2
OI0018654,O009153,P0069,2
OI0018655,O009153,P0214,1
OI0018656,O009154,P0067,1
OI0018657,O009154,P0086,2
OI0018658,O009155,P0204,1
OI0018659,O009155,P0024,2
OI0018660,O009155,P0146,3
OI0018661,O009156,P0194,1
OI0018662,O009156,P0164,1
OI0018663,O009157,P0148,2
OI0018664,O009157,P0247,1
OI0018665,O009157,P0087,2
OI0018666,O009157,P0006,1
OI0018667,O009158,P0017,2
OI0018668,O009159,P0213,1
OI0018669,O009159,P0028,1
OI0018670,O009160,P0166,1
OI0018671,O009160,P0142,1
OI0018672,O009161,P0234,1
OI0018673,O009161,P0012,1
OI0018674,O009161,P0272,2
OI0018675,O009162,P0023,2
OI0018676,O009163,P0081,1
OI0018677,O009163,P0249,1
OI0018678,O009164,P0183,1
OI0018679,O009164,P0052,1
OI0018680,O009165,P0210,2
OI0018681,O009165,P0043,3
OI0018682,O009165,P0171,2
OI0018683,O009166,P0029,1
OI0018684,O009167,P0196,1
OI0018685,O009167,P0292,2
OI0018686,O009167,P0246,1
OI0018687,O009167,P0281,1
OI0018688,O009168,P0061,1
OI0018689,O009168,P0206,1
OI0018690,O009169,P0031,3
OI0018691,O009170,P0285,1
OI0018692,O009170,P0227,1
OI0018693,O009170,P0008,2
OI0018694,O009171,P0293,3
OI0018695,O009171,P0215,2
OI0018696,O009172,P0063,2
OI0018697,O009172,P0090,2
OI0018698,O009173,P0042,3
OI0018699,O009174,P0299,2
OI0018700,O009175,P0002,1
OI0018701,O009175,P0028,1
OI0018702,O009176,P0192,1
OI0018703,O009176,P0170,1
OI0018704,O009176,P0096,1
OI0018705,O009176,P0282,2
OI0018706,O009177,P0151,2
OI0018707,O009178,P0006,3
OI0018708,O009178,P0001,2
OI0018709,O009179,P0221,1
OI0018710,O009179,P0139,1
OI0018711,O009180,P0210,1
OI0018712,O009180,P0126,2
OI0018713,O009180,P0281,1
OI0018714,O009181,P0212,1
OI0018715,O009181,P0229,2
OI0018716,O009181,P0051,2
OI0018717,O009182,P0106,1
OI0018718,O009182,P0009,1
OI0018719,O009182,P0252,2
OI0018720,O009183,P0058,3
OI0018721,O009184,P0155,1
OI0018722,O009184,P0045,1
OI0018723,O009185,P0106,1
OI0018724,O009185,P0057,1
OI0018725,O009186,P0256,1
OI0018726,O009186,P0022,3
OI0018727,O009187,P0061,1
OI0018728,O009187,P0053,1
OI0018729,O009187,P0013,1
OI0018730,O009188,P0209,1
OI0018731,O009188,P0239,2
OI0018732,O009188,P0222,1
OI0018733,O009189,P0026,1
OI0018734,O009189,P0127,1
OI0018735,O009189,P0085,1
OI0018736,O009190,P0138,1
OI0018737,O009190,P0111,3
OI0018738,O009190,P0137,1
OI0018739,O009190,P0165,1
OI0018740,O009191,P0220,1
OI0018741,O009192,P0089,1
OI0018742,O009192,P0261,3
OI0018743,O009193,P0044,3
OI0018744,O009194,P0294,1
OI0018745,O009194,P0177,1
OI0018746,O009195,P0103,1
OI0018747,O009195,P0146,1
OI0018748,O009195,P0019,3
OI0018749,O009196,P0287,1
OI0018750,O009197,P0091,1
OI0018751,O009197,P0222,1
OI0018752,O009197,P0245,2
OI0018753,O009197,P0292,3
OI0018754,O009198,P0225,1
OI0018755,O009199,P0300,1
OI0018756,O009200,P0026,1
OI0018757,O009200,P0198,1
OI0018758,O009201,P0299,3
OI0018759,O009202,P0112,2
OI0018760,O009202,P0013,2
OI0018761,O009202,P0063,1
OI0018762,O009202,P0139,1
OI0018763,O009203,P0252,2
OI0018764,O009204,P0265,1
OI0018765,O009204,P0064,2
OI0018766,O009204,P0234,1
OI0018767,O009204,P0274,3
OI0018768,O009205,P0111,1
OI0018769,O009206,P0241,1
OI0018770,O009207,P0238,1
OI0018771,O009208,P0093,2
OI0018772,O009208,P0268,1
OI0018773,O009208,P0087,1
OI0018774,O009208,P0227,1
OI0018775,O009209,P0289,3
OI0018776,O009209,P0034,1
OI0018777,O009210,P0092,1
OI0018778,O009211,P0158,1
OI0018779,O009212,P0169,1
OI0018780,O009212,P0266,2
OI0018781,O009213,P0082,2
OI0018782,O009214,P0004,3
OI0018783,O009215,P0188,3
OI0018784,O009216,P0176,3
OI0018785,O009216,P0151,3
OI0018786,O009217,P0153,1
OI0018787,O009218,P0289,1
OI0018788,O009218,P0260,1
OI0018789,O009218,P0072,1
OI0018790,O009219,P0113,1
OI0018791,O009220,P0117,1
OI0018792,O009221,P0277,1
OI0018793,O009221,P0064,1
OI0018794,O009222,P0173,1
OI0018795,O009222,P0230,3
OI0018796,O009222,P0207,2
OI0018797,O009222,P0258,1
OI0018798,O009223,P0229,1
OI0018799,O009224,P0064,2
OI0018800,O009224,P0083,1
OI0018801,O009225,P0298,2
OI0018802,O009225,P0124,2
OI0018803,O009226,P0046,3
OI0018804,O009226,P0233,1
OI0018805,O009227,P0152,1
OI0018806,O009228,P0174,1
OI0018807,O009228,P0268,1
OI0018808,O009228,P0189,2
OI0018809,O009229,P0044,1
OI0018810,O009229,P0085,2
OI0018811,O009229,P0065,2
OI0018812,O009229,P0047,2
OI0018813,O009230,P0183,1
OI0018814,O009230,P0295,1
OI0018815,O009230,P0294,1
OI0018816,O009231,P0249,1
OI0018817,O009232,P0285,1
OI0018818,O009232,P0096,1
OI0018819,O009232,P0284,2
OI0018820,O009232,P0069,1
OI0018821,O009233,P0125,1
OI0018822,O009233,P0104,1
OI0018823,O009233,P0298,1
OI0018824,O009234,P0200,1
OI0018825,O009234,P0185,1
OI0018826,O009235,P0076,2
OI0018827,O009235,P0130,1
OI0018828,O009235,P0236,1
OI0018829,O009236,P0058,1
OI0018830,O009236,P0016,2
OI0018831,O009236,P0187,2
OI0018832,O009236,P0003,2
OI0018833,O009237,P0089,1
OI0018834,O009238,P0148,1
OI0018835,O009238,P0029,1
OI0018836,O009239,P0197,1
OI0018837,O009240,P0174,3
OI0018838,O009241,P0008,1
OI0018839,O009241,P0154,1
OI0018840,O009241,P0025,1
OI0018841,O009242,P0131,1
OI0018842,O009242,P0273,2
OI0018843,O009243,P0157,3
OI0018844,O009243,P0229,1
OI0018845,O009243,P0093,1
OI0018846,O009244,P0030,1
OI0018847,O009245,P0127,2
OI0018848,O009245,P0061,1
OI0018849,O009246,P0201,1
OI0018850,O009246,P0281,1
OI0018851,O009246,P0104,2
OI0018852,O009246,P0016,1
OI0018853,O009247,P0233,2
OI0018854,O009248,P0193,1
OI0018855,O009249,P0114,1
OI0018856,O009249,P0125,2
OI0018857,O009250,P0264,2
OI0018858,O009251,P0207,1
OI0018859,O009252,P0202,1
OI0018860,O009252,P0082,1
OI0018861,O009252,P0300,1
OI0018862,O009253,P0055,3
OI0018863,O009254,P0113,1
OI0018864,O009254,P0079,1
OI0018865,O009255,P0151,2
OI0018866,O009255,P0159,1
OI0018867,O009256,P0283,1
OI0018868,O009256,P0231,1
OI0018869,O009257,P0212,1
OI0018870,O009257,P0008,2
OI0018871,O009258,P0044,1
OI0018872,O009258,P0118,2
OI0018873,O009259,P0088,2
OI0018874,O009260,P0109,1
OI0018875,O009260,P0235,1
OI0018876,O009261,P0075,2
OI0018877,O009261,P0146,1
OI0018878,O009261,P0240,1
OI0018879,O009261,P0292,1
OI0018880,O009262,P0248,1
OI0018881,O009263,P0077,2
OI0018882,O009263,P0160,1
OI0018883,O009263,P0013,1
OI0018884,O009264,P0017,1
OI0018885,O009264,P0077,1
OI0018886,O009264,P0089,1
OI0018887,O009264,P0281,1
OI0018888,O009265,P0154,1
OI0018889,O009266,P0287,2
OI0018890,O009266,P0186,1
OI0018891,O009266,P0262,1
OI0018892,O009267,P0036,1
OI0018893,O009268,P0290,1
OI0018894,O009269,P0104,2
OI0018895,O009269,P0216,1
OI0018896,O009270,P0172,2
OI0018897,O009271,P0293,2
OI0018898,O009271,P0187,1
OI0018899,O009272,P0088,3
OI0018900,O009272,P0229,1
OI0018901,O009272,P0289,2
OI0018902,O009273,P0137,1
OI0018903,O009273,P0236,1
OI0018904,O009273,P0072,2
OI0018905,O009273,P0039,1
OI0018906,O009274,P0080,2
OI0018907,O009275,P0042,1
OI0018908,O009276,P0253,1
OI0018909,O009276,P0127,1
OI0018910,O009277,P0264,1
OI0018911,O009278,P0268,1
OI0018912,O009279,P0272,1
OI0018913,O009279,P0190,3
OI0018914,O009280,P0002,1
OI0018915,O009281,P0248,1
OI0018916,O009281,P0157,1
OI0018917,O009281,P0065,1
OI0018918,O009281,P0246,1
OI0018919,O009282,P0063,2
OI0018920,O009282,P0094,1
OI0018921,O009283,P0237,1
OI0018922,O009283,P0016,2
OI0018923,O009283,P0071,2
OI0018924,O009284,P0035,2
OI0018925,O009285,P0089,1
OI0018926,O009285,P0032,2
OI0018927,O009286,P0175,2
OI0018928,O009286,P0050,3
OI0018929,O009286,P0288,1
OI0018930,O009286,P0173,1
OI0018931,O009287,P0289,1
OI0018932,O009288,P0047,2
OI0018933,O009288,P0033,1
OI0018934,O009288,P0129,2
OI0018935,O009289,P0272,1
OI0018936,O009290,P0042,1
OI0018937,O009290,P0206,1
OI0018938,O009291,P0300,2
OI0018939,O009291,P0012,1
OI0018940,O009292,P0213,2
OI0018941,O009293,P0059,1
OI0018942,O009293,P0081,1
OI0018943,O009293,P0204,2
OI0018944,O009294,P0277,2
OI0018945,O009295,P0257,1
OI0018946,O009295,P0268,1
OI0018947,O009295,P0103,1
OI0018948,O009295,P0077,1
OI0018949,O009296,P0047,1
OI0018950,O009296,P0065,1
OI0018951,O009297,P0180,1
OI0018952,O009297,P0208,1
OI0018953,O009298,P0167,1
OI0018954,O009299,P0073,1
OI0018955,O009299,P0170,1
OI0018956,O009300,P0183,1
OI0018957,O009300,P0124,2
OI0018958,O009300,P0253,2
OI0018959,O009300,P0022,1
OI0018960,O009301,P0082,1
OI0018961,O009301,P0280,3
OI0018962,O009301,P0032,2
OI0018963,O009302,P0275,1
OI0018964,O009303,P0039,1
OI0018965,O009304,P0043,2
OI0018966,O009305,P0272,2
OI0018967,O009305,P0060,1
OI0018968,O009306,P0288,2
OI0018969,O009306,P0222,1
OI0018970,O009307,P0248,1
OI0018971,O009307,P0007,1
OI0018972,O009307,P0284,1
OI0018973,O009307,P0260,1
OI0018974,O009308,P0218,2
OI0018975,O009308,P0072,2
OI0018976,O009308,P0059,1
OI0018977,O009309,P0154,2
OI0018978,O009309,P0012,1
OI0018979,O009309,P0131,1
OI0018980,O009310,P0024,1
OI0018981,O009310,P0018,1
OI0018982,O009310,P0243,1
OI0018983,O009311,P0085,1
OI0018984,O009311,P0162,2
OI0018985,O009312,P0034,2
OI0018986,O009313,P0051,2
OI0018987,O009313,P0182,1
OI0018988,O009313,P0143,1
OI0018989,O009313,P0201,2
OI0018990,O009314,P0133,1
OI0018991,O009315,P0183,2
OI0018992,O009315,P0241,1
OI0018993,O009316,P0029,1
OI0018994,O009317,P0110,2
OI0018995,O009317,P0201,2
OI0018996,O009318,P0293,1
OI0018997,O009318,P0240,1
OI0018998,O009318,P0099,1
OI0018999,O009318,P0056,1
OI0019000,O009319,P0249,1
OI0019001,O009319,P0277,1
OI0019002,O009319,P0132,1
OI0019003,O009319,P0042,1
OI0019004,O009320,P0130,2
OI0019005,O009320,P0117,1
OI0019006,O009320,P0189,2
OI0019007,O009320,P0097,2
OI0019008,O009321,P0137,1
OI0019009,O009322,P0130,2
OI0019010,O009322,P0014,1
OI0019011,O009322,P0234,1
OI0019012,O009323,P0285,1
OI0019013,O009324,P0001,2
OI0019014,O009324,P0211,2
OI0019015,O009325,P0167,2
OI0019016,O009325,P0146,1
OI0019017,O009325,P0153,1
OI0019018,O009326,P0298,1
OI0019019,O009326,P0275,1
OI0019020,O009327,P0214,1
OI0019021,O009328,P0002,3
OI0019022,O009328,P0062,1
OI0019023,O009328,P0172,1
OI0019024,O009329,P0249,1
OI0019025,O009329,P0049,1
OI0019026,O009330,P0274,1
OI0019027,O009330,P0074,3
OI0019028,O009330,P0210,2
OI0019029,O009331,P0107,2
OI0019030,O009331,P0160,1
OI0019031,O009332,P0252,1
OI0019032,O009333,P0067,1
OI0019033,O009334,P0197,1
OI0019034,O009334,P0152,1
OI0019035,O009334,P0165,1
OI0019036,O009335,P0023,1
OI0019037,O009336,P0231,2
OI0019038,O009337,P0173,3
OI0019039,O009337,P0152,1
OI0019040,O009337,P0199,1
OI0019041,O009337,P0033,1
OI0019042,O009338,P0186,1
OI0019043,O009338,P0126,1
OI0019044,O009339,P0049,1
OI0019045,O009340,P0135,1
OI0019046,O009340,P0181,1
OI0019047,O009341,P0176,1
OI0019048,O009341,P0259,3
OI0019049,O009341,P0080,1
OI0019050,O009342,P0088,1
OI0019051,O009342,P0073,2
OI0019052,O009342,P0075,1
OI0019053,O009343,P0173,1
OI0019054,O009343,P0137,1
OI0019055,O009344,P0208,1
OI0019056,O009344,P0127,2
OI0019057,O009345,P0113,1
OI0019058,O009345,P0128,1
OI0019059,O009346,P0176,1
OI0019060,O009346,P0041,1
OI0019061,O009346,P0232,2
OI0019062,O009347,P0165,2
OI0019063,O009347,P0001,1
OI0019064,O009347,P0125,2
OI0019065,O009348,P0128,3
OI0019066,O009348,P0243,1
OI0019067,O009349,P0274,2
OI0019068,O009349,P0078,2
OI0019069,O009349,P0090,2
OI0019070,O009350,P0131,1
OI0019071,O009350,P0110,1
OI0019072,O009351,P0268,1
OI0019073,O009351,P0080,3
OI0019074,O009351,P0163,2
OI0019075,O009352,P0260,1
OI0019076,O009352,P0126,1
OI0019077,O009353,P0285,1
OI0019078,O009353,P0249,1
OI0019079,O009353,P0006,2
OI0019080,O009354,P0162,1
OI0019081,O009355,P0110,3
OI0019082,O009355,P0043,1
OI0019083,O009356,P0087,2
OI0019084,O009356,P0034,1
OI0019085,O009356,P0143,1
OI0019086,O009357,P0023,1
OI0019087,O009357,P0172,1
OI0019088,O009358,P0037,1
OI0019089,O009359,P0288,1
OI0019090,O009359,P0265,3
OI0019091,O009359,P0229,1
OI0019092,O009360,P0130,1
OI0019093,O009360,P0086,2
OI0019094,O009360,P0140,1
OI0019095,O009360,P0282,3
OI0019096,O009361,P0135,3
OI0019097,O009361,P0108,2
OI0019098,O009361,P0129,3
OI0019099,O009362,P0284,1
OI0019100,O009362,P0157,1
OI0019101,O009363,P0140,3
OI0019102,O009364,P0177,1
OI0019103,O009364,P0020,1
OI0019104,O009365,P0089,1
OI0019105,O009365,P0051,1
OI0019106,O009365,P0119,2
OI0019107,O009365,P0214,1
OI0019108,O009366,P0270,1
OI0019109,O009366,P0119,1
OI0019110,O009366,P0048,3
OI0019111,O009366,P0279,1
OI0019112,O009367,P0221,1
OI0019113,O009367,P0003,1
OI0019114,O009367,P0227,3
OI0019115,O009368,P0086,3
OI0019116,O009369,P0079,3
OI0019117,O009369,P0273,1
OI0019118,O009370,P0024,1
OI0019119,O009370,P0094,2
OI0019120,O009371,P0293,1
OI0019121,O009371,P0116,1
OI0019122,O009372,P0267,1
OI0019123,O009372,P0216,1
OI0019124,O009372,P0058,1
OI0019125,O009372,P0240,1
OI0019126,O009373,P0077,1
OI0019127,O009373,P0229,1
OI0019128,O009374,P0300,3
OI0019129,O009374,P0214,1
OI0019130,O009374,P0173,1
OI0019131,O009375,P0066,2
OI0019132,O009375,P0215,1
OI0019133,O009375,P0172,1
OI0019134,O009375,P0208,1
OI0019135,O009376,P0130,1
OI0019136,O009376,P0012,2
OI0019137,O009377,P0213,1
OI0019138,O009377,P0032,1
OI0019139,O009377,P0206,3
OI0019140,O009377,P0085,1
OI0019141,O009378,P0236,1
OI0019142,O009378,P0163,1
OI0019143,O009379,P0115,2
OI0019144,O009380,P0022,2
OI0019145,O009380,P0292,1
OI0019146,O009381,P0207,2
OI0019147,O009381,P0032,1
OI0019148,O009382,P0115,2
OI0019149,O009382,P0113,1
OI0019150,O009383,P0295,1
OI0019151,O009384,P0002,1
OI0019152,O009385,P0212,2
OI0019153,O009386,P0229,1
OI0019154,O009387,P0162,1
OI0019155,O009387,P0127,1
OI0019156,O009388,P0206,1
OI0019157,O009389,P0137,1
OI0019158,O009389,P0086,2
OI0019159,O009389,P0147,1
OI0019160,O009389,P0229,1
OI0019161,O009390,P0150,2
OI0019162,O009391,P0191,2
OI0019163,O009391,P0117,2
OI0019164,O009392,P0004,1
OI0019165,O009393,P0261,1
OI0019166,O009394,P0113,1
OI0019167,O009395,P0007,2
OI0019168,O009395,P0279,2
OI0019169,O009396,P0159,1
OI0019170,O009396,P0148,1
OI0019171,O009397,P0110,3
OI0019172,O009397,P0203,2
OI0019173,O009398,P0089,1
OI0019174,O009398,P0142,1
OI0019175,O009398,P0087,1
OI0019176,O009399,P0276,1
OI0019177,O009400,P0230,1
OI0019178,O009401,P0008,1
OI0019179,O009402,P0067,1
OI0019180,O009402,P0256,1
OI0019181,O009403,P0098,1
OI0019182,O009403,P0243,1
OI0019183,O009404,P0272,2
OI0019184,O009405,P0051,1
OI0019185,O009405,P0201,1
OI0019186,O009406,P0231,2
OI0019187,O009406,P0006,1
OI0019188,O009407,P0199,1
OI0019189,O009408,P0292,3
OI0019190,O009408,P0149,1
OI0019191,O009409,P0261,1
OI0019192,O009409,P0098,1
OI0019193,O009409,P0028,1
OI0019194,O009409,P0114,1
OI0019195,O009410,P0023,1
OI0019196,O009411,P0032,2
OI0019197,O009411,P0177,1
OI0019198,O009411,P0147,1
OI0019199,O009412,P0114,1
OI0019200,O009412,P0046,1
OI0019201,O009413,P0174,1
OI0019202,O009414,P0006,1
OI0019203,O009414,P0207,1
OI0019204,O009415,P0046,1
OI0019205,O009415,P0179,1
OI0019206,O009415,P0056,3
OI0019207,O009416,P0070,1
OI0019208,O009416,P0184,2
OI0019209,O009417,P0211,2
OI0019210,O009417,P0184,1
OI0019211,O009417,P0093,1
OI0019212,O009418,P0241,3
OI0019213,O009418,P0113,1
OI0019214,O009418,P0287,1
OI0019215,O009419,P0119,1
OI0019216,O009420,P0192,1
OI0019217,O009420,P0210,2
OI0019218,O009420,P0267,1
OI0019219,O009421,P0109,1
OI0019220,O009422,P0043,1
OI0019221,O009422,P0143,1
OI0019222,O009422,P0135,1
OI0019223,O009422,P0296,1
OI0019224,O009423,P0126,3
OI0019225,O009424,P0258,2
OI0019226,O009425,P0165,1
OI0019227,O009425,P0097,1
OI0019228,O009426,P0033,1
OI0019229,O009426,P0236,1
OI0019230,O009427,P0199,1
OI0019231,O009428,P0035,1
OI0019232,O009429,P0172,2
OI0019233,O009429,P0081,1
OI0019234,O009429,P0168,1
OI0019235,O009430,P0027,2
OI0019236,O009430,P0205,1
OI0019237,O009430,P0296,1
OI0019238,O009430,P0265,1
OI0019239,O009431,P0182,1
OI0019240,O009431,P0192,1
OI0019241,O009431,P0272,1
OI0019242,O009431,P0107,1
OI0019243,O009432,P0234,2
OI0019244,O009432,P0007,1
OI0019245,O009432,P0262,1
OI0019246,O009433,P0054,1
OI0019247,O009433,P0200,2
OI0019248,O009434,P0266,1
OI0019249,O009435,P0006,1
OI0019250,O009435,P0070,2
OI0019251,O009436,P0039,3
OI0019252,O009436,P0280,1
OI0019253,O009436,P0090,2
OI0019254,O009436,P0093,1
OI0019255,O009437,P0297,1
OI0019256,O009437,P0298,1
OI0019257,O009438,P0162,1
OI0019258,O009438,P0016,2
OI0019259,O009438,P0293,3
OI0019260,O009439,P0278,1
OI0019261,O009439,P0144,1
OI0019262,O009440,P0159,2
OI0019263,O009441,P0051,1
OI0019264,O009441,P0283,1
OI0019265,O009442,P0071,2
OI0019266,O009442,P0079,1
OI0019267,O009442,P0046,2
OI0019268,O009443,P0119,1
OI0019269,O009444,P0069,2
OI0019270,O009444,P0249,1
OI0019271,O009445,P0116,1
OI0019272,O009445,P0222,1
OI0019273,O009445,P0073,1
OI0019274,O009446,P0261,1
OI0019275,O009446,P0036,1
OI0019276,O009446,P0274,1
OI0019277,O009447,P0299,2
OI0019278,O009447,P0128,1
OI0019279,O009447,P0226,3
OI0019280,O009448,P0157,1
OI0019281,O009448,P0045,1
OI0019282,O009449,P0122,1
OI0019283,O009450,P0044,1
OI0019284,O009450,P0296,1
OI0019285,O009451,P0104,3
OI0019286,O009451,P0252,3
OI0019287,O009452,P0245,1
OI0019288,O009452,P0146,3
OI0019289,O009453,P0180,1
OI0019290,O009453,P0299,3
OI0019291,O009454,P0063,1
OI0019292,O009454,P0185,1
OI0019293,O009454,P0199,1
OI0019294,O009454,P0234,1
OI0019295,O009455,P0004,2
OI0019296,O009455,P0123,1
OI0019297,O009456,P0004,1
OI0019298,O009457,P0191,1
OI0019299,O009457,P0222,1
OI0019300,O009458,P0175,1
OI0019301,O009459,P0055,1
OI0019302,O009459,P0028,1
OI0019303,O009460,P0270,2
OI0019304,O009460,P0071,1
OI0019305,O009461,P0289,1
OI0019306,O009461,P0169,1
OI0019307,O009461,P0238,1
OI0019308,O009462,P0286,3
OI0019309,O009463,P0180,1
OI0019310,O009463,P0028,1
OI0019311,O009464,P0025,1
OI0019312,O009464,P0181,2
OI0019313,O009464,P0276,2
OI0019314,O009465,P0152,2
OI0019315,O009465,P0197,1
OI0019316,O009465,P0040,1
OI0019317,O009466,P0107,1
OI0019318,O009466,P0118,2
OI0019319,O009467,P0292,2
OI0019320,O009467,P0099,1
OI0019321,O009467,P0130,2
OI0019322,O009467,P0051,2
OI0019323,O009468,P0214,1
OI0019324,O009468,P0226,1
OI0019325,O009469,P0169,1
OI0019326,O009469,P0291,3
OI0019327,O009469,P0276,1
OI0019328,O009470,P0132,1
OI0019329,O009471,P0171,1
OI0019330,O009471,P0207,2
OI0019331,O009472,P0103,1
OI0019332,O009472,P0200,2
OI0019333,O009473,P0256,1
OI0019334,O009473,P0036,2
OI0019335,O009474,P0269,1
OI0019336,O009474,P0274,1
OI0019337,O009475,P0250,3
OI0019338,O009475,P0128,1
OI0019339,O009475,P0097,1
OI0019340,O009476,P0140,1
OI0019341,O009476,P0222,1
OI0019342,O009476,P0049,1
OI0019343,O009477,P0005,2
OI0019344,O009477,P0124,1
OI0019345,O009478,P0121,3
OI0019346,O009478,P0273,1
OI0019347,O009478,P0046,1
OI0019348,O009479,P0040,2
OI0019349,O009480,P0088,1
OI0019350,O009480,P0298,3
OI0019351,O009481,P0108,1
OI0019352,O009481,P0213,1
OI0019353,O009481,P0034,1
OI0019354,O009482,P0103,1
OI0019355,O009482,P0023,1
OI0019356,O009483,P0219,1
OI0019357,O009484,P0264,1
OI0019358,O009484,P0249,1
OI0019359,O009485,P0035,1
OI0019360,O009485,P0010,1
OI0019361,O009486,P0186,1
OI0019362,O009486,P0001,1
OI0019363,O009487,P0097,3
OI0019364,O009487,P0212,3
OI0019365,O009487,P0217,1
OI0019366,O009487,P0144,1
OI0019367,O009488,P0251,1
OI0019368,O009488,P0123,1
OI0019369,O009488,P0069,1
OI0019370,O009489,P0012,1
OI0019371,O009489,P0019,1
OI0019372,O009489,P0254,1
OI0019373,O009490,P0168,3
OI0019374,O009491,P0225,1
OI0019375,O009492,P0074,1
OI0019376,O009492,P0040,1
OI0019377,O009492,P0137,1
OI0019378,O009493,P0263,1
OI0019379,O009493,P0152,1
OI0019380,O009493,P0219,1
OI0019381,O009494,P0128,1
OI0019382,O009494,P0259,1
OI0019383,O009495,P0116,1
OI0019384,O009495,P0104,1
OI0019385,O009496,P0257,1
OI0019386,O009496,P0024,1
OI0019387,O009497,P0219,1
OI0019388,O009497,P0259,1
OI0019389,O009497,P0186,3
OI0019390,O009498,P0046,3
OI0019391,O009499,P0204,1
OI0019392,O009499,P0272,1
OI0019393,O009500,P0077,1
OI0019394,O009501,P0089,1
OI0019395,O009501,P0163,1
OI0019396,O009501,P0289,1
OI0019397,O009501,P0137,1
OI0019398,O009502,P0044,1
OI0019399,O009502,P0083,1
OI0019400,O009502,P0064,1
OI0019401,O009503,P0285,1
OI0019402,O009503,P0230,2
OI0019403,O009503,P0242,1
OI0019404,O009504,P0043,1
OI0019405,O009505,P0104,1
OI0019406,O009505,P0020,1
OI0019407,O009506,P0069,1
OI0019408,O009507,P0212,1
OI0019409,O009507,P0051,1
OI0019410,O009508,P0258,1
OI0019411,O009509,P0042,1
OI0019412,O009510,P0187,2
OI0019413,O009511,P0134,1
OI0019414,O009511,P0160,3
OI0019415,O009511,P0074,1
OI0019416,O009511,P0185,2
OI0019417,O009512,P0051,1
OI0019418,O009513,P0280,1
OI0019419,O009513,P0091,1
OI0019420,O009514,P0001,1
OI0019421,O009514,P0122,1
OI0019422,O009514,P0106,1
OI0019423,O009515,P0283,2
OI0019424,O009516,P0207,1
OI0019425,O009517,P0045,1
OI0019426,O009517,P0178,2
OI0019427,O009517,P0019,1
OI0019428,O009518,P0235,1
OI0019429,O009518,P0044,1
OI0019430,O009519,P0008,1
OI0019431,O009520,P0184,3
OI0019432,O009521,P0090,1
OI0019433,O009521,P0205,1
OI0019434,O009522,P0252,1
OI0019435,O009522,P0095,1
OI0019436,O009522,P0098,1
OI0019437,O009523,P0243,1
OI0019438,O009524,P0294,2
OI0019439,O009524,P0036,1
OI0019440,O009525,P0158,1
OI0019441,O009526,P0019,1
OI0019442,O009527,P0014,3
OI0019443,O009528,P0046,1
OI0019444,O009528,P0214,1
OI0019445,O009528,P0207,1
OI0019446,O009528,P0281,2
OI0019447,O009529,P0247,1
OI0019448,O009529,P0127,1
OI0019449,O009530,P0252,2
OI0019450,O009531,P0196,1
OI0019451,O009531,P0269,1
OI0019452,O009532,P0102,1
OI0019453,O009532,P0186,3
OI0019454,O009532,P0001,1
OI0019455,O009533,P0141,2
OI0019456,O009534,P0007,1
OI0019457,O009534,P0242,1
OI0019458,O009534,P0184,2
OI0019459,O009535,P0210,1
OI0019460,O009535,P0102,2
OI0019461,O009536,P0119,2
OI0019462,O009536,P0172,3
OI0019463,O009536,P0079,1
OI0019464,O009537,P0183,1
OI0019465,O009538,P0153,2
OI0019466,O009539,P0243,2
OI0019467,O009539,P0205,1
OI0019468,O009540,P0092,1
OI0019469,O009540,P0169,1
OI0019470,O009541,P0078,1
OI0019471,O009541,P0040,3
OI0019472,O009541,P0065,1
OI0019473,O009541,P0001,1
OI0019474,O009542,P0293,1
OI0019475,O009543,P0025,1
OI0019476,O009543,P0172,1
OI0019477,O009544,P0290,2
OI0019478,O009545,P0219,1
OI0019479,O009546,P0222,1
OI0019480,O009546,P0031,3
OI0019481,O009546,P0219,1
OI0019482,O009546,P0259,3
OI0019483,O009547,P0103,1
OI0019484,O009547,P0174,1
OI0019485,O009547,P0249,1
OI0019486,O009548,P0293,1
OI0019487,O009548,P0286,1
OI0019488,O009549,P0130,1
OI0019489,O009549,P0139,2
OI0019490,O009550,P0035,3
OI0019491,O009551,P0029,2
OI0019492,O009551,P0155,1
OI0019493,O009552,P0271,2
OI0019494,O009552,P0008,2
OI0019495,O009553,P0259,2
OI0019496,O009554,P0079,2
OI0019497,O009554,P0167,1
OI0019498,O009555,P0040,1
OI0019499,O009555,P0069,1
OI0019500,O009556,P0123,1
OI0019501,O009557,P0186,2
OI0019502,O009558,P0231,1
OI0019503,O009559,P0081,3
OI0019504,O009559,P0182,1
OI0019505,O009560,P0236,3
OI0019506,O009560,P0158,1
OI0019507,O009560,P0250,1
OI0019508,O009561,P0157,1
OI0019509,O009561,P0237,1
OI0019510,O009561,P0131,3
OI0019511,O009562,P0119,1
OI0019512,O009563,P0141,1
OI0019513,O009563,P0060,1
OI0019514,O009564,P0126,1
OI0019515,O009564,P0236,3
OI0019516,O009564,P0261,1
OI0019517,O009564,P0039,1
OI0019518,O009565,P0173,2
OI0019519,O009566,P0108,1
OI0019520,O009566,P0134,1
OI0019521,O009566,P0197,1
OI0019522,O009567,P0192,1
OI0019523,O009567,P0163,1
OI0019524,O009568,P0185,2
OI0019525,O009569,P0027,1
OI0019526,O009569,P0169,1
OI0019527,O009570,P0106,2
OI0019528,O009571,P0270,2
OI0019529,O009571,P0161,1
OI0019530,O009571,P0141,1
OI0019531,O009572,P0289,2
OI0019532,O009573,P0092,1
OI0019533,O009574,P0074,1
OI0019534,O009574,P0084,1
OI0019535,O009574,P0293,1
OI0019536,O009574,P0119,1
OI0019537,O009575,P0222,2
OI0019538,O009575,P0108,1
OI0019539,O009576,P0274,1
OI0019540,O009576,P0228,2
OI0019541,O009576,P0181,1
OI0019542,O009577,P0262,2
OI0019543,O009577,P0067,1
OI0019544,O009577,P0159,2
OI0019545,O009578,P0034,1
OI0019546,O009578,P0300,1
OI0019547,O009579,P0115,3
OI0019548,O009579,P0217,1
OI0019549,O009580,P0230,1
OI0019550,O009581,P0077,1
OI0019551,O009581,P0054,1
OI0019552,O009582,P0041,2
OI0019553,O009582,P0086,1
OI0019554,O009583,P0292,1
OI0019555,O009583,P0261,1
OI0019556,O009584,P0137,1
OI0019557,O009584,P0189,1
OI0019558,O009585,P0087,1
OI0019559,O009585,P0066,3
OI0019560,O009586,P0236,1
OI0019561,O009586,P0017,2
OI0019562,O009587,P0132,1
OI0019563,O009587,P0064,1
OI0019564,O009587,P0162,1
OI0019565,O009588,P0089,1
OI0019566,O009588,P0262,2
OI0019567,O009588,P0102,1
OI0019568,O009588,P0101,3
OI0019569,O009589,P0169,1
OI0019570,O009589,P0117,3
OI0019571,O009590,P0135,1
OI0019572,O009590,P0132,1
OI0019573,O009590,P0015,1
OI0019574,O009591,P0136,1
OI0019575,O009591,P0113,1
OI0019576,O009592,P0136,2
OI0019577,O009592,P0262,3
OI0019578,O009592,P0096,3
OI0019579,O009592,P0184,1
OI0019580,O009593,P0191,1
OI0019581,O009593,P0023,1
OI0019582,O009594,P0268,1
OI0019583,O009594,P0150,1
OI0019584,O009595,P0234,2
OI0019585,O009596,P0198,2
OI0019586,O009596,P0152,1
OI0019587,O009596,P0028,1
OI0019588,O009596,P0229,1
OI0019589,O009597,P0194,2
OI0019590,O009598,P0189,1
OI0019591,O009598,P0160,1
OI0019592,O009599,P0061,1
OI0019593,O009599,P0206,1
OI0019594,O009599,P0218,1
OI0019595,O009599,P0215,1
OI0019596,O009600,P0049,1
OI0019597,O009600,P0051,2
OI0019598,O009601,P0099,2
OI0019599,O009601,P0268,2
OI0019600,O009601,P0226,1
OI0019601,O009602,P0283,1
OI0019602,O009603,P0288,2
OI0019603,O009603,P0206,1
OI0019604,O009603,P0145,1
OI0019605,O009604,P0107,2
OI0019606,O009604,P0026,1
OI0019607,O009604,P0206,2
OI0019608,O009605,P0288,3
OI0019609,O009606,P0008,1
OI0019610,O009607,P0101,1
OI0019611,O009607,P0177,1
OI0019612,O009607,P0009,1
OI0019613,O009608,P0007,1
OI0019614,O009608,P0294,1
OI0019615,O009609,P0220,2
OI0019616,O009609,P0194,1
OI0019617,O009610,P0292,1
OI0019618,O009610,P0095,1
OI0019619,O009610,P0056,1
OI0019620,O009611,P0225,1
OI0019621,O009611,P0107,1
OI0019622,O009612,P0205,2
OI0019623,O009613,P0249,1
OI0019624,O009613,P0172,2
OI0019625,O009613,P0246,1
OI0019626,O009613,P0103,1
OI0019627,O009614,P0027,1
OI0019628,O009615,P0221,1
OI0019629,O009615,P0103,1
OI0019630,O009615,P0119,1
OI0019631,O009615,P0138,1
OI0019632,O009616,P0126,1
OI0019633,O009616,P0028,1
OI0019634,O009617,P0102,1
OI0019635,O009617,P0237,1
OI0019636,O009618,P0174,1
OI0019637,O009618,P0254,3
OI0019638,O009618,P0107,1
OI0019639,O009618,P0015,1
OI0019640,O009619,P0035,1
OI0019641,O009619,P0235,1
OI0019642,O009620,P0247,1
OI0019643,O009621,P0296,2
OI0019644,O009621,P0235,1
OI0019645,O009622,P0144,1
OI0019646,O009622,P0092,1
OI0019647,O009622,P0241,1
OI0019648,O009623,P0123,3
OI0019649,O009624,P0267,1
OI0019650,O009625,P0137,1
OI0019651,O009625,P0113,1
OI0019652,O009625,P0117,3
OI0019653,O009625,P0020,1
OI0019654,O009626,P0063,2
OI0019655,O009626,P0034,1
OI0019656,O009626,P0150,1
OI0019657,O009627,P0120,1
OI0019658,O009627,P0210,1
OI0019659,O009628,P0177,2
OI0019660,O009629,P0213,1
OI0019661,O009629,P0068,2
OI0019662,O009630,P0045,1
OI0019663,O009630,P0228,1
OI0019664,O009631,P0276,1
OI0019665,O009632,P0196,1
OI0019666,O009632,P0039,2
OI0019667,O009632,P0027,1
OI0019668,O009633,P0215,1
OI0019669,O009634,P0011,1
OI0019670,O009635,P0207,1
OI0019671,O009635,P0210,2
OI0019672,O009635,P0261,1
OI0019673,O009636,P0107,3
OI0019674,O009636,P0299,1
OI0019675,O009637,P0257,2
OI0019676,O009637,P0080,1
OI0019677,O009638,P0107,1
OI0019678,O009638,P0055,1
OI0019679,O009639,P0195,1
OI0019680,O009639,P0185,1
OI0019681,O009639,P0032,1
OI0019682,O009639,P0053,2
OI0019683,O009640,P0173,1
OI0019684,O009640,P0188,2
OI0019685,O009640,P0064,1
OI0019686,O009641,P0190,1
OI0019687,O009642,P0292,1
OI0019688,O009642,P0141,1
OI0019689,O009643,P0051,1
OI0019690,O009643,P0014,1
OI0019691,O009644,P0092,1
OI0019692,O009645,P0085,2
OI0019693,O009646,P0267,1
OI0019694,O009647,P0112,2
OI0019695,O009647,P0222,1
OI0019696,O009647,P0208,2
OI0019697,O009647,P0173,2
OI0019698,O009648,P0094,2
OI0019699,O009648,P0177,2
OI0019700,O009649,P0065,2
OI0019701,O009649,P0259,1
OI0019702,O009649,P0177,2
OI0019703,O009649,P0297,1
OI0019704,O009650,P0070,1
OI0019705,O009651,P0082,1
OI0019706,O009651,P0021,1
OI0019707,O009651,P0300,1
OI0019708,O009651,P0297,1
OI0019709,O009652,P0253,1
OI0019710,O009652,P0168,1
OI0019711,O009653,P0167,1
OI0019712,O009653,P0030,2
OI0019713,O009654,P0013,1
OI0019714,O009655,P0079,1
OI0019715,O009655,P0174,1
OI0019716,O009655,P0033,1
OI0019717,O009656,P0256,1
OI0019718,O009657,P0223,1
OI0019719,O009657,P0120,1
OI0019720,O009658,P0283,1
OI0019721,O009658,P0100,2
OI0019722,O009659,P0152,1
OI0019723,O009659,P0256,2
OI0019724,O009659,P0253,1
OI0019725,O009660,P0053,1
OI0019726,O009661,P0125,3
OI0019727,O009661,P0005,1
OI0019728,O009662,P0002,1
OI0019729,O009662,P0006,1
OI0019730,O009662,P0034,1
OI0019731,O009662,P0025,3
OI0019732,O009663,P0194,1
OI0019733,O009664,P0299,1
OI0019734,O009664,P0105,2
OI0019735,O009665,P0271,2
OI0019736,O009665,P0152,2
OI0019737,O009665,P0010,2
OI0019738,O009666,P0270,2
OI0019739,O009667,P0181,1
OI0019740,O009668,P0161,3
OI0019741,O009669,P0234,1
OI0019742,O009670,P0142,1
OI0019743,O009670,P0295,1
OI0019744,O009671,P0257,2
OI0019745,O009672,P0232,1
OI0019746,O009672,P0205,1
OI0019747,O009673,P0159,2
OI0019748,O009673,P0046,2
OI0019749,O009674,P0049,2
OI0019750,O009674,P0120,1
OI0019751,O009674,P0121,2
OI0019752,O009675,P0286,3
OI0019753,O009675,P0227,1
OI0019754,O009676,P0251,2
OI0019755,O009677,P0097,1
OI0019756,O009678,P0158,2
OI0019757,O009678,P0274,2
OI0019758,O009679,P0238,1
OI0019759,O009679,P0122,2
OI0019760,O009679,P0255,2
OI0019761,O009680,P0159,1
OI0019762,O009680,P0292,1
OI0019763,O009681,P0199,1
OI0019764,O009681,P0048,1
OI0019765,O009681,P0126,1
OI0019766,O009682,P0175,3
OI0019767,O009682,P0210,1
OI0019768,O009683,P0142,1
OI0019769,O009684,P0049,1
OI0019770,O009685,P0046,1
OI0019771,O009686,P0007,1
OI0019772,O009686,P0233,1
OI0019773,O009687,P0167,1
OI0019774,O009688,P0105,2
OI0019775,O009688,P0073,1
OI0019776,O009688,P0231,2
OI0019777,O009688,P0177,1
OI0019778,O009689,P0229,1
OI0019779,O009689,P0212,1
OI0019780,O009690,P0108,1
OI0019781,O009690,P0249,1
OI0019782,O009691,P0059,1
OI0019783,O009691,P0176,1
OI0019784,O009692,P0164,1
OI0019785,O009693,P0285,1
OI0019786,O009693,P0278,1
OI0019787,O009694,P0101,1
OI0019788,O009694,P0230,1
OI0019789,O009694,P0153,1
OI0019790,O009695,P0117,1
OI0019791,O009696,P0204,1
OI0019792,O009697,P0009,2
OI0019793,O009697,P0084,2
OI0019794,O009698,P0273,2
OI0019795,O009699,P0179,2
OI0019796,O009699,P0033,1
OI0019797,O009700,P0136,2
OI0019798,O009700,P0208,2
OI0019799,O009701,P0091,1
OI0019800,O009702,P0022,2
OI0019801,O009702,P0173,1
OI0019802,O009702,P0170,2
OI0019803,O009703,P0200,1
OI0019804,O009703,P0054,2
OI0019805,O009703,P0298,1
OI0019806,O009704,P0076,1
OI0019807,O009705,P0282,1
OI0019808,O009705,P0182,3
OI0019809,O009706,P0060,3
OI0019810,O009707,P0217,1
OI0019811,O009708,P0034,1
OI0019812,O009708,P0230,2
OI0019813,O009709,P0194,1
OI0019814,O009710,P0106,2
OI0019815,O009710,P0023,2
OI0019816,O009710,P0051,1
OI0019817,O009711,P0187,2
OI0019818,O009711,P0062,2
OI0019819,O009712,P0056,1
OI0019820,O009712,P0166,3
OI0019821,O009712,P0090,1
OI0019822,O009713,P0005,1
OI0019823,O009713,P0059,3
OI0019824,O009714,P0093,1
OI0019825,O009714,P0063,1
OI0019826,O009715,P0257,1
OI0019827,O009715,P0248,1
OI0019828,O009715,P0282,2
OI0019829,O009716,P0041,1
OI0019830,O009716,P0212,2
OI0019831,O009717,P0279,1
OI0019832,O009718,P0119,1
OI0019833,O009718,P0051,1
OI0019834,O009718,P0126,1
OI0019835,O009718,P0158,1
OI0019836,O009719,P0131,1
OI0019837,O009720,P0088,2
OI0019838,O009720,P0239,2
OI0019839,O009721,P0226,3
OI0019840,O009722,P0136,1
OI0019841,O009722,P0249,1
OI0019842,O009722,P0158,1
OI0019843,O009723,P0045,1
OI0019844,O009723,P0088,1
OI0019845,O009723,P0191,1
OI0019846,O009724,P0109,2
OI0019847,O009724,P0258,2
OI0019848,O009724,P0237,1
OI0019849,O009725,P0054,1
OI0019850,O009725,P0129,3
OI0019851,O009725,P0130,1
OI0019852,O009725,P0009,1
OI0019853,O009726,P0283,1
OI0019854,O009726,P0159,1
OI0019855,O009726,P0001,1
OI0019856,O009726,P0281,1
OI0019857,O009727,P0218,1
OI0019858,O009728,P0026,1
OI0019859,O009729,P0119,1
OI0019860,O009729,P0068,1
OI0019861,O009730,P0017,2
OI0019862,O009730,P0293,1
OI0019863,O009731,P0235,1
OI0019864,O009731,P0016,1
OI0019865,O009731,P0258,1
OI0019866,O009732,P0290,1
OI0019867,O009732,P0236,1
OI0019868,O009732,P0213,1
OI0019869,O009733,P0122,2
OI0019870,O009734,P0236,2
OI0019871,O009734,P0268,1
OI0019872,O009734,P0218,1
OI0019873,O009735,P0161,1
OI0019874,O009736,P0226,2
OI0019875,O009736,P0164,1
OI0019876,O009736,P0273,1
OI0019877,O009737,P0008,1
OI0019878,O009737,P0135,1
OI0019879,O009738,P0232,1
OI0019880,O009739,P0108,1
OI0019881,O009740,P0254,2
OI0019882,O009740,P0140,1
OI0019883,O009740,P0079,1
OI0019884,O009741,P0147,1
OI0019885,O009741,P0034,3
OI0019886,O009741,P0016,2
OI0019887,O009742,P0017,1
OI0019888,O009743,P0149,1
OI0019889,O009744,P0165,1
OI0019890,O009744,P0024,1
OI0019891,O009745,P0050,1
OI0019892,O009745,P0076,2
OI0019893,O009745,P0165,1
OI0019894,O009746,P0244,1
OI0019895,O009746,P0109,1
OI0019896,O009746,P0085,1
OI0019897,O009746,P0289,3
OI0019898,O009747,P0095,3
OI0019899,O009747,P0275,1
OI0019900,O009747,P0181,1
OI0019901,O009748,P0011,2
OI0019902,O009748,P0211,1
OI0019903,O009748,P0041,1
OI0019904,O009749,P0271,1
OI0019905,O009749,P0162,3
OI0019906,O009749,P0300,1
OI0019907,O009750,P0038,1
OI0019908,O009751,P0108,2
OI0019909,O009752,P0046,2
OI0019910,O009752,P0054,1
OI0019911,O009752,P0216,1
OI0019912,O009753,P0130,1
OI0019913,O009753,P0124,1
OI0019914,O009754,P0137,1
OI0019915,O009754,P0007,1
OI0019916,O009755,P0280,1
OI0019917,O009755,P0019,1
OI0019918,O009756,P0188,2
OI0019919,O009757,P0246,3
OI0019920,O009757,P0225,1
OI0019921,O009758,P0031,1
OI0019922,O009759,P0258,2
OI0019923,O009759,P0129,1
OI0019924,O009759,P0230,1
OI0019925,O009760,P0048,2
OI0019926,O009760,P0041,2
OI0019927,O009760,P0185,2
OI0019928,O009760,P0297,1
OI0019929,O009761,P0264,1
OI0019930,O009762,P0097,1
OI0019931,O009763,P0037,1
OI0019932,O009763,P0252,2
OI0019933,O009763,P0231,1
OI0019934,O009764,P0152,2
OI0019935,O009764,P0025,1
OI0019936,O009765,P0042,1
OI0019937,O009766,P0043,1
OI0019938,O009766,P0012,3
OI0019939,O009767,P0213,3
OI0019940,O009767,P0051,1
OI0019941,O009767,P0110,2
OI0019942,O009767,P0265,1
OI0019943,O009768,P0058,2
OI0019944,O009768,P0192,1
OI0019945,O009769,P0169,1
OI0019946,O009769,P0055,3
OI0019947,O009770,P0199,1
OI0019948,O009770,P0023,2
OI0019949,O009771,P0255,1
OI0019950,O009771,P0210,1
OI0019951,O009772,P0024,1
OI0019952,O009772,P0188,1
OI0019953,O009772,P0228,1
OI0019954,O009772,P0209,1
OI0019955,O009773,P0187,1
OI0019956,O009774,P0037,2
OI0019957,O009774,P0185,2
OI0019958,O009775,P0141,2
OI0019959,O009775,P0058,2
OI0019960,O009776,P0084,1
OI0019961,O009776,P0193,1
OI0019962,O009776,P0155,1
OI0019963,O009776,P0281,2
OI0019964,O009777,P0020,1
OI0019965,O009778,P0058,1
OI0019966,O009779,P0169,1
OI0019967,O009779,P0234,1
OI0019968,O009779,P0114,1
OI0019969,O009780,P0121,1
OI0019970,O009780,P0182,2
OI0019971,O009780,P0117,1
OI0019972,O009780,P0236,1
OI0019973,O009781,P0175,1
OI0019974,O009781,P0127,3
OI0019975,O009782,P0208,1
OI0019976,O009782,P0276,2
OI0019977,O009783,P0283,1
OI0019978,O009784,P0171,1
OI0019979,O009784,P0050,2
OI0019980,O009785,P0159,1
OI0019981,O009786,P0298,3
OI0019982,O009786,P0169,1
OI0019983,O009787,P0155,1
OI0019984,O009788,P0236,1
OI0019985,O009789,P0171,1
OI0019986,O009790,P0061,1
OI0019987,O009791,P0133,1
OI0019988,O009792,P0204,3
OI0019989,O009793,P0146,2
OI0019990,O009793,P0255,1
OI0019991,O009793,P0042,1
OI0019992,O009794,P0263,1
OI0019993,O009795,P0115,2
OI0019994,O009796,P0051,3
OI0019995,O009796,P0132,2
OI0019996,O009797,P0032,1
OI0019997,O009798,P0128,1
OI0019998,O009798,P0164,1
OI0019999,O009798,P0026,1
OI0020000,O009799,P0178,1
OI0020001,O009799,P0203,2
OI0020002,O009800,P0099,1
OI0020003,O009800,P0273,2
OI0020004,O009800,P0161,2
OI0020005,O009801,P0165,2
OI0020006,O009802,P0213,1
OI0020007,O009802,P0143,1
OI0020008,O009802,P0141,1
OI0020009,O009803,P0212,1
OI0020010,O009804,P0055,1
OI0020011,O009804,P0118,1
OI0020012,O009805,P0188,1
OI0020013,O009805,P0072,1
OI0020014,O009806,P0257,1
OI0020015,O009806,P0191,2
OI0020016,O009806,P0180,1
OI0020017,O009807,P0140,3
OI0020018,O009808,P0150,1
OI0020019,O009808,P0190,1
OI0020020,O009809,P0038,1
OI0020021,O009809,P0180,1
OI0020022,O009810,P0253,1
OI0020023,O009810,P0107,1
OI0020024,O009810,P0297,1
OI0020025,O009811,P0236,1
OI0020026,O009811,P0113,1
OI0020027,O009811,P0053,2
OI0020028,O009811,P0080,1
OI0020029,O009812,P0169,2
OI0020030,O009813,P0053,1
OI0020031,O009813,P0054,1
OI0020032,O009814,P0222,1
OI0020033,O009814,P0263,3
OI0020034,O009815,P0231,1
OI0020035,O009816,P0048,3
OI0020036,O009816,P0030,1
OI0020037,O009816,P0112,1
OI0020038,O009817,P0137,2
OI0020039,O009818,P0179,3
OI0020040,O009818,P0130,3
OI0020041,O009818,P0113,1
OI0020042,O009819,P0081,1
OI0020043,O009819,P0082,1
OI0020044,O009820,P0080,1
OI0020045,O009821,P0215,2
OI0020046,O009821,P0240,1
OI0020047,O009822,P0299,3
OI0020048,O009823,P0135,1
OI0020049,O009823,P0254,1
OI0020050,O009824,P0072,1
OI0020051,O009824,P0090,2
OI0020052,O009824,P0244,2
OI0020053,O009825,P0115,1
OI0020054,O009825,P0120,1
OI0020055,O009825,P0199,1
OI0020056,O009826,P0278,2
OI0020057,O009826,P0007,3
OI0020058,O009826,P0132,1
OI0020059,O009827,P0032,1
OI0020060,O009828,P0051,1
OI0020061,O009828,P0084,2
OI0020062,O009828,P0061,1
OI0020063,O009828,P0130,1
OI0020064,O009829,P0174,1
OI0020065,O009829,P0199,1
OI0020066,O009829,P0299,2
OI0020067,O009830,P0031,1
OI0020068,O009831,P0231,1
OI0020069,O009831,P0189,1
OI0020070,O009832,P0007,1
OI0020071,O009833,P0195,1
OI0020072,O009834,P0118,1
OI0020073,O009834,P0096,2
OI0020074,O009835,P0264,1
OI0020075,O009835,P0281,1
OI0020076,O009836,P0074,1
OI0020077,O009837,P0056,1
OI0020078,O009837,P0046,2
OI0020079,O009838,P0029,1
OI0020080,O009839,P0262,1
OI0020081,O009839,P0222,2
OI0020082,O009839,P0081,2
OI0020083,O009840,P0281,2
OI0020084,O009841,P0235,1
OI0020085,O009842,P0104,1
OI0020086,O009842,P0255,3
OI0020087,O009843,P0295,1
OI0020088,O009843,P0025,1
OI0020089,O009843,P0172,1
OI0020090,O009844,P0300,2
OI0020091,O009844,P0154,1
OI0020092,O009844,P0145,2
OI0020093,O009845,P0038,3
OI0020094,O009845,P0119,1
OI0020095,O009846,P0072,1
OI0020096,O009847,P0079,2
OI0020097,O009847,P0183,1
OI0020098,O009847,P0110,1
OI0020099,O009848,P0211,1
OI0020100,O009848,P0192,2
OI0020101,O009849,P0169,2
OI0020102,O009849,P0212,2
OI0020103,O009850,P0192,2
OI0020104,O009851,P0052,2
OI0020105,O009852,P0296,1
OI0020106,O009853,P0001,2
OI0020107,O009853,P0236,2
OI0020108,O009854,P0068,1
OI0020109,O009854,P0063,3
OI0020110,O009855,P0279,1
OI0020111,O009856,P0065,1
OI0020112,O009856,P0198,1
OI0020113,O009857,P0063,1
OI0020114,O009858,P0151,2
OI0020115,O009858,P0045,1
OI0020116,O009859,P0004,1
OI0020117,O009860,P0053,1
OI0020118,O009861,P0284,1
OI0020119,O009861,P0218,1
OI0020120,O009862,P0170,2
OI0020121,O009862,P0286,1
OI0020122,O009863,P0086,2
OI0020123,O009863,P0182,1
OI0020124,O009864,P0079,1
OI0020125,O009864,P0202,1
OI0020126,O009865,P0122,1
OI0020127,O009865,P0253,1
OI0020128,O009865,P0020,1
OI0020129,O009865,P0250,3
OI0020130,O009866,P0237,2
OI0020131,O009867,P0130,1
OI0020132,O009867,P0042,1
OI0020133,O009867,P0261,3
OI0020134,O009868,P0179,1
OI0020135,O009869,P0023,1
OI0020136,O009869,P0131,3
OI0020137,O009869,P0146,1
OI0020138,O009869,P0225,1
OI0020139,O009870,P0063,1
OI0020140,O009871,P0221,3
OI0020141,O009871,P0156,2
OI0020142,O009871,P0057,1
OI0020143,O009872,P0293,3
OI0020144,O009873,P0110,1
OI0020145,O009873,P0114,1
OI0020146,O009874,P0180,1
OI0020147,O009875,P0168,1
OI0020148,O009875,P0126,1
OI0020149,O009875,P0155,3
OI0020150,O009876,P0006,3
OI0020151,O009877,P0250,1
OI0020152,O009877,P0274,1
OI0020153,O009878,P0215,1
OI0020154,O009878,P0208,1
OI0020155,O009879,P0011,1
OI0020156,O009880,P0182,1
OI0020157,O009880,P0173,1
OI0020158,O009881,P0161,1
OI0020159,O009881,P0177,1
OI0020160,O009882,P0111,1
OI0020161,O009883,P0182,3
OI0020162,O009883,P0049,3
OI0020163,O009884,P0027,3
OI0020164,O009884,P0292,1
OI0020165,O009885,P0178,1
OI0020166,O009886,P0035,3
OI0020167,O009887,P0104,1
OI0020168,O009887,P0280,2
OI0020169,O009888,P0194,1
OI0020170,O009888,P0045,1
OI0020171,O009889,P0228,1
OI0020172,O009890,P0125,1
OI0020173,O009891,P0149,2
OI0020174,O009891,P0282,1
OI0020175,O009892,P0028,1
OI0020176,O009892,P0064,2
OI0020177,O009892,P0061,1
OI0020178,O009893,P0222,1
OI0020179,O009893,P0151,1
OI0020180,O009894,P0141,1
OI0020181,O009895,P0034,2
OI0020182,O009896,P0118,1
OI0020183,O009897,P0206,1
OI0020184,O009897,P0285,1
OI0020185,O009898,P0266,2
OI0020186,O009899,P0201,2
OI0020187,O009900,P0168,1
OI0020188,O009901,P0045,1
OI0020189,O009902,P0159,1
OI0020190,O009902,P0052,1
OI0020191,O009903,P0121,1
OI0020192,O009903,P0195,3
OI0020193,O009904,P0081,1
OI0020194,O009904,P0099,2
OI0020195,O009905,P0269,1
OI0020196,O009905,P0253,2
OI0020197,O009906,P0126,1
OI0020198,O009907,P0029,1
OI0020199,O009907,P0094,1
OI0020200,O009908,P0014,1
OI0020201,O009908,P0031,2
OI0020202,O009908,P0228,1
OI0020203,O009909,P0150,1
OI0020204,O009910,P0041,1
OI0020205,O009911,P0075,2
OI0020206,O009912,P0114,2
OI0020207,O009913,P0183,1
OI0020208,O009914,P0089,1
OI0020209,O009914,P0230,1
OI0020210,O009915,P0126,3
OI0020211,O009916,P0204,3
OI0020212,O009916,P0266,1
OI0020213,O009917,P0148,2
OI0020214,O009917,P0249,1
OI0020215,O009918,P0281,2
OI0020216,O009918,P0247,2
OI0020217,O009919,P0206,1
OI0020218,O009920,P0011,1
OI0020219,O009921,P0019,2
OI0020220,O009921,P0132,1
OI0020221,O009922,P0169,1
OI0020222,O009922,P0009,1
OI0020223,O009923,P0261,2
OI0020224,O009924,P0248,1
OI0020225,O009925,P0286,1
OI0020226,O009926,P0113,1
OI0020227,O009926,P0080,2
OI0020228,O009926,P0297,2
OI0020229,O009927,P0023,1
OI0020230,O009928,P0063,2
OI0020231,O009928,P0185,1
OI0020232,O009928,P0036,1
OI0020233,O009929,P0269,2
OI0020234,O009929,P0004,1
OI0020235,O009929,P0123,1
OI0020236,O009930,P0182,1
OI0020237,O009930,P0287,1
OI0020238,O009930,P0285,1
OI0020239,O009930,P0276,1
OI0020240,O009931,P0223,3
OI0020241,O009931,P0232,2
OI0020242,O009932,P0070,1
OI0020243,O009932,P0164,1
OI0020244,O009933,P0027,2
OI0020245,O009933,P0152,1
OI0020246,O009933,P0167,1
OI0020247,O009934,P0289,3
OI0020248,O009935,P0063,1
OI0020249,O009936,P0218,1
OI0020250,O009936,P0086,1
OI0020251,O009937,P0256,2
OI0020252,O009938,P0265,1
OI0020253,O009939,P0091,1
OI0020254,O009939,P0108,1
OI0020255,O009940,P0172,1
OI0020256,O009941,P0122,3
OI0020257,O009941,P0204,1
OI0020258,O009942,P0003,1
OI0020259,O009943,P0134,2
OI0020260,O009943,P0195,1
OI0020261,O009943,P0024,1
OI0020262,O009943,P0035,1
OI0020263,O009944,P0169,1
OI0020264,O009944,P0205,1
OI0020265,O009945,P0056,2
OI0020266,O009945,P0084,2
OI0020267,O009946,P0085,1
OI0020268,O009946,P0165,2
OI0020269,O009946,P0126,1
OI0020270,O009946,P0277,1
OI0020271,O009947,P0225,1
OI0020272,O009947,P0145,1
OI0020273,O009948,P0201,1
OI0020274,O009948,P0246,2
OI0020275,O009949,P0068,1
OI0020276,O009949,P0102,2
OI0020277,O009950,P0061,1
OI0020278,O009951,P0189,1
OI0020279,O009951,P0282,1
OI0020280,O009952,P0084,1
OI0020281,O009953,P0046,1
OI0020282,O009954,P0235,1
OI0020283,O009955,P0093,1
OI0020284,O009955,P0068,1
OI0020285,O009955,P0072,3
OI0020286,O009955,P0144,1
OI0020287,O009956,P0264,1
OI0020288,O009957,P0032,1
OI0020289,O009957,P0152,1
OI0020290,O009958,P0053,1
OI0020291,O009958,P0018,1
OI0020292,O009958,P0129,1
OI0020293,O009958,P0066,1
OI0020294,O009959,P0183,1
OI0020295,O009959,P0284,1
OI0020296,O009960,P0166,1
OI0020297,O009960,P0256,1
OI0020298,O009961,P0083,1
OI0020299,O009961,P0004,2
OI0020300,O009961,P0177,1
OI0020301,O009962,P0149,1
OI0020302,O009963,P0181,2
OI0020303,O009964,P0061,1
OI0020304,O009965,P0124,1
OI0020305,O009966,P0014,1
OI0020306,O009966,P0141,1
OI0020307,O009967,P0136,1
OI0020308,O009967,P0292,2
OI0020309,O009967,P0107,1
OI0020310,O009967,P0095,3
OI0020311,O009968,P0266,1
OI0020312,O009968,P0099,1
OI0020313,O009969,P0266,1
OI0020314,O009970,P0050,1
OI0020315,O009971,P0172,2
OI0020316,O009971,P0019,1
OI0020317,O009972,P0005,1
OI0020318,O009972,P0213,1
OI0020319,O009972,P0134,1
OI0020320,O009973,P0083,1
OI0020321,O009973,P0272,1
OI0020322,O009974,P0012,1
OI0020323,O009974,P0218,1
OI0020324,O009974,P0248,1
OI0020325,O009974,P0243,3
OI0020326,O009975,P0028,1
OI0020327,O009975,P0025,1
OI0020328,O009976,P0239,1
OI0020329,O009977,P0133,1
OI0020330,O009977,P0024,2
OI0020331,O009978,P0102,1
OI0020332,O009978,P0183,3
OI0020333,O009978,P0262,1
OI0020334,O009979,P0210,1
OI0020335,O009980,P0214,1
OI0020336,O009981,P0220,1
OI0020337,O009981,P0241,1
OI0020338,O009982,P0021,1
OI0020339,O009983,P0099,1
OI0020340,O009983,P0289,1
OI0020341,O009983,P0182,2
OI0020342,O009983,P0196,1
OI0020343,O009984,P0294,3
OI0020344,O009985,P0077,1
OI0020345,O009985,P0089,1
OI0020346,O009985,P0270,1
OI0020347,O009986,P0136,1
OI0020348,O009987,P0039,1
OI0020349,O009987,P0147,1
OI0020350,O009988,P0229,1
OI0020351,O009988,P0184,2
OI0020352,O009989,P0204,2
OI0020353,O009989,P0237,2
OI0020354,O009990,P0210,2
OI0020355,O009991,P0096,1
OI0020356,O009991,P0104,1
OI0020357,O009992,P0290,1
OI0020358,O009992,P0058,2
OI0020359,O009992,P0129,2
OI0020360,O009993,P0144,1
OI0020361,O009993,P0218,1
OI0020362,O009993,P0147,3
OI0020363,O009994,P0118,1
OI0020364,O009994,P0089,1
OI0020365,O009995,P0054,1
OI0020366,O009996,P0162,3
OI0020367,O009997,P0191,1
OI0020368,O009997,P0285,1
OI0020369,O009998,P0033,1
OI0020370,O009998,P0207,1
OI0020371,O009998,P0046,2
OI0020372,O009999,P0184,1
OI0020373,O010000,P0223,1
