delivery_id,order_id,promised_date,delivery_date,delay_days,delivery_status
D000001,O000003,2026-03-22,2026-03-22,0,On Time
D000002,O000004,2026-07-28,2026-07-29,1,Late
D000003,O000005,2025-10-21,2025-10-21,0,On Time
D000004,O000006,2026-03-24,2026-03-31,7,Late
D000005,O000007,2026-03-05,2026-03-10,5,Late
D000006,O000009,2026-05-27,2026-05-27,0,On Time
D000007,O000010,2026-03-16,2026-03-16,0,On Time
D000008,O000011,2026-04-25,2026-04-25,0,On Time
D000009,O000012,2026-04-22,2026-04-22,0,On Time
D000010,O000013,2026-04-08,2026-04-07,0,On Time
D000011,O000014,2026-03-22,2026-03-21,0,On Time
D000012,O000015,2025-12-31,2025-12-31,0,On Time
D000013,O000016,2026-05-28,2026-05-30,2,Late
D000014,O000017,2026-04-22,2026-04-22,0,On Time
D000015,O000018,2026-05-06,2026-05-05,0,On Time
D000016,O000019,2026-06-04,2026-06-04,0,On Time
D000017,O000020,2025-09-28,2025-09-28,0,On Time
D000018,O000021,2026-01-07,2026-01-07,0,On Time
D000019,O000022,2025-12-13,2025-12-17,4,Late
D000020,O000023,2026-04-17,2026-04-17,0,On Time
D000021,O000024,2025-10-01,2025-10-01,0,On Time
D000022,O000025,2026-04-28,2026-04-28,0,On Time
D000023,O000026,2026-07-25,2026-07-24,0,On Time
D000024,O000027,2025-09-17,2025-09-17,0,On Time
D000025,O000028,2025-08-10,2025-08-16,6,Late
D000026,O000029,2025-11-19,2025-11-19,0,On Time
D000027,O000030,2026-03-04,2026-03-04,0,On Time
D000028,O000031,2026-06-14,2026-06-14,0,On Time
D000029,O000032,2025-12-23,2025-12-23,0,On Time
D000030,O000033,2026-07-14,2026-07-21,7,Late
D000031,O000034,2026-04-01,2026-04-01,0,On Time
D000032,O000035,2026-07-10,2026-07-16,6,Late
D000033,O000036,2025-04-08,2025-04-08,0,On Time
D000034,O000037,2025-08-30,2025-09-02,3,Late
D000035,O000038,2025-12-10,2025-12-13,3,Late
D000036,O000039,2026-07-01,2026-07-01,0,On Time
D000037,O000040,2026-01-24,2026-01-23,0,On Time
D000038,O000041,2025-05-16,2025-05-16,0,On Time
D000039,O000042,2026-01-10,2026-01-10,0,On Time
D000040,O000043,2026-01-18,2026-01-18,0,On Time
D000041,O000044,2026-07-23,2026-07-23,0,On Time
D000042,O000045,2025-10-18,2025-10-23,5,Late
D000043,O000046,2026-08-18,2026-08-18,0,On Time
D000044,O000047,2025-12-16,2025-12-16,0,On Time
D000045,O000048,2026-04-27,2026-04-27,0,On Time
D000046,O000049,2026-07-16,2026-07-16,0,On Time
D000047,O000051,2026-07-06,2026-07-05,0,On Time
D000048,O000052,2025-11-18,2025-11-18,0,On Time
D000049,O000053,2026-04-19,2026-04-19,0,On Time
D000050,O000054,2026-05-22,2026-05-22,0,On Time
D000051,O000055,2026-03-25,2026-03-30,5,Late
D000052,O000056,2026-02-23,2026-02-23,0,On Time
D000053,O000057,2026-01-20,2026-01-20,0,On Time
D000054,O000058,2026-07-14,2026-07-14,0,On Time
D000055,O000059,2026-06-02,2026-06-05,3,Late
D000056,O000060,2026-05-11,2026-05-11,0,On Time
D000057,O000061,2025-11-10,2025-11-10,0,On Time
D000058,O000062,2026-08-01,2026-08-01,0,On Time
D000059,O000063,2026-05-31,2026-05-31,0,On Time
D000060,O000064,2026-04-20,2026-04-25,5,Late
D000061,O000065,2025-09-22,2025-09-22,0,On Time
D000062,O000066,2025-09-10,2025-09-10,0,On Time
D000063,O000067,2026-06-21,2026-06-21,0,On Time
D000064,O000068,2025-03-29,2025-04-02,4,Late
D000065,O000069,2026-05-08,2026-05-08,0,On Time
D000066,O000070,2026-08-03,2026-08-03,0,On Time
D000067,O000071,2026-05-30,2026-05-30,0,On Time
D000068,O000072,2025-03-23,2025-03-28,5,Late
D000069,O000073,2026-03-02,2026-03-02,0,On Time
D000070,O000074,2025-09-07,2025-09-06,0,On Time
D000071,O000075,2026-06-22,2026-06-22,0,On Time
D000072,O000077,2026-07-13,2026-07-13,0,On Time
D000073,O000079,2026-01-30,2026-02-03,4,Late
D000074,O000081,2026-06-15,2026-06-15,0,On Time
D000075,O000082,2026-03-28,2026-03-30,2,Late
D000076,O000083,2026-04-28,2026-04-28,0,On Time
D000077,O000084,2026-06-15,2026-06-15,0,On Time
D000078,O000085,2026-02-07,2026-02-07,0,On Time
D000079,O000086,2025-12-18,2025-12-18,0,On Time
D000080,O000088,2025-07-04,2025-07-05,1,Late
D000081,O000089,2026-03-12,2026-03-12,0,On Time
D000082,O000090,2026-08-08,2026-08-08,0,On Time
D000083,O000091,2026-04-23,2026-04-23,0,On Time
D000084,O000092,2026-06-26,2026-06-25,0,On Time
D000085,O000093,2026-02-22,2026-02-22,0,On Time
D000086,O000094,2026-06-16,2026-06-16,0,On Time
D000087,O000095,2026-05-29,2026-06-02,4,Late
D000088,O000096,2026-06-02,2026-06-02,0,On Time
D000089,O000097,2025-12-23,2025-12-23,0,On Time
D000090,O000098,2026-03-12,2026-03-11,0,On Time
D000091,O000099,2025-06-16,2025-06-16,0,On Time
D000092,O000100,2026-07-12,2026-07-12,0,On Time
D000093,O000101,2026-05-22,2026-05-22,0,On Time
D000094,O000103,2026-04-30,2026-05-02,2,Late
D000095,O000104,2025-09-25,2025-09-30,5,Late
D000096,O000105,2025-09-29,2025-09-28,0,On Time
D000097,O000106,2025-07-04,2025-07-03,0,On Time
D000098,O000107,2025-12-05,2025-12-05,0,On Time
D000099,O000108,2026-03-14,2026-03-14,0,On Time
D000100,O000109,2025-10-01,2025-10-01,0,On Time
D000101,O000110,2025-12-13,2025-12-13,0,On Time
D000102,O000111,2025-03-17,2025-03-16,0,On Time
D000103,O000112,2026-03-29,2026-03-29,0,On Time
D000104,O000113,2026-08-09,2026-08-09,0,On Time
D000105,O000114,2025-11-23,2025-11-26,3,Late
D000106,O000115,2025-03-24,2025-03-24,0,On Time
D000107,O000116,2026-08-01,2026-07-31,0,On Time
D000108,O000117,2025-06-15,2025-06-15,0,On Time
D000109,O000118,2026-08-06,2026-08-06,0,On Time
D000110,O000119,2025-12-12,2025-12-12,0,On Time
D000111,O000120,2026-04-22,2026-04-22,0,On Time
D000112,O000121,2025-11-17,2025-11-17,0,On Time
D000113,O000122,2026-05-25,2026-05-25,0,On Time
D000114,O000123,2026-01-19,2026-01-19,0,On Time
D000115,O000124,2026-04-07,2026-04-10,3,Late
D000116,O000125,2025-10-28,2025-10-28,0,On Time
D000117,O000126,2026-03-14,2026-03-14,0,On Time
D000118,O000127,2025-11-25,2025-11-25,0,On Time
D000119,O000128,2026-04-21,2026-04-21,0,On Time
D000120,O000129,2026-04-29,2026-04-29,0,On Time
D000121,O000130,2026-01-10,2026-01-10,0,On Time
D000122,O000131,2026-06-26,2026-06-27,1,Late
D000123,O000132,2026-05-28,2026-05-28,0,On Time
D000124,O000133,2025-11-01,2025-10-31,0,On Time
D000125,O000134,2025-12-30,2025-12-30,0,On Time
D000126,O000136,2026-07-12,2026-07-12,0,On Time
D000127,O000137,2026-03-28,2026-03-27,0,On Time
D000128,O000138,2026-01-14,2026-01-14,0,On Time
D000129,O000139,2026-01-22,2026-01-29,7,Late
D000130,O000141,2025-10-17,2025-10-17,0,On Time
D000131,O000142,2026-04-04,2026-04-09,5,Late
D000132,O000143,2026-06-28,2026-06-28,0,On Time
D000133,O000144,2026-08-23,2026-08-23,0,On Time
D000134,O000145,2026-02-14,2026-02-17,3,Late
D000135,O000146,2026-05-23,2026-05-22,0,On Time
D000136,O000147,2026-03-17,2026-03-23,6,Late
D000137,O000148,2026-08-05,2026-08-06,1,Late
D000138,O000149,2025-12-22,2025-12-22,0,On Time
D000139,O000150,2026-06-03,2026-06-03,0,On Time
D000140,O000151,2026-04-08,2026-04-08,0,On Time
D000141,O000152,2026-04-17,2026-04-17,0,On Time
D000142,O000153,2026-08-03,2026-08-07,4,Late
D000143,O000154,2026-08-18,2026-08-18,0,On Time
D000144,O000155,2026-02-11,2026-02-11,0,On Time
D000145,O000157,2025-09-22,2025-09-22,0,On Time
D000146,O000158,2025-12-29,2025-12-29,0,On Time
D000147,O000159,2025-11-24,2025-11-24,0,On Time
D000148,O000160,2026-03-31,2026-04-02,2,Late
D000149,O000161,2025-09-04,2025-09-04,0,On Time
D000150,O000162,2025-11-28,2025-11-29,1,Late
D000151,O000163,2025-07-02,2025-07-02,0,On Time
D000152,O000165,2026-01-05,2026-01-05,0,On Time
D000153,O000166,2026-06-30,2026-06-30,0,On Time
D000154,O000167,2026-04-06,2026-04-06,0,On Time
D000155,O000168,2026-04-19,2026-04-19,0,On Time
D000156,O000169,2025-11-16,2025-11-16,0,On Time
D000157,O000170,2025-11-15,2025-11-15,0,On Time
D000158,O000171,2025-11-27,2025-11-27,0,On Time
D000159,O000172,2026-01-05,2026-01-10,5,Late
D000160,O000174,2026-02-21,2026-02-27,6,Late
D000161,O000175,2025-09-13,2025-09-13,0,On Time
D000162,O000176,2026-06-12,2026-06-12,0,On Time
D000163,O000177,2026-07-17,2026-07-20,3,Late
D000164,O000179,2025-10-06,2025-10-06,0,On Time
D000165,O000181,2025-08-28,2025-08-28,0,On Time
D000166,O000182,2026-07-23,2026-07-23,0,On Time
D000167,O000183,2026-02-15,2026-02-15,0,On Time
D000168,O000185,2026-03-10,2026-03-17,7,Late
D000169,O000186,2026-05-07,2026-05-06,0,On Time
D000170,O000187,2026-08-06,2026-08-09,3,Late
D000171,O000188,2026-02-25,2026-02-24,0,On Time
D000172,O000189,2026-03-30,2026-03-30,0,On Time
D000173,O000190,2025-09-01,2025-09-01,0,On Time
D000174,O000191,2026-01-18,2026-01-17,0,On Time
D000175,O000192,2026-07-05,2026-07-05,0,On Time
D000176,O000193,2025-07-03,2025-07-03,0,On Time
D000177,O000194,2026-06-20,2026-06-20,0,On Time
D000178,O000195,2026-05-11,2026-05-11,0,On Time
D000179,O000196,2025-09-20,2025-09-19,0,On Time
D000180,O000197,2026-08-02,2026-08-02,0,On Time
D000181,O000198,2026-06-12,2026-06-13,1,Late
D000182,O000199,2026-07-11,2026-07-10,0,On Time
D000183,O000200,2026-08-24,2026-08-24,0,On Time
D000184,O000201,2026-01-10,2026-01-12,2,Late
D000185,O000202,2025-04-17,2025-04-17,0,On Time
D000186,O000203,2026-03-16,2026-03-16,0,On Time
D000187,O000204,2026-06-21,2026-06-21,0,On Time
D000188,O000205,2026-07-02,2026-07-03,1,Late
D000189,O000206,2025-08-19,2025-08-22,3,Late
D000190,O000207,2026-08-05,2026-08-10,5,Late
D000191,O000208,2025-09-11,2025-09-11,0,On Time
D000192,O000209,2025-09-15,2025-09-14,0,On Time
D000193,O000211,2026-08-23,2026-08-23,0,On Time
D000194,O000212,2025-11-20,2025-11-20,0,On Time
D000195,O000213,2025-06-14,2025-06-14,0,On Time
D000196,O000214,2026-06-10,2026-06-14,4,Late
D000197,O000215,2026-01-23,2026-01-28,5,Late
D000198,O000216,2026-05-31,2026-05-31,0,On Time
D000199,O000217,2025-06-14,2025-06-14,0,On Time
D000200,O000218,2025-05-08,2025-05-08,0,On Time
D000201,O000219,2025-10-30,2025-10-30,0,On Time
D000202,O000220,2025-12-26,2025-12-26,0,On Time
D000203,O000221,2025-10-26,2025-10-26,0,On Time
D000204,O000222,2025-10-25,2025-10-24,0,On Time
D000205,O000223,2026-03-01,2026-03-01,0,On Time
D000206,O000224,2025-11-06,2025-11-06,0,On Time
D000207,O000225,2026-05-27,2026-05-27,0,On Time
D000208,O000226,2025-12-26,2025-12-25,0,On Time
D000209,O000227,2026-06-23,2026-06-23,0,On Time
D000210,O000228,2026-06-17,2026-06-16,0,On Time
D000211,O000229,2026-07-05,2026-07-05,0,On Time
D000212,O000230,2025-12-11,2025-12-11,0,On Time
D000213,O000231,2025-10-16,2025-10-18,2,Late
D000214,O000232,2026-05-09,2026-05-09,0,On Time
D000215,O000233,2026-07-13,2026-07-13,0,On Time
D000216,O000234,2025-10-25,2025-10-25,0,On Time
D000217,O000235,2026-07-29,2026-08-01,3,Late
D000218,O000236,2026-04-21,2026-04-21,0,On Time
D000219,O000237,2026-07-01,2026-07-01,0,On Time
D000220,O000238,2026-03-06,2026-03-05,0,On Time
D000221,O000239,2026-04-01,2026-04-01,0,On Time
D000222,O000240,2026-04-22,2026-04-26,4,Late
D000223,O000241,2026-04-18,2026-04-17,0,On Time
D000224,O000242,2026-06-14,2026-06-18,4,Late
D000225,O000244,2026-02-09,2026-02-09,0,On Time
D000226,O000245,2026-05-25,2026-05-25,0,On Time
D000227,O000246,2026-03-09,2026-03-11,2,Late
D000228,O000247,2026-06-02,2026-06-01,0,On Time
D000229,O000248,2025-07-31,2025-07-30,0,On Time
D000230,O000249,2025-11-26,2025-11-26,0,On Time
D000231,O000250,2026-02-02,2026-02-02,0,On Time
D000232,O000252,2025-06-28,2025-06-29,1,Late
D000233,O000253,2025-11-06,2025-11-06,0,On Time
D000234,O000254,2025-08-18,2025-08-18,0,On Time
D000235,O000255,2026-08-17,2026-08-18,1,Late
D000236,O000256,2025-11-29,2025-11-30,1,Late
D000237,O000257,2026-08-17,2026-08-17,0,On Time
D000238,O000259,2025-10-29,2025-10-29,0,On Time
D000239,O000261,2026-04-05,2026-04-05,0,On Time
D000240,O000262,2026-04-15,2026-04-15,0,On Time
D000241,O000264,2026-05-26,2026-05-26,0,On Time
D000242,O000265,2026-07-29,2026-07-29,0,On Time
D000243,O000266,2026-01-20,2026-01-19,0,On Time
D000244,O000267,2025-07-25,2025-07-26,1,Late
D000245,O000268,2025-11-05,2025-11-05,0,On Time
D000246,O000269,2025-05-28,2025-05-28,0,On Time
D000247,O000270,2025-10-25,2025-10-31,6,Late
D000248,O000271,2026-06-12,2026-06-12,0,On Time
D000249,O000272,2026-02-09,2026-02-09,0,On Time
D000250,O000273,2025-05-24,2025-05-24,0,On Time
D000251,O000274,2026-02-19,2026-02-19,0,On Time
D000252,O000275,2026-08-03,2026-08-03,0,On Time
D000253,O000276,2026-05-28,2026-05-28,0,On Time
D000254,O000278,2026-04-15,2026-04-15,0,On Time
D000255,O000279,2026-02-24,2026-03-01,5,Late
D000256,O000280,2025-07-13,2025-07-13,0,On Time
D000257,O000281,2026-06-19,2026-06-24,5,Late
D000258,O000282,2026-06-30,2026-06-30,0,On Time
D000259,O000283,2026-05-08,2026-05-08,0,On Time
D000260,O000284,2026-07-23,2026-07-23,0,On Time
D000261,O000285,2026-04-08,2026-04-08,0,On Time
D000262,O000286,2025-09-14,2025-09-14,0,On Time
D000263,O000287,2026-01-06,2026-01-08,2,Late
D000264,O000288,2025-04-18,2025-04-24,6,Late
D000265,O000289,2026-08-06,2026-08-06,0,On Time
D000266,O000290,2026-07-23,2026-07-24,1,Late
D000267,O000291,2026-05-10,2026-05-10,0,On Time
D000268,O000292,2026-06-09,2026-06-09,0,On Time
D000269,O000293,2026-03-31,2026-03-31,0,On Time
D000270,O000294,2025-12-20,2025-12-19,0,On Time
D000271,O000295,2025-08-09,2025-08-09,0,On Time
D000272,O000296,2025-12-26,2025-12-29,3,Late
D000273,O000297,2026-03-05,2026-03-05,0,On Time
D000274,O000298,2026-07-24,2026-07-31,7,Late
D000275,O000299,2025-09-15,2025-09-16,1,Late
D000276,O000300,2025-12-04,2025-12-04,0,On Time
D000277,O000301,2026-04-16,2026-04-18,2,Late
D000278,O000302,2026-03-14,2026-03-15,1,Late
D000279,O000303,2026-07-22,2026-07-22,0,On Time
D000280,O000304,2026-06-06,2026-06-05,0,On Time
D000281,O000305,2026-02-21,2026-02-21,0,On Time
D000282,O000306,2026-01-25,2026-01-25,0,On Time
D000283,O000307,2025-10-14,2025-10-14,0,On Time
D000284,O000308,2026-01-02,2026-01-06,4,Late
D000285,O000309,2025-07-08,2025-07-08,0,On Time
D000286,O000310,2025-08-14,2025-08-14,0,On Time
D000287,O000311,2026-04-23,2026-04-23,0,On Time
D000288,O000312,2026-02-06,2026-02-06,0,On Time
D000289,O000313,2025-11-15,2025-11-15,0,On Time
D000290,O000314,2026-05-07,2026-05-07,0,On Time
D000291,O000315,2026-03-02,2026-03-02,0,On Time
D000292,O000316,2026-06-04,2026-06-04,0,On Time
D000293,O000317,2026-02-27,2026-02-27,0,On Time
D000294,O000318,2025-04-26,2025-04-26,0,On Time
D000295,O000319,2026-07-18,2026-07-20,2,Late
D000296,O000320,2025-06-26,2025-06-26,0,On Time
D000297,O000321,2025-11-04,2025-11-05,1,Late
D000298,O000322,2026-04-17,2026-04-17,0,On Time
D000299,O000323,2026-02-12,2026-02-12,0,On Time
D000300,O000324,2025-08-25,2025-08-25,0,On Time
D000301,O000325,2025-12-07,2025-12-07,0,On Time
D000302,O000326,2026-03-01,2026-02-28,0,On Time
D000303,O000327,2026-04-01,2026-03-31,0,On Time
D000304,O000328,2026-01-11,2026-01-11,0,On Time
D000305,O000329,2026-06-10,2026-06-10,0,On Time
D000306,O000330,2025-12-03,2025-12-03,0,On Time
D000307,O000331,2026-06-10,2026-06-10,0,On Time
D000308,O000332,2025-12-01,2025-12-01,0,On Time
D000309,O000333,2026-06-10,2026-06-10,0,On Time
D000310,O000334,2026-07-24,2026-07-24,0,On Time
D000311,O000335,2026-01-27,2026-01-27,0,On Time
D000312,O000336,2025-09-23,2025-09-23,0,On Time
D000313,O000337,2025-09-17,2025-09-17,0,On Time
D000314,O000338,2026-07-04,2026-07-04,0,On Time
D000315,O000339,2025-10-25,2025-10-25,0,On Time
D000316,O000340,2026-03-18,2026-03-18,0,On Time
D000317,O000341,2025-08-02,2025-08-01,0,On Time
D000318,O000342,2025-10-06,2025-10-05,0,On Time
D000319,O000343,2026-04-16,2026-04-16,0,On Time
D000320,O000344,2026-03-31,2026-04-04,4,Late
D000321,O000345,2026-04-16,2026-04-15,0,On Time
D000322,O000347,2026-04-24,2026-04-24,0,On Time
D000323,O000348,2025-10-30,2025-10-30,0,On Time
D000324,O000349,2026-01-03,2026-01-05,2,Late
D000325,O000350,2026-03-12,2026-03-12,0,On Time
D000326,O000351,2025-12-31,2025-12-31,0,On Time
D000327,O000352,2026-02-18,2026-02-18,0,On Time
D000328,O000353,2026-05-30,2026-05-30,0,On Time
D000329,O000354,2026-03-05,2026-03-06,1,Late
D000330,O000356,2026-04-30,2026-04-30,0,On Time
D000331,O000357,2026-03-14,2026-03-13,0,On Time
D000332,O000360,2026-05-03,2026-05-03,0,On Time
D000333,O000362,2026-08-20,2026-08-20,0,On Time
D000334,O000363,2026-04-18,2026-04-18,0,On Time
D000335,O000364,2026-07-16,2026-07-16,0,On Time
D000336,O000365,2025-04-29,2025-04-29,0,On Time
D000337,O000366,2026-07-18,2026-07-17,0,On Time
D000338,O000367,2026-06-06,2026-06-06,0,On Time
D000339,O000368,2026-06-16,2026-06-16,0,On Time
D000340,O000369,2026-06-07,2026-06-07,0,On Time
D000341,O000370,2026-07-27,2026-07-27,0,On Time
D000342,O000371,2025-11-26,2025-11-26,0,On Time
D000343,O000372,2026-05-26,2026-05-26,0,On Time
D000344,O000373,2026-01-22,2026-01-27,5,Late
D000345,O000374,2026-04-19,2026-04-19,0,On Time
D000346,O000375,2026-02-15,2026-02-15,0,On Time
D000347,O000376,2026-01-20,2026-01-20,0,On Time
D000348,O000377,2026-06-19,2026-06-19,0,On Time
D000349,O000378,2026-03-16,2026-03-22,6,Late
D000350,O000379,2026-08-08,2026-08-08,0,On Time
D000351,O000380,2026-02-27,2026-02-27,0,On Time
D000352,O000381,2025-06-03,2025-06-03,0,On Time
D000353,O000383,2025-09-14,2025-09-14,0,On Time
D000354,O000384,2025-06-23,2025-06-23,0,On Time
D000355,O000385,2025-12-03,2025-12-03,0,On Time
D000356,O000386,2025-05-30,2025-05-31,1,Late
D000357,O000387,2026-07-18,2026-07-18,0,On Time
D000358,O000388,2026-05-16,2026-05-16,0,On Time
D000359,O000389,2026-07-18,2026-07-18,0,On Time
D000360,O000390,2025-12-28,2025-12-27,0,On Time
D000361,O000391,2026-01-30,2026-01-30,0,On Time
D000362,O000392,2026-01-24,2026-01-29,5,Late
D000363,O000393,2026-03-31,2026-03-31,0,On Time
D000364,O000394,2025-06-15,2025-06-15,0,On Time
D000365,O000395,2025-09-21,2025-09-21,0,On Time
D000366,O000396,2025-12-16,2025-12-16,0,On Time
D000367,O000399,2025-08-13,2025-08-12,0,On Time
D000368,O000400,2025-02-03,2025-02-03,0,On Time
D000369,O000401,2026-05-19,2026-05-22,3,Late
D000370,O000402,2026-07-29,2026-07-29,0,On Time
D000371,O000403,2025-11-18,2025-11-20,2,Late
D000372,O000404,2026-06-17,2026-06-16,0,On Time
D000373,O000405,2025-12-21,2025-12-21,0,On Time
D000374,O000406,2025-12-20,2025-12-24,4,Late
D000375,O000407,2025-12-17,2025-12-17,0,On Time
D000376,O000408,2025-12-05,2025-12-06,1,Late
D000377,O000409,2025-12-08,2025-12-08,0,On Time
D000378,O000410,2025-07-24,2025-07-23,0,On Time
D000379,O000411,2026-04-26,2026-04-26,0,On Time
D000380,O000412,2026-06-04,2026-06-04,0,On Time
D000381,O000413,2026-01-05,2026-01-05,0,On Time
D000382,O000415,2025-08-30,2025-08-30,0,On Time
D000383,O000416,2026-04-30,2026-04-30,0,On Time
D000384,O000418,2026-01-09,2026-01-08,0,On Time
D000385,O000419,2026-04-19,2026-04-19,0,On Time
D000386,O000420,2026-02-13,2026-02-12,0,On Time
D000387,O000421,2025-11-25,2025-11-25,0,On Time
D000388,O000422,2025-12-02,2025-12-02,0,On Time
D000389,O000423,2025-12-13,2025-12-13,0,On Time
D000390,O000424,2026-03-16,2026-03-16,0,On Time
D000391,O000425,2026-05-22,2026-05-22,0,On Time
D000392,O000426,2026-06-27,2026-06-27,0,On Time
D000393,O000427,2025-04-22,2025-04-29,7,Late
D000394,O000428,2026-02-17,2026-02-21,4,Late
D000395,O000429,2026-05-03,2026-05-03,0,On Time
D000396,O000430,2025-08-19,2025-08-19,0,On Time
D000397,O000432,2025-12-18,2025-12-18,0,On Time
D000398,O000434,2026-02-16,2026-02-18,2,Late
D000399,O000435,2026-04-22,2026-04-22,0,On Time
D000400,O000436,2026-07-09,2026-07-09,0,On Time
D000401,O000438,2026-05-28,2026-05-28,0,On Time
D000402,O000439,2026-04-09,2026-04-09,0,On Time
D000403,O000440,2026-06-24,2026-06-23,0,On Time
D000404,O000441,2025-08-19,2025-08-23,4,Late
D000405,O000442,2025-12-05,2025-12-09,4,Late
D000406,O000443,2026-01-19,2026-01-18,0,On Time
D000407,O000444,2026-04-07,2026-04-08,1,Late
D000408,O000445,2026-05-29,2026-06-04,6,Late
D000409,O000446,2025-12-18,2025-12-18,0,On Time
D000410,O000448,2025-12-15,2025-12-22,7,Late
D000411,O000449,2025-08-18,2025-08-18,0,On Time
D000412,O000450,2026-06-14,2026-06-18,4,Late
D000413,O000451,2025-11-18,2025-11-17,0,On Time
D000414,O000452,2026-05-28,2026-05-27,0,On Time
D000415,O000453,2025-12-08,2025-12-11,3,Late
D000416,O000454,2025-08-16,2025-08-15,0,On Time
D000417,O000455,2026-06-16,2026-06-22,6,Late
D000418,O000456,2025-04-05,2025-04-05,0,On Time
D000419,O000457,2026-05-19,2026-05-18,0,On Time
D000420,O000458,2026-03-02,2026-03-03,1,Late
D000421,O000459,2025-08-03,2025-08-03,0,On Time
D000422,O000460,2026-08-19,2026-08-19,0,On Time
D000423,O000461,2025-07-05,2025-07-05,0,On Time
D000424,O000462,2026-07-15,2026-07-15,0,On Time
D000425,O000463,2025-11-21,2025-11-21,0,On Time
D000426,O000464,2026-07-03,2026-07-03,0,On Time
D000427,O000465,2026-05-24,2026-05-23,0,On Time
D000428,O000466,2025-10-31,2025-10-30,0,On Time
D000429,O000467,2026-04-05,2026-04-04,0,On Time
D000430,O000468,2026-06-13,2026-06-13,0,On Time
D000431,O000469,2026-06-13,2026-06-13,0,On Time
D000432,O000470,2026-03-07,2026-03-14,7,Late
D000433,O000471,2025-07-03,2025-07-07,4,Late
D000434,O000472,2025-12-01,2025-11-30,0,On Time
D000435,O000473,2026-02-02,2026-02-02,0,On Time
D000436,O000474,2025-08-26,2025-08-25,0,On Time
D000437,O000475,2026-01-04,2026-01-04,0,On Time
D000438,O000476,2026-05-04,2026-05-09,5,Late
D000439,O000477,2025-10-15,2025-10-20,5,Late
D000440,O000478,2026-05-05,2026-05-05,0,On Time
D000441,O000479,2026-08-20,2026-08-19,0,On Time
D000442,O000480,2025-11-19,2025-11-19,0,On Time
D000443,O000481,2026-05-26,2026-05-26,0,On Time
D000444,O000482,2025-06-07,2025-06-13,6,Late
D000445,O000483,2026-07-27,2026-07-27,0,On Time
D000446,O000485,2026-03-25,2026-03-25,0,On Time
D000447,O000486,2026-04-06,2026-04-08,2,Late
D000448,O000487,2026-03-21,2026-03-21,0,On Time
D000449,O000488,2025-06-08,2025-06-12,4,Late
D000450,O000489,2026-06-06,2026-06-06,0,On Time
D000451,O000490,2026-05-15,2026-05-21,6,Late
D000452,O000491,2025-10-08,2025-10-08,0,On Time
D000453,O000492,2026-08-02,2026-08-07,5,Late
D000454,O000493,2026-01-15,2026-01-15,0,On Time
D000455,O000494,2026-07-30,2026-07-30,0,On Time
D000456,O000495,2026-03-14,2026-03-14,0,On Time
D000457,O000496,2026-02-24,2026-02-24,0,On Time
D000458,O000497,2026-05-02,2026-05-02,0,On Time
D000459,O000498,2026-02-26,2026-02-25,0,On Time
D000460,O000499,2026-08-01,2026-08-01,0,On Time
D000461,O000500,2025-09-22,2025-09-22,0,On Time
D000462,O000501,2025-08-23,2025-08-23,0,On Time
D000463,O000502,2026-02-25,2026-02-25,0,On Time
D000464,O000503,2026-03-06,2026-03-05,0,On Time
D000465,O000504,2025-01-29,2025-01-29,0,On Time
D000466,O000505,2026-05-19,2026-05-24,5,Late
D000467,O000506,2025-07-10,2025-07-10,0,On Time
D000468,O000507,2026-02-27,2026-02-27,0,On Time
D000469,O000508,2025-12-02,2025-12-02,0,On Time
D000470,O000511,2026-05-03,2026-05-03,0,On Time
D000471,O000512,2026-06-06,2026-06-06,0,On Time
D000472,O000513,2025-09-29,2025-10-01,2,Late
D000473,O000514,2026-04-11,2026-04-10,0,On Time
D000474,O000515,2026-01-19,2026-01-19,0,On Time
D000475,O000516,2026-03-22,2026-03-23,1,Late
D000476,O000517,2025-12-28,2025-12-30,2,Late
D000477,O000518,2026-03-26,2026-03-26,0,On Time
D000478,O000519,2026-08-12,2026-08-15,3,Late
D000479,O000520,2026-06-27,2026-06-26,0,On Time
D000480,O000521,2026-03-31,2026-03-31,0,On Time
D000481,O000523,2026-06-05,2026-06-05,0,On Time
D000482,O000524,2026-08-02,2026-08-03,1,Late
D000483,O000525,2026-03-03,2026-03-08,5,Late
D000484,O000526,2026-01-19,2026-01-19,0,On Time
D000485,O000527,2026-08-02,2026-08-02,0,On Time
D000486,O000528,2026-07-07,2026-07-07,0,On Time
D000487,O000529,2026-07-25,2026-07-28,3,Late
D000488,O000530,2026-04-01,2026-04-01,0,On Time
D000489,O000531,2026-08-03,2026-08-02,0,On Time
D000490,O000532,2025-12-20,2025-12-20,0,On Time
D000491,O000533,2025-09-06,2025-09-06,0,On Time
D000492,O000534,2026-08-03,2026-08-08,5,Late
D000493,O000535,2025-12-11,2025-12-11,0,On Time
D000494,O000536,2026-07-11,2026-07-11,0,On Time
D000495,O000537,2026-07-11,2026-07-11,0,On Time
D000496,O000538,2025-11-03,2025-11-03,0,On Time
D000497,O000539,2026-02-26,2026-02-26,0,On Time
D000498,O000540,2026-06-27,2026-06-26,0,On Time
D000499,O000541,2025-07-09,2025-07-09,0,On Time
D000500,O000542,2026-02-13,2026-02-14,1,Late
D000501,O000543,2026-05-18,2026-05-18,0,On Time
D000502,O000544,2025-05-11,2025-05-11,0,On Time
D000503,O000545,2025-06-24,2025-06-23,0,On Time
D000504,O000546,2025-02-02,2025-02-09,7,Late
D000505,O000547,2026-08-08,2026-08-12,4,Late
D000506,O000548,2026-03-06,2026-03-06,0,On Time
D000507,O000549,2025-12-26,2025-12-25,0,On Time
D000508,O000550,2026-05-01,2026-04-30,0,On Time
D000509,O000551,2026-04-11,2026-04-11,0,On Time
D000510,O000552,2025-12-27,2026-01-02,6,Late
D000511,O000553,2026-05-20,2026-05-27,7,Late
D000512,O000554,2026-03-28,2026-03-28,0,On Time
D000513,O000555,2026-05-03,2026-05-08,5,Late
D000514,O000556,2026-05-19,2026-05-20,1,Late
D000515,O000557,2025-11-16,2025-11-15,0,On Time
D000516,O000558,2026-04-29,2026-04-29,0,On Time
D000517,O000559,2026-08-10,2026-08-09,0,On Time
D000518,O000560,2026-08-20,2026-08-19,0,On Time
D000519,O000561,2026-05-26,2026-05-26,0,On Time
D000520,O000562,2025-12-06,2025-12-05,0,On Time
D000521,O000564,2026-01-18,2026-01-18,0,On Time
D000522,O000565,2026-04-04,2026-04-05,1,Late
D000523,O000566,2025-05-15,2025-05-18,3,Late
D000524,O000567,2025-05-21,2025-05-21,0,On Time
D000525,O000568,2025-06-05,2025-06-05,0,On Time
D000526,O000569,2026-05-24,2026-05-24,0,On Time
D000527,O000570,2026-06-17,2026-06-17,0,On Time
D000528,O000571,2026-04-06,2026-04-06,0,On Time
D000529,O000572,2026-06-22,2026-06-27,5,Late
D000530,O000573,2026-05-26,2026-05-26,0,On Time
D000531,O000574,2025-07-11,2025-07-11,0,On Time
D000532,O000575,2026-01-13,2026-01-13,0,On Time
D000533,O000576,2026-02-08,2026-02-07,0,On Time
D000534,O000577,2026-01-07,2026-01-07,0,On Time
D000535,O000578,2026-05-05,2026-05-05,0,On Time
D000536,O000579,2026-06-21,2026-06-21,0,On Time
D000537,O000580,2026-08-21,2026-08-20,0,On Time
D000538,O000581,2026-04-14,2026-04-14,0,On Time
D000539,O000582,2025-07-02,2025-07-02,0,On Time
D000540,O000583,2026-06-19,2026-06-19,0,On Time
D000541,O000584,2026-02-20,2026-02-20,0,On Time
D000542,O000585,2025-09-01,2025-09-01,0,On Time
D000543,O000586,2026-06-17,2026-06-17,0,On Time
D000544,O000587,2025-09-19,2025-09-18,0,On Time
D000545,O000588,2026-04-28,2026-04-28,0,On Time
D000546,O000589,2026-05-25,2026-05-25,0,On Time
D000547,O000590,2026-01-03,2026-01-03,0,On Time
D000548,O000591,2026-08-10,2026-08-10,0,On Time
D000549,O000592,2025-08-21,2025-08-21,0,On Time
D000550,O000593,2026-01-08,2026-01-14,6,Late
D000551,O000594,2026-01-31,2026-01-31,0,On Time
D000552,O000595,2025-08-21,2025-08-21,0,On Time
D000553,O000596,2026-04-12,2026-04-14,2,Late
D000554,O000597,2025-11-25,2025-11-25,0,On Time
D000555,O000598,2026-02-24,2026-03-01,5,Late
D000556,O000599,2026-01-16,2026-01-16,0,On Time
D000557,O000600,2025-12-03,2025-12-05,2,Late
D000558,O000601,2026-04-16,2026-04-16,0,On Time
D000559,O000602,2026-07-05,2026-07-05,0,On Time
D000560,O000603,2025-12-21,2025-12-21,0,On Time
D000561,O000604,2026-05-06,2026-05-06,0,On Time
D000562,O000605,2026-02-11,2026-02-16,5,Late
D000563,O000606,2026-06-05,2026-06-04,0,On Time
D000564,O000607,2026-01-23,2026-01-23,0,On Time
D000565,O000608,2025-09-28,2025-09-28,0,On Time
D000566,O000609,2026-08-04,2026-08-05,1,Late
D000567,O000610,2026-08-09,2026-08-09,0,On Time
D000568,O000611,2026-08-14,2026-08-14,0,On Time
D000569,O000612,2026-06-25,2026-06-25,0,On Time
D000570,O000613,2026-02-06,2026-02-06,0,On Time
D000571,O000614,2026-06-21,2026-06-21,0,On Time
D000572,O000616,2026-07-19,2026-07-19,0,On Time
D000573,O000617,2026-08-11,2026-08-11,0,On Time
D000574,O000618,2025-08-31,2025-09-05,5,Late
D000575,O000619,2025-10-29,2025-10-31,2,Late
D000576,O000620,2026-08-08,2026-08-08,0,On Time
D000577,O000621,2026-05-26,2026-05-26,0,On Time
D000578,O000622,2025-10-07,2025-10-07,0,On Time
D000579,O000623,2026-07-03,2026-07-02,0,On Time
D000580,O000624,2025-10-16,2025-10-16,0,On Time
D000581,O000626,2026-05-15,2026-05-15,0,On Time
D000582,O000627,2026-05-10,2026-05-10,0,On Time
D000583,O000628,2026-05-05,2026-05-05,0,On Time
D000584,O000629,2025-09-20,2025-09-20,0,On Time
D000585,O000630,2026-05-27,2026-05-27,0,On Time
D000586,O000631,2025-05-15,2025-05-14,0,On Time
D000587,O000632,2026-05-26,2026-05-26,0,On Time
D000588,O000633,2026-04-13,2026-04-14,1,Late
D000589,O000634,2026-04-21,2026-04-21,0,On Time
D000590,O000635,2026-05-14,2026-05-14,0,On Time
D000591,O000636,2026-04-11,2026-04-11,0,On Time
D000592,O000637,2026-07-10,2026-07-17,7,Late
D000593,O000638,2025-06-22,2025-06-22,0,On Time
D000594,O000639,2026-03-09,2026-03-15,6,Late
D000595,O000640,2026-07-07,2026-07-07,0,On Time
D000596,O000641,2026-03-13,2026-03-13,0,On Time
D000597,O000642,2026-06-24,2026-06-26,2,Late
D000598,O000643,2026-05-18,2026-05-18,0,On Time
D000599,O000644,2026-05-27,2026-05-26,0,On Time
D000600,O000645,2025-05-30,2025-05-30,0,On Time
D000601,O000646,2025-07-10,2025-07-16,6,Late
D000602,O000647,2026-06-21,2026-06-20,0,On Time
D000603,O000648,2025-09-28,2025-09-28,0,On Time
D000604,O000649,2026-05-08,2026-05-08,0,On Time
D000605,O000650,2026-01-31,2026-01-31,0,On Time
D000606,O000651,2026-06-18,2026-06-18,0,On Time
D000607,O000652,2026-06-07,2026-06-11,4,Late
D000608,O000654,2025-06-06,2025-06-06,0,On Time
D000609,O000655,2026-02-10,2026-02-15,5,Late
D000610,O000656,2026-03-10,2026-03-17,7,Late
D000611,O000657,2026-01-06,2026-01-06,0,On Time
D000612,O000658,2026-07-23,2026-07-23,0,On Time
D000613,O000659,2026-05-19,2026-05-19,0,On Time
D000614,O000660,2026-06-14,2026-06-18,4,Late
D000615,O000661,2026-05-06,2026-05-06,0,On Time
D000616,O000662,2025-12-26,2025-12-26,0,On Time
D000617,O000663,2026-06-17,2026-06-17,0,On Time
D000618,O000664,2026-07-24,2026-07-24,0,On Time
D000619,O000665,2026-05-01,2026-05-01,0,On Time
D000620,O000667,2026-07-12,2026-07-12,0,On Time
D000621,O000668,2025-11-06,2025-11-06,0,On Time
D000622,O000669,2026-07-27,2026-07-27,0,On Time
D000623,O000670,2025-05-18,2025-05-18,0,On Time
D000624,O000671,2026-02-27,2026-02-27,0,On Time
D000625,O000672,2025-03-31,2025-03-31,0,On Time
D000626,O000673,2026-08-02,2026-08-02,0,On Time
D000627,O000674,2026-03-04,2026-03-07,3,Late
D000628,O000675,2026-03-15,2026-03-15,0,On Time
D000629,O000676,2026-06-28,2026-06-28,0,On Time
D000630,O000677,2026-05-09,2026-05-15,6,Late
D000631,O000678,2025-12-24,2025-12-24,0,On Time
D000632,O000679,2026-06-05,2026-06-05,0,On Time
D000633,O000680,2025-06-09,2025-06-08,0,On Time
D000634,O000681,2026-04-28,2026-04-29,1,Late
D000635,O000682,2026-08-13,2026-08-13,0,On Time
D000636,O000683,2025-12-13,2025-12-13,0,On Time
D000637,O000684,2026-04-01,2026-04-01,0,On Time
D000638,O000685,2026-08-21,2026-08-21,0,On Time
D000639,O000687,2025-08-05,2025-08-05,0,On Time
D000640,O000688,2026-02-11,2026-02-11,0,On Time
D000641,O000689,2026-03-13,2026-03-13,0,On Time
D000642,O000690,2026-08-17,2026-08-16,0,On Time
D000643,O000691,2026-02-13,2026-02-13,0,On Time
D000644,O000692,2026-06-27,2026-06-27,0,On Time
D000645,O000693,2025-11-22,2025-11-23,1,Late
D000646,O000694,2026-06-27,2026-06-27,0,On Time
D000647,O000695,2026-05-24,2026-05-23,0,On Time
D000648,O000696,2026-07-16,2026-07-16,0,On Time
D000649,O000697,2026-08-20,2026-08-20,0,On Time
D000650,O000698,2025-11-29,2025-11-29,0,On Time
D000651,O000699,2026-04-15,2026-04-15,0,On Time
D000652,O000700,2026-01-03,2026-01-03,0,On Time
D000653,O000701,2026-01-10,2026-01-09,0,On Time
D000654,O000702,2025-11-04,2025-11-04,0,On Time
D000655,O000703,2026-08-15,2026-08-15,0,On Time
D000656,O000704,2026-08-14,2026-08-14,0,On Time
D000657,O000705,2025-10-14,2025-10-14,0,On Time
D000658,O000706,2026-03-07,2026-03-07,0,On Time
D000659,O000707,2026-04-28,2026-04-28,0,On Time
D000660,O000708,2026-07-09,2026-07-14,5,Late
D000661,O000709,2026-05-28,2026-05-29,1,Late
D000662,O000710,2026-03-16,2026-03-15,0,On Time
D000663,O000711,2026-03-02,2026-03-02,0,On Time
D000664,O000712,2026-08-02,2026-08-02,0,On Time
D000665,O000713,2026-06-09,2026-06-09,0,On Time
D000666,O000714,2026-07-22,2026-07-22,0,On Time
D000667,O000715,2026-05-22,2026-05-22,0,On Time
D000668,O000716,2026-04-02,2026-04-08,6,Late
D000669,O000717,2026-05-05,2026-05-05,0,On Time
D000670,O000718,2026-01-21,2026-01-21,0,On Time
D000671,O000719,2026-01-25,2026-01-25,0,On Time
D000672,O000720,2026-05-10,2026-05-10,0,On Time
D000673,O000721,2026-03-25,2026-03-25,0,On Time
D000674,O000722,2025-12-17,2025-12-17,0,On Time
D000675,O000723,2026-03-05,2026-03-07,2,Late
D000676,O000724,2026-03-16,2026-03-16,0,On Time
D000677,O000725,2026-05-31,2026-05-31,0,On Time
D000678,O000726,2025-04-11,2025-04-12,1,Late
D000679,O000727,2026-05-01,2026-05-01,0,On Time
D000680,O000728,2025-06-05,2025-06-05,0,On Time
D000681,O000729,2026-04-17,2026-04-17,0,On Time
D000682,O000730,2026-07-07,2026-07-07,0,On Time
D000683,O000731,2025-06-22,2025-06-22,0,On Time
D000684,O000732,2025-12-18,2025-12-18,0,On Time
D000685,O000733,2026-05-01,2026-05-01,0,On Time
D000686,O000734,2026-07-16,2026-07-16,0,On Time
D000687,O000735,2026-01-04,2026-01-05,1,Late
D000688,O000736,2026-08-16,2026-08-16,0,On Time
D000689,O000737,2026-05-03,2026-05-03,0,On Time
D000690,O000739,2025-06-16,2025-06-16,0,On Time
D000691,O000740,2026-07-26,2026-07-25,0,On Time
D000692,O000741,2026-02-12,2026-02-16,4,Late
D000693,O000742,2026-04-13,2026-04-13,0,On Time
D000694,O000743,2026-07-08,2026-07-08,0,On Time
D000695,O000744,2025-08-21,2025-08-23,2,Late
D000696,O000745,2026-05-19,2026-05-19,0,On Time
D000697,O000746,2026-06-02,2026-06-04,2,Late
D000698,O000747,2025-06-22,2025-06-22,0,On Time
D000699,O000748,2025-07-27,2025-07-27,0,On Time
D000700,O000749,2026-07-13,2026-07-13,0,On Time
D000701,O000750,2026-02-11,2026-02-11,0,On Time
D000702,O000751,2025-06-25,2025-06-25,0,On Time
D000703,O000752,2026-07-18,2026-07-22,4,Late
D000704,O000753,2026-07-08,2026-07-08,0,On Time
D000705,O000755,2026-04-22,2026-04-22,0,On Time
D000706,O000757,2026-06-13,2026-06-13,0,On Time
D000707,O000758,2026-08-25,2026-08-24,0,On Time
D000708,O000759,2025-12-10,2025-12-10,0,On Time
D000709,O000760,2026-03-15,2026-03-15,0,On Time
D000710,O000761,2026-07-26,2026-07-26,0,On Time
D000711,O000762,2025-12-18,2025-12-18,0,On Time
D000712,O000763,2026-03-27,2026-03-27,0,On Time
D000713,O000764,2026-03-19,2026-03-22,3,Late
D000714,O000765,2025-01-30,2025-01-30,0,On Time
D000715,O000766,2026-05-08,2026-05-13,5,Late
D000716,O000767,2026-06-05,2026-06-04,0,On Time
D000717,O000768,2025-01-11,2025-01-11,0,On Time
D000718,O000769,2026-04-18,2026-04-18,0,On Time
D000719,O000770,2026-07-02,2026-07-02,0,On Time
D000720,O000771,2026-01-14,2026-01-14,0,On Time
D000721,O000772,2025-05-04,2025-05-06,2,Late
D000722,O000773,2026-01-30,2026-01-30,0,On Time
D000723,O000774,2025-09-15,2025-09-15,0,On Time
D000724,O000775,2026-01-21,2026-01-21,0,On Time
D000725,O000776,2025-07-17,2025-07-17,0,On Time
D000726,O000777,2025-11-30,2025-11-30,0,On Time
D000727,O000778,2025-12-23,2025-12-26,3,Late
D000728,O000780,2026-07-24,2026-07-23,0,On Time
D000729,O000781,2026-02-13,2026-02-13,0,On Time
D000730,O000782,2026-04-03,2026-04-03,0,On Time
D000731,O000783,2025-07-07,2025-07-07,0,On Time
D000732,O000784,2025-06-08,2025-06-13,5,Late
D000733,O000785,2026-05-26,2026-05-26,0,On Time
D000734,O000786,2026-04-19,2026-04-18,0,On Time
D000735,O000787,2026-03-16,2026-03-16,0,On Time
D000736,O000788,2026-06-04,2026-06-04,0,On Time
D000737,O000789,2026-05-24,2026-05-24,0,On Time
D000738,O000790,2026-06-07,2026-06-14,7,Late
D000739,O000791,2025-09-05,2025-09-05,0,On Time
D000740,O000792,2025-09-30,2025-10-02,2,Late
D000741,O000793,2025-10-21,2025-10-21,0,On Time
D000742,O000794,2026-03-20,2026-03-20,0,On Time
D000743,O000795,2026-08-04,2026-08-04,0,On Time
D000744,O000796,2025-09-04,2025-09-04,0,On Time
D000745,O000797,2025-07-09,2025-07-09,0,On Time
D000746,O000798,2026-04-26,2026-04-26,0,On Time
D000747,O000799,2026-04-17,2026-04-17,0,On Time
D000748,O000800,2026-07-07,2026-07-12,5,Late
D000749,O000801,2026-05-22,2026-05-22,0,On Time
D000750,O000802,2026-01-06,2026-01-06,0,On Time
D000751,O000803,2026-04-22,2026-04-22,0,On Time
D000752,O000804,2026-06-08,2026-06-08,0,On Time
D000753,O000805,2025-06-24,2025-06-24,0,On Time
D000754,O000806,2025-11-04,2025-11-03,0,On Time
D000755,O000807,2026-01-03,2026-01-03,0,On Time
D000756,O000808,2026-06-05,2026-06-05,0,On Time
D000757,O000809,2025-12-06,2025-12-11,5,Late
D000758,O000810,2026-08-02,2026-08-09,7,Late
D000759,O000811,2025-11-21,2025-11-21,0,On Time
D000760,O000812,2026-03-30,2026-03-30,0,On Time
D000761,O000813,2026-07-22,2026-07-22,0,On Time
D000762,O000814,2026-04-18,2026-04-18,0,On Time
D000763,O000815,2026-03-11,2026-03-11,0,On Time
D000764,O000816,2026-06-23,2026-06-27,4,Late
D000765,O000817,2026-03-24,2026-03-24,0,On Time
D000766,O000818,2026-02-17,2026-02-17,0,On Time
D000767,O000819,2025-06-06,2025-06-06,0,On Time
D000768,O000820,2026-06-12,2026-06-13,1,Late
D000769,O000821,2025-11-22,2025-11-22,0,On Time
D000770,O000822,2025-11-06,2025-11-10,4,Late
D000771,O000825,2026-06-23,2026-06-23,0,On Time
D000772,O000826,2026-05-26,2026-05-25,0,On Time
D000773,O000827,2026-07-03,2026-07-03,0,On Time
D000774,O000828,2025-04-23,2025-04-23,0,On Time
D000775,O000829,2025-10-09,2025-10-09,0,On Time
D000776,O000830,2026-08-16,2026-08-16,0,On Time
D000777,O000831,2026-02-01,2026-02-01,0,On Time
D000778,O000832,2026-01-27,2026-01-26,0,On Time
D000779,O000833,2025-10-18,2025-10-18,0,On Time
D000780,O000834,2025-06-28,2025-06-28,0,On Time
D000781,O000835,2026-08-11,2026-08-14,3,Late
D000782,O000836,2025-03-30,2025-03-30,0,On Time
D000783,O000837,2025-07-14,2025-07-14,0,On Time
D000784,O000838,2026-06-24,2026-06-23,0,On Time
D000785,O000839,2025-12-16,2025-12-16,0,On Time
D000786,O000840,2026-08-18,2026-08-18,0,On Time
D000787,O000841,2026-03-30,2026-03-29,0,On Time
D000788,O000842,2025-12-18,2025-12-24,6,Late
D000789,O000843,2025-06-07,2025-06-08,1,Late
D000790,O000844,2026-01-14,2026-01-20,6,Late
D000791,O000846,2026-04-15,2026-04-15,0,On Time
D000792,O000847,2025-08-08,2025-08-11,3,Late
D000793,O000848,2026-04-05,2026-04-04,0,On Time
D000794,O000849,2025-05-25,2025-05-25,0,On Time
D000795,O000850,2025-07-23,2025-07-22,0,On Time
D000796,O000851,2026-05-23,2026-05-23,0,On Time
D000797,O000852,2025-10-13,2025-10-13,0,On Time
D000798,O000853,2025-08-17,2025-08-17,0,On Time
D000799,O000854,2025-10-22,2025-10-22,0,On Time
D000800,O000855,2026-01-25,2026-01-24,0,On Time
D000801,O000856,2026-04-19,2026-04-19,0,On Time
D000802,O000857,2025-08-29,2025-08-28,0,On Time
D000803,O000858,2026-03-06,2026-03-05,0,On Time
D000804,O000859,2025-11-04,2025-11-04,0,On Time
D000805,O000860,2025-08-10,2025-08-10,0,On Time
D000806,O000862,2025-04-30,2025-04-30,0,On Time
D000807,O000863,2026-03-12,2026-03-11,0,On Time
D000808,O000864,2025-12-15,2025-12-14,0,On Time
D000809,O000865,2025-11-01,2025-10-31,0,On Time
D000810,O000866,2026-01-19,2026-01-19,0,On Time
D000811,O000867,2025-10-10,2025-10-10,0,On Time
D000812,O000868,2026-01-24,2026-01-24,0,On Time
D000813,O000869,2026-02-17,2026-02-17,0,On Time
D000814,O000870,2026-02-01,2026-02-01,0,On Time
D000815,O000871,2026-05-30,2026-05-29,0,On Time
D000816,O000872,2026-03-02,2026-03-02,0,On Time
D000817,O000873,2026-02-05,2026-02-05,0,On Time
D000818,O000875,2026-03-23,2026-03-23,0,On Time
D000819,O000876,2025-07-18,2025-07-18,0,On Time
D000820,O000877,2026-02-11,2026-02-18,7,Late
D000821,O000878,2025-07-08,2025-07-07,0,On Time
D000822,O000879,2026-04-14,2026-04-20,6,Late
D000823,O000880,2026-05-14,2026-05-18,4,Late
D000824,O000882,2026-05-24,2026-05-23,0,On Time
D000825,O000883,2026-06-13,2026-06-13,0,On Time
D000826,O000884,2025-06-22,2025-06-22,0,On Time
D000827,O000885,2026-05-12,2026-05-12,0,On Time
D000828,O000886,2025-10-09,2025-10-09,0,On Time
D000829,O000888,2025-09-18,2025-09-18,0,On Time
D000830,O000889,2025-05-18,2025-05-18,0,On Time
D000831,O000890,2026-07-22,2026-07-24,2,Late
D000832,O000891,2026-05-16,2026-05-16,0,On Time
D000833,O000892,2026-08-16,2026-08-15,0,On Time
D000834,O000893,2025-09-10,2025-09-10,0,On Time
D000835,O000894,2026-07-10,2026-07-10,0,On Time
D000836,O000895,2026-06-12,2026-06-11,0,On Time
D000837,O000896,2025-03-08,2025-03-15,7,Late
D000838,O000897,2025-04-05,2025-04-05,0,On Time
D000839,O000898,2025-09-17,2025-09-17,0,On Time
D000840,O000899,2026-05-04,2026-05-04,0,On Time
D000841,O000900,2026-01-21,2026-01-20,0,On Time
D000842,O000901,2025-07-18,2025-07-18,0,On Time
D000843,O000902,2025-06-26,2025-06-30,4,Late
D000844,O000903,2026-04-04,2026-04-03,0,On Time
D000845,O000904,2025-08-09,2025-08-09,0,On Time
D000846,O000905,2025-09-09,2025-09-08,0,On Time
D000847,O000906,2026-07-18,2026-07-25,7,Late
D000848,O000907,2026-05-14,2026-05-14,0,On Time
D000849,O000908,2026-05-24,2026-05-24,0,On Time
D000850,O000909,2025-10-07,2025-10-07,0,On Time
D000851,O000910,2026-03-23,2026-03-23,0,On Time
D000852,O000911,2026-03-19,2026-03-19,0,On Time
D000853,O000912,2026-05-26,2026-05-25,0,On Time
D000854,O000913,2026-03-05,2026-03-05,0,On Time
D000855,O000914,2026-01-06,2026-01-06,0,On Time
D000856,O000915,2026-01-11,2026-01-11,0,On Time
D000857,O000916,2025-04-30,2025-04-30,0,On Time
D000858,O000917,2026-04-04,2026-04-04,0,On Time
D000859,O000918,2025-08-04,2025-08-08,4,Late
D000860,O000919,2026-08-20,2026-08-20,0,On Time
D000861,O000920,2026-07-20,2026-07-20,0,On Time
D000862,O000921,2026-03-10,2026-03-10,0,On Time
D000863,O000922,2026-08-20,2026-08-25,5,Late
D000864,O000923,2026-03-18,2026-03-22,4,Late
D000865,O000924,2026-08-06,2026-08-06,0,On Time
D000866,O000925,2026-06-08,2026-06-08,0,On Time
D000867,O000926,2025-12-02,2025-12-02,0,On Time
D000868,O000927,2026-02-14,2026-02-15,1,Late
D000869,O000928,2026-04-14,2026-04-18,4,Late
D000870,O000929,2025-06-17,2025-06-17,0,On Time
D000871,O000930,2026-04-26,2026-04-26,0,On Time
D000872,O000931,2026-06-09,2026-06-08,0,On Time
D000873,O000932,2026-06-01,2026-06-02,1,Late
D000874,O000933,2026-03-28,2026-03-28,0,On Time
D000875,O000934,2026-01-11,2026-01-11,0,On Time
D000876,O000935,2025-12-31,2025-12-31,0,On Time
D000877,O000936,2026-04-19,2026-04-26,7,Late
D000878,O000937,2025-08-14,2025-08-20,6,Late
D000879,O000938,2026-08-19,2026-08-19,0,On Time
D000880,O000939,2026-04-23,2026-04-22,0,On Time
D000881,O000940,2026-04-12,2026-04-11,0,On Time
D000882,O000942,2026-04-30,2026-04-30,0,On Time
D000883,O000943,2026-06-22,2026-06-21,0,On Time
D000884,O000944,2025-08-22,2025-08-23,1,Late
D000885,O000945,2025-10-18,2025-10-18,0,On Time
D000886,O000946,2025-07-12,2025-07-12,0,On Time
D000887,O000947,2026-07-10,2026-07-10,0,On Time
D000888,O000948,2026-03-05,2026-03-04,0,On Time
D000889,O000949,2025-12-28,2025-12-27,0,On Time
D000890,O000950,2026-05-06,2026-05-08,2,Late
D000891,O000951,2026-08-12,2026-08-15,3,Late
D000892,O000952,2026-03-31,2026-03-31,0,On Time
D000893,O000953,2025-09-20,2025-09-23,3,Late
D000894,O000954,2025-11-07,2025-11-06,0,On Time
D000895,O000955,2025-12-06,2025-12-07,1,Late
D000896,O000956,2026-02-22,2026-02-21,0,On Time
D000897,O000958,2025-09-28,2025-09-28,0,On Time
D000898,O000959,2026-04-28,2026-04-28,0,On Time
D000899,O000960,2026-03-22,2026-03-22,0,On Time
D000900,O000961,2025-11-30,2025-11-30,0,On Time
D000901,O000962,2026-04-12,2026-04-12,0,On Time
D000902,O000963,2025-08-01,2025-07-31,0,On Time
D000903,O000964,2025-10-28,2025-10-28,0,On Time
D000904,O000965,2026-08-22,2026-08-22,0,On Time
D000905,O000966,2026-07-27,2026-07-27,0,On Time
D000906,O000967,2026-01-13,2026-01-12,0,On Time
D000907,O000968,2026-04-29,2026-04-29,0,On Time
D000908,O000969,2026-04-22,2026-04-27,5,Late
D000909,O000970,2025-06-16,2025-06-16,0,On Time
D000910,O000971,2026-04-06,2026-04-11,5,Late
D000911,O000972,2026-04-23,2026-04-23,0,On Time
D000912,O000973,2026-05-12,2026-05-12,0,On Time
D000913,O000974,2025-08-24,2025-08-24,0,On Time
D000914,O000975,2026-05-09,2026-05-09,0,On Time
D000915,O000977,2026-08-09,2026-08-09,0,On Time
D000916,O000978,2026-05-12,2026-05-12,0,On Time
D000917,O000979,2026-06-11,2026-06-11,0,On Time
D000918,O000980,2026-06-24,2026-06-24,0,On Time
D000919,O000981,2025-11-29,2025-11-29,0,On Time
D000920,O000983,2025-08-19,2025-08-19,0,On Time
D000921,O000984,2025-09-21,2025-09-21,0,On Time
D000922,O000985,2026-02-05,2026-02-05,0,On Time
D000923,O000986,2026-01-06,2026-01-06,0,On Time
D000924,O000987,2026-07-04,2026-07-04,0,On Time
D000925,O000988,2025-11-18,2025-11-17,0,On Time
D000926,O000989,2025-10-23,2025-10-22,0,On Time
D000927,O000990,2025-10-23,2025-10-23,0,On Time
D000928,O000991,2026-08-20,2026-08-20,0,On Time
D000929,O000992,2026-07-31,2026-07-31,0,On Time
D000930,O000993,2025-10-22,2025-10-22,0,On Time
D000931,O000994,2025-06-20,2025-06-19,0,On Time
D000932,O000995,2026-05-17,2026-05-17,0,On Time
D000933,O000996,2026-03-23,2026-03-22,0,On Time
D000934,O000997,2025-12-19,2025-12-19,0,On Time
D000935,O000998,2026-05-22,2026-05-21,0,On Time
D000936,O000999,2026-08-09,2026-08-09,0,On Time
D000937,O001000,2026-07-19,2026-07-19,0,On Time
D000938,O001001,2025-06-18,2025-06-18,0,On Time
D000939,O001002,2026-03-22,2026-03-22,0,On Time
D000940,O001004,2026-01-10,2026-01-10,0,On Time
D000941,O001005,2026-07-14,2026-07-14,0,On Time
D000942,O001006,2026-07-07,2026-07-06,0,On Time
D000943,O001007,2026-04-16,2026-04-16,0,On Time
D000944,O001008,2026-03-27,2026-03-26,0,On Time
D000945,O001009,2026-03-14,2026-03-14,0,On Time
D000946,O001010,2026-04-05,2026-04-04,0,On Time
D000947,O001011,2025-10-05,2025-10-10,5,Late
D000948,O001012,2026-03-11,2026-03-11,0,On Time
D000949,O001013,2026-02-04,2026-02-04,0,On Time
D000950,O001014,2025-10-06,2025-10-09,3,Late
D000951,O001015,2026-07-20,2026-07-20,0,On Time
D000952,O001016,2025-04-07,2025-04-07,0,On Time
D000953,O001017,2026-08-17,2026-08-24,7,Late
D000954,O001018,2025-06-11,2025-06-11,0,On Time
D000955,O001019,2026-04-01,2026-04-01,0,On Time
D000956,O001020,2026-02-26,2026-02-26,0,On Time
D000957,O001022,2026-06-25,2026-06-25,0,On Time
D000958,O001023,2026-01-11,2026-01-11,0,On Time
D000959,O001024,2025-12-26,2025-12-27,1,Late
D000960,O001025,2026-08-15,2026-08-15,0,On Time
D000961,O001026,2026-05-25,2026-05-25,0,On Time
D000962,O001027,2026-04-22,2026-04-29,7,Late
D000963,O001028,2026-01-21,2026-01-21,0,On Time
D000964,O001029,2026-05-08,2026-05-08,0,On Time
D000965,O001030,2025-03-02,2025-03-02,0,On Time
D000966,O001031,2025-04-11,2025-04-11,0,On Time
D000967,O001032,2025-09-27,2025-09-27,0,On Time
D000968,O001033,2026-08-09,2026-08-09,0,On Time
D000969,O001035,2026-04-24,2026-04-27,3,Late
D000970,O001036,2025-09-24,2025-09-23,0,On Time
D000971,O001037,2026-05-24,2026-05-24,0,On Time
D000972,O001038,2025-08-07,2025-08-07,0,On Time
D000973,O001039,2025-09-25,2025-09-25,0,On Time
D000974,O001040,2026-06-11,2026-06-11,0,On Time
D000975,O001041,2026-07-26,2026-07-26,0,On Time
D000976,O001042,2026-07-19,2026-07-19,0,On Time
D000977,O001043,2025-08-01,2025-08-01,0,On Time
D000978,O001044,2026-06-19,2026-06-18,0,On Time
D000979,O001045,2026-08-16,2026-08-18,2,Late
D000980,O001046,2025-12-30,2025-12-30,0,On Time
D000981,O001047,2026-03-21,2026-03-21,0,On Time
D000982,O001048,2026-02-08,2026-02-08,0,On Time
D000983,O001050,2026-08-01,2026-08-01,0,On Time
D000984,O001051,2026-04-12,2026-04-12,0,On Time
D000985,O001052,2026-05-30,2026-06-02,3,Late
D000986,O001053,2025-03-15,2025-03-15,0,On Time
D000987,O001054,2025-09-15,2025-09-15,0,On Time
D000988,O001055,2025-09-02,2025-09-02,0,On Time
D000989,O001056,2025-08-23,2025-08-23,0,On Time
D000990,O001057,2026-07-05,2026-07-05,0,On Time
D000991,O001058,2025-05-18,2025-05-18,0,On Time
D000992,O001060,2026-06-23,2026-06-23,0,On Time
D000993,O001061,2026-02-11,2026-02-11,0,On Time
D000994,O001062,2026-06-07,2026-06-06,0,On Time
D000995,O001063,2025-09-15,2025-09-15,0,On Time
D000996,O001064,2026-07-05,2026-07-08,3,Late
D000997,O001065,2026-05-15,2026-05-15,0,On Time
D000998,O001066,2025-05-10,2025-05-15,5,Late
D000999,O001067,2025-08-15,2025-08-15,0,On Time
D001000,O001068,2026-05-12,2026-05-12,0,On Time
D001001,O001069,2026-01-19,2026-01-19,0,On Time
D001002,O001070,2026-07-28,2026-07-28,0,On Time
D001003,O001071,2026-05-24,2026-05-24,0,On Time
D001004,O001073,2026-05-18,2026-05-18,0,On Time
D001005,O001074,2026-07-07,2026-07-12,5,Late
D001006,O001076,2026-03-02,2026-03-02,0,On Time
D001007,O001077,2026-06-16,2026-06-23,7,Late
D001008,O001078,2026-01-14,2026-01-14,0,On Time
D001009,O001080,2025-12-07,2025-12-06,0,On Time
D001010,O001081,2026-02-06,2026-02-06,0,On Time
D001011,O001082,2026-06-19,2026-06-19,0,On Time
D001012,O001083,2026-04-05,2026-04-04,0,On Time
D001013,O001084,2026-07-26,2026-07-26,0,On Time
D001014,O001085,2026-03-13,2026-03-17,4,Late
D001015,O001086,2025-12-25,2025-12-25,0,On Time
D001016,O001087,2026-08-04,2026-08-04,0,On Time
D001017,O001088,2026-03-06,2026-03-06,0,On Time
D001018,O001089,2025-10-08,2025-10-08,0,On Time
D001019,O001090,2026-01-18,2026-01-18,0,On Time
D001020,O001091,2026-03-27,2026-03-27,0,On Time
D001021,O001092,2025-12-19,2025-12-19,0,On Time
D001022,O001093,2026-08-04,2026-08-04,0,On Time
D001023,O001094,2026-05-04,2026-05-10,6,Late
D001024,O001095,2026-05-14,2026-05-16,2,Late
D001025,O001096,2026-03-17,2026-03-16,0,On Time
D001026,O001097,2025-11-13,2025-11-12,0,On Time
D001027,O001098,2025-08-22,2025-08-23,1,Late
D001028,O001099,2026-04-08,2026-04-08,0,On Time
D001029,O001100,2026-03-28,2026-03-28,0,On Time
D001030,O001101,2025-07-31,2025-07-31,0,On Time
D001031,O001102,2026-06-09,2026-06-13,4,Late
D001032,O001103,2025-08-08,2025-08-08,0,On Time
D001033,O001104,2026-05-29,2026-05-29,0,On Time
D001034,O001106,2025-05-02,2025-05-02,0,On Time
D001035,O001107,2026-05-08,2026-05-09,1,Late
D001036,O001108,2026-04-25,2026-04-24,0,On Time
D001037,O001109,2025-08-19,2025-08-19,0,On Time
D001038,O001110,2026-05-20,2026-05-20,0,On Time
D001039,O001111,2026-05-06,2026-05-06,0,On Time
D001040,O001113,2026-04-19,2026-04-26,7,Late
D001041,O001114,2025-11-25,2025-11-25,0,On Time
D001042,O001115,2025-10-08,2025-10-08,0,On Time
D001043,O001116,2026-04-05,2026-04-05,0,On Time
D001044,O001117,2026-07-05,2026-07-07,2,Late
D001045,O001118,2026-01-24,2026-01-24,0,On Time
D001046,O001119,2026-03-20,2026-03-20,0,On Time
D001047,O001120,2026-05-29,2026-05-29,0,On Time
D001048,O001121,2025-08-08,2025-08-10,2,Late
D001049,O001122,2026-01-24,2026-01-26,2,Late
D001050,O001123,2025-06-09,2025-06-09,0,On Time
D001051,O001124,2026-03-29,2026-04-03,5,Late
D001052,O001125,2025-11-24,2025-11-24,0,On Time
D001053,O001126,2025-12-15,2025-12-15,0,On Time
D001054,O001127,2026-05-12,2026-05-11,0,On Time
D001055,O001128,2025-08-09,2025-08-09,0,On Time
D001056,O001129,2026-08-18,2026-08-18,0,On Time
D001057,O001130,2026-05-08,2026-05-08,0,On Time
D001058,O001131,2026-02-15,2026-02-15,0,On Time
D001059,O001132,2026-03-26,2026-03-30,4,Late
D001060,O001133,2025-11-01,2025-10-31,0,On Time
D001061,O001134,2026-04-02,2026-04-08,6,Late
D001062,O001135,2026-06-03,2026-06-02,0,On Time
D001063,O001136,2026-05-23,2026-05-23,0,On Time
D001064,O001137,2026-04-16,2026-04-16,0,On Time
D001065,O001138,2026-07-26,2026-07-25,0,On Time
D001066,O001139,2026-03-06,2026-03-06,0,On Time
D001067,O001140,2026-08-18,2026-08-18,0,On Time
D001068,O001141,2026-04-05,2026-04-11,6,Late
D001069,O001142,2025-09-03,2025-09-03,0,On Time
D001070,O001143,2025-10-10,2025-10-10,0,On Time
D001071,O001144,2026-03-30,2026-03-30,0,On Time
D001072,O001145,2026-06-08,2026-06-08,0,On Time
D001073,O001146,2025-10-26,2025-10-26,0,On Time
D001074,O001147,2026-05-03,2026-05-03,0,On Time
D001075,O001148,2026-01-06,2026-01-11,5,Late
D001076,O001149,2025-08-02,2025-08-02,0,On Time
D001077,O001150,2026-02-23,2026-02-23,0,On Time
D001078,O001152,2026-02-15,2026-02-15,0,On Time
D001079,O001153,2026-07-10,2026-07-09,0,On Time
D001080,O001154,2025-12-12,2025-12-12,0,On Time
D001081,O001155,2025-12-30,2025-12-30,0,On Time
D001082,O001156,2026-03-17,2026-03-17,0,On Time
D001083,O001157,2026-01-25,2026-01-25,0,On Time
D001084,O001158,2025-11-27,2025-12-02,5,Late
D001085,O001159,2026-04-25,2026-04-25,0,On Time
D001086,O001160,2026-04-22,2026-04-22,0,On Time
D001087,O001161,2026-01-28,2026-01-31,3,Late
D001088,O001162,2026-03-29,2026-03-29,0,On Time
D001089,O001163,2026-08-17,2026-08-17,0,On Time
D001090,O001164,2025-07-07,2025-07-08,1,Late
D001091,O001165,2026-08-17,2026-08-22,5,Late
D001092,O001166,2026-05-28,2026-05-28,0,On Time
D001093,O001167,2026-07-06,2026-07-06,0,On Time
D001094,O001168,2026-06-12,2026-06-12,0,On Time
D001095,O001169,2025-12-04,2025-12-04,0,On Time
D001096,O001170,2026-04-26,2026-04-26,0,On Time
D001097,O001171,2025-12-23,2025-12-23,0,On Time
D001098,O001172,2026-04-02,2026-04-09,7,Late
D001099,O001173,2026-06-24,2026-06-24,0,On Time
D001100,O001174,2025-09-03,2025-09-08,5,Late
D001101,O001175,2026-04-21,2026-04-21,0,On Time
D001102,O001176,2025-08-26,2025-08-26,0,On Time
D001103,O001177,2025-12-07,2025-12-07,0,On Time
D001104,O001179,2026-06-15,2026-06-15,0,On Time
D001105,O001180,2025-08-23,2025-08-23,0,On Time
D001106,O001181,2026-03-17,2026-03-17,0,On Time
D001107,O001182,2025-10-13,2025-10-13,0,On Time
D001108,O001183,2025-11-21,2025-11-21,0,On Time
D001109,O001184,2026-08-06,2026-08-06,0,On Time
D001110,O001185,2026-01-28,2026-01-28,0,On Time
D001111,O001186,2026-03-14,2026-03-14,0,On Time
D001112,O001187,2026-07-21,2026-07-21,0,On Time
D001113,O001188,2026-04-24,2026-04-24,0,On Time
D001114,O001189,2026-02-10,2026-02-10,0,On Time
D001115,O001190,2026-07-28,2026-07-27,0,On Time
D001116,O001191,2026-06-23,2026-06-23,0,On Time
D001117,O001192,2026-03-26,2026-03-26,0,On Time
D001118,O001193,2025-07-08,2025-07-08,0,On Time
D001119,O001194,2025-07-14,2025-07-14,0,On Time
D001120,O001195,2026-02-09,2026-02-09,0,On Time
D001121,O001197,2026-03-28,2026-03-28,0,On Time
D001122,O001198,2026-02-12,2026-02-12,0,On Time
D001123,O001199,2026-01-06,2026-01-06,0,On Time
D001124,O001200,2026-04-07,2026-04-07,0,On Time
D001125,O001201,2026-05-16,2026-05-16,0,On Time
D001126,O001202,2025-08-07,2025-08-09,2,Late
D001127,O001203,2026-04-17,2026-04-17,0,On Time
D001128,O001204,2025-12-05,2025-12-05,0,On Time
D001129,O001205,2026-05-08,2026-05-08,0,On Time
D001130,O001206,2026-03-10,2026-03-10,0,On Time
D001131,O001207,2025-12-23,2025-12-23,0,On Time
D001132,O001208,2026-08-02,2026-08-02,0,On Time
D001133,O001209,2026-02-16,2026-02-15,0,On Time
D001134,O001210,2026-07-17,2026-07-16,0,On Time
D001135,O001211,2026-03-12,2026-03-12,0,On Time
D001136,O001212,2026-08-15,2026-08-15,0,On Time
D001137,O001213,2026-02-25,2026-02-25,0,On Time
D001138,O001214,2025-10-15,2025-10-14,0,On Time
D001139,O001215,2025-12-30,2025-12-30,0,On Time
D001140,O001216,2026-05-04,2026-05-04,0,On Time
D001141,O001217,2025-04-18,2025-04-17,0,On Time
D001142,O001218,2026-08-21,2026-08-21,0,On Time
D001143,O001219,2025-04-22,2025-04-22,0,On Time
D001144,O001220,2026-02-07,2026-02-07,0,On Time
D001145,O001221,2026-02-08,2026-02-08,0,On Time
D001146,O001222,2026-01-18,2026-01-18,0,On Time
D001147,O001223,2025-08-10,2025-08-10,0,On Time
D001148,O001224,2026-07-16,2026-07-16,0,On Time
D001149,O001225,2026-08-20,2026-08-24,4,Late
D001150,O001226,2026-03-18,2026-03-18,0,On Time
D001151,O001227,2026-01-07,2026-01-07,0,On Time
D001152,O001228,2025-12-03,2025-12-03,0,On Time
D001153,O001229,2026-04-20,2026-04-20,0,On Time
D001154,O001230,2025-12-23,2025-12-23,0,On Time
D001155,O001231,2026-03-13,2026-03-16,3,Late
D001156,O001232,2025-11-25,2025-11-25,0,On Time
D001157,O001233,2026-03-13,2026-03-13,0,On Time
D001158,O001234,2025-07-04,2025-07-04,0,On Time
D001159,O001235,2026-07-11,2026-07-18,7,Late
D001160,O001236,2025-04-12,2025-04-12,0,On Time
D001161,O001237,2026-01-22,2026-01-22,0,On Time
D001162,O001238,2026-07-07,2026-07-13,6,Late
D001163,O001239,2026-01-24,2026-01-24,0,On Time
D001164,O001240,2026-07-28,2026-08-01,4,Late
D001165,O001241,2026-07-04,2026-07-04,0,On Time
D001166,O001242,2026-01-17,2026-01-16,0,On Time
D001167,O001243,2026-08-18,2026-08-18,0,On Time
D001168,O001244,2026-03-16,2026-03-20,4,Late
D001169,O001245,2026-07-21,2026-07-21,0,On Time
D001170,O001246,2026-03-02,2026-03-01,0,On Time
D001171,O001247,2026-03-30,2026-04-01,2,Late
D001172,O001248,2026-07-15,2026-07-15,0,On Time
D001173,O001249,2026-05-05,2026-05-12,7,Late
D001174,O001250,2025-12-12,2025-12-11,0,On Time
D001175,O001251,2025-10-14,2025-10-14,0,On Time
D001176,O001252,2025-08-31,2025-08-31,0,On Time
D001177,O001253,2026-05-14,2026-05-14,0,On Time
D001178,O001254,2026-03-29,2026-03-29,0,On Time
D001179,O001256,2026-02-27,2026-02-27,0,On Time
D001180,O001257,2026-03-26,2026-03-26,0,On Time
D001181,O001258,2025-09-22,2025-09-22,0,On Time
D001182,O001259,2025-09-10,2025-09-09,0,On Time
D001183,O001260,2026-07-13,2026-07-15,2,Late
D001184,O001261,2026-02-03,2026-02-03,0,On Time
D001185,O001262,2025-07-06,2025-07-06,0,On Time
D001186,O001264,2026-04-27,2026-04-27,0,On Time
D001187,O001265,2026-04-27,2026-04-26,0,On Time
D001188,O001266,2026-06-21,2026-06-28,7,Late
D001189,O001267,2026-04-08,2026-04-14,6,Late
D001190,O001268,2025-05-06,2025-05-06,0,On Time
D001191,O001269,2025-11-02,2025-11-01,0,On Time
D001192,O001271,2026-04-21,2026-04-24,3,Late
D001193,O001272,2026-07-17,2026-07-17,0,On Time
D001194,O001273,2025-12-25,2025-12-25,0,On Time
D001195,O001274,2026-07-01,2026-07-04,3,Late
D001196,O001275,2025-09-21,2025-09-20,0,On Time
D001197,O001276,2025-12-25,2025-12-25,0,On Time
D001198,O001277,2026-02-24,2026-02-24,0,On Time
D001199,O001278,2026-04-22,2026-04-24,2,Late
D001200,O001279,2026-03-13,2026-03-13,0,On Time
D001201,O001280,2025-08-21,2025-08-21,0,On Time
D001202,O001281,2026-06-21,2026-06-20,0,On Time
D001203,O001282,2025-03-27,2025-03-27,0,On Time
D001204,O001283,2025-09-07,2025-09-07,0,On Time
D001205,O001284,2026-01-24,2026-01-27,3,Late
D001206,O001285,2026-06-06,2026-06-13,7,Late
D001207,O001286,2026-03-07,2026-03-08,1,Late
D001208,O001287,2026-06-16,2026-06-16,0,On Time
D001209,O001288,2026-02-19,2026-02-19,0,On Time
D001210,O001289,2026-03-27,2026-03-27,0,On Time
D001211,O001290,2026-07-21,2026-07-21,0,On Time
D001212,O001291,2026-04-08,2026-04-08,0,On Time
D001213,O001292,2026-07-25,2026-07-25,0,On Time
D001214,O001293,2026-08-01,2026-08-01,0,On Time
D001215,O001294,2026-08-10,2026-08-10,0,On Time
D001216,O001295,2025-12-23,2025-12-23,0,On Time
D001217,O001296,2026-02-10,2026-02-10,0,On Time
D001218,O001297,2025-06-06,2025-06-06,0,On Time
D001219,O001298,2025-10-04,2025-10-11,7,Late
D001220,O001299,2026-01-26,2026-01-26,0,On Time
D001221,O001300,2026-06-09,2026-06-09,0,On Time
D001222,O001301,2025-03-14,2025-03-17,3,Late
D001223,O001302,2026-08-06,2026-08-06,0,On Time
D001224,O001303,2025-10-27,2025-10-27,0,On Time
D001225,O001304,2026-04-21,2026-04-21,0,On Time
D001226,O001305,2026-07-12,2026-07-12,0,On Time
D001227,O001306,2025-09-22,2025-09-22,0,On Time
D001228,O001307,2026-07-25,2026-07-30,5,Late
D001229,O001308,2026-08-13,2026-08-13,0,On Time
D001230,O001310,2026-06-24,2026-06-24,0,On Time
D001231,O001311,2025-04-17,2025-04-17,0,On Time
D001232,O001312,2026-06-03,2026-06-03,0,On Time
D001233,O001314,2026-01-14,2026-01-13,0,On Time
D001234,O001315,2026-02-06,2026-02-06,0,On Time
D001235,O001316,2026-05-13,2026-05-12,0,On Time
D001236,O001318,2026-01-10,2026-01-09,0,On Time
D001237,O001319,2026-05-15,2026-05-15,0,On Time
D001238,O001320,2025-10-15,2025-10-15,0,On Time
D001239,O001321,2026-03-04,2026-03-03,0,On Time
D001240,O001322,2026-02-14,2026-02-17,3,Late
D001241,O001323,2026-03-04,2026-03-04,0,On Time
D001242,O001324,2025-09-07,2025-09-14,7,Late
D001243,O001325,2025-09-29,2025-09-29,0,On Time
D001244,O001326,2025-11-05,2025-11-05,0,On Time
D001245,O001327,2026-06-01,2026-06-01,0,On Time
D001246,O001328,2025-10-30,2025-10-30,0,On Time
D001247,O001329,2025-12-02,2025-12-02,0,On Time
D001248,O001330,2025-08-13,2025-08-12,0,On Time
D001249,O001331,2026-03-26,2026-03-28,2,Late
D001250,O001332,2025-06-03,2025-06-06,3,Late
D001251,O001333,2026-08-23,2026-08-23,0,On Time
D001252,O001334,2026-06-11,2026-06-11,0,On Time
D001253,O001335,2026-01-14,2026-01-14,0,On Time
D001254,O001337,2026-05-12,2026-05-11,0,On Time
D001255,O001338,2026-05-01,2026-05-01,0,On Time
D001256,O001339,2025-12-09,2025-12-09,0,On Time
D001257,O001340,2026-02-18,2026-02-25,7,Late
D001258,O001341,2025-07-28,2025-07-30,2,Late
D001259,O001342,2026-04-18,2026-04-18,0,On Time
D001260,O001344,2026-01-18,2026-01-18,0,On Time
D001261,O001345,2026-06-08,2026-06-08,0,On Time
D001262,O001347,2026-05-03,2026-05-03,0,On Time
D001263,O001348,2025-09-07,2025-09-07,0,On Time
D001264,O001349,2025-10-29,2025-10-28,0,On Time
D001265,O001350,2026-07-26,2026-07-26,0,On Time
D001266,O001351,2026-07-26,2026-07-26,0,On Time
D001267,O001352,2025-05-30,2025-05-30,0,On Time
D001268,O001353,2025-11-26,2025-11-26,0,On Time
D001269,O001354,2026-04-07,2026-04-07,0,On Time
D001270,O001355,2026-05-26,2026-05-26,0,On Time
D001271,O001356,2026-02-25,2026-02-25,0,On Time
D001272,O001357,2026-04-19,2026-04-19,0,On Time
D001273,O001358,2026-08-23,2026-08-23,0,On Time
D001274,O001359,2025-07-15,2025-07-19,4,Late
D001275,O001360,2026-03-31,2026-03-31,0,On Time
D001276,O001361,2026-04-19,2026-04-19,0,On Time
D001277,O001362,2026-08-22,2026-08-22,0,On Time
D001278,O001363,2025-05-31,2025-06-01,1,Late
D001279,O001364,2025-07-15,2025-07-15,0,On Time
D001280,O001365,2026-05-31,2026-05-30,0,On Time
D001281,O001366,2026-06-28,2026-06-27,0,On Time
D001282,O001367,2026-03-24,2026-03-24,0,On Time
D001283,O001368,2026-08-04,2026-08-07,3,Late
D001284,O001369,2025-02-27,2025-02-27,0,On Time
D001285,O001370,2026-06-10,2026-06-10,0,On Time
D001286,O001371,2026-03-30,2026-03-29,0,On Time
D001287,O001372,2026-06-29,2026-06-29,0,On Time
D001288,O001373,2026-07-25,2026-07-24,0,On Time
D001289,O001374,2026-05-08,2026-05-08,0,On Time
D001290,O001375,2026-01-01,2026-01-01,0,On Time
D001291,O001376,2025-09-03,2025-09-03,0,On Time
D001292,O001377,2026-08-22,2026-08-22,0,On Time
D001293,O001378,2026-06-29,2026-06-30,1,Late
D001294,O001379,2025-08-29,2025-08-29,0,On Time
D001295,O001380,2026-05-23,2026-05-23,0,On Time
D001296,O001381,2026-02-07,2026-02-07,0,On Time
D001297,O001382,2025-11-23,2025-11-22,0,On Time
D001298,O001383,2025-08-01,2025-08-01,0,On Time
D001299,O001384,2026-02-11,2026-02-11,0,On Time
D001300,O001385,2025-12-26,2025-12-28,2,Late
D001301,O001386,2026-03-29,2026-03-29,0,On Time
D001302,O001387,2026-04-06,2026-04-06,0,On Time
D001303,O001388,2025-09-06,2025-09-06,0,On Time
D001304,O001389,2026-03-14,2026-03-14,0,On Time
D001305,O001390,2026-01-18,2026-01-18,0,On Time
D001306,O001391,2026-04-04,2026-04-04,0,On Time
D001307,O001392,2026-03-10,2026-03-10,0,On Time
D001308,O001393,2025-11-29,2025-11-29,0,On Time
D001309,O001394,2026-06-29,2026-07-05,6,Late
D001310,O001395,2026-05-27,2026-05-27,0,On Time
D001311,O001396,2025-09-11,2025-09-11,0,On Time
D001312,O001397,2026-03-28,2026-03-28,0,On Time
D001313,O001399,2025-07-04,2025-07-04,0,On Time
D001314,O001400,2026-03-15,2026-03-18,3,Late
D001315,O001401,2026-05-04,2026-05-04,0,On Time
D001316,O001402,2026-03-14,2026-03-14,0,On Time
D001317,O001403,2025-10-03,2025-10-03,0,On Time
D001318,O001404,2026-05-11,2026-05-11,0,On Time
D001319,O001405,2026-06-24,2026-06-23,0,On Time
D001320,O001406,2026-01-13,2026-01-13,0,On Time
D001321,O001407,2026-03-25,2026-03-29,4,Late
D001322,O001408,2025-12-01,2025-11-30,0,On Time
D001323,O001409,2025-10-18,2025-10-18,0,On Time
D001324,O001410,2026-06-29,2026-06-29,0,On Time
D001325,O001411,2026-03-19,2026-03-19,0,On Time
D001326,O001412,2026-07-27,2026-07-27,0,On Time
D001327,O001413,2025-11-01,2025-11-01,0,On Time
D001328,O001414,2025-09-11,2025-09-12,1,Late
D001329,O001415,2026-05-15,2026-05-15,0,On Time
D001330,O001416,2025-11-22,2025-11-22,0,On Time
D001331,O001417,2026-01-21,2026-01-21,0,On Time
D001332,O001418,2026-08-03,2026-08-03,0,On Time
D001333,O001419,2026-04-24,2026-04-24,0,On Time
D001334,O001420,2026-06-20,2026-06-22,2,Late
D001335,O001421,2026-03-22,2026-03-22,0,On Time
D001336,O001422,2025-08-12,2025-08-12,0,On Time
D001337,O001423,2025-08-14,2025-08-14,0,On Time
D001338,O001424,2026-06-08,2026-06-07,0,On Time
D001339,O001425,2025-07-14,2025-07-14,0,On Time
D001340,O001426,2026-08-19,2026-08-19,0,On Time
D001341,O001427,2026-05-30,2026-05-30,0,On Time
D001342,O001428,2026-07-15,2026-07-15,0,On Time
D001343,O001429,2025-11-10,2025-11-10,0,On Time
D001344,O001430,2026-05-19,2026-05-19,0,On Time
D001345,O001431,2025-12-21,2025-12-21,0,On Time
D001346,O001432,2026-05-03,2026-05-06,3,Late
D001347,O001433,2026-04-16,2026-04-20,4,Late
D001348,O001434,2026-02-03,2026-02-02,0,On Time
D001349,O001435,2026-03-11,2026-03-11,0,On Time
D001350,O001436,2026-04-25,2026-04-25,0,On Time
D001351,O001437,2026-03-01,2026-03-01,0,On Time
D001352,O001438,2026-02-03,2026-02-03,0,On Time
D001353,O001439,2025-11-07,2025-11-06,0,On Time
D001354,O001440,2025-08-17,2025-08-17,0,On Time
D001355,O001441,2025-08-30,2025-08-30,0,On Time
D001356,O001442,2026-01-18,2026-01-18,0,On Time
D001357,O001443,2026-08-23,2026-08-30,7,Late
D001358,O001444,2026-05-05,2026-05-05,0,On Time
D001359,O001445,2026-05-24,2026-05-24,0,On Time
D001360,O001446,2026-04-22,2026-04-22,0,On Time
D001361,O001447,2025-08-17,2025-08-17,0,On Time
D001362,O001448,2025-11-23,2025-11-23,0,On Time
D001363,O001449,2025-07-12,2025-07-12,0,On Time
D001364,O001451,2026-02-07,2026-02-07,0,On Time
D001365,O001452,2026-04-23,2026-04-23,0,On Time
D001366,O001453,2026-04-03,2026-04-03,0,On Time
D001367,O001454,2026-01-26,2026-01-26,0,On Time
D001368,O001455,2026-08-09,2026-08-08,0,On Time
D001369,O001456,2025-10-15,2025-10-15,0,On Time
D001370,O001457,2026-08-03,2026-08-03,0,On Time
D001371,O001458,2025-10-12,2025-10-12,0,On Time
D001372,O001460,2026-03-19,2026-03-19,0,On Time
D001373,O001461,2026-06-29,2026-06-29,0,On Time
D001374,O001462,2026-01-28,2026-02-03,6,Late
D001375,O001463,2025-12-21,2025-12-21,0,On Time
D001376,O001464,2026-03-26,2026-03-26,0,On Time
D001377,O001465,2026-03-06,2026-03-06,0,On Time
D001378,O001466,2025-05-30,2025-05-30,0,On Time
D001379,O001467,2025-11-11,2025-11-11,0,On Time
D001380,O001468,2026-06-25,2026-06-24,0,On Time
D001381,O001469,2025-11-07,2025-11-07,0,On Time
D001382,O001470,2026-02-17,2026-02-17,0,On Time
D001383,O001471,2026-06-19,2026-06-18,0,On Time
D001384,O001472,2026-08-08,2026-08-08,0,On Time
D001385,O001473,2026-02-07,2026-02-12,5,Late
D001386,O001474,2026-04-16,2026-04-16,0,On Time
D001387,O001475,2026-08-20,2026-08-20,0,On Time
D001388,O001476,2025-04-07,2025-04-07,0,On Time
D001389,O001477,2026-06-16,2026-06-16,0,On Time
D001390,O001478,2026-02-08,2026-02-08,0,On Time
D001391,O001479,2026-08-18,2026-08-21,3,Late
D001392,O001480,2026-07-17,2026-07-23,6,Late
D001393,O001481,2026-02-07,2026-02-07,0,On Time
D001394,O001482,2025-10-27,2025-10-27,0,On Time
D001395,O001483,2026-07-30,2026-07-29,0,On Time
D001396,O001484,2026-05-01,2026-05-01,0,On Time
D001397,O001485,2026-03-14,2026-03-14,0,On Time
D001398,O001486,2025-09-01,2025-09-01,0,On Time
D001399,O001487,2026-01-17,2026-01-17,0,On Time
D001400,O001488,2026-06-16,2026-06-15,0,On Time
D001401,O001489,2026-04-27,2026-05-01,4,Late
D001402,O001490,2026-04-29,2026-04-30,1,Late
D001403,O001491,2025-10-12,2025-10-18,6,Late
D001404,O001492,2026-02-05,2026-02-05,0,On Time
D001405,O001493,2026-06-07,2026-06-07,0,On Time
D001406,O001494,2025-07-18,2025-07-18,0,On Time
D001407,O001495,2026-02-24,2026-02-24,0,On Time
D001408,O001497,2025-10-16,2025-10-16,0,On Time
D001409,O001498,2026-08-02,2026-08-01,0,On Time
D001410,O001499,2026-06-08,2026-06-08,0,On Time
D001411,O001500,2025-12-26,2025-12-26,0,On Time
D001412,O001501,2026-03-14,2026-03-16,2,Late
D001413,O001502,2026-02-23,2026-02-25,2,Late
D001414,O001503,2026-07-09,2026-07-09,0,On Time
D001415,O001505,2025-11-04,2025-11-03,0,On Time
D001416,O001506,2026-05-06,2026-05-06,0,On Time
D001417,O001507,2026-06-20,2026-06-20,0,On Time
D001418,O001508,2026-07-09,2026-07-09,0,On Time
D001419,O001509,2026-03-16,2026-03-16,0,On Time
D001420,O001510,2026-04-12,2026-04-11,0,On Time
D001421,O001511,2026-07-11,2026-07-11,0,On Time
D001422,O001512,2026-07-27,2026-07-27,0,On Time
D001423,O001513,2025-08-09,2025-08-09,0,On Time
D001424,O001514,2025-11-04,2025-11-04,0,On Time
D001425,O001515,2026-08-23,2026-08-23,0,On Time
D001426,O001516,2026-03-16,2026-03-16,0,On Time
D001427,O001518,2026-06-28,2026-06-28,0,On Time
D001428,O001519,2025-11-07,2025-11-07,0,On Time
D001429,O001520,2025-11-18,2025-11-17,0,On Time
D001430,O001521,2025-11-28,2025-11-29,1,Late
D001431,O001522,2026-04-07,2026-04-07,0,On Time
D001432,O001523,2026-07-22,2026-07-22,0,On Time
D001433,O001524,2025-09-25,2025-09-25,0,On Time
D001434,O001525,2025-04-12,2025-04-17,5,Late
D001435,O001526,2026-03-23,2026-03-23,0,On Time
D001436,O001527,2026-06-09,2026-06-09,0,On Time
D001437,O001528,2026-08-20,2026-08-20,0,On Time
D001438,O001529,2026-04-23,2026-04-29,6,Late
D001439,O001530,2026-05-09,2026-05-09,0,On Time
D001440,O001531,2025-09-17,2025-09-24,7,Late
D001441,O001532,2026-04-18,2026-04-25,7,Late
D001442,O001533,2025-09-04,2025-09-03,0,On Time
D001443,O001534,2026-02-23,2026-02-23,0,On Time
D001444,O001535,2025-08-03,2025-08-03,0,On Time
D001445,O001536,2025-09-28,2025-09-28,0,On Time
D001446,O001537,2025-06-29,2025-07-06,7,Late
D001447,O001538,2025-10-23,2025-10-22,0,On Time
D001448,O001539,2026-03-25,2026-03-25,0,On Time
D001449,O001540,2026-07-25,2026-07-25,0,On Time
D001450,O001542,2026-05-30,2026-05-30,0,On Time
D001451,O001544,2026-07-22,2026-07-22,0,On Time
D001452,O001545,2026-02-19,2026-02-19,0,On Time
D001453,O001546,2026-01-29,2026-01-29,0,On Time
D001454,O001547,2026-04-08,2026-04-08,0,On Time
D001455,O001548,2025-07-04,2025-07-04,0,On Time
D001456,O001549,2026-02-20,2026-02-19,0,On Time
D001457,O001550,2025-12-26,2025-12-26,0,On Time
D001458,O001551,2026-04-11,2026-04-11,0,On Time
D001459,O001552,2025-08-01,2025-08-01,0,On Time
D001460,O001553,2026-04-18,2026-04-17,0,On Time
D001461,O001554,2026-05-13,2026-05-14,1,Late
D001462,O001555,2026-02-10,2026-02-11,1,Late
D001463,O001556,2026-03-25,2026-03-25,0,On Time
D001464,O001557,2025-09-16,2025-09-15,0,On Time
D001465,O001558,2025-09-10,2025-09-10,0,On Time
D001466,O001559,2026-07-02,2026-07-02,0,On Time
D001467,O001561,2026-02-21,2026-02-21,0,On Time
D001468,O001562,2026-07-06,2026-07-06,0,On Time
D001469,O001563,2026-03-18,2026-03-18,0,On Time
D001470,O001564,2025-11-02,2025-11-02,0,On Time
D001471,O001565,2026-04-01,2026-04-06,5,Late
D001472,O001566,2025-12-16,2025-12-15,0,On Time
D001473,O001567,2025-12-08,2025-12-08,0,On Time
D001474,O001568,2026-07-05,2026-07-07,2,Late
D001475,O001569,2026-04-18,2026-04-17,0,On Time
D001476,O001570,2026-07-31,2026-07-31,0,On Time
D001477,O001571,2025-11-11,2025-11-11,0,On Time
D001478,O001572,2026-02-01,2026-02-01,0,On Time
D001479,O001573,2025-09-27,2025-10-03,6,Late
D001480,O001574,2026-06-16,2026-06-16,0,On Time
D001481,O001575,2026-04-22,2026-04-22,0,On Time
D001482,O001576,2026-03-02,2026-03-02,0,On Time
D001483,O001577,2025-06-14,2025-06-14,0,On Time
D001484,O001578,2026-05-27,2026-05-27,0,On Time
D001485,O001579,2026-07-16,2026-07-16,0,On Time
D001486,O001580,2026-01-25,2026-01-27,2,Late
D001487,O001581,2026-07-14,2026-07-17,3,Late
D001488,O001582,2026-08-04,2026-08-08,4,Late
D001489,O001583,2026-03-04,2026-03-03,0,On Time
D001490,O001585,2025-12-26,2025-12-27,1,Late
D001491,O001586,2026-03-03,2026-03-03,0,On Time
D001492,O001588,2026-08-18,2026-08-18,0,On Time
D001493,O001589,2025-10-26,2025-10-26,0,On Time
D001494,O001590,2026-01-31,2026-01-31,0,On Time
D001495,O001591,2026-08-07,2026-08-07,0,On Time
D001496,O001592,2025-12-04,2025-12-04,0,On Time
D001497,O001593,2026-05-02,2026-05-02,0,On Time
D001498,O001594,2026-06-10,2026-06-10,0,On Time
D001499,O001595,2025-06-20,2025-06-20,0,On Time
D001500,O001596,2026-01-05,2026-01-05,0,On Time
D001501,O001597,2025-10-03,2025-10-03,0,On Time
D001502,O001598,2026-02-09,2026-02-09,0,On Time
D001503,O001599,2026-04-08,2026-04-07,0,On Time
D001504,O001601,2026-04-07,2026-04-08,1,Late
D001505,O001602,2026-03-22,2026-03-22,0,On Time
D001506,O001603,2026-03-28,2026-03-28,0,On Time
D001507,O001604,2026-02-28,2026-02-28,0,On Time
D001508,O001605,2026-04-03,2026-04-03,0,On Time
D001509,O001606,2026-07-10,2026-07-10,0,On Time
D001510,O001607,2026-07-03,2026-07-03,0,On Time
D001511,O001608,2026-04-22,2026-04-21,0,On Time
D001512,O001609,2026-01-08,2026-01-08,0,On Time
D001513,O001610,2026-05-16,2026-05-16,0,On Time
D001514,O001612,2026-06-14,2026-06-14,0,On Time
D001515,O001613,2025-10-04,2025-10-03,0,On Time
D001516,O001614,2026-06-18,2026-06-17,0,On Time
D001517,O001615,2026-06-09,2026-06-09,0,On Time
D001518,O001616,2026-03-10,2026-03-10,0,On Time
D001519,O001617,2025-11-19,2025-11-19,0,On Time
D001520,O001618,2026-05-10,2026-05-10,0,On Time
D001521,O001619,2026-08-16,2026-08-20,4,Late
D001522,O001620,2025-09-22,2025-09-22,0,On Time
D001523,O001621,2025-04-07,2025-04-07,0,On Time
D001524,O001622,2026-02-23,2026-02-28,5,Late
D001525,O001623,2026-02-23,2026-02-23,0,On Time
D001526,O001624,2026-06-15,2026-06-15,0,On Time
D001527,O001625,2026-06-07,2026-06-07,0,On Time
D001528,O001626,2025-10-01,2025-10-01,0,On Time
D001529,O001627,2025-07-27,2025-07-27,0,On Time
D001530,O001628,2025-11-07,2025-11-06,0,On Time
D001531,O001629,2026-06-21,2026-06-24,3,Late
D001532,O001630,2026-01-28,2026-01-28,0,On Time
D001533,O001631,2026-05-17,2026-05-17,0,On Time
D001534,O001632,2026-01-05,2026-01-05,0,On Time
D001535,O001633,2026-01-07,2026-01-07,0,On Time
D001536,O001635,2025-03-06,2025-03-13,7,Late
D001537,O001636,2026-01-10,2026-01-10,0,On Time
D001538,O001637,2026-06-01,2026-06-01,0,On Time
D001539,O001638,2026-05-06,2026-05-12,6,Late
D001540,O001639,2026-08-03,2026-08-05,2,Late
D001541,O001640,2025-02-12,2025-02-12,0,On Time
D001542,O001641,2026-02-12,2026-02-12,0,On Time
D001543,O001642,2025-07-31,2025-07-31,0,On Time
D001544,O001643,2025-11-28,2025-12-01,3,Late
D001545,O001644,2026-08-24,2026-08-24,0,On Time
D001546,O001646,2026-08-08,2026-08-08,0,On Time
D001547,O001647,2025-04-24,2025-04-24,0,On Time
D001548,O001648,2025-07-20,2025-07-20,0,On Time
D001549,O001649,2026-03-16,2026-03-16,0,On Time
D001550,O001650,2026-05-27,2026-05-27,0,On Time
D001551,O001651,2025-08-31,2025-08-30,0,On Time
D001552,O001652,2026-08-07,2026-08-07,0,On Time
D001553,O001653,2026-04-21,2026-04-28,7,Late
D001554,O001654,2026-03-10,2026-03-17,7,Late
D001555,O001655,2025-06-01,2025-06-01,0,On Time
D001556,O001656,2026-06-13,2026-06-19,6,Late
D001557,O001657,2026-01-01,2026-01-01,0,On Time
D001558,O001658,2026-01-05,2026-01-04,0,On Time
D001559,O001659,2025-04-08,2025-04-11,3,Late
D001560,O001660,2026-02-19,2026-02-19,0,On Time
D001561,O001661,2026-02-07,2026-02-07,0,On Time
D001562,O001662,2025-12-11,2025-12-11,0,On Time
D001563,O001663,2026-03-23,2026-03-23,0,On Time
D001564,O001664,2026-05-21,2026-05-21,0,On Time
D001565,O001665,2025-08-19,2025-08-20,1,Late
D001566,O001666,2025-11-30,2025-12-04,4,Late
D001567,O001667,2026-04-10,2026-04-09,0,On Time
D001568,O001668,2026-06-06,2026-06-12,6,Late
D001569,O001669,2026-08-22,2026-08-22,0,On Time
D001570,O001670,2026-02-26,2026-02-26,0,On Time
D001571,O001671,2026-03-20,2026-03-19,0,On Time
D001572,O001672,2026-03-21,2026-03-21,0,On Time
D001573,O001673,2026-01-13,2026-01-12,0,On Time
D001574,O001674,2025-11-23,2025-11-23,0,On Time
D001575,O001675,2026-02-26,2026-02-26,0,On Time
D001576,O001676,2026-02-12,2026-02-12,0,On Time
D001577,O001677,2025-12-25,2025-12-25,0,On Time
D001578,O001678,2026-01-08,2026-01-08,0,On Time
D001579,O001679,2026-02-08,2026-02-08,0,On Time
D001580,O001680,2026-03-02,2026-03-02,0,On Time
D001581,O001681,2025-07-20,2025-07-20,0,On Time
D001582,O001682,2025-06-13,2025-06-13,0,On Time
D001583,O001683,2026-04-14,2026-04-20,6,Late
D001584,O001684,2025-11-03,2025-11-03,0,On Time
D001585,O001685,2025-10-06,2025-10-06,0,On Time
D001586,O001686,2025-07-13,2025-07-13,0,On Time
D001587,O001687,2026-07-27,2026-07-27,0,On Time
D001588,O001688,2026-01-06,2026-01-06,0,On Time
D001589,O001689,2026-03-16,2026-03-16,0,On Time
D001590,O001690,2026-06-22,2026-06-27,5,Late
D001591,O001692,2026-05-30,2026-05-30,0,On Time
D001592,O001693,2026-03-05,2026-03-10,5,Late
D001593,O001694,2025-09-26,2025-09-28,2,Late
D001594,O001695,2025-06-09,2025-06-09,0,On Time
D001595,O001696,2026-07-07,2026-07-06,0,On Time
D001596,O001697,2025-04-13,2025-04-13,0,On Time
D001597,O001698,2025-06-10,2025-06-16,6,Late
D001598,O001699,2025-10-22,2025-10-22,0,On Time
D001599,O001700,2026-03-18,2026-03-18,0,On Time
D001600,O001701,2025-12-18,2025-12-18,0,On Time
D001601,O001702,2026-05-30,2026-05-30,0,On Time
D001602,O001703,2026-07-21,2026-07-20,0,On Time
D001603,O001705,2025-11-18,2025-11-18,0,On Time
D001604,O001706,2025-11-18,2025-11-18,0,On Time
D001605,O001707,2025-09-01,2025-09-01,0,On Time
D001606,O001708,2026-07-25,2026-07-25,0,On Time
D001607,O001710,2026-04-18,2026-04-18,0,On Time
D001608,O001712,2025-09-23,2025-09-22,0,On Time
D001609,O001713,2026-06-25,2026-06-25,0,On Time
D001610,O001714,2026-08-18,2026-08-18,0,On Time
D001611,O001715,2026-01-04,2026-01-04,0,On Time
D001612,O001716,2025-11-22,2025-11-22,0,On Time
D001613,O001717,2026-08-20,2026-08-20,0,On Time
D001614,O001718,2026-06-09,2026-06-09,0,On Time
D001615,O001719,2025-10-15,2025-10-17,2,Late
D001616,O001720,2025-06-20,2025-06-20,0,On Time
D001617,O001721,2026-05-08,2026-05-07,0,On Time
D001618,O001722,2025-04-28,2025-04-30,2,Late
D001619,O001723,2026-04-09,2026-04-08,0,On Time
D001620,O001724,2026-04-13,2026-04-13,0,On Time
D001621,O001725,2026-05-05,2026-05-05,0,On Time
D001622,O001726,2026-06-19,2026-06-19,0,On Time
D001623,O001727,2026-01-27,2026-01-27,0,On Time
D001624,O001728,2026-06-20,2026-06-20,0,On Time
D001625,O001729,2026-01-27,2026-01-27,0,On Time
D001626,O001730,2026-03-17,2026-03-17,0,On Time
D001627,O001731,2026-03-02,2026-03-06,4,Late
D001628,O001732,2026-05-29,2026-05-29,0,On Time
D001629,O001733,2026-03-04,2026-03-04,0,On Time
D001630,O001734,2026-07-29,2026-07-29,0,On Time
D001631,O001735,2026-02-02,2026-02-02,0,On Time
D001632,O001736,2026-06-16,2026-06-18,2,Late
D001633,O001737,2025-09-15,2025-09-14,0,On Time
D001634,O001738,2025-10-08,2025-10-08,0,On Time
D001635,O001739,2026-04-20,2026-04-20,0,On Time
D001636,O001740,2025-09-17,2025-09-24,7,Late
D001637,O001741,2026-08-10,2026-08-10,0,On Time
D001638,O001742,2026-08-06,2026-08-06,0,On Time
D001639,O001743,2026-08-07,2026-08-07,0,On Time
D001640,O001744,2026-04-13,2026-04-13,0,On Time
D001641,O001745,2025-05-29,2025-05-29,0,On Time
D001642,O001746,2026-01-28,2026-02-03,6,Late
D001643,O001748,2025-07-09,2025-07-11,2,Late
D001644,O001749,2026-06-26,2026-06-26,0,On Time
D001645,O001750,2026-08-18,2026-08-17,0,On Time
D001646,O001751,2026-03-21,2026-03-21,0,On Time
D001647,O001752,2026-01-28,2026-01-28,0,On Time
D001648,O001753,2025-04-20,2025-04-20,0,On Time
D001649,O001754,2026-03-22,2026-03-27,5,Late
D001650,O001755,2026-04-10,2026-04-10,0,On Time
D001651,O001756,2026-01-05,2026-01-05,0,On Time
D001652,O001757,2026-04-08,2026-04-08,0,On Time
D001653,O001758,2026-05-25,2026-05-25,0,On Time
D001654,O001760,2026-01-20,2026-01-20,0,On Time
D001655,O001761,2026-04-01,2026-04-01,0,On Time
D001656,O001762,2026-08-18,2026-08-22,4,Late
D001657,O001763,2026-02-26,2026-02-26,0,On Time
D001658,O001764,2026-08-16,2026-08-18,2,Late
D001659,O001765,2026-08-07,2026-08-07,0,On Time
D001660,O001766,2025-10-31,2025-11-03,3,Late
D001661,O001767,2025-09-26,2025-09-26,0,On Time
D001662,O001768,2026-03-31,2026-03-31,0,On Time
D001663,O001769,2026-03-27,2026-03-27,0,On Time
D001664,O001770,2026-06-13,2026-06-12,0,On Time
D001665,O001771,2026-01-28,2026-01-27,0,On Time
D001666,O001772,2025-04-02,2025-04-01,0,On Time
D001667,O001773,2026-05-16,2026-05-16,0,On Time
D001668,O001774,2026-05-31,2026-05-31,0,On Time
D001669,O001776,2026-02-11,2026-02-11,0,On Time
D001670,O001777,2025-09-12,2025-09-15,3,Late
D001671,O001778,2026-06-30,2026-06-30,0,On Time
D001672,O001779,2026-05-14,2026-05-14,0,On Time
D001673,O001780,2026-05-16,2026-05-16,0,On Time
D001674,O001781,2025-08-15,2025-08-15,0,On Time
D001675,O001782,2026-06-20,2026-06-20,0,On Time
D001676,O001783,2026-08-17,2026-08-23,6,Late
D001677,O001784,2025-07-25,2025-07-25,0,On Time
D001678,O001785,2025-08-27,2025-08-31,4,Late
D001679,O001786,2026-07-12,2026-07-12,0,On Time
D001680,O001787,2025-11-02,2025-11-01,0,On Time
D001681,O001788,2025-05-03,2025-05-05,2,Late
D001682,O001789,2026-06-17,2026-06-23,6,Late
D001683,O001790,2026-06-01,2026-06-01,0,On Time
D001684,O001791,2026-04-26,2026-04-26,0,On Time
D001685,O001792,2026-03-26,2026-03-26,0,On Time
D001686,O001793,2026-03-01,2026-03-01,0,On Time
D001687,O001794,2026-08-09,2026-08-08,0,On Time
D001688,O001795,2026-03-26,2026-03-26,0,On Time
D001689,O001797,2026-08-05,2026-08-05,0,On Time
D001690,O001798,2026-02-01,2026-02-05,4,Late
D001691,O001799,2026-01-25,2026-01-25,0,On Time
D001692,O001800,2026-07-30,2026-07-30,0,On Time
D001693,O001801,2026-03-17,2026-03-17,0,On Time
D001694,O001802,2026-01-23,2026-01-24,1,Late
D001695,O001803,2026-05-23,2026-05-23,0,On Time
D001696,O001804,2026-03-02,2026-03-02,0,On Time
D001697,O001805,2026-05-16,2026-05-16,0,On Time
D001698,O001806,2026-08-01,2026-08-02,1,Late
D001699,O001807,2026-07-24,2026-07-24,0,On Time
D001700,O001808,2026-08-02,2026-08-02,0,On Time
D001701,O001809,2025-12-23,2025-12-26,3,Late
D001702,O001810,2026-08-07,2026-08-07,0,On Time
D001703,O001811,2025-11-18,2025-11-17,0,On Time
D001704,O001812,2026-06-19,2026-06-26,7,Late
D001705,O001813,2025-07-09,2025-07-09,0,On Time
D001706,O001814,2026-05-01,2026-05-01,0,On Time
D001707,O001815,2026-01-12,2026-01-14,2,Late
D001708,O001816,2026-05-24,2026-05-23,0,On Time
D001709,O001817,2026-02-10,2026-02-10,0,On Time
D001710,O001818,2026-03-13,2026-03-13,0,On Time
D001711,O001819,2025-06-13,2025-06-13,0,On Time
D001712,O001822,2026-05-12,2026-05-12,0,On Time
D001713,O001823,2025-10-16,2025-10-16,0,On Time
D001714,O001824,2026-08-02,2026-08-02,0,On Time
D001715,O001825,2026-06-25,2026-06-27,2,Late
D001716,O001826,2025-12-01,2025-12-08,7,Late
D001717,O001827,2026-04-22,2026-04-22,0,On Time
D001718,O001828,2026-05-10,2026-05-10,0,On Time
D001719,O001829,2025-12-30,2025-12-30,0,On Time
D001720,O001830,2026-05-02,2026-05-02,0,On Time
D001721,O001831,2025-08-27,2025-09-01,5,Late
D001722,O001832,2026-06-25,2026-06-30,5,Late
D001723,O001833,2026-08-06,2026-08-06,0,On Time
D001724,O001834,2025-10-30,2025-10-30,0,On Time
D001725,O001835,2026-02-26,2026-02-26,0,On Time
D001726,O001836,2025-12-23,2025-12-23,0,On Time
D001727,O001837,2026-03-04,2026-03-04,0,On Time
D001728,O001838,2026-08-01,2026-07-31,0,On Time
D001729,O001839,2026-07-22,2026-07-27,5,Late
D001730,O001840,2025-07-03,2025-07-03,0,On Time
D001731,O001841,2026-01-19,2026-01-19,0,On Time
D001732,O001842,2026-02-18,2026-02-21,3,Late
D001733,O001843,2026-05-04,2026-05-04,0,On Time
D001734,O001844,2025-11-29,2025-11-29,0,On Time
D001735,O001845,2026-05-04,2026-05-04,0,On Time
D001736,O001846,2026-03-07,2026-03-07,0,On Time
D001737,O001847,2025-11-28,2025-11-28,0,On Time
D001738,O001848,2026-06-02,2026-06-06,4,Late
D001739,O001849,2026-05-01,2026-05-01,0,On Time
D001740,O001850,2026-05-25,2026-05-25,0,On Time
D001741,O001851,2025-10-10,2025-10-10,0,On Time
D001742,O001852,2026-06-11,2026-06-11,0,On Time
D001743,O001853,2026-01-18,2026-01-18,0,On Time
D001744,O001856,2026-05-21,2026-05-21,0,On Time
D001745,O001857,2026-08-03,2026-08-02,0,On Time
D001746,O001858,2025-12-09,2025-12-09,0,On Time
D001747,O001859,2025-12-01,2025-12-02,1,Late
D001748,O001860,2025-10-09,2025-10-11,2,Late
D001749,O001861,2026-05-02,2026-05-02,0,On Time
D001750,O001862,2025-12-13,2025-12-15,2,Late
D001751,O001863,2026-05-29,2026-05-28,0,On Time
D001752,O001864,2026-08-10,2026-08-10,0,On Time
D001753,O001865,2026-01-28,2026-01-28,0,On Time
D001754,O001866,2026-08-03,2026-08-03,0,On Time
D001755,O001867,2026-05-25,2026-05-25,0,On Time
D001756,O001868,2026-04-02,2026-04-01,0,On Time
D001757,O001869,2026-06-07,2026-06-06,0,On Time
D001758,O001870,2026-07-23,2026-07-23,0,On Time
D001759,O001871,2025-11-20,2025-11-20,0,On Time
D001760,O001872,2026-01-19,2026-01-19,0,On Time
D001761,O001873,2026-06-13,2026-06-13,0,On Time
D001762,O001874,2026-06-07,2026-06-07,0,On Time
D001763,O001875,2026-05-03,2026-05-02,0,On Time
D001764,O001876,2026-03-23,2026-03-23,0,On Time
D001765,O001877,2026-05-06,2026-05-13,7,Late
D001766,O001878,2025-08-22,2025-08-22,0,On Time
D001767,O001879,2025-02-12,2025-02-12,0,On Time
D001768,O001880,2026-02-25,2026-02-25,0,On Time
D001769,O001881,2026-06-18,2026-06-18,0,On Time
D001770,O001882,2026-06-05,2026-06-05,0,On Time
D001771,O001883,2026-08-19,2026-08-19,0,On Time
D001772,O001884,2026-02-14,2026-02-14,0,On Time
D001773,O001885,2026-07-14,2026-07-14,0,On Time
D001774,O001886,2026-05-28,2026-05-28,0,On Time
D001775,O001887,2026-01-16,2026-01-16,0,On Time
D001776,O001888,2026-07-31,2026-07-31,0,On Time
D001777,O001889,2026-04-24,2026-04-24,0,On Time
D001778,O001890,2025-10-09,2025-10-09,0,On Time
D001779,O001891,2026-04-25,2026-04-24,0,On Time
D001780,O001892,2025-08-13,2025-08-13,0,On Time
D001781,O001893,2025-09-05,2025-09-12,7,Late
D001782,O001894,2026-02-20,2026-02-20,0,On Time
D001783,O001895,2026-02-23,2026-02-23,0,On Time
D001784,O001896,2026-07-04,2026-07-04,0,On Time
D001785,O001897,2026-08-02,2026-08-03,1,Late
D001786,O001899,2026-06-22,2026-06-22,0,On Time
D001787,O001901,2026-01-11,2026-01-11,0,On Time
D001788,O001902,2025-12-23,2025-12-23,0,On Time
D001789,O001903,2025-05-18,2025-05-21,3,Late
D001790,O001904,2026-06-23,2026-06-22,0,On Time
D001791,O001905,2026-07-15,2026-07-15,0,On Time
D001792,O001906,2026-04-12,2026-04-12,0,On Time
D001793,O001907,2026-02-15,2026-02-21,6,Late
D001794,O001908,2025-09-14,2025-09-13,0,On Time
D001795,O001909,2026-06-25,2026-06-25,0,On Time
D001796,O001910,2025-08-04,2025-08-04,0,On Time
D001797,O001911,2026-04-11,2026-04-11,0,On Time
D001798,O001913,2025-06-25,2025-06-25,0,On Time
D001799,O001914,2026-04-09,2026-04-16,7,Late
D001800,O001915,2026-03-31,2026-03-31,0,On Time
D001801,O001916,2025-11-28,2025-11-28,0,On Time
D001802,O001917,2025-07-01,2025-07-01,0,On Time
D001803,O001918,2026-03-18,2026-03-18,0,On Time
D001804,O001919,2026-04-25,2026-04-29,4,Late
D001805,O001920,2026-03-30,2026-03-30,0,On Time
D001806,O001921,2026-07-14,2026-07-16,2,Late
D001807,O001922,2026-01-15,2026-01-16,1,Late
D001808,O001923,2025-10-31,2025-10-31,0,On Time
D001809,O001924,2026-06-07,2026-06-07,0,On Time
D001810,O001925,2026-05-29,2026-05-29,0,On Time
D001811,O001926,2026-02-09,2026-02-09,0,On Time
D001812,O001927,2026-01-22,2026-01-25,3,Late
D001813,O001928,2025-12-08,2025-12-08,0,On Time
D001814,O001929,2026-02-23,2026-02-27,4,Late
D001815,O001930,2026-07-28,2026-07-28,0,On Time
D001816,O001931,2026-04-16,2026-04-16,0,On Time
D001817,O001933,2025-04-08,2025-04-08,0,On Time
D001818,O001934,2026-08-18,2026-08-18,0,On Time
D001819,O001935,2025-09-30,2025-09-30,0,On Time
D001820,O001936,2026-05-15,2026-05-15,0,On Time
D001821,O001937,2026-08-16,2026-08-15,0,On Time
D001822,O001938,2026-05-03,2026-05-02,0,On Time
D001823,O001939,2026-05-06,2026-05-05,0,On Time
D001824,O001940,2026-03-29,2026-03-29,0,On Time
D001825,O001941,2025-04-12,2025-04-12,0,On Time
D001826,O001942,2026-02-21,2026-02-21,0,On Time
D001827,O001943,2025-06-21,2025-06-21,0,On Time
D001828,O001944,2026-04-27,2026-04-27,0,On Time
D001829,O001945,2025-09-10,2025-09-14,4,Late
D001830,O001946,2026-07-28,2026-07-28,0,On Time
D001831,O001948,2025-09-22,2025-09-22,0,On Time
D001832,O001949,2026-02-12,2026-02-11,0,On Time
D001833,O001950,2026-02-16,2026-02-16,0,On Time
D001834,O001951,2026-03-15,2026-03-15,0,On Time
D001835,O001952,2026-05-17,2026-05-17,0,On Time
D001836,O001953,2026-07-13,2026-07-13,0,On Time
D001837,O001954,2025-06-16,2025-06-16,0,On Time
D001838,O001955,2025-08-24,2025-08-26,2,Late
D001839,O001956,2025-08-26,2025-08-26,0,On Time
D001840,O001957,2026-06-13,2026-06-13,0,On Time
D001841,O001958,2025-11-27,2025-11-27,0,On Time
D001842,O001960,2026-08-16,2026-08-16,0,On Time
D001843,O001962,2026-03-29,2026-03-29,0,On Time
D001844,O001963,2026-04-02,2026-04-02,0,On Time
D001845,O001964,2025-11-01,2025-11-06,5,Late
D001846,O001965,2026-05-07,2026-05-06,0,On Time
D001847,O001967,2026-01-24,2026-01-24,0,On Time
D001848,O001968,2026-03-19,2026-03-18,0,On Time
D001849,O001969,2026-05-11,2026-05-11,0,On Time
D001850,O001971,2025-06-26,2025-06-26,0,On Time
D001851,O001972,2026-03-11,2026-03-10,0,On Time
D001852,O001973,2025-05-01,2025-05-01,0,On Time
D001853,O001974,2025-12-14,2025-12-13,0,On Time
D001854,O001975,2026-08-11,2026-08-11,0,On Time
D001855,O001976,2026-07-05,2026-07-06,1,Late
D001856,O001977,2025-12-16,2025-12-16,0,On Time
D001857,O001978,2026-07-20,2026-07-20,0,On Time
D001858,O001979,2026-05-26,2026-05-26,0,On Time
D001859,O001980,2026-07-25,2026-07-24,0,On Time
D001860,O001981,2025-07-08,2025-07-12,4,Late
D001861,O001983,2026-06-09,2026-06-09,0,On Time
D001862,O001984,2026-04-13,2026-04-13,0,On Time
D001863,O001985,2026-03-09,2026-03-09,0,On Time
D001864,O001986,2025-06-26,2025-06-30,4,Late
D001865,O001988,2026-02-18,2026-02-18,0,On Time
D001866,O001989,2025-10-01,2025-10-01,0,On Time
D001867,O001990,2026-01-27,2026-01-27,0,On Time
D001868,O001991,2026-02-05,2026-02-09,4,Late
D001869,O001992,2026-06-28,2026-06-28,0,On Time
D001870,O001993,2026-02-23,2026-02-22,0,On Time
D001871,O001994,2026-06-03,2026-06-02,0,On Time
D001872,O001995,2025-08-21,2025-08-21,0,On Time
D001873,O001996,2026-05-14,2026-05-14,0,On Time
D001874,O001997,2026-02-21,2026-02-20,0,On Time
D001875,O001998,2025-11-27,2025-11-26,0,On Time
D001876,O002000,2026-07-21,2026-07-25,4,Late
D001877,O002001,2025-10-22,2025-10-22,0,On Time
D001878,O002002,2026-06-22,2026-06-22,0,On Time
D001879,O002003,2025-09-17,2025-09-17,0,On Time
D001880,O002004,2026-03-22,2026-03-22,0,On Time
D001881,O002005,2026-08-11,2026-08-11,0,On Time
D001882,O002006,2026-03-09,2026-03-09,0,On Time
D001883,O002007,2026-06-25,2026-06-27,2,Late
D001884,O002008,2026-05-01,2026-04-30,0,On Time
D001885,O002009,2026-06-29,2026-06-28,0,On Time
D001886,O002010,2026-01-10,2026-01-10,0,On Time
D001887,O002011,2026-06-18,2026-06-18,0,On Time
D001888,O002012,2026-06-25,2026-06-25,0,On Time
D001889,O002013,2025-06-22,2025-06-26,4,Late
D001890,O002014,2026-05-20,2026-05-20,0,On Time
D001891,O002015,2026-06-01,2026-06-01,0,On Time
D001892,O002016,2026-07-03,2026-07-03,0,On Time
D001893,O002017,2025-06-04,2025-06-04,0,On Time
D001894,O002018,2025-09-02,2025-09-06,4,Late
D001895,O002019,2026-08-10,2026-08-10,0,On Time
D001896,O002020,2026-08-04,2026-08-04,0,On Time
D001897,O002021,2025-10-13,2025-10-17,4,Late
D001898,O002022,2026-07-03,2026-07-02,0,On Time
D001899,O002023,2026-02-22,2026-02-22,0,On Time
D001900,O002024,2025-10-23,2025-10-23,0,On Time
D001901,O002025,2026-05-06,2026-05-06,0,On Time
D001902,O002026,2025-05-07,2025-05-07,0,On Time
D001903,O002027,2025-09-29,2025-09-29,0,On Time
D001904,O002028,2026-06-06,2026-06-06,0,On Time
D001905,O002030,2025-12-16,2025-12-16,0,On Time
D001906,O002031,2025-06-20,2025-06-19,0,On Time
D001907,O002032,2026-05-20,2026-05-20,0,On Time
D001908,O002033,2026-08-05,2026-08-05,0,On Time
D001909,O002034,2025-07-29,2025-07-28,0,On Time
D001910,O002035,2026-02-05,2026-02-05,0,On Time
D001911,O002036,2025-05-17,2025-05-22,5,Late
D001912,O002037,2026-04-01,2026-04-01,0,On Time
D001913,O002038,2026-05-12,2026-05-12,0,On Time
D001914,O002039,2026-04-19,2026-04-19,0,On Time
D001915,O002040,2026-05-23,2026-05-30,7,Late
D001916,O002041,2026-02-11,2026-02-11,0,On Time
D001917,O002042,2025-12-05,2025-12-05,0,On Time
D001918,O002043,2026-06-03,2026-06-03,0,On Time
D001919,O002044,2026-01-18,2026-01-18,0,On Time
D001920,O002045,2026-08-19,2026-08-19,0,On Time
D001921,O002046,2025-09-09,2025-09-09,0,On Time
D001922,O002047,2025-09-05,2025-09-04,0,On Time
D001923,O002049,2025-11-05,2025-11-05,0,On Time
D001924,O002050,2025-04-01,2025-04-01,0,On Time
D001925,O002051,2026-01-29,2026-01-29,0,On Time
D001926,O002052,2026-07-11,2026-07-11,0,On Time
D001927,O002053,2025-04-14,2025-04-14,0,On Time
D001928,O002054,2026-04-14,2026-04-14,0,On Time
D001929,O002055,2025-03-17,2025-03-17,0,On Time
D001930,O002057,2025-09-24,2025-09-24,0,On Time
D001931,O002058,2026-08-12,2026-08-12,0,On Time
D001932,O002059,2026-06-14,2026-06-14,0,On Time
D001933,O002060,2025-10-24,2025-10-29,5,Late
D001934,O002061,2026-08-07,2026-08-07,0,On Time
D001935,O002062,2025-09-07,2025-09-07,0,On Time
D001936,O002063,2026-06-03,2026-06-03,0,On Time
D001937,O002064,2026-07-28,2026-07-28,0,On Time
D001938,O002065,2026-07-28,2026-07-29,1,Late
D001939,O002066,2026-07-28,2026-07-27,0,On Time
D001940,O002067,2025-08-15,2025-08-15,0,On Time
D001941,O002068,2026-04-27,2026-04-27,0,On Time
D001942,O002069,2026-03-29,2026-03-29,0,On Time
D001943,O002070,2026-03-11,2026-03-11,0,On Time
D001944,O002071,2026-06-30,2026-06-30,0,On Time
D001945,O002072,2026-01-24,2026-01-23,0,On Time
D001946,O002073,2026-02-09,2026-02-09,0,On Time
D001947,O002074,2026-02-23,2026-02-22,0,On Time
D001948,O002075,2026-07-17,2026-07-19,2,Late
D001949,O002076,2025-08-17,2025-08-16,0,On Time
D001950,O002077,2026-07-16,2026-07-16,0,On Time
D001951,O002078,2026-01-18,2026-01-17,0,On Time
D001952,O002079,2025-11-13,2025-11-13,0,On Time
D001953,O002080,2026-05-13,2026-05-13,0,On Time
D001954,O002081,2026-04-07,2026-04-07,0,On Time
D001955,O002082,2025-10-17,2025-10-17,0,On Time
D001956,O002083,2025-09-12,2025-09-12,0,On Time
D001957,O002084,2026-03-27,2026-03-27,0,On Time
D001958,O002085,2025-09-25,2025-09-24,0,On Time
D001959,O002086,2025-09-11,2025-09-11,0,On Time
D001960,O002087,2026-05-21,2026-05-20,0,On Time
D001961,O002088,2025-06-20,2025-06-20,0,On Time
D001962,O002089,2026-06-15,2026-06-15,0,On Time
D001963,O002090,2026-06-20,2026-06-20,0,On Time
D001964,O002091,2025-10-24,2025-10-29,5,Late
D001965,O002092,2025-06-17,2025-06-17,0,On Time
D001966,O002093,2026-07-18,2026-07-18,0,On Time
D001967,O002094,2026-08-13,2026-08-13,0,On Time
D001968,O002095,2025-11-12,2025-11-11,0,On Time
D001969,O002096,2026-07-08,2026-07-15,7,Late
D001970,O002097,2025-09-23,2025-09-29,6,Late
D001971,O002098,2026-03-20,2026-03-20,0,On Time
D001972,O002099,2025-09-25,2025-09-26,1,Late
D001973,O002100,2026-03-04,2026-03-04,0,On Time
D001974,O002101,2026-03-23,2026-03-23,0,On Time
D001975,O002102,2026-03-07,2026-03-07,0,On Time
D001976,O002103,2026-02-27,2026-03-04,5,Late
D001977,O002104,2025-04-17,2025-04-17,0,On Time
D001978,O002105,2026-03-28,2026-04-01,4,Late
D001979,O002106,2026-06-26,2026-07-01,5,Late
D001980,O002107,2026-07-31,2026-07-31,0,On Time
D001981,O002108,2025-06-17,2025-06-17,0,On Time
D001982,O002110,2026-03-22,2026-03-25,3,Late
D001983,O002111,2026-06-24,2026-06-24,0,On Time
D001984,O002112,2026-02-08,2026-02-08,0,On Time
D001985,O002113,2026-04-15,2026-04-14,0,On Time
D001986,O002114,2026-03-20,2026-03-20,0,On Time
D001987,O002115,2025-12-01,2025-12-01,0,On Time
D001988,O002116,2025-09-21,2025-09-21,0,On Time
D001989,O002117,2026-06-03,2026-06-02,0,On Time
D001990,O002118,2025-10-10,2025-10-16,6,Late
D001991,O002119,2025-11-20,2025-11-20,0,On Time
D001992,O002120,2026-05-21,2026-05-21,0,On Time
D001993,O002121,2026-02-18,2026-02-18,0,On Time
D001994,O002122,2026-07-24,2026-07-24,0,On Time
D001995,O002123,2026-06-06,2026-06-12,6,Late
D001996,O002124,2025-11-15,2025-11-15,0,On Time
D001997,O002125,2025-06-11,2025-06-13,2,Late
D001998,O002126,2025-06-16,2025-06-20,4,Late
D001999,O002127,2025-09-11,2025-09-11,0,On Time
D002000,O002128,2026-03-31,2026-03-31,0,On Time
D002001,O002129,2025-05-24,2025-05-23,0,On Time
D002002,O002130,2026-07-28,2026-07-28,0,On Time
D002003,O002131,2026-08-13,2026-08-13,0,On Time
D002004,O002132,2026-05-15,2026-05-15,0,On Time
D002005,O002133,2025-07-28,2025-07-28,0,On Time
D002006,O002134,2025-03-15,2025-03-15,0,On Time
D002007,O002135,2026-06-12,2026-06-12,0,On Time
D002008,O002136,2026-01-05,2026-01-05,0,On Time
D002009,O002137,2026-05-18,2026-05-18,0,On Time
D002010,O002138,2026-06-14,2026-06-13,0,On Time
D002011,O002139,2026-02-03,2026-02-02,0,On Time
D002012,O002141,2025-11-08,2025-11-08,0,On Time
D002013,O002142,2026-05-16,2026-05-19,3,Late
D002014,O002143,2026-04-08,2026-04-08,0,On Time
D002015,O002144,2026-06-23,2026-06-23,0,On Time
D002016,O002145,2026-02-15,2026-02-15,0,On Time
D002017,O002146,2026-03-25,2026-03-24,0,On Time
D002018,O002147,2026-02-12,2026-02-12,0,On Time
D002019,O002148,2026-03-10,2026-03-10,0,On Time
D002020,O002149,2026-05-18,2026-05-18,0,On Time
D002021,O002151,2026-08-12,2026-08-12,0,On Time
D002022,O002152,2026-06-06,2026-06-09,3,Late
D002023,O002153,2026-08-13,2026-08-13,0,On Time
D002024,O002154,2025-10-02,2025-10-01,0,On Time
D002025,O002155,2026-06-09,2026-06-09,0,On Time
D002026,O002156,2025-11-24,2025-11-24,0,On Time
D002027,O002157,2026-06-25,2026-06-24,0,On Time
D002028,O002158,2025-05-10,2025-05-10,0,On Time
D002029,O002159,2025-11-29,2025-11-29,0,On Time
D002030,O002160,2025-09-10,2025-09-10,0,On Time
D002031,O002161,2025-10-29,2025-10-29,0,On Time
D002032,O002162,2025-10-27,2025-10-27,0,On Time
D002033,O002163,2025-11-15,2025-11-15,0,On Time
D002034,O002164,2026-07-06,2026-07-05,0,On Time
D002035,O002165,2025-10-04,2025-10-04,0,On Time
D002036,O002166,2026-03-03,2026-03-02,0,On Time
D002037,O002167,2026-04-22,2026-04-28,6,Late
D002038,O002168,2026-04-04,2026-04-10,6,Late
D002039,O002169,2025-11-23,2025-11-27,4,Late
D002040,O002170,2026-04-07,2026-04-08,1,Late
D002041,O002172,2026-02-12,2026-02-12,0,On Time
D002042,O002173,2026-01-27,2026-01-27,0,On Time
D002043,O002175,2026-03-05,2026-03-05,0,On Time
D002044,O002176,2026-04-23,2026-04-28,5,Late
D002045,O002177,2026-03-06,2026-03-10,4,Late
D002046,O002178,2026-06-29,2026-06-29,0,On Time
D002047,O002179,2026-05-09,2026-05-09,0,On Time
D002048,O002180,2026-06-09,2026-06-08,0,On Time
D002049,O002181,2025-11-12,2025-11-15,3,Late
D002050,O002182,2026-02-25,2026-02-25,0,On Time
D002051,O002183,2026-06-16,2026-06-21,5,Late
D002052,O002184,2025-05-15,2025-05-15,0,On Time
D002053,O002185,2025-07-23,2025-07-23,0,On Time
D002054,O002186,2026-05-09,2026-05-09,0,On Time
D002055,O002187,2026-04-02,2026-04-04,2,Late
D002056,O002189,2026-05-21,2026-05-22,1,Late
D002057,O002191,2025-12-09,2025-12-08,0,On Time
D002058,O002192,2026-02-21,2026-02-21,0,On Time
D002059,O002193,2025-05-10,2025-05-10,0,On Time
D002060,O002194,2025-08-22,2025-08-22,0,On Time
D002061,O002195,2026-06-20,2026-06-19,0,On Time
D002062,O002196,2026-03-03,2026-03-05,2,Late
D002063,O002197,2026-05-18,2026-05-18,0,On Time
D002064,O002198,2026-03-28,2026-03-28,0,On Time
D002065,O002199,2026-05-20,2026-05-25,5,Late
D002066,O002200,2026-08-06,2026-08-08,2,Late
D002067,O002201,2026-04-01,2026-04-01,0,On Time
D002068,O002202,2025-07-30,2025-08-03,4,Late
D002069,O002205,2026-08-08,2026-08-13,5,Late
D002070,O002206,2026-07-16,2026-07-16,0,On Time
D002071,O002207,2026-08-06,2026-08-13,7,Late
D002072,O002208,2025-07-28,2025-07-28,0,On Time
D002073,O002209,2026-06-07,2026-06-14,7,Late
D002074,O002210,2025-10-03,2025-10-03,0,On Time
D002075,O002211,2025-12-30,2025-12-30,0,On Time
D002076,O002212,2026-04-07,2026-04-07,0,On Time
D002077,O002213,2026-01-15,2026-01-15,0,On Time
D002078,O002214,2025-08-27,2025-08-27,0,On Time
D002079,O002215,2026-03-19,2026-03-19,0,On Time
D002080,O002216,2026-04-15,2026-04-15,0,On Time
D002081,O002217,2026-03-25,2026-03-25,0,On Time
D002082,O002219,2025-08-27,2025-08-28,1,Late
D002083,O002221,2026-03-30,2026-04-05,6,Late
D002084,O002222,2026-02-21,2026-02-22,1,Late
D002085,O002223,2026-06-18,2026-06-18,0,On Time
D002086,O002224,2026-06-20,2026-06-20,0,On Time
D002087,O002225,2026-07-13,2026-07-13,0,On Time
D002088,O002226,2026-08-18,2026-08-18,0,On Time
D002089,O002227,2025-12-23,2025-12-23,0,On Time
D002090,O002228,2026-07-15,2026-07-14,0,On Time
D002091,O002229,2025-08-09,2025-08-09,0,On Time
D002092,O002230,2026-06-29,2026-06-29,0,On Time
D002093,O002231,2025-12-29,2025-12-29,0,On Time
D002094,O002232,2026-06-22,2026-06-21,0,On Time
D002095,O002233,2026-08-18,2026-08-20,2,Late
D002096,O002234,2025-10-19,2025-10-19,0,On Time
D002097,O002235,2026-05-13,2026-05-20,7,Late
D002098,O002237,2025-11-14,2025-11-14,0,On Time
D002099,O002238,2025-10-20,2025-10-20,0,On Time
D002100,O002239,2026-07-31,2026-08-03,3,Late
D002101,O002240,2025-08-02,2025-08-02,0,On Time
D002102,O002241,2026-05-20,2026-05-20,0,On Time
D002103,O002242,2025-04-17,2025-04-23,6,Late
D002104,O002243,2026-02-09,2026-02-09,0,On Time
D002105,O002244,2025-12-15,2025-12-15,0,On Time
D002106,O002245,2026-08-21,2026-08-26,5,Late
D002107,O002246,2026-03-28,2026-03-28,0,On Time
D002108,O002247,2025-11-19,2025-11-19,0,On Time
D002109,O002248,2025-07-16,2025-07-17,1,Late
D002110,O002250,2025-11-15,2025-11-15,0,On Time
D002111,O002251,2025-11-09,2025-11-09,0,On Time
D002112,O002252,2026-04-08,2026-04-08,0,On Time
D002113,O002253,2026-05-10,2026-05-15,5,Late
D002114,O002254,2025-05-02,2025-05-02,0,On Time
D002115,O002255,2026-07-09,2026-07-09,0,On Time
D002116,O002256,2026-07-28,2026-07-28,0,On Time
D002117,O002257,2025-08-12,2025-08-12,0,On Time
D002118,O002259,2026-07-15,2026-07-15,0,On Time
D002119,O002260,2025-06-13,2025-06-13,0,On Time
D002120,O002261,2026-06-08,2026-06-08,0,On Time
D002121,O002262,2026-08-22,2026-08-22,0,On Time
D002122,O002263,2026-08-13,2026-08-13,0,On Time
D002123,O002264,2025-07-12,2025-07-12,0,On Time
D002124,O002265,2025-11-18,2025-11-18,0,On Time
D002125,O002266,2026-03-30,2026-03-30,0,On Time
D002126,O002268,2026-07-22,2026-07-22,0,On Time
D002127,O002269,2026-05-11,2026-05-11,0,On Time
D002128,O002270,2025-07-12,2025-07-12,0,On Time
D002129,O002271,2026-02-28,2026-02-28,0,On Time
D002130,O002272,2026-07-27,2026-07-27,0,On Time
D002131,O002273,2025-10-14,2025-10-13,0,On Time
D002132,O002274,2026-01-18,2026-01-18,0,On Time
D002133,O002275,2026-06-10,2026-06-10,0,On Time
D002134,O002276,2026-05-03,2026-05-03,0,On Time
D002135,O002277,2026-01-26,2026-01-26,0,On Time
D002136,O002278,2026-05-10,2026-05-14,4,Late
D002137,O002279,2026-05-03,2026-05-09,6,Late
D002138,O002280,2026-01-18,2026-01-18,0,On Time
D002139,O002281,2026-08-18,2026-08-18,0,On Time
D002140,O002282,2026-01-28,2026-01-28,0,On Time
D002141,O002283,2026-06-22,2026-06-22,0,On Time
D002142,O002284,2026-01-13,2026-01-13,0,On Time
D002143,O002285,2025-12-09,2025-12-09,0,On Time
D002144,O002286,2026-04-08,2026-04-08,0,On Time
D002145,O002287,2026-01-06,2026-01-05,0,On Time
D002146,O002288,2025-05-18,2025-05-18,0,On Time
D002147,O002289,2026-07-28,2026-07-28,0,On Time
D002148,O002290,2025-10-05,2025-10-05,0,On Time
D002149,O002291,2025-07-09,2025-07-15,6,Late
D002150,O002292,2025-10-15,2025-10-15,0,On Time
D002151,O002293,2026-02-17,2026-02-17,0,On Time
D002152,O002294,2025-12-23,2025-12-23,0,On Time
D002153,O002295,2026-03-08,2026-03-09,1,Late
D002154,O002296,2026-08-10,2026-08-10,0,On Time
D002155,O002297,2026-06-18,2026-06-17,0,On Time
D002156,O002298,2026-04-14,2026-04-17,3,Late
D002157,O002299,2026-04-26,2026-04-25,0,On Time
D002158,O002300,2026-05-16,2026-05-15,0,On Time
D002159,O002301,2026-07-06,2026-07-06,0,On Time
D002160,O002302,2026-08-09,2026-08-09,0,On Time
D002161,O002303,2025-08-28,2025-08-28,0,On Time
D002162,O002304,2025-09-08,2025-09-12,4,Late
D002163,O002305,2025-10-17,2025-10-17,0,On Time
D002164,O002306,2026-05-27,2026-05-27,0,On Time
D002165,O002307,2026-03-23,2026-03-23,0,On Time
D002166,O002308,2026-05-10,2026-05-10,0,On Time
D002167,O002309,2026-08-15,2026-08-15,0,On Time
D002168,O002310,2026-03-23,2026-03-23,0,On Time
D002169,O002311,2025-09-26,2025-09-26,0,On Time
D002170,O002312,2026-06-14,2026-06-13,0,On Time
D002171,O002313,2026-03-13,2026-03-12,0,On Time
D002172,O002314,2025-11-12,2025-11-12,0,On Time
D002173,O002315,2026-02-07,2026-02-07,0,On Time
D002174,O002316,2026-02-25,2026-03-04,7,Late
D002175,O002317,2025-04-11,2025-04-11,0,On Time
D002176,O002318,2026-03-30,2026-03-30,0,On Time
D002177,O002319,2025-11-11,2025-11-11,0,On Time
D002178,O002320,2025-06-08,2025-06-08,0,On Time
D002179,O002321,2026-03-04,2026-03-04,0,On Time
D002180,O002322,2025-11-01,2025-11-01,0,On Time
D002181,O002324,2026-05-13,2026-05-13,0,On Time
D002182,O002325,2025-10-23,2025-10-23,0,On Time
D002183,O002326,2025-08-25,2025-08-24,0,On Time
D002184,O002327,2026-06-01,2026-06-01,0,On Time
D002185,O002328,2026-06-12,2026-06-12,0,On Time
D002186,O002329,2026-08-06,2026-08-05,0,On Time
D002187,O002330,2026-08-14,2026-08-13,0,On Time
D002188,O002331,2026-03-06,2026-03-10,4,Late
D002189,O002332,2025-09-19,2025-09-19,0,On Time
D002190,O002333,2026-04-05,2026-04-05,0,On Time
D002191,O002334,2026-04-20,2026-04-20,0,On Time
D002192,O002335,2026-04-03,2026-04-03,0,On Time
D002193,O002336,2025-02-20,2025-02-20,0,On Time
D002194,O002337,2026-07-27,2026-07-31,4,Late
D002195,O002338,2026-05-29,2026-05-30,1,Late
D002196,O002339,2026-03-03,2026-03-03,0,On Time
D002197,O002340,2025-10-10,2025-10-10,0,On Time
D002198,O002341,2026-08-17,2026-08-17,0,On Time
D002199,O002342,2026-08-01,2026-08-02,1,Late
D002200,O002344,2026-04-29,2026-04-29,0,On Time
D002201,O002345,2026-06-12,2026-06-11,0,On Time
D002202,O002346,2026-01-21,2026-01-20,0,On Time
D002203,O002347,2026-05-05,2026-05-05,0,On Time
D002204,O002348,2025-10-04,2025-10-04,0,On Time
D002205,O002349,2025-07-09,2025-07-09,0,On Time
D002206,O002350,2026-03-16,2026-03-16,0,On Time
D002207,O002351,2026-04-19,2026-04-19,0,On Time
D002208,O002352,2026-05-11,2026-05-17,6,Late
D002209,O002354,2026-07-09,2026-07-09,0,On Time
D002210,O002355,2025-12-25,2025-12-25,0,On Time
D002211,O002356,2025-11-20,2025-11-20,0,On Time
D002212,O002357,2026-04-08,2026-04-08,0,On Time
D002213,O002358,2026-03-09,2026-03-09,0,On Time
D002214,O002360,2026-06-10,2026-06-16,6,Late
D002215,O002361,2026-08-14,2026-08-14,0,On Time
D002216,O002362,2025-11-30,2025-11-30,0,On Time
D002217,O002363,2026-07-23,2026-07-30,7,Late
D002218,O002364,2026-07-16,2026-07-16,0,On Time
D002219,O002365,2026-04-13,2026-04-15,2,Late
D002220,O002366,2026-06-09,2026-06-09,0,On Time
D002221,O002367,2026-08-17,2026-08-17,0,On Time
D002222,O002368,2026-01-14,2026-01-13,0,On Time
D002223,O002369,2025-12-27,2025-12-27,0,On Time
D002224,O002370,2026-08-10,2026-08-10,0,On Time
D002225,O002372,2026-05-20,2026-05-20,0,On Time
D002226,O002373,2026-03-29,2026-03-29,0,On Time
D002227,O002374,2026-04-26,2026-05-03,7,Late
D002228,O002375,2026-04-04,2026-04-04,0,On Time
D002229,O002376,2026-01-20,2026-01-20,0,On Time
D002230,O002377,2026-02-15,2026-02-16,1,Late
D002231,O002378,2025-09-04,2025-09-11,7,Late
D002232,O002380,2025-12-03,2025-12-03,0,On Time
D002233,O002381,2026-04-03,2026-04-07,4,Late
D002234,O002382,2026-08-04,2026-08-09,5,Late
D002235,O002384,2026-07-07,2026-07-06,0,On Time
D002236,O002385,2025-11-20,2025-11-20,0,On Time
D002237,O002386,2026-05-22,2026-05-25,3,Late
D002238,O002387,2026-02-25,2026-02-24,0,On Time
D002239,O002389,2026-01-03,2026-01-03,0,On Time
D002240,O002390,2026-01-14,2026-01-14,0,On Time
D002241,O002391,2025-12-22,2025-12-26,4,Late
D002242,O002392,2026-05-17,2026-05-16,0,On Time
D002243,O002393,2026-06-26,2026-06-26,0,On Time
D002244,O002394,2026-03-09,2026-03-08,0,On Time
D002245,O002395,2026-06-22,2026-06-25,3,Late
D002246,O002396,2026-04-28,2026-04-28,0,On Time
D002247,O002397,2026-06-08,2026-06-08,0,On Time
D002248,O002398,2026-04-07,2026-04-13,6,Late
D002249,O002399,2026-07-21,2026-07-21,0,On Time
D002250,O002401,2026-04-02,2026-04-02,0,On Time
D002251,O002402,2025-08-25,2025-08-25,0,On Time
D002252,O002403,2026-05-11,2026-05-13,2,Late
D002253,O002404,2025-10-30,2025-10-30,0,On Time
D002254,O002405,2026-06-20,2026-06-20,0,On Time
D002255,O002407,2026-05-05,2026-05-05,0,On Time
D002256,O002408,2026-06-27,2026-06-27,0,On Time
D002257,O002409,2026-04-08,2026-04-08,0,On Time
D002258,O002410,2026-08-07,2026-08-07,0,On Time
D002259,O002411,2025-05-09,2025-05-08,0,On Time
D002260,O002412,2026-04-08,2026-04-07,0,On Time
D002261,O002413,2026-06-22,2026-06-22,0,On Time
D002262,O002414,2026-01-23,2026-01-23,0,On Time
D002263,O002415,2026-03-19,2026-03-19,0,On Time
D002264,O002416,2025-10-29,2025-10-29,0,On Time
D002265,O002417,2026-07-15,2026-07-15,0,On Time
D002266,O002418,2026-05-14,2026-05-14,0,On Time
D002267,O002419,2026-08-21,2026-08-22,1,Late
D002268,O002420,2025-10-22,2025-10-22,0,On Time
D002269,O002421,2026-04-27,2026-04-27,0,On Time
D002270,O002422,2025-10-21,2025-10-21,0,On Time
D002271,O002423,2026-04-12,2026-04-11,0,On Time
D002272,O002424,2026-05-22,2026-05-22,0,On Time
D002273,O002425,2026-01-11,2026-01-11,0,On Time
D002274,O002426,2026-07-15,2026-07-15,0,On Time
D002275,O002427,2026-07-13,2026-07-13,0,On Time
D002276,O002428,2026-04-05,2026-04-05,0,On Time
D002277,O002429,2025-05-30,2025-06-02,3,Late
D002278,O002430,2026-01-03,2026-01-10,7,Late
D002279,O002431,2026-07-15,2026-07-15,0,On Time
D002280,O002432,2025-12-27,2025-12-27,0,On Time
D002281,O002433,2025-12-10,2025-12-10,0,On Time
D002282,O002434,2026-06-05,2026-06-05,0,On Time
D002283,O002435,2025-10-07,2025-10-07,0,On Time
D002284,O002436,2025-11-10,2025-11-10,0,On Time
D002285,O002437,2025-11-10,2025-11-16,6,Late
D002286,O002438,2025-11-16,2025-11-16,0,On Time
D002287,O002440,2026-03-26,2026-03-30,4,Late
D002288,O002441,2025-11-06,2025-11-06,0,On Time
D002289,O002442,2026-03-22,2026-03-29,7,Late
D002290,O002443,2025-06-03,2025-06-03,0,On Time
D002291,O002444,2026-06-30,2026-06-30,0,On Time
D002292,O002445,2025-12-03,2025-12-05,2,Late
D002293,O002446,2025-11-02,2025-11-02,0,On Time
D002294,O002447,2026-08-06,2026-08-06,0,On Time
D002295,O002448,2026-03-11,2026-03-18,7,Late
D002296,O002449,2025-06-17,2025-06-21,4,Late
D002297,O002450,2025-07-09,2025-07-09,0,On Time
D002298,O002451,2026-08-10,2026-08-14,4,Late
D002299,O002452,2025-11-15,2025-11-15,0,On Time
D002300,O002453,2026-07-28,2026-07-28,0,On Time
D002301,O002454,2026-06-14,2026-06-13,0,On Time
D002302,O002455,2026-08-05,2026-08-12,7,Late
D002303,O002456,2025-11-11,2025-11-11,0,On Time
D002304,O002457,2026-08-14,2026-08-17,3,Late
D002305,O002458,2026-07-24,2026-07-25,1,Late
D002306,O002459,2026-07-29,2026-07-29,0,On Time
D002307,O002460,2025-10-31,2025-10-31,0,On Time
D002308,O002461,2025-08-05,2025-08-05,0,On Time
D002309,O002462,2025-10-14,2025-10-14,0,On Time
D002310,O002464,2026-08-25,2026-08-25,0,On Time
D002311,O002465,2025-11-26,2025-11-26,0,On Time
D002312,O002466,2025-06-03,2025-06-03,0,On Time
D002313,O002467,2026-04-10,2026-04-15,5,Late
D002314,O002469,2026-02-22,2026-02-22,0,On Time
D002315,O002470,2026-05-28,2026-05-28,0,On Time
D002316,O002471,2026-06-25,2026-06-25,0,On Time
D002317,O002472,2026-06-04,2026-06-04,0,On Time
D002318,O002473,2025-12-05,2025-12-05,0,On Time
D002319,O002474,2025-08-23,2025-08-23,0,On Time
D002320,O002475,2025-10-16,2025-10-23,7,Late
D002321,O002476,2026-04-23,2026-04-22,0,On Time
D002322,O002477,2025-10-16,2025-10-16,0,On Time
D002323,O002478,2026-07-20,2026-07-20,0,On Time
D002324,O002479,2026-08-19,2026-08-22,3,Late
D002325,O002480,2026-07-07,2026-07-08,1,Late
D002326,O002481,2026-06-01,2026-06-04,3,Late
D002327,O002482,2026-03-26,2026-03-26,0,On Time
D002328,O002483,2026-03-25,2026-03-25,0,On Time
D002329,O002484,2026-04-10,2026-04-09,0,On Time
D002330,O002485,2026-04-14,2026-04-14,0,On Time
D002331,O002486,2026-02-16,2026-02-16,0,On Time
D002332,O002487,2026-05-25,2026-05-26,1,Late
D002333,O002488,2026-07-02,2026-07-04,2,Late
D002334,O002490,2025-08-07,2025-08-07,0,On Time
D002335,O002491,2026-02-11,2026-02-10,0,On Time
D002336,O002492,2026-02-12,2026-02-11,0,On Time
D002337,O002493,2025-04-20,2025-04-23,3,Late
D002338,O002494,2026-08-01,2026-08-01,0,On Time
D002339,O002495,2025-07-18,2025-07-23,5,Late
D002340,O002496,2025-08-07,2025-08-07,0,On Time
D002341,O002497,2026-03-15,2026-03-15,0,On Time
D002342,O002498,2026-06-05,2026-06-05,0,On Time
D002343,O002499,2025-10-24,2025-10-24,0,On Time
D002344,O002500,2025-12-08,2025-12-07,0,On Time
D002345,O002501,2026-04-13,2026-04-13,0,On Time
D002346,O002502,2025-11-13,2025-11-18,5,Late
D002347,O002503,2026-02-22,2026-02-21,0,On Time
D002348,O002504,2025-05-23,2025-05-27,4,Late
D002349,O002505,2025-08-05,2025-08-05,0,On Time
D002350,O002506,2026-05-14,2026-05-14,0,On Time
D002351,O002507,2025-12-15,2025-12-15,0,On Time
D002352,O002508,2026-06-07,2026-06-06,0,On Time
D002353,O002509,2025-07-10,2025-07-10,0,On Time
D002354,O002510,2026-05-20,2026-05-20,0,On Time
D002355,O002511,2026-01-26,2026-01-29,3,Late
D002356,O002513,2026-05-02,2026-05-02,0,On Time
D002357,O002514,2026-06-06,2026-06-06,0,On Time
D002358,O002515,2026-05-29,2026-05-29,0,On Time
D002359,O002516,2026-07-22,2026-07-22,0,On Time
D002360,O002517,2026-03-25,2026-03-25,0,On Time
D002361,O002518,2026-02-13,2026-02-13,0,On Time
D002362,O002519,2026-07-14,2026-07-14,0,On Time
D002363,O002520,2026-06-20,2026-06-20,0,On Time
D002364,O002521,2026-05-15,2026-05-16,1,Late
D002365,O002522,2026-08-05,2026-08-05,0,On Time
D002366,O002523,2026-05-03,2026-05-03,0,On Time
D002367,O002524,2025-12-30,2025-12-30,0,On Time
D002368,O002525,2026-07-17,2026-07-17,0,On Time
D002369,O002526,2026-03-05,2026-03-05,0,On Time
D002370,O002527,2025-07-07,2025-07-10,3,Late
D002371,O002528,2026-08-10,2026-08-09,0,On Time
D002372,O002529,2025-12-24,2025-12-26,2,Late
D002373,O002530,2026-07-22,2026-07-22,0,On Time
D002374,O002532,2026-03-11,2026-03-11,0,On Time
D002375,O002533,2025-04-24,2025-04-23,0,On Time
D002376,O002534,2026-05-25,2026-05-25,0,On Time
D002377,O002535,2025-12-21,2025-12-21,0,On Time
D002378,O002536,2026-05-04,2026-05-04,0,On Time
D002379,O002537,2026-02-12,2026-02-12,0,On Time
D002380,O002538,2026-03-31,2026-03-31,0,On Time
D002381,O002539,2025-11-19,2025-11-18,0,On Time
D002382,O002540,2025-12-22,2025-12-22,0,On Time
D002383,O002541,2026-06-26,2026-06-26,0,On Time
D002384,O002543,2026-03-03,2026-03-03,0,On Time
D002385,O002544,2026-08-01,2026-08-01,0,On Time
D002386,O002545,2025-05-14,2025-05-14,0,On Time
D002387,O002546,2026-03-31,2026-03-31,0,On Time
D002388,O002547,2026-07-12,2026-07-12,0,On Time
D002389,O002548,2026-03-12,2026-03-16,4,Late
D002390,O002549,2026-07-14,2026-07-18,4,Late
D002391,O002550,2026-03-30,2026-03-29,0,On Time
D002392,O002551,2026-05-27,2026-05-27,0,On Time
D002393,O002552,2026-07-04,2026-07-04,0,On Time
D002394,O002553,2026-06-17,2026-06-16,0,On Time
D002395,O002554,2025-11-30,2025-12-04,4,Late
D002396,O002555,2026-02-28,2026-03-07,7,Late
D002397,O002556,2026-08-07,2026-08-13,6,Late
D002398,O002557,2025-11-28,2025-11-28,0,On Time
D002399,O002558,2026-03-28,2026-04-04,7,Late
D002400,O002559,2026-04-22,2026-04-22,0,On Time
D002401,O002560,2026-08-02,2026-08-02,0,On Time
D002402,O002561,2026-06-11,2026-06-11,0,On Time
D002403,O002562,2026-08-22,2026-08-22,0,On Time
D002404,O002563,2025-10-31,2025-11-06,6,Late
D002405,O002564,2026-06-21,2026-06-21,0,On Time
D002406,O002565,2026-05-13,2026-05-13,0,On Time
D002407,O002566,2026-06-01,2026-06-01,0,On Time
D002408,O002567,2026-07-09,2026-07-09,0,On Time
D002409,O002568,2025-12-07,2025-12-11,4,Late
D002410,O002569,2026-05-13,2026-05-13,0,On Time
D002411,O002570,2026-06-06,2026-06-06,0,On Time
D002412,O002571,2026-08-12,2026-08-12,0,On Time
D002413,O002573,2025-06-08,2025-06-08,0,On Time
D002414,O002574,2026-04-14,2026-04-14,0,On Time
D002415,O002575,2025-06-03,2025-06-02,0,On Time
D002416,O002576,2026-07-30,2026-07-30,0,On Time
D002417,O002577,2026-02-21,2026-02-21,0,On Time
D002418,O002578,2025-06-20,2025-06-20,0,On Time
D002419,O002579,2025-05-22,2025-05-22,0,On Time
D002420,O002580,2025-09-30,2025-10-03,3,Late
D002421,O002581,2026-01-29,2026-01-29,0,On Time
D002422,O002582,2026-06-21,2026-06-21,0,On Time
D002423,O002583,2025-05-29,2025-05-28,0,On Time
D002424,O002584,2026-05-21,2026-05-21,0,On Time
D002425,O002585,2026-07-24,2026-07-24,0,On Time
D002426,O002586,2026-08-03,2026-08-07,4,Late
D002427,O002587,2025-11-05,2025-11-04,0,On Time
D002428,O002588,2025-10-12,2025-10-11,0,On Time
D002429,O002589,2026-03-17,2026-03-16,0,On Time
D002430,O002590,2026-08-10,2026-08-10,0,On Time
D002431,O002591,2026-08-09,2026-08-13,4,Late
D002432,O002593,2026-06-17,2026-06-17,0,On Time
D002433,O002594,2026-07-14,2026-07-13,0,On Time
D002434,O002595,2026-05-19,2026-05-19,0,On Time
D002435,O002596,2026-08-05,2026-08-05,0,On Time
D002436,O002597,2026-07-13,2026-07-13,0,On Time
D002437,O002599,2026-04-22,2026-04-22,0,On Time
D002438,O002601,2026-01-05,2026-01-05,0,On Time
D002439,O002602,2025-10-27,2025-10-26,0,On Time
D002440,O002603,2025-02-05,2025-02-05,0,On Time
D002441,O002604,2026-06-30,2026-06-30,0,On Time
D002442,O002605,2026-06-13,2026-06-12,0,On Time
D002443,O002606,2026-05-15,2026-05-15,0,On Time
D002444,O002607,2025-03-11,2025-03-11,0,On Time
D002445,O002608,2026-03-13,2026-03-13,0,On Time
D002446,O002609,2025-10-29,2025-10-28,0,On Time
D002447,O002610,2026-02-18,2026-02-18,0,On Time
D002448,O002611,2025-04-17,2025-04-17,0,On Time
D002449,O002612,2026-02-19,2026-02-18,0,On Time
D002450,O002613,2025-10-21,2025-10-21,0,On Time
D002451,O002614,2026-07-31,2026-07-31,0,On Time
D002452,O002615,2026-02-07,2026-02-07,0,On Time
D002453,O002616,2026-04-04,2026-04-04,0,On Time
D002454,O002617,2025-09-23,2025-09-27,4,Late
D002455,O002618,2026-03-08,2026-03-08,0,On Time
D002456,O002619,2025-09-22,2025-09-22,0,On Time
D002457,O002620,2026-06-13,2026-06-13,0,On Time
D002458,O002621,2026-03-10,2026-03-10,0,On Time
D002459,O002622,2026-03-18,2026-03-18,0,On Time
D002460,O002623,2026-04-19,2026-04-19,0,On Time
D002461,O002624,2026-04-04,2026-04-04,0,On Time
D002462,O002625,2026-02-03,2026-02-03,0,On Time
D002463,O002626,2026-07-13,2026-07-13,0,On Time
D002464,O002628,2026-04-08,2026-04-08,0,On Time
D002465,O002629,2026-05-28,2026-05-28,0,On Time
D002466,O002630,2026-01-09,2026-01-09,0,On Time
D002467,O002631,2025-09-10,2025-09-09,0,On Time
D002468,O002632,2025-12-22,2025-12-21,0,On Time
D002469,O002634,2025-12-10,2025-12-09,0,On Time
D002470,O002636,2026-06-03,2026-06-07,4,Late
D002471,O002637,2026-05-08,2026-05-08,0,On Time
D002472,O002638,2026-01-20,2026-01-23,3,Late
D002473,O002639,2026-04-15,2026-04-14,0,On Time
D002474,O002640,2025-09-24,2025-09-24,0,On Time
D002475,O002641,2026-06-18,2026-06-18,0,On Time
D002476,O002642,2025-12-14,2025-12-14,0,On Time
D002477,O002643,2026-04-20,2026-04-20,0,On Time
D002478,O002645,2025-09-08,2025-09-08,0,On Time
D002479,O002646,2026-01-28,2026-01-28,0,On Time
D002480,O002647,2025-08-19,2025-08-21,2,Late
D002481,O002648,2026-05-26,2026-05-26,0,On Time
D002482,O002649,2025-11-18,2025-11-17,0,On Time
D002483,O002650,2026-05-16,2026-05-23,7,Late
D002484,O002651,2026-03-31,2026-03-30,0,On Time
D002485,O002652,2026-01-21,2026-01-25,4,Late
D002486,O002653,2026-05-13,2026-05-13,0,On Time
D002487,O002654,2025-08-13,2025-08-12,0,On Time
D002488,O002655,2026-08-10,2026-08-10,0,On Time
D002489,O002656,2026-04-04,2026-04-08,4,Late
D002490,O002657,2025-12-08,2025-12-15,7,Late
D002491,O002658,2026-01-18,2026-01-24,6,Late
D002492,O002660,2026-06-19,2026-06-24,5,Late
D002493,O002661,2025-11-22,2025-11-28,6,Late
D002494,O002662,2026-06-16,2026-06-16,0,On Time
D002495,O002663,2026-01-02,2026-01-02,0,On Time
D002496,O002664,2025-12-25,2025-12-25,0,On Time
D002497,O002665,2026-05-20,2026-05-20,0,On Time
D002498,O002667,2026-07-24,2026-07-24,0,On Time
D002499,O002669,2026-04-04,2026-04-04,0,On Time
D002500,O002670,2026-02-07,2026-02-06,0,On Time
D002501,O002671,2026-02-07,2026-02-07,0,On Time
D002502,O002672,2026-04-11,2026-04-10,0,On Time
D002503,O002674,2025-10-20,2025-10-20,0,On Time
D002504,O002675,2025-11-04,2025-11-04,0,On Time
D002505,O002676,2026-08-17,2026-08-22,5,Late
D002506,O002677,2026-07-09,2026-07-09,0,On Time
D002507,O002678,2026-03-21,2026-03-25,4,Late
D002508,O002679,2026-06-14,2026-06-14,0,On Time
D002509,O002680,2025-10-23,2025-10-23,0,On Time
D002510,O002681,2026-02-01,2026-02-01,0,On Time
D002511,O002682,2026-05-30,2026-05-30,0,On Time
D002512,O002683,2026-05-15,2026-05-15,0,On Time
D002513,O002684,2025-07-09,2025-07-09,0,On Time
D002514,O002685,2026-01-15,2026-01-15,0,On Time
D002515,O002686,2026-08-01,2026-07-31,0,On Time
D002516,O002687,2025-08-01,2025-08-01,0,On Time
D002517,O002688,2026-03-19,2026-03-19,0,On Time
D002518,O002689,2026-08-06,2026-08-05,0,On Time
D002519,O002690,2025-11-26,2025-12-03,7,Late
D002520,O002691,2025-11-08,2025-11-08,0,On Time
D002521,O002692,2026-02-23,2026-02-22,0,On Time
D002522,O002693,2025-06-11,2025-06-12,1,Late
D002523,O002694,2026-06-04,2026-06-04,0,On Time
D002524,O002695,2026-08-01,2026-08-01,0,On Time
D002525,O002696,2026-07-28,2026-07-31,3,Late
D002526,O002697,2026-06-10,2026-06-10,0,On Time
D002527,O002698,2026-06-09,2026-06-09,0,On Time
D002528,O002700,2026-06-02,2026-06-02,0,On Time
D002529,O002701,2026-07-03,2026-07-03,0,On Time
D002530,O002702,2026-02-10,2026-02-11,1,Late
D002531,O002703,2026-05-04,2026-05-03,0,On Time
D002532,O002704,2025-08-28,2025-08-28,0,On Time
D002533,O002705,2026-03-26,2026-03-25,0,On Time
D002534,O002706,2026-04-18,2026-04-18,0,On Time
D002535,O002708,2026-05-25,2026-05-25,0,On Time
D002536,O002709,2026-07-01,2026-07-01,0,On Time
D002537,O002710,2026-01-23,2026-01-23,0,On Time
D002538,O002711,2026-04-24,2026-04-24,0,On Time
D002539,O002712,2025-10-17,2025-10-17,0,On Time
D002540,O002713,2026-07-15,2026-07-15,0,On Time
D002541,O002714,2026-02-18,2026-02-18,0,On Time
D002542,O002715,2026-01-01,2026-01-08,7,Late
D002543,O002716,2026-01-30,2026-01-30,0,On Time
D002544,O002717,2026-02-25,2026-02-25,0,On Time
D002545,O002718,2026-06-26,2026-06-26,0,On Time
D002546,O002719,2026-05-17,2026-05-17,0,On Time
D002547,O002720,2026-08-17,2026-08-17,0,On Time
D002548,O002721,2025-08-15,2025-08-15,0,On Time
D002549,O002722,2026-03-04,2026-03-04,0,On Time
D002550,O002724,2026-04-06,2026-04-06,0,On Time
D002551,O002725,2026-04-24,2026-04-24,0,On Time
D002552,O002726,2025-12-25,2025-12-25,0,On Time
D002553,O002727,2026-04-17,2026-04-17,0,On Time
D002554,O002729,2026-02-13,2026-02-13,0,On Time
D002555,O002730,2026-02-04,2026-02-04,0,On Time
D002556,O002731,2025-12-18,2025-12-17,0,On Time
D002557,O002732,2026-04-12,2026-04-12,0,On Time
D002558,O002733,2026-07-09,2026-07-09,0,On Time
D002559,O002734,2025-05-09,2025-05-09,0,On Time
D002560,O002735,2026-03-09,2026-03-09,0,On Time
D002561,O002736,2026-01-28,2026-01-28,0,On Time
D002562,O002737,2025-08-20,2025-08-20,0,On Time
D002563,O002738,2026-06-20,2026-06-20,0,On Time
D002564,O002739,2025-04-06,2025-04-05,0,On Time
D002565,O002740,2026-07-07,2026-07-08,1,Late
D002566,O002741,2026-07-06,2026-07-06,0,On Time
D002567,O002742,2026-05-19,2026-05-19,0,On Time
D002568,O002743,2026-05-17,2026-05-17,0,On Time
D002569,O002744,2025-05-02,2025-05-02,0,On Time
D002570,O002745,2025-10-19,2025-10-19,0,On Time
D002571,O002746,2025-09-10,2025-09-15,5,Late
D002572,O002747,2025-12-13,2025-12-13,0,On Time
D002573,O002749,2026-06-26,2026-06-30,4,Late
D002574,O002750,2026-07-13,2026-07-13,0,On Time
D002575,O002751,2026-05-18,2026-05-18,0,On Time
D002576,O002752,2026-02-13,2026-02-13,0,On Time
D002577,O002753,2026-05-02,2026-05-03,1,Late
D002578,O002754,2026-05-21,2026-05-27,6,Late
D002579,O002755,2026-06-18,2026-06-18,0,On Time
D002580,O002756,2026-06-23,2026-06-25,2,Late
D002581,O002757,2025-12-05,2025-12-05,0,On Time
D002582,O002758,2025-12-19,2025-12-19,0,On Time
D002583,O002760,2025-10-01,2025-10-01,0,On Time
D002584,O002761,2025-03-09,2025-03-14,5,Late
D002585,O002762,2026-06-16,2026-06-18,2,Late
D002586,O002763,2026-05-23,2026-05-23,0,On Time
D002587,O002764,2025-09-08,2025-09-08,0,On Time
D002588,O002765,2026-02-05,2026-02-08,3,Late
D002589,O002766,2026-06-05,2026-06-05,0,On Time
D002590,O002767,2026-01-09,2026-01-12,3,Late
D002591,O002768,2026-05-06,2026-05-06,0,On Time
D002592,O002769,2025-12-18,2025-12-18,0,On Time
D002593,O002770,2026-04-12,2026-04-12,0,On Time
D002594,O002771,2026-08-05,2026-08-05,0,On Time
D002595,O002772,2026-08-12,2026-08-12,0,On Time
D002596,O002773,2026-07-30,2026-07-31,1,Late
D002597,O002774,2025-12-28,2025-12-28,0,On Time
D002598,O002775,2025-09-18,2025-09-18,0,On Time
D002599,O002777,2026-06-26,2026-06-26,0,On Time
D002600,O002778,2026-03-01,2026-03-01,0,On Time
D002601,O002779,2025-09-27,2025-09-27,0,On Time
D002602,O002780,2026-04-23,2026-04-23,0,On Time
D002603,O002781,2026-01-13,2026-01-13,0,On Time
D002604,O002782,2026-04-12,2026-04-12,0,On Time
D002605,O002783,2026-05-07,2026-05-12,5,Late
D002606,O002784,2026-04-03,2026-04-10,7,Late
D002607,O002785,2026-05-12,2026-05-12,0,On Time
D002608,O002786,2025-12-15,2025-12-15,0,On Time
D002609,O002787,2026-05-07,2026-05-12,5,Late
D002610,O002788,2026-08-09,2026-08-09,0,On Time
D002611,O002789,2025-06-15,2025-06-15,0,On Time
D002612,O002790,2026-04-28,2026-04-28,0,On Time
D002613,O002791,2026-03-18,2026-03-18,0,On Time
D002614,O002792,2026-03-31,2026-03-31,0,On Time
D002615,O002793,2026-08-04,2026-08-04,0,On Time
D002616,O002794,2026-08-07,2026-08-06,0,On Time
D002617,O002795,2026-07-12,2026-07-12,0,On Time
D002618,O002796,2026-02-27,2026-02-27,0,On Time
D002619,O002797,2026-04-01,2026-04-01,0,On Time
D002620,O002799,2025-08-07,2025-08-07,0,On Time
D002621,O002800,2025-11-06,2025-11-13,7,Late
D002622,O002801,2026-03-27,2026-03-27,0,On Time
D002623,O002802,2026-07-27,2026-07-27,0,On Time
D002624,O002803,2026-05-31,2026-06-04,4,Late
D002625,O002805,2025-11-18,2025-11-17,0,On Time
D002626,O002806,2026-01-11,2026-01-11,0,On Time
D002627,O002807,2025-11-21,2025-11-21,0,On Time
D002628,O002808,2025-11-06,2025-11-06,0,On Time
D002629,O002809,2026-04-17,2026-04-16,0,On Time
D002630,O002810,2025-09-12,2025-09-12,0,On Time
D002631,O002811,2026-08-01,2026-08-01,0,On Time
D002632,O002812,2026-07-06,2026-07-06,0,On Time
D002633,O002813,2026-05-02,2026-05-02,0,On Time
D002634,O002814,2026-02-01,2026-02-01,0,On Time
D002635,O002815,2026-08-06,2026-08-11,5,Late
D002636,O002816,2025-07-22,2025-07-22,0,On Time
D002637,O002817,2026-06-02,2026-06-02,0,On Time
D002638,O002818,2026-05-01,2026-05-04,3,Late
D002639,O002819,2026-06-12,2026-06-12,0,On Time
D002640,O002820,2026-04-12,2026-04-16,4,Late
D002641,O002821,2026-07-07,2026-07-07,0,On Time
D002642,O002822,2025-11-27,2025-11-27,0,On Time
D002643,O002823,2026-07-11,2026-07-11,0,On Time
D002644,O002824,2025-09-24,2025-09-24,0,On Time
D002645,O002825,2026-01-14,2026-01-14,0,On Time
D002646,O002826,2025-10-18,2025-10-18,0,On Time
D002647,O002827,2026-03-13,2026-03-13,0,On Time
D002648,O002828,2026-07-18,2026-07-18,0,On Time
D002649,O002829,2025-12-09,2025-12-08,0,On Time
D002650,O002830,2026-01-31,2026-02-02,2,Late
D002651,O002831,2026-01-11,2026-01-11,0,On Time
D002652,O002832,2026-05-22,2026-05-22,0,On Time
D002653,O002833,2026-06-20,2026-06-27,7,Late
D002654,O002834,2025-10-23,2025-10-26,3,Late
D002655,O002835,2026-01-18,2026-01-22,4,Late
D002656,O002837,2025-08-23,2025-08-23,0,On Time
D002657,O002838,2026-06-04,2026-06-04,0,On Time
D002658,O002839,2026-06-28,2026-06-28,0,On Time
D002659,O002841,2025-04-27,2025-04-27,0,On Time
D002660,O002843,2026-06-06,2026-06-06,0,On Time
D002661,O002844,2026-07-15,2026-07-15,0,On Time
D002662,O002845,2025-07-31,2025-07-31,0,On Time
D002663,O002846,2025-06-16,2025-06-16,0,On Time
D002664,O002847,2026-01-03,2026-01-03,0,On Time
D002665,O002848,2026-03-25,2026-03-25,0,On Time
D002666,O002849,2025-10-17,2025-10-23,6,Late
D002667,O002850,2026-05-13,2026-05-18,5,Late
D002668,O002851,2026-04-07,2026-04-07,0,On Time
D002669,O002852,2025-08-26,2025-08-26,0,On Time
D002670,O002854,2026-03-14,2026-03-14,0,On Time
D002671,O002855,2025-06-28,2025-06-28,0,On Time
D002672,O002856,2026-03-02,2026-03-01,0,On Time
D002673,O002857,2026-02-20,2026-02-20,0,On Time
D002674,O002858,2026-06-18,2026-06-18,0,On Time
D002675,O002859,2026-05-16,2026-05-16,0,On Time
D002676,O002860,2026-06-04,2026-06-06,2,Late
D002677,O002861,2025-09-09,2025-09-08,0,On Time
D002678,O002862,2025-08-20,2025-08-23,3,Late
D002679,O002864,2025-08-26,2025-08-26,0,On Time
D002680,O002865,2026-07-09,2026-07-09,0,On Time
D002681,O002866,2026-02-01,2026-02-01,0,On Time
D002682,O002867,2026-04-27,2026-04-26,0,On Time
D002683,O002868,2026-04-30,2026-04-30,0,On Time
D002684,O002869,2025-06-21,2025-06-21,0,On Time
D002685,O002870,2026-01-15,2026-01-19,4,Late
D002686,O002871,2026-01-27,2026-02-02,6,Late
D002687,O002872,2025-08-09,2025-08-09,0,On Time
D002688,O002873,2026-06-03,2026-06-03,0,On Time
D002689,O002874,2026-06-05,2026-06-05,0,On Time
D002690,O002875,2026-08-09,2026-08-09,0,On Time
D002691,O002876,2026-07-10,2026-07-10,0,On Time
D002692,O002877,2025-11-05,2025-11-05,0,On Time
D002693,O002878,2026-06-26,2026-06-26,0,On Time
D002694,O002879,2025-04-03,2025-04-03,0,On Time
D002695,O002880,2025-10-26,2025-10-26,0,On Time
D002696,O002881,2026-08-19,2026-08-19,0,On Time
D002697,O002882,2026-04-20,2026-04-20,0,On Time
D002698,O002883,2025-11-25,2025-11-25,0,On Time
D002699,O002885,2026-01-14,2026-01-14,0,On Time
D002700,O002886,2026-06-01,2026-06-01,0,On Time
D002701,O002887,2026-05-16,2026-05-20,4,Late
D002702,O002888,2026-08-16,2026-08-16,0,On Time
D002703,O002889,2026-07-24,2026-07-24,0,On Time
D002704,O002890,2025-07-29,2025-07-29,0,On Time
D002705,O002891,2026-06-03,2026-06-02,0,On Time
D002706,O002892,2026-07-21,2026-07-21,0,On Time
D002707,O002893,2026-06-10,2026-06-10,0,On Time
D002708,O002894,2026-06-28,2026-06-28,0,On Time
D002709,O002895,2026-05-11,2026-05-11,0,On Time
D002710,O002896,2026-03-11,2026-03-11,0,On Time
D002711,O002897,2026-06-07,2026-06-07,0,On Time
D002712,O002898,2026-07-04,2026-07-04,0,On Time
D002713,O002899,2026-05-31,2026-05-31,0,On Time
D002714,O002900,2026-05-03,2026-05-04,1,Late
D002715,O002901,2026-08-09,2026-08-09,0,On Time
D002716,O002902,2026-07-28,2026-07-28,0,On Time
D002717,O002903,2025-06-24,2025-07-01,7,Late
D002718,O002904,2026-01-27,2026-01-27,0,On Time
D002719,O002905,2026-02-26,2026-02-25,0,On Time
D002720,O002906,2025-11-27,2025-11-27,0,On Time
D002721,O002907,2026-08-21,2026-08-20,0,On Time
D002722,O002908,2025-07-19,2025-07-19,0,On Time
D002723,O002909,2026-05-29,2026-05-29,0,On Time
D002724,O002910,2025-06-19,2025-06-19,0,On Time
D002725,O002911,2026-04-12,2026-04-12,0,On Time
D002726,O002912,2025-08-04,2025-08-04,0,On Time
D002727,O002914,2026-03-23,2026-03-23,0,On Time
D002728,O002915,2026-05-27,2026-05-27,0,On Time
D002729,O002916,2026-02-10,2026-02-10,0,On Time
D002730,O002917,2026-08-09,2026-08-11,2,Late
D002731,O002918,2026-03-31,2026-03-31,0,On Time
D002732,O002919,2026-07-15,2026-07-15,0,On Time
D002733,O002920,2025-10-04,2025-10-04,0,On Time
D002734,O002921,2025-04-20,2025-04-20,0,On Time
D002735,O002922,2025-05-05,2025-05-05,0,On Time
D002736,O002923,2026-07-25,2026-07-25,0,On Time
D002737,O002924,2025-07-03,2025-07-03,0,On Time
D002738,O002925,2026-07-03,2026-07-02,0,On Time
D002739,O002926,2026-05-05,2026-05-06,1,Late
D002740,O002927,2026-06-12,2026-06-12,0,On Time
D002741,O002928,2025-09-01,2025-09-01,0,On Time
D002742,O002929,2026-01-16,2026-01-16,0,On Time
D002743,O002930,2026-08-08,2026-08-08,0,On Time
D002744,O002931,2025-10-28,2025-10-27,0,On Time
D002745,O002932,2026-03-23,2026-03-23,0,On Time
D002746,O002933,2025-12-25,2025-12-31,6,Late
D002747,O002934,2025-10-23,2025-10-23,0,On Time
D002748,O002935,2026-05-30,2026-05-30,0,On Time
D002749,O002936,2026-07-19,2026-07-19,0,On Time
D002750,O002937,2026-04-11,2026-04-10,0,On Time
D002751,O002938,2025-06-13,2025-06-13,0,On Time
D002752,O002939,2026-06-15,2026-06-15,0,On Time
D002753,O002940,2026-03-27,2026-03-27,0,On Time
D002754,O002941,2026-05-08,2026-05-10,2,Late
D002755,O002942,2026-04-16,2026-04-17,1,Late
D002756,O002943,2025-09-13,2025-09-13,0,On Time
D002757,O002944,2026-06-02,2026-06-05,3,Late
D002758,O002945,2025-05-08,2025-05-08,0,On Time
D002759,O002946,2025-03-28,2025-03-27,0,On Time
D002760,O002947,2026-01-13,2026-01-13,0,On Time
D002761,O002948,2026-04-13,2026-04-13,0,On Time
D002762,O002949,2026-05-18,2026-05-23,5,Late
D002763,O002950,2026-07-02,2026-07-02,0,On Time
D002764,O002951,2025-07-24,2025-07-24,0,On Time
D002765,O002952,2025-11-19,2025-11-18,0,On Time
D002766,O002953,2025-09-05,2025-09-05,0,On Time
D002767,O002954,2026-02-07,2026-02-07,0,On Time
D002768,O002956,2026-03-01,2026-03-01,0,On Time
D002769,O002957,2025-07-16,2025-07-16,0,On Time
D002770,O002958,2026-07-31,2026-07-31,0,On Time
D002771,O002959,2026-06-07,2026-06-07,0,On Time
D002772,O002960,2026-07-19,2026-07-19,0,On Time
D002773,O002962,2025-12-19,2025-12-19,0,On Time
D002774,O002963,2025-08-23,2025-08-23,0,On Time
D002775,O002964,2025-04-10,2025-04-09,0,On Time
D002776,O002965,2026-03-12,2026-03-12,0,On Time
D002777,O002966,2026-07-14,2026-07-13,0,On Time
D002778,O002967,2026-02-21,2026-02-21,0,On Time
D002779,O002968,2025-12-31,2025-12-31,0,On Time
D002780,O002969,2026-03-03,2026-03-03,0,On Time
D002781,O002970,2026-08-04,2026-08-04,0,On Time
D002782,O002971,2025-10-12,2025-10-12,0,On Time
D002783,O002972,2025-11-01,2025-11-01,0,On Time
D002784,O002973,2026-06-27,2026-06-27,0,On Time
D002785,O002974,2026-05-13,2026-05-15,2,Late
D002786,O002975,2026-08-09,2026-08-09,0,On Time
D002787,O002976,2026-07-08,2026-07-07,0,On Time
D002788,O002977,2025-12-27,2025-12-27,0,On Time
D002789,O002978,2026-06-17,2026-06-17,0,On Time
D002790,O002979,2025-10-16,2025-10-16,0,On Time
D002791,O002980,2026-01-05,2026-01-07,2,Late
D002792,O002981,2026-06-08,2026-06-08,0,On Time
D002793,O002982,2026-07-14,2026-07-14,0,On Time
D002794,O002983,2026-05-20,2026-05-19,0,On Time
D002795,O002984,2026-04-22,2026-04-24,2,Late
D002796,O002985,2025-12-08,2025-12-08,0,On Time
D002797,O002986,2025-08-18,2025-08-18,0,On Time
D002798,O002987,2026-05-29,2026-05-29,0,On Time
D002799,O002988,2026-07-01,2026-07-01,0,On Time
D002800,O002989,2026-04-14,2026-04-14,0,On Time
D002801,O002990,2026-05-12,2026-05-11,0,On Time
D002802,O002991,2026-06-19,2026-06-25,6,Late
D002803,O002992,2026-01-14,2026-01-13,0,On Time
D002804,O002993,2025-03-20,2025-03-20,0,On Time
D002805,O002994,2026-06-08,2026-06-08,0,On Time
D002806,O002995,2025-10-25,2025-10-25,0,On Time
D002807,O002996,2025-09-21,2025-09-21,0,On Time
D002808,O002997,2025-07-28,2025-07-31,3,Late
D002809,O002998,2025-09-03,2025-09-03,0,On Time
D002810,O002999,2026-07-20,2026-07-19,0,On Time
D002811,O003000,2025-07-28,2025-07-27,0,On Time
D002812,O003001,2026-08-15,2026-08-15,0,On Time
D002813,O003002,2026-04-10,2026-04-09,0,On Time
D002814,O003003,2026-07-04,2026-07-04,0,On Time
D002815,O003004,2026-06-27,2026-06-27,0,On Time
D002816,O003005,2026-02-27,2026-02-27,0,On Time
D002817,O003006,2025-11-29,2025-11-29,0,On Time
D002818,O003008,2026-01-03,2026-01-03,0,On Time
D002819,O003009,2025-07-02,2025-07-05,3,Late
D002820,O003010,2025-04-08,2025-04-11,3,Late
D002821,O003011,2026-04-11,2026-04-11,0,On Time
D002822,O003012,2025-07-06,2025-07-06,0,On Time
D002823,O003013,2026-05-29,2026-05-28,0,On Time
D002824,O003014,2025-08-10,2025-08-12,2,Late
D002825,O003015,2026-08-12,2026-08-19,7,Late
D002826,O003016,2026-07-04,2026-07-04,0,On Time
D002827,O003017,2026-01-16,2026-01-16,0,On Time
D002828,O003018,2025-09-15,2025-09-15,0,On Time
D002829,O003019,2026-07-18,2026-07-18,0,On Time
D002830,O003020,2026-08-04,2026-08-11,7,Late
D002831,O003021,2026-01-15,2026-01-14,0,On Time
D002832,O003022,2026-07-02,2026-07-02,0,On Time
D002833,O003023,2026-02-24,2026-02-24,0,On Time
D002834,O003024,2025-04-29,2025-05-01,2,Late
D002835,O003025,2026-04-15,2026-04-15,0,On Time
D002836,O003026,2026-04-13,2026-04-12,0,On Time
D002837,O003027,2026-02-20,2026-02-20,0,On Time
D002838,O003028,2026-07-18,2026-07-18,0,On Time
D002839,O003029,2026-08-15,2026-08-15,0,On Time
D002840,O003030,2025-10-13,2025-10-20,7,Late
D002841,O003031,2026-08-09,2026-08-09,0,On Time
D002842,O003032,2026-01-21,2026-01-21,0,On Time
D002843,O003033,2026-02-23,2026-02-23,0,On Time
D002844,O003034,2025-06-28,2025-06-28,0,On Time
D002845,O003035,2025-08-19,2025-08-18,0,On Time
D002846,O003036,2026-04-20,2026-04-20,0,On Time
D002847,O003037,2026-04-24,2026-04-24,0,On Time
D002848,O003038,2026-03-24,2026-03-24,0,On Time
D002849,O003039,2026-04-19,2026-04-19,0,On Time
D002850,O003040,2025-12-31,2025-12-30,0,On Time
D002851,O003041,2026-03-26,2026-03-26,0,On Time
D002852,O003042,2026-07-10,2026-07-10,0,On Time
D002853,O003043,2025-10-25,2025-10-24,0,On Time
D002854,O003044,2026-01-26,2026-01-26,0,On Time
D002855,O003045,2026-05-23,2026-05-23,0,On Time
D002856,O003046,2026-07-23,2026-07-29,6,Late
D002857,O003047,2026-05-27,2026-05-28,1,Late
D002858,O003048,2026-05-01,2026-05-06,5,Late
D002859,O003049,2026-07-22,2026-07-22,0,On Time
D002860,O003050,2025-10-16,2025-10-16,0,On Time
D002861,O003051,2026-07-15,2026-07-15,0,On Time
D002862,O003052,2026-06-09,2026-06-09,0,On Time
D002863,O003053,2026-07-04,2026-07-10,6,Late
D002864,O003054,2025-11-14,2025-11-14,0,On Time
D002865,O003055,2026-04-09,2026-04-09,0,On Time
D002866,O003056,2026-05-29,2026-05-29,0,On Time
D002867,O003057,2026-08-21,2026-08-21,0,On Time
D002868,O003058,2026-01-16,2026-01-16,0,On Time
D002869,O003059,2025-08-03,2025-08-03,0,On Time
D002870,O003060,2026-03-29,2026-04-02,4,Late
D002871,O003061,2026-01-03,2026-01-03,0,On Time
D002872,O003062,2026-02-24,2026-02-24,0,On Time
D002873,O003063,2026-03-28,2026-03-28,0,On Time
D002874,O003065,2025-07-08,2025-07-08,0,On Time
D002875,O003066,2025-12-14,2025-12-14,0,On Time
D002876,O003067,2026-04-02,2026-04-02,0,On Time
D002877,O003068,2025-07-05,2025-07-04,0,On Time
D002878,O003069,2026-06-05,2026-06-04,0,On Time
D002879,O003070,2026-03-30,2026-03-29,0,On Time
D002880,O003071,2026-08-21,2026-08-21,0,On Time
D002881,O003072,2026-04-28,2026-04-28,0,On Time
D002882,O003073,2026-07-14,2026-07-17,3,Late
D002883,O003074,2025-09-16,2025-09-16,0,On Time
D002884,O003075,2026-07-16,2026-07-16,0,On Time
D002885,O003076,2026-02-10,2026-02-10,0,On Time
D002886,O003077,2026-08-09,2026-08-10,1,Late
D002887,O003078,2025-10-07,2025-10-11,4,Late
D002888,O003079,2026-06-19,2026-06-19,0,On Time
D002889,O003080,2025-05-13,2025-05-13,0,On Time
D002890,O003081,2025-04-10,2025-04-10,0,On Time
D002891,O003082,2026-05-26,2026-05-25,0,On Time
D002892,O003084,2026-01-30,2026-02-04,5,Late
D002893,O003085,2026-01-08,2026-01-08,0,On Time
D002894,O003086,2025-10-11,2025-10-11,0,On Time
D002895,O003087,2026-06-19,2026-06-19,0,On Time
D002896,O003088,2026-01-03,2026-01-03,0,On Time
D002897,O003089,2026-07-03,2026-07-03,0,On Time
D002898,O003090,2026-05-10,2026-05-10,0,On Time
D002899,O003091,2026-01-01,2026-01-01,0,On Time
D002900,O003093,2025-12-02,2025-12-02,0,On Time
D002901,O003094,2025-10-07,2025-10-07,0,On Time
D002902,O003095,2026-01-23,2026-01-22,0,On Time
D002903,O003096,2026-07-16,2026-07-15,0,On Time
D002904,O003097,2026-01-28,2026-01-29,1,Late
D002905,O003098,2026-03-13,2026-03-18,5,Late
D002906,O003099,2025-09-13,2025-09-13,0,On Time
D002907,O003101,2026-02-09,2026-02-09,0,On Time
D002908,O003102,2026-06-11,2026-06-11,0,On Time
D002909,O003103,2026-08-16,2026-08-16,0,On Time
D002910,O003104,2026-07-04,2026-07-04,0,On Time
D002911,O003105,2026-08-04,2026-08-04,0,On Time
D002912,O003106,2026-05-07,2026-05-12,5,Late
D002913,O003107,2026-06-12,2026-06-12,0,On Time
D002914,O003108,2026-07-09,2026-07-09,0,On Time
D002915,O003109,2026-06-05,2026-06-06,1,Late
D002916,O003110,2026-02-25,2026-02-25,0,On Time
D002917,O003111,2026-08-06,2026-08-06,0,On Time
D002918,O003112,2026-03-05,2026-03-06,1,Late
D002919,O003113,2025-05-09,2025-05-09,0,On Time
D002920,O003114,2025-11-15,2025-11-15,0,On Time
D002921,O003115,2026-06-18,2026-06-18,0,On Time
D002922,O003116,2026-03-15,2026-03-15,0,On Time
D002923,O003117,2026-04-01,2026-04-01,0,On Time
D002924,O003118,2026-05-28,2026-05-28,0,On Time
D002925,O003119,2026-02-16,2026-02-16,0,On Time
D002926,O003120,2025-08-29,2025-09-01,3,Late
D002927,O003121,2026-05-27,2026-05-27,0,On Time
D002928,O003122,2026-05-27,2026-05-27,0,On Time
D002929,O003123,2025-09-07,2025-09-10,3,Late
D002930,O003124,2025-11-13,2025-11-13,0,On Time
D002931,O003125,2026-05-25,2026-05-25,0,On Time
D002932,O003126,2026-08-02,2026-08-04,2,Late
D002933,O003127,2026-08-08,2026-08-08,0,On Time
D002934,O003128,2025-12-19,2025-12-19,0,On Time
D002935,O003129,2025-08-05,2025-08-05,0,On Time
D002936,O003130,2026-07-04,2026-07-11,7,Late
D002937,O003131,2025-08-15,2025-08-15,0,On Time
D002938,O003133,2026-07-06,2026-07-06,0,On Time
D002939,O003135,2026-02-07,2026-02-07,0,On Time
D002940,O003136,2026-06-20,2026-06-20,0,On Time
D002941,O003137,2026-03-15,2026-03-14,0,On Time
D002942,O003138,2026-02-19,2026-02-19,0,On Time
D002943,O003139,2025-03-21,2025-03-21,0,On Time
D002944,O003140,2026-07-16,2026-07-16,0,On Time
D002945,O003141,2026-08-21,2026-08-21,0,On Time
D002946,O003142,2026-07-14,2026-07-16,2,Late
D002947,O003143,2026-07-06,2026-07-06,0,On Time
D002948,O003144,2026-04-15,2026-04-14,0,On Time
D002949,O003145,2026-06-02,2026-06-01,0,On Time
D002950,O003146,2026-04-15,2026-04-15,0,On Time
D002951,O003147,2025-11-22,2025-11-22,0,On Time
D002952,O003148,2026-04-19,2026-04-23,4,Late
D002953,O003150,2026-03-18,2026-03-18,0,On Time
D002954,O003151,2026-05-15,2026-05-15,0,On Time
D002955,O003152,2026-01-14,2026-01-19,5,Late
D002956,O003153,2025-12-18,2025-12-22,4,Late
D002957,O003154,2025-05-16,2025-05-16,0,On Time
D002958,O003155,2026-02-24,2026-02-24,0,On Time
D002959,O003156,2026-02-14,2026-02-14,0,On Time
D002960,O003157,2025-07-18,2025-07-18,0,On Time
D002961,O003158,2025-12-27,2025-12-27,0,On Time
D002962,O003159,2026-07-17,2026-07-17,0,On Time
D002963,O003160,2026-03-19,2026-03-19,0,On Time
D002964,O003161,2026-05-29,2026-05-29,0,On Time
D002965,O003162,2025-08-14,2025-08-17,3,Late
D002966,O003163,2025-08-30,2025-08-29,0,On Time
D002967,O003164,2025-12-11,2025-12-11,0,On Time
D002968,O003165,2026-03-11,2026-03-10,0,On Time
D002969,O003167,2026-08-07,2026-08-13,6,Late
D002970,O003168,2026-03-16,2026-03-15,0,On Time
D002971,O003169,2026-01-24,2026-01-24,0,On Time
D002972,O003170,2025-06-17,2025-06-17,0,On Time
D002973,O003171,2025-06-14,2025-06-14,0,On Time
D002974,O003172,2026-06-20,2026-06-20,0,On Time
D002975,O003174,2026-02-17,2026-02-22,5,Late
D002976,O003175,2026-02-11,2026-02-11,0,On Time
D002977,O003176,2026-04-20,2026-04-20,0,On Time
D002978,O003178,2026-04-24,2026-04-24,0,On Time
D002979,O003179,2026-01-14,2026-01-14,0,On Time
D002980,O003180,2025-12-16,2025-12-16,0,On Time
D002981,O003182,2026-06-20,2026-06-20,0,On Time
D002982,O003183,2026-07-22,2026-07-22,0,On Time
D002983,O003184,2025-10-07,2025-10-07,0,On Time
D002984,O003185,2026-06-08,2026-06-08,0,On Time
D002985,O003186,2026-05-15,2026-05-14,0,On Time
D002986,O003187,2026-02-09,2026-02-09,0,On Time
D002987,O003188,2026-07-19,2026-07-19,0,On Time
D002988,O003189,2026-07-28,2026-07-28,0,On Time
D002989,O003190,2026-04-27,2026-04-27,0,On Time
D002990,O003191,2026-03-28,2026-03-28,0,On Time
D002991,O003192,2026-06-19,2026-06-19,0,On Time
D002992,O003193,2025-11-01,2025-11-01,0,On Time
D002993,O003194,2026-04-10,2026-04-10,0,On Time
D002994,O003195,2026-03-22,2026-03-21,0,On Time
D002995,O003196,2025-11-19,2025-11-19,0,On Time
D002996,O003197,2025-12-19,2025-12-19,0,On Time
D002997,O003198,2025-08-05,2025-08-12,7,Late
D002998,O003199,2026-07-23,2026-07-23,0,On Time
D002999,O003200,2026-03-24,2026-03-24,0,On Time
D003000,O003201,2026-05-01,2026-05-01,0,On Time
D003001,O003202,2025-05-30,2025-05-30,0,On Time
D003002,O003203,2026-07-09,2026-07-09,0,On Time
D003003,O003204,2026-06-22,2026-06-22,0,On Time
D003004,O003205,2026-02-17,2026-02-17,0,On Time
D003005,O003206,2026-06-30,2026-06-29,0,On Time
D003006,O003207,2026-07-31,2026-08-06,6,Late
D003007,O003208,2026-08-09,2026-08-08,0,On Time
D003008,O003209,2026-08-07,2026-08-07,0,On Time
D003009,O003210,2026-04-03,2026-04-03,0,On Time
D003010,O003211,2026-08-09,2026-08-09,0,On Time
D003011,O003212,2026-06-29,2026-06-29,0,On Time
D003012,O003213,2026-02-08,2026-02-08,0,On Time
D003013,O003214,2026-02-17,2026-02-17,0,On Time
D003014,O003215,2026-02-14,2026-02-14,0,On Time
D003015,O003216,2026-02-23,2026-02-23,0,On Time
D003016,O003217,2026-02-20,2026-02-20,0,On Time
D003017,O003218,2025-09-10,2025-09-10,0,On Time
D003018,O003219,2026-07-14,2026-07-20,6,Late
D003019,O003220,2026-08-13,2026-08-13,0,On Time
D003020,O003221,2026-03-21,2026-03-20,0,On Time
D003021,O003222,2026-04-04,2026-04-04,0,On Time
D003022,O003223,2026-02-19,2026-02-19,0,On Time
D003023,O003224,2025-06-16,2025-06-16,0,On Time
D003024,O003225,2026-08-02,2026-08-02,0,On Time
D003025,O003226,2025-12-03,2025-12-03,0,On Time
D003026,O003227,2026-04-09,2026-04-09,0,On Time
D003027,O003228,2025-08-07,2025-08-06,0,On Time
D003028,O003229,2026-04-23,2026-04-23,0,On Time
D003029,O003230,2026-06-03,2026-06-03,0,On Time
D003030,O003231,2026-04-19,2026-04-21,2,Late
D003031,O003232,2026-06-14,2026-06-19,5,Late
D003032,O003233,2026-06-20,2026-06-20,0,On Time
D003033,O003234,2025-11-08,2025-11-08,0,On Time
D003034,O003235,2025-09-06,2025-09-06,0,On Time
D003035,O003236,2026-04-14,2026-04-14,0,On Time
D003036,O003237,2025-11-14,2025-11-14,0,On Time
D003037,O003238,2026-01-18,2026-01-18,0,On Time
D003038,O003239,2026-07-09,2026-07-09,0,On Time
D003039,O003240,2026-06-20,2026-06-20,0,On Time
D003040,O003241,2025-07-13,2025-07-13,0,On Time
D003041,O003242,2026-07-19,2026-07-18,0,On Time
D003042,O003243,2025-05-28,2025-05-27,0,On Time
D003043,O003244,2025-10-12,2025-10-12,0,On Time
D003044,O003245,2026-03-24,2026-03-24,0,On Time
D003045,O003246,2026-05-08,2026-05-08,0,On Time
D003046,O003247,2026-04-26,2026-05-01,5,Late
D003047,O003248,2026-06-08,2026-06-07,0,On Time
D003048,O003249,2026-05-11,2026-05-15,4,Late
D003049,O003250,2026-04-16,2026-04-16,0,On Time
D003050,O003251,2025-09-24,2025-09-23,0,On Time
D003051,O003252,2026-06-09,2026-06-13,4,Late
D003052,O003253,2026-07-03,2026-07-03,0,On Time
D003053,O003254,2026-01-23,2026-01-22,0,On Time
D003054,O003255,2026-04-25,2026-04-25,0,On Time
D003055,O003256,2026-07-14,2026-07-15,1,Late
D003056,O003258,2026-05-28,2026-06-04,7,Late
D003057,O003259,2026-01-19,2026-01-19,0,On Time
D003058,O003260,2025-06-15,2025-06-15,0,On Time
D003059,O003261,2026-03-07,2026-03-06,0,On Time
D003060,O003262,2026-03-30,2026-03-30,0,On Time
D003061,O003263,2026-04-13,2026-04-13,0,On Time
D003062,O003264,2025-03-23,2025-03-23,0,On Time
D003063,O003265,2026-03-28,2026-03-28,0,On Time
D003064,O003266,2026-08-04,2026-08-10,6,Late
D003065,O003267,2026-06-26,2026-07-02,6,Late
D003066,O003268,2025-10-26,2025-10-26,0,On Time
D003067,O003269,2026-06-15,2026-06-15,0,On Time
D003068,O003270,2025-09-22,2025-09-22,0,On Time
D003069,O003271,2026-03-18,2026-03-18,0,On Time
D003070,O003272,2026-07-30,2026-07-30,0,On Time
D003071,O003273,2026-07-16,2026-07-18,2,Late
D003072,O003274,2026-05-11,2026-05-11,0,On Time
D003073,O003275,2026-08-16,2026-08-20,4,Late
D003074,O003276,2025-12-23,2025-12-29,6,Late
D003075,O003277,2026-03-10,2026-03-10,0,On Time
D003076,O003278,2026-07-21,2026-07-24,3,Late
D003077,O003279,2025-09-30,2025-09-30,0,On Time
D003078,O003280,2026-04-04,2026-04-04,0,On Time
D003079,O003281,2026-08-07,2026-08-07,0,On Time
D003080,O003283,2025-12-26,2025-12-26,0,On Time
D003081,O003284,2026-01-03,2026-01-03,0,On Time
D003082,O003285,2026-06-12,2026-06-12,0,On Time
D003083,O003286,2026-04-24,2026-04-23,0,On Time
D003084,O003288,2025-08-03,2025-08-03,0,On Time
D003085,O003289,2025-10-13,2025-10-13,0,On Time
D003086,O003290,2026-07-08,2026-07-09,1,Late
D003087,O003291,2025-09-23,2025-09-22,0,On Time
D003088,O003293,2026-06-11,2026-06-11,0,On Time
D003089,O003294,2026-06-20,2026-06-26,6,Late
D003090,O003295,2025-04-21,2025-04-21,0,On Time
D003091,O003296,2026-05-11,2026-05-11,0,On Time
D003092,O003297,2026-06-20,2026-06-25,5,Late
D003093,O003298,2026-05-10,2026-05-10,0,On Time
D003094,O003299,2026-04-14,2026-04-14,0,On Time
D003095,O003300,2026-04-05,2026-04-07,2,Late
D003096,O003301,2026-03-18,2026-03-18,0,On Time
D003097,O003302,2026-04-12,2026-04-18,6,Late
D003098,O003303,2026-06-24,2026-06-26,2,Late
D003099,O003305,2025-09-02,2025-09-02,0,On Time
D003100,O003306,2025-10-06,2025-10-06,0,On Time
D003101,O003307,2026-01-05,2026-01-04,0,On Time
D003102,O003308,2026-08-18,2026-08-18,0,On Time
D003103,O003309,2026-07-05,2026-07-12,7,Late
D003104,O003310,2026-01-23,2026-01-22,0,On Time
D003105,O003311,2026-04-05,2026-04-05,0,On Time
D003106,O003312,2026-02-03,2026-02-03,0,On Time
D003107,O003313,2025-06-26,2025-07-02,6,Late
D003108,O003315,2026-01-25,2026-01-28,3,Late
D003109,O003316,2025-10-29,2025-10-29,0,On Time
D003110,O003317,2025-12-12,2025-12-12,0,On Time
D003111,O003318,2026-08-18,2026-08-23,5,Late
D003112,O003319,2026-06-04,2026-06-04,0,On Time
D003113,O003320,2025-07-25,2025-07-25,0,On Time
D003114,O003321,2026-05-02,2026-05-04,2,Late
D003115,O003322,2026-08-24,2026-08-24,0,On Time
D003116,O003323,2026-07-13,2026-07-13,0,On Time
D003117,O003324,2026-07-30,2026-07-30,0,On Time
D003118,O003325,2026-04-28,2026-04-28,0,On Time
D003119,O003327,2026-07-01,2026-07-01,0,On Time
D003120,O003328,2026-03-24,2026-03-31,7,Late
D003121,O003329,2026-07-25,2026-07-25,0,On Time
D003122,O003330,2026-06-23,2026-06-22,0,On Time
D003123,O003331,2026-04-10,2026-04-10,0,On Time
D003124,O003332,2026-03-04,2026-03-04,0,On Time
D003125,O003333,2026-03-21,2026-03-21,0,On Time
D003126,O003334,2025-12-24,2025-12-24,0,On Time
D003127,O003335,2026-04-12,2026-04-12,0,On Time
D003128,O003336,2026-08-03,2026-08-03,0,On Time
D003129,O003337,2026-07-04,2026-07-04,0,On Time
D003130,O003338,2026-01-28,2026-01-27,0,On Time
D003131,O003339,2026-06-20,2026-06-20,0,On Time
D003132,O003340,2026-06-27,2026-06-27,0,On Time
D003133,O003341,2026-06-29,2026-06-29,0,On Time
D003134,O003342,2025-11-19,2025-11-19,0,On Time
D003135,O003343,2026-08-19,2026-08-18,0,On Time
D003136,O003344,2025-08-26,2025-08-26,0,On Time
D003137,O003345,2026-04-19,2026-04-19,0,On Time
D003138,O003346,2026-03-16,2026-03-16,0,On Time
D003139,O003347,2026-05-28,2026-05-28,0,On Time
D003140,O003348,2026-03-20,2026-03-20,0,On Time
D003141,O003349,2026-05-03,2026-05-06,3,Late
D003142,O003350,2025-09-21,2025-09-20,0,On Time
D003143,O003351,2026-05-12,2026-05-12,0,On Time
D003144,O003352,2025-10-31,2025-10-31,0,On Time
D003145,O003353,2026-02-15,2026-02-15,0,On Time
D003146,O003354,2026-05-27,2026-05-26,0,On Time
D003147,O003355,2026-05-18,2026-05-18,0,On Time
D003148,O003356,2026-04-24,2026-04-24,0,On Time
D003149,O003357,2025-10-17,2025-10-16,0,On Time
D003150,O003358,2026-07-17,2026-07-16,0,On Time
D003151,O003359,2025-06-02,2025-06-01,0,On Time
D003152,O003360,2026-08-16,2026-08-20,4,Late
D003153,O003362,2025-11-10,2025-11-09,0,On Time
D003154,O003363,2025-12-25,2025-12-30,5,Late
D003155,O003364,2026-06-10,2026-06-10,0,On Time
D003156,O003365,2025-10-20,2025-10-20,0,On Time
D003157,O003366,2026-02-16,2026-02-16,0,On Time
D003158,O003367,2026-06-10,2026-06-10,0,On Time
D003159,O003368,2026-03-25,2026-03-25,0,On Time
D003160,O003369,2026-06-10,2026-06-14,4,Late
D003161,O003370,2026-03-13,2026-03-13,0,On Time
D003162,O003371,2025-10-30,2025-11-03,4,Late
D003163,O003373,2026-06-04,2026-06-04,0,On Time
D003164,O003374,2026-02-24,2026-02-23,0,On Time
D003165,O003375,2025-08-14,2025-08-14,0,On Time
D003166,O003376,2026-04-12,2026-04-12,0,On Time
D003167,O003377,2026-02-11,2026-02-11,0,On Time
D003168,O003379,2026-06-05,2026-06-05,0,On Time
D003169,O003380,2026-06-03,2026-06-03,0,On Time
D003170,O003381,2026-05-28,2026-05-28,0,On Time
D003171,O003382,2025-10-04,2025-10-04,0,On Time
D003172,O003383,2026-04-16,2026-04-16,0,On Time
D003173,O003384,2026-05-28,2026-05-28,0,On Time
D003174,O003385,2025-11-30,2025-11-30,0,On Time
D003175,O003386,2026-04-08,2026-04-08,0,On Time
D003176,O003387,2026-05-14,2026-05-14,0,On Time
D003177,O003388,2026-04-20,2026-04-20,0,On Time
D003178,O003389,2026-01-12,2026-01-16,4,Late
D003179,O003390,2026-03-18,2026-03-18,0,On Time
D003180,O003391,2026-07-09,2026-07-09,0,On Time
D003181,O003392,2026-04-09,2026-04-08,0,On Time
D003182,O003393,2025-02-26,2025-02-26,0,On Time
D003183,O003394,2026-05-21,2026-05-21,0,On Time
D003184,O003395,2026-08-19,2026-08-20,1,Late
D003185,O003396,2026-07-23,2026-07-22,0,On Time
D003186,O003397,2025-06-19,2025-06-19,0,On Time
D003187,O003398,2026-07-27,2026-07-27,0,On Time
D003188,O003399,2026-07-14,2026-07-14,0,On Time
D003189,O003400,2026-05-22,2026-05-27,5,Late
D003190,O003401,2026-06-20,2026-06-20,0,On Time
D003191,O003402,2026-08-09,2026-08-09,0,On Time
D003192,O003403,2026-07-06,2026-07-06,0,On Time
D003193,O003404,2026-01-07,2026-01-07,0,On Time
D003194,O003405,2025-10-03,2025-10-03,0,On Time
D003195,O003406,2026-03-16,2026-03-16,0,On Time
D003196,O003407,2026-05-27,2026-05-27,0,On Time
D003197,O003408,2026-08-21,2026-08-21,0,On Time
D003198,O003409,2025-03-14,2025-03-14,0,On Time
D003199,O003410,2026-05-04,2026-05-04,0,On Time
D003200,O003411,2026-07-04,2026-07-04,0,On Time
D003201,O003412,2026-04-02,2026-04-02,0,On Time
D003202,O003413,2025-06-13,2025-06-14,1,Late
D003203,O003415,2026-05-05,2026-05-04,0,On Time
D003204,O003416,2026-01-14,2026-01-14,0,On Time
D003205,O003417,2026-03-12,2026-03-11,0,On Time
D003206,O003418,2025-06-20,2025-06-20,0,On Time
D003207,O003420,2025-08-01,2025-08-01,0,On Time
D003208,O003421,2026-03-20,2026-03-27,7,Late
D003209,O003422,2026-08-05,2026-08-05,0,On Time
D003210,O003423,2026-02-04,2026-02-04,0,On Time
D003211,O003424,2026-03-17,2026-03-17,0,On Time
D003212,O003425,2025-10-30,2025-10-31,1,Late
D003213,O003426,2025-12-02,2025-12-07,5,Late
D003214,O003428,2026-07-31,2026-07-31,0,On Time
D003215,O003429,2026-08-23,2026-08-22,0,On Time
D003216,O003430,2026-07-19,2026-07-22,3,Late
D003217,O003431,2026-01-11,2026-01-11,0,On Time
D003218,O003432,2026-04-11,2026-04-11,0,On Time
D003219,O003433,2026-03-19,2026-03-19,0,On Time
D003220,O003434,2026-05-14,2026-05-13,0,On Time
D003221,O003435,2026-07-29,2026-08-04,6,Late
D003222,O003436,2026-03-15,2026-03-17,2,Late
D003223,O003437,2026-05-01,2026-05-01,0,On Time
D003224,O003438,2025-09-16,2025-09-15,0,On Time
D003225,O003439,2026-08-16,2026-08-16,0,On Time
D003226,O003440,2026-01-19,2026-01-19,0,On Time
D003227,O003441,2026-02-04,2026-02-08,4,Late
D003228,O003442,2026-07-31,2026-07-31,0,On Time
D003229,O003443,2026-08-02,2026-08-02,0,On Time
D003230,O003444,2026-08-20,2026-08-20,0,On Time
D003231,O003445,2025-11-04,2025-11-04,0,On Time
D003232,O003446,2025-04-09,2025-04-09,0,On Time
D003233,O003447,2026-05-21,2026-05-20,0,On Time
D003234,O003448,2025-11-01,2025-11-01,0,On Time
D003235,O003449,2026-08-22,2026-08-22,0,On Time
D003236,O003450,2026-02-19,2026-02-19,0,On Time
D003237,O003451,2026-05-25,2026-05-28,3,Late
D003238,O003452,2026-02-02,2026-02-02,0,On Time
D003239,O003453,2026-03-08,2026-03-08,0,On Time
D003240,O003454,2026-08-09,2026-08-08,0,On Time
D003241,O003455,2026-05-19,2026-05-18,0,On Time
D003242,O003457,2025-11-16,2025-11-16,0,On Time
D003243,O003458,2025-12-12,2025-12-11,0,On Time
D003244,O003459,2026-08-06,2026-08-06,0,On Time
D003245,O003460,2026-08-22,2026-08-24,2,Late
D003246,O003462,2026-05-31,2026-05-31,0,On Time
D003247,O003463,2025-04-25,2025-04-29,4,Late
D003248,O003464,2026-01-04,2026-01-04,0,On Time
D003249,O003466,2025-08-30,2025-08-30,0,On Time
D003250,O003467,2026-05-25,2026-05-25,0,On Time
D003251,O003469,2025-11-06,2025-11-06,0,On Time
D003252,O003470,2025-12-10,2025-12-10,0,On Time
D003253,O003471,2026-04-02,2026-04-08,6,Late
D003254,O003472,2026-03-27,2026-03-26,0,On Time
D003255,O003473,2025-08-17,2025-08-17,0,On Time
D003256,O003474,2026-04-17,2026-04-17,0,On Time
D003257,O003475,2026-08-10,2026-08-09,0,On Time
D003258,O003476,2025-03-16,2025-03-16,0,On Time
D003259,O003477,2026-04-19,2026-04-19,0,On Time
D003260,O003478,2026-06-30,2026-06-30,0,On Time
D003261,O003479,2025-12-29,2025-12-29,0,On Time
D003262,O003480,2026-07-20,2026-07-20,0,On Time
D003263,O003481,2026-07-12,2026-07-12,0,On Time
D003264,O003482,2025-07-26,2025-07-26,0,On Time
D003265,O003483,2026-04-07,2026-04-07,0,On Time
D003266,O003485,2025-09-20,2025-09-20,0,On Time
D003267,O003486,2026-06-11,2026-06-10,0,On Time
D003268,O003487,2026-01-30,2026-01-30,0,On Time
D003269,O003488,2026-08-09,2026-08-09,0,On Time
D003270,O003489,2026-03-13,2026-03-12,0,On Time
D003271,O003490,2025-09-01,2025-09-01,0,On Time
D003272,O003491,2025-12-24,2025-12-24,0,On Time
D003273,O003492,2025-12-08,2025-12-08,0,On Time
D003274,O003493,2026-04-10,2026-04-10,0,On Time
D003275,O003494,2025-08-20,2025-08-20,0,On Time
D003276,O003495,2026-03-24,2026-03-24,0,On Time
D003277,O003496,2026-05-13,2026-05-19,6,Late
D003278,O003497,2026-06-30,2026-06-30,0,On Time
D003279,O003499,2026-03-13,2026-03-13,0,On Time
D003280,O003500,2025-09-02,2025-09-01,0,On Time
D003281,O003501,2026-06-14,2026-06-14,0,On Time
D003282,O003502,2026-06-23,2026-06-23,0,On Time
D003283,O003503,2025-07-26,2025-07-26,0,On Time
D003284,O003504,2026-04-08,2026-04-08,0,On Time
D003285,O003505,2025-08-31,2025-08-31,0,On Time
D003286,O003506,2025-12-15,2025-12-15,0,On Time
D003287,O003507,2026-01-24,2026-01-24,0,On Time
D003288,O003508,2026-02-13,2026-02-13,0,On Time
D003289,O003509,2026-02-22,2026-02-21,0,On Time
D003290,O003510,2025-09-01,2025-09-01,0,On Time
D003291,O003511,2026-05-14,2026-05-20,6,Late
D003292,O003512,2025-04-03,2025-04-03,0,On Time
D003293,O003513,2025-10-14,2025-10-15,1,Late
D003294,O003514,2026-06-19,2026-06-19,0,On Time
D003295,O003515,2026-04-27,2026-04-27,0,On Time
D003296,O003517,2025-11-30,2025-11-30,0,On Time
D003297,O003518,2026-06-25,2026-06-25,0,On Time
D003298,O003519,2026-07-18,2026-07-17,0,On Time
D003299,O003520,2026-05-01,2026-05-01,0,On Time
D003300,O003521,2025-09-20,2025-09-20,0,On Time
D003301,O003522,2026-07-21,2026-07-21,0,On Time
D003302,O003523,2025-07-13,2025-07-12,0,On Time
D003303,O003524,2025-12-07,2025-12-07,0,On Time
D003304,O003525,2025-05-26,2025-05-28,2,Late
D003305,O003526,2026-02-19,2026-02-19,0,On Time
D003306,O003527,2026-02-26,2026-02-26,0,On Time
D003307,O003528,2026-04-08,2026-04-08,0,On Time
D003308,O003529,2026-07-17,2026-07-17,0,On Time
D003309,O003530,2026-01-28,2026-01-28,0,On Time
D003310,O003531,2026-01-31,2026-01-31,0,On Time
D003311,O003532,2026-03-06,2026-03-06,0,On Time
D003312,O003533,2025-06-05,2025-06-11,6,Late
D003313,O003534,2026-07-11,2026-07-17,6,Late
D003314,O003535,2025-12-17,2025-12-17,0,On Time
D003315,O003536,2026-06-06,2026-06-06,0,On Time
D003316,O003537,2026-04-09,2026-04-09,0,On Time
D003317,O003538,2026-07-30,2026-08-01,2,Late
D003318,O003540,2025-09-07,2025-09-07,0,On Time
D003319,O003541,2025-05-19,2025-05-19,0,On Time
D003320,O003542,2025-09-28,2025-09-28,0,On Time
D003321,O003543,2025-08-13,2025-08-12,0,On Time
D003322,O003544,2026-05-23,2026-05-22,0,On Time
D003323,O003545,2026-07-25,2026-08-01,7,Late
D003324,O003546,2025-11-21,2025-11-21,0,On Time
D003325,O003547,2026-01-04,2026-01-04,0,On Time
D003326,O003548,2026-03-18,2026-03-18,0,On Time
D003327,O003549,2026-02-20,2026-02-20,0,On Time
D003328,O003550,2026-03-15,2026-03-15,0,On Time
D003329,O003551,2026-01-28,2026-01-28,0,On Time
D003330,O003552,2025-12-05,2025-12-05,0,On Time
D003331,O003553,2025-11-22,2025-11-22,0,On Time
D003332,O003554,2026-08-03,2026-08-03,0,On Time
D003333,O003555,2026-08-08,2026-08-08,0,On Time
D003334,O003556,2026-08-16,2026-08-20,4,Late
D003335,O003558,2025-10-21,2025-10-24,3,Late
D003336,O003559,2025-12-15,2025-12-15,0,On Time
D003337,O003560,2025-12-31,2025-12-30,0,On Time
D003338,O003561,2026-06-22,2026-06-22,0,On Time
D003339,O003562,2026-05-30,2026-06-06,7,Late
D003340,O003563,2026-05-19,2026-05-26,7,Late
D003341,O003564,2026-04-05,2026-04-07,2,Late
D003342,O003565,2025-11-30,2025-11-30,0,On Time
D003343,O003566,2026-02-24,2026-02-24,0,On Time
D003344,O003567,2026-04-07,2026-04-11,4,Late
D003345,O003568,2026-06-05,2026-06-05,0,On Time
D003346,O003569,2025-11-09,2025-11-09,0,On Time
D003347,O003570,2025-11-07,2025-11-07,0,On Time
D003348,O003571,2026-05-30,2026-05-30,0,On Time
D003349,O003572,2026-05-28,2026-05-27,0,On Time
D003350,O003573,2026-07-16,2026-07-16,0,On Time
D003351,O003574,2025-08-14,2025-08-14,0,On Time
D003352,O003575,2026-06-19,2026-06-19,0,On Time
D003353,O003576,2026-02-10,2026-02-10,0,On Time
D003354,O003577,2025-11-01,2025-11-01,0,On Time
D003355,O003578,2026-01-19,2026-01-19,0,On Time
D003356,O003579,2026-02-10,2026-02-10,0,On Time
D003357,O003580,2026-08-19,2026-08-19,0,On Time
D003358,O003581,2026-07-19,2026-07-19,0,On Time
D003359,O003582,2026-07-03,2026-07-03,0,On Time
D003360,O003583,2025-06-25,2025-07-02,7,Late
D003361,O003584,2026-05-15,2026-05-18,3,Late
D003362,O003585,2026-05-11,2026-05-11,0,On Time
D003363,O003586,2025-10-12,2025-10-12,0,On Time
D003364,O003587,2025-08-19,2025-08-19,0,On Time
D003365,O003588,2025-07-16,2025-07-16,0,On Time
D003366,O003589,2025-08-18,2025-08-18,0,On Time
D003367,O003590,2026-04-15,2026-04-19,4,Late
D003368,O003591,2026-07-07,2026-07-07,0,On Time
D003369,O003592,2026-05-31,2026-06-07,7,Late
D003370,O003593,2025-11-28,2025-11-28,0,On Time
D003371,O003594,2026-06-05,2026-06-05,0,On Time
D003372,O003595,2026-06-05,2026-06-05,0,On Time
D003373,O003596,2025-10-09,2025-10-13,4,Late
D003374,O003598,2025-04-19,2025-04-18,0,On Time
D003375,O003599,2026-04-21,2026-04-21,0,On Time
D003376,O003600,2025-02-27,2025-02-27,0,On Time
D003377,O003601,2026-08-08,2026-08-14,6,Late
D003378,O003602,2026-06-29,2026-07-02,3,Late
D003379,O003603,2026-02-21,2026-02-21,0,On Time
D003380,O003604,2025-12-07,2025-12-14,7,Late
D003381,O003605,2025-03-01,2025-03-01,0,On Time
D003382,O003607,2026-03-22,2026-03-22,0,On Time
D003383,O003608,2026-08-22,2026-08-25,3,Late
D003384,O003609,2025-11-02,2025-11-02,0,On Time
D003385,O003610,2026-08-23,2026-08-23,0,On Time
D003386,O003611,2026-05-13,2026-05-13,0,On Time
D003387,O003612,2026-03-25,2026-03-30,5,Late
D003388,O003613,2025-12-23,2025-12-22,0,On Time
D003389,O003614,2026-05-05,2026-05-04,0,On Time
D003390,O003615,2026-03-31,2026-03-31,0,On Time
D003391,O003616,2026-03-01,2026-03-01,0,On Time
D003392,O003617,2025-06-04,2025-06-04,0,On Time
D003393,O003618,2026-06-27,2026-07-01,4,Late
D003394,O003619,2026-06-17,2026-06-17,0,On Time
D003395,O003620,2026-05-27,2026-05-26,0,On Time
D003396,O003621,2025-11-05,2025-11-11,6,Late
D003397,O003622,2025-08-08,2025-08-08,0,On Time
D003398,O003623,2025-12-26,2025-12-25,0,On Time
D003399,O003624,2026-01-10,2026-01-10,0,On Time
D003400,O003625,2025-11-09,2025-11-09,0,On Time
D003401,O003626,2025-12-27,2025-12-27,0,On Time
D003402,O003627,2026-06-05,2026-06-12,7,Late
D003403,O003628,2025-08-29,2025-08-28,0,On Time
D003404,O003629,2026-02-13,2026-02-17,4,Late
D003405,O003631,2025-10-15,2025-10-22,7,Late
D003406,O003632,2026-02-27,2026-02-27,0,On Time
D003407,O003633,2026-04-15,2026-04-15,0,On Time
D003408,O003634,2026-01-13,2026-01-13,0,On Time
D003409,O003635,2026-06-14,2026-06-14,0,On Time
D003410,O003636,2025-11-12,2025-11-12,0,On Time
D003411,O003637,2025-12-24,2025-12-24,0,On Time
D003412,O003638,2026-06-15,2026-06-15,0,On Time
D003413,O003639,2025-12-23,2025-12-23,0,On Time
D003414,O003640,2026-04-20,2026-04-20,0,On Time
D003415,O003641,2026-06-30,2026-07-05,5,Late
D003416,O003642,2025-12-15,2025-12-15,0,On Time
D003417,O003643,2026-04-07,2026-04-06,0,On Time
D003418,O003644,2026-04-02,2026-04-02,0,On Time
D003419,O003645,2026-06-08,2026-06-08,0,On Time
D003420,O003646,2026-05-20,2026-05-27,7,Late
D003421,O003647,2026-07-03,2026-07-02,0,On Time
D003422,O003648,2025-12-23,2025-12-23,0,On Time
D003423,O003649,2026-04-18,2026-04-18,0,On Time
D003424,O003650,2026-02-08,2026-02-15,7,Late
D003425,O003652,2025-04-24,2025-04-24,0,On Time
D003426,O003653,2026-02-07,2026-02-13,6,Late
D003427,O003654,2026-07-21,2026-07-21,0,On Time
D003428,O003655,2026-07-15,2026-07-20,5,Late
D003429,O003656,2025-05-06,2025-05-06,0,On Time
D003430,O003657,2026-05-01,2026-05-01,0,On Time
D003431,O003658,2026-05-15,2026-05-15,0,On Time
D003432,O003659,2026-05-05,2026-05-06,1,Late
D003433,O003660,2026-04-25,2026-04-25,0,On Time
D003434,O003661,2026-04-03,2026-04-06,3,Late
D003435,O003662,2026-06-22,2026-06-26,4,Late
D003436,O003663,2025-11-03,2025-11-03,0,On Time
D003437,O003664,2025-07-08,2025-07-14,6,Late
D003438,O003665,2026-03-18,2026-03-21,3,Late
D003439,O003666,2026-02-06,2026-02-06,0,On Time
D003440,O003667,2025-09-29,2025-09-29,0,On Time
D003441,O003668,2025-10-19,2025-10-26,7,Late
D003442,O003669,2026-05-25,2026-05-25,0,On Time
D003443,O003670,2026-04-20,2026-04-20,0,On Time
D003444,O003671,2026-06-02,2026-06-07,5,Late
D003445,O003672,2026-05-21,2026-05-21,0,On Time
D003446,O003673,2026-07-28,2026-07-28,0,On Time
D003447,O003674,2026-07-22,2026-07-29,7,Late
D003448,O003675,2026-02-07,2026-02-08,1,Late
D003449,O003676,2025-12-10,2025-12-10,0,On Time
D003450,O003678,2026-01-15,2026-01-15,0,On Time
D003451,O003679,2026-02-18,2026-02-22,4,Late
D003452,O003681,2026-05-18,2026-05-18,0,On Time
D003453,O003682,2026-03-04,2026-03-03,0,On Time
D003454,O003683,2026-07-04,2026-07-04,0,On Time
D003455,O003684,2026-05-15,2026-05-15,0,On Time
D003456,O003685,2025-10-06,2025-10-06,0,On Time
D003457,O003686,2026-07-12,2026-07-12,0,On Time
D003458,O003687,2026-08-08,2026-08-08,0,On Time
D003459,O003688,2026-06-02,2026-06-02,0,On Time
D003460,O003689,2026-07-09,2026-07-08,0,On Time
D003461,O003691,2026-03-24,2026-03-23,0,On Time
D003462,O003692,2026-04-28,2026-04-28,0,On Time
D003463,O003693,2026-08-03,2026-08-03,0,On Time
D003464,O003694,2025-08-02,2025-08-02,0,On Time
D003465,O003695,2026-02-24,2026-02-24,0,On Time
D003466,O003696,2026-01-25,2026-01-24,0,On Time
D003467,O003697,2025-12-23,2025-12-22,0,On Time
D003468,O003698,2026-04-21,2026-04-20,0,On Time
D003469,O003699,2026-04-04,2026-04-03,0,On Time
D003470,O003700,2025-12-01,2025-12-01,0,On Time
D003471,O003701,2025-11-08,2025-11-13,5,Late
D003472,O003702,2025-12-30,2025-12-31,1,Late
D003473,O003703,2026-07-26,2026-07-26,0,On Time
D003474,O003704,2026-02-05,2026-02-05,0,On Time
D003475,O003705,2026-06-14,2026-06-14,0,On Time
D003476,O003706,2026-03-23,2026-03-28,5,Late
D003477,O003707,2025-12-09,2025-12-08,0,On Time
D003478,O003708,2025-10-31,2025-10-31,0,On Time
D003479,O003709,2025-12-15,2025-12-15,0,On Time
D003480,O003710,2026-04-10,2026-04-10,0,On Time
D003481,O003711,2026-03-29,2026-03-29,0,On Time
D003482,O003712,2025-11-28,2025-11-28,0,On Time
D003483,O003713,2026-07-11,2026-07-10,0,On Time
D003484,O003714,2025-10-07,2025-10-07,0,On Time
D003485,O003715,2026-03-03,2026-03-03,0,On Time
D003486,O003716,2025-08-27,2025-08-27,0,On Time
D003487,O003717,2026-02-24,2026-02-24,0,On Time
D003488,O003718,2025-06-14,2025-06-14,0,On Time
D003489,O003719,2025-06-15,2025-06-15,0,On Time
D003490,O003720,2025-10-11,2025-10-10,0,On Time
D003491,O003721,2026-07-02,2026-07-02,0,On Time
D003492,O003722,2025-04-28,2025-04-29,1,Late
D003493,O003723,2025-06-25,2025-06-25,0,On Time
D003494,O003724,2026-01-11,2026-01-13,2,Late
D003495,O003725,2026-07-17,2026-07-17,0,On Time
D003496,O003726,2026-07-13,2026-07-13,0,On Time
D003497,O003727,2026-04-03,2026-04-03,0,On Time
D003498,O003728,2026-05-11,2026-05-11,0,On Time
D003499,O003729,2025-08-24,2025-08-23,0,On Time
D003500,O003730,2026-05-22,2026-05-22,0,On Time
D003501,O003732,2025-10-02,2025-10-02,0,On Time
D003502,O003733,2025-12-10,2025-12-13,3,Late
D003503,O003734,2026-03-06,2026-03-06,0,On Time
D003504,O003735,2025-09-30,2025-09-30,0,On Time
D003505,O003736,2025-06-29,2025-06-29,0,On Time
D003506,O003737,2025-11-25,2025-11-25,0,On Time
D003507,O003738,2026-08-12,2026-08-11,0,On Time
D003508,O003739,2026-03-16,2026-03-22,6,Late
D003509,O003740,2025-06-09,2025-06-13,4,Late
D003510,O003741,2026-03-25,2026-03-25,0,On Time
D003511,O003742,2026-06-11,2026-06-11,0,On Time
D003512,O003743,2026-04-29,2026-04-29,0,On Time
D003513,O003744,2026-01-17,2026-01-16,0,On Time
D003514,O003745,2026-06-03,2026-06-03,0,On Time
D003515,O003746,2025-12-16,2025-12-16,0,On Time
D003516,O003747,2026-06-01,2026-06-03,2,Late
D003517,O003748,2026-01-19,2026-01-19,0,On Time
D003518,O003749,2026-08-09,2026-08-14,5,Late
D003519,O003750,2026-02-02,2026-02-02,0,On Time
D003520,O003751,2026-03-14,2026-03-21,7,Late
D003521,O003752,2026-06-04,2026-06-04,0,On Time
D003522,O003753,2026-06-13,2026-06-20,7,Late
D003523,O003754,2026-06-21,2026-06-21,0,On Time
D003524,O003755,2026-07-22,2026-07-21,0,On Time
D003525,O003756,2026-02-05,2026-02-05,0,On Time
D003526,O003757,2026-05-09,2026-05-13,4,Late
D003527,O003758,2026-08-19,2026-08-18,0,On Time
D003528,O003759,2026-05-05,2026-05-05,0,On Time
D003529,O003760,2026-05-28,2026-06-02,5,Late
D003530,O003761,2026-02-18,2026-02-22,4,Late
D003531,O003762,2026-05-21,2026-05-21,0,On Time
D003532,O003763,2025-12-15,2025-12-15,0,On Time
D003533,O003764,2026-05-22,2026-05-22,0,On Time
D003534,O003765,2026-06-10,2026-06-10,0,On Time
D003535,O003766,2026-07-17,2026-07-23,6,Late
D003536,O003767,2026-03-14,2026-03-14,0,On Time
D003537,O003768,2025-09-26,2025-10-03,7,Late
D003538,O003769,2025-12-23,2025-12-23,0,On Time
D003539,O003770,2025-10-18,2025-10-20,2,Late
D003540,O003771,2026-02-05,2026-02-05,0,On Time
D003541,O003772,2026-07-06,2026-07-06,0,On Time
D003542,O003773,2025-09-10,2025-09-10,0,On Time
D003543,O003774,2026-06-01,2026-05-31,0,On Time
D003544,O003776,2026-07-31,2026-07-30,0,On Time
D003545,O003777,2026-08-04,2026-08-04,0,On Time
D003546,O003778,2026-06-05,2026-06-05,0,On Time
D003547,O003779,2026-03-08,2026-03-08,0,On Time
D003548,O003780,2026-04-12,2026-04-12,0,On Time
D003549,O003781,2026-01-07,2026-01-07,0,On Time
D003550,O003782,2025-12-12,2025-12-12,0,On Time
D003551,O003783,2025-11-15,2025-11-15,0,On Time
D003552,O003784,2026-07-06,2026-07-06,0,On Time
D003553,O003785,2025-09-30,2025-09-29,0,On Time
D003554,O003786,2026-06-25,2026-06-29,4,Late
D003555,O003787,2026-06-26,2026-06-26,0,On Time
D003556,O003788,2026-02-12,2026-02-12,0,On Time
D003557,O003789,2025-11-15,2025-11-15,0,On Time
D003558,O003790,2026-01-22,2026-01-23,1,Late
D003559,O003791,2026-01-12,2026-01-12,0,On Time
D003560,O003792,2026-04-17,2026-04-17,0,On Time
D003561,O003793,2026-06-28,2026-06-29,1,Late
D003562,O003794,2026-04-16,2026-04-16,0,On Time
D003563,O003795,2026-08-09,2026-08-09,0,On Time
D003564,O003797,2026-08-13,2026-08-13,0,On Time
D003565,O003798,2026-03-19,2026-03-22,3,Late
D003566,O003799,2026-07-09,2026-07-09,0,On Time
D003567,O003800,2025-03-22,2025-03-28,6,Late
D003568,O003801,2025-07-01,2025-07-01,0,On Time
D003569,O003802,2026-02-28,2026-02-28,0,On Time
D003570,O003803,2026-01-27,2026-01-27,0,On Time
D003571,O003804,2026-01-30,2026-01-31,1,Late
D003572,O003805,2026-04-19,2026-04-19,0,On Time
D003573,O003806,2025-09-11,2025-09-11,0,On Time
D003574,O003807,2025-12-27,2025-12-27,0,On Time
D003575,O003808,2026-03-26,2026-03-26,0,On Time
D003576,O003809,2025-09-30,2025-09-30,0,On Time
D003577,O003810,2025-11-12,2025-11-12,0,On Time
D003578,O003811,2026-08-12,2026-08-12,0,On Time
D003579,O003812,2026-02-25,2026-02-25,0,On Time
D003580,O003813,2025-12-05,2025-12-05,0,On Time
D003581,O003814,2025-04-17,2025-04-17,0,On Time
D003582,O003815,2026-02-14,2026-02-14,0,On Time
D003583,O003816,2026-04-10,2026-04-10,0,On Time
D003584,O003817,2025-06-29,2025-06-29,0,On Time
D003585,O003818,2026-03-04,2026-03-04,0,On Time
D003586,O003819,2026-05-10,2026-05-10,0,On Time
D003587,O003820,2026-01-21,2026-01-27,6,Late
D003588,O003821,2026-07-11,2026-07-11,0,On Time
D003589,O003822,2026-03-21,2026-03-21,0,On Time
D003590,O003823,2026-02-25,2026-02-25,0,On Time
D003591,O003824,2026-04-08,2026-04-07,0,On Time
D003592,O003825,2026-06-12,2026-06-12,0,On Time
D003593,O003826,2026-07-23,2026-07-27,4,Late
D003594,O003827,2025-10-05,2025-10-05,0,On Time
D003595,O003829,2026-08-18,2026-08-18,0,On Time
D003596,O003830,2026-07-12,2026-07-12,0,On Time
D003597,O003831,2026-02-25,2026-03-04,7,Late
D003598,O003832,2026-04-24,2026-04-24,0,On Time
D003599,O003833,2025-10-17,2025-10-17,0,On Time
D003600,O003834,2026-01-28,2026-01-28,0,On Time
D003601,O003835,2026-02-28,2026-02-27,0,On Time
D003602,O003836,2026-07-17,2026-07-20,3,Late
D003603,O003837,2025-09-13,2025-09-14,1,Late
D003604,O003838,2026-06-11,2026-06-16,5,Late
D003605,O003839,2026-02-04,2026-02-04,0,On Time
D003606,O003840,2026-07-13,2026-07-13,0,On Time
D003607,O003841,2026-02-19,2026-02-19,0,On Time
D003608,O003842,2026-07-19,2026-07-19,0,On Time
D003609,O003843,2025-09-08,2025-09-08,0,On Time
D003610,O003844,2026-06-25,2026-06-26,1,Late
D003611,O003845,2025-08-11,2025-08-11,0,On Time
D003612,O003846,2026-08-20,2026-08-20,0,On Time
D003613,O003847,2025-12-25,2025-12-25,0,On Time
D003614,O003848,2025-06-03,2025-06-03,0,On Time
D003615,O003849,2026-08-18,2026-08-18,0,On Time
D003616,O003850,2025-07-10,2025-07-10,0,On Time
D003617,O003852,2025-11-28,2025-11-28,0,On Time
D003618,O003854,2025-10-01,2025-10-01,0,On Time
D003619,O003855,2025-10-31,2025-10-31,0,On Time
D003620,O003856,2026-03-30,2026-03-30,0,On Time
D003621,O003857,2026-07-11,2026-07-17,6,Late
D003622,O003858,2026-08-21,2026-08-23,2,Late
D003623,O003859,2026-06-16,2026-06-16,0,On Time
D003624,O003860,2025-03-19,2025-03-19,0,On Time
D003625,O003861,2025-05-29,2025-05-29,0,On Time
D003626,O003862,2026-07-04,2026-07-04,0,On Time
D003627,O003863,2026-06-17,2026-06-17,0,On Time
D003628,O003864,2025-12-08,2025-12-08,0,On Time
D003629,O003865,2026-06-23,2026-06-23,0,On Time
D003630,O003866,2026-08-24,2026-08-24,0,On Time
D003631,O003867,2026-03-09,2026-03-08,0,On Time
D003632,O003868,2026-01-13,2026-01-13,0,On Time
D003633,O003869,2025-08-13,2025-08-13,0,On Time
D003634,O003870,2026-06-17,2026-06-17,0,On Time
D003635,O003871,2025-05-14,2025-05-14,0,On Time
D003636,O003873,2026-07-18,2026-07-21,3,Late
D003637,O003874,2026-08-02,2026-08-04,2,Late
D003638,O003876,2026-01-30,2026-01-30,0,On Time
D003639,O003877,2025-10-09,2025-10-09,0,On Time
D003640,O003878,2026-05-15,2026-05-15,0,On Time
D003641,O003879,2026-03-06,2026-03-06,0,On Time
D003642,O003880,2026-01-04,2026-01-06,2,Late
D003643,O003881,2026-01-16,2026-01-16,0,On Time
D003644,O003882,2025-06-12,2025-06-12,0,On Time
D003645,O003883,2025-08-25,2025-08-25,0,On Time
D003646,O003884,2026-07-29,2026-07-28,0,On Time
D003647,O003886,2025-06-15,2025-06-15,0,On Time
D003648,O003887,2026-03-03,2026-03-03,0,On Time
D003649,O003888,2026-01-28,2026-01-28,0,On Time
D003650,O003889,2026-08-09,2026-08-09,0,On Time
D003651,O003891,2026-07-08,2026-07-08,0,On Time
D003652,O003892,2026-05-20,2026-05-20,0,On Time
D003653,O003893,2026-05-21,2026-05-20,0,On Time
D003654,O003894,2025-02-05,2025-02-05,0,On Time
D003655,O003895,2026-01-08,2026-01-08,0,On Time
D003656,O003896,2026-02-19,2026-02-19,0,On Time
D003657,O003897,2026-08-04,2026-08-05,1,Late
D003658,O003898,2026-05-20,2026-05-19,0,On Time
D003659,O003899,2025-10-25,2025-10-25,0,On Time
D003660,O003900,2026-04-01,2026-04-01,0,On Time
D003661,O003901,2026-01-29,2026-01-29,0,On Time
D003662,O003902,2025-04-14,2025-04-14,0,On Time
D003663,O003903,2026-01-26,2026-01-26,0,On Time
D003664,O003904,2026-05-11,2026-05-11,0,On Time
D003665,O003905,2025-11-11,2025-11-11,0,On Time
D003666,O003906,2025-07-14,2025-07-14,0,On Time
D003667,O003907,2026-07-13,2026-07-14,1,Late
D003668,O003908,2026-08-18,2026-08-18,0,On Time
D003669,O003909,2026-04-07,2026-04-07,0,On Time
D003670,O003910,2025-09-29,2025-09-29,0,On Time
D003671,O003911,2026-05-18,2026-05-18,0,On Time
D003672,O003912,2026-07-15,2026-07-15,0,On Time
D003673,O003913,2026-06-18,2026-06-18,0,On Time
D003674,O003914,2026-01-25,2026-01-25,0,On Time
D003675,O003915,2026-06-18,2026-06-18,0,On Time
D003676,O003916,2025-07-04,2025-07-04,0,On Time
D003677,O003917,2025-11-03,2025-11-03,0,On Time
D003678,O003918,2026-03-13,2026-03-13,0,On Time
D003679,O003919,2026-02-17,2026-02-17,0,On Time
D003680,O003920,2026-06-01,2026-06-01,0,On Time
D003681,O003921,2026-03-13,2026-03-13,0,On Time
D003682,O003922,2025-11-30,2025-12-05,5,Late
D003683,O003923,2025-12-10,2025-12-10,0,On Time
D003684,O003924,2026-07-20,2026-07-20,0,On Time
D003685,O003925,2025-09-13,2025-09-13,0,On Time
D003686,O003926,2026-05-13,2026-05-13,0,On Time
D003687,O003927,2025-08-29,2025-08-29,0,On Time
D003688,O003930,2025-10-25,2025-10-25,0,On Time
D003689,O003931,2026-01-05,2026-01-05,0,On Time
D003690,O003932,2026-01-12,2026-01-11,0,On Time
D003691,O003933,2025-12-19,2025-12-19,0,On Time
D003692,O003934,2026-05-29,2026-05-29,0,On Time
D003693,O003935,2026-02-08,2026-02-08,0,On Time
D003694,O003936,2026-03-09,2026-03-08,0,On Time
D003695,O003937,2025-12-15,2025-12-15,0,On Time
D003696,O003938,2026-04-28,2026-04-28,0,On Time
D003697,O003939,2026-02-27,2026-02-27,0,On Time
D003698,O003940,2026-08-11,2026-08-14,3,Late
D003699,O003941,2025-03-31,2025-03-31,0,On Time
D003700,O003942,2026-03-11,2026-03-11,0,On Time
D003701,O003943,2026-07-20,2026-07-20,0,On Time
D003702,O003944,2026-02-22,2026-02-21,0,On Time
D003703,O003945,2026-04-15,2026-04-15,0,On Time
D003704,O003946,2026-06-26,2026-06-26,0,On Time
D003705,O003947,2026-03-14,2026-03-14,0,On Time
D003706,O003948,2025-12-17,2025-12-23,6,Late
D003707,O003949,2026-03-30,2026-04-06,7,Late
D003708,O003950,2026-06-19,2026-06-18,0,On Time
D003709,O003951,2025-06-27,2025-06-27,0,On Time
D003710,O003952,2025-09-07,2025-09-07,0,On Time
D003711,O003953,2025-07-15,2025-07-15,0,On Time
D003712,O003954,2025-08-23,2025-08-22,0,On Time
D003713,O003955,2025-08-12,2025-08-12,0,On Time
D003714,O003956,2025-11-27,2025-11-27,0,On Time
D003715,O003957,2026-06-17,2026-06-17,0,On Time
D003716,O003958,2026-06-10,2026-06-10,0,On Time
D003717,O003959,2025-08-19,2025-08-19,0,On Time
D003718,O003960,2026-02-03,2026-02-04,1,Late
D003719,O003961,2026-01-02,2026-01-02,0,On Time
D003720,O003962,2026-03-25,2026-03-24,0,On Time
D003721,O003963,2026-02-11,2026-02-11,0,On Time
D003722,O003964,2025-07-27,2025-07-27,0,On Time
D003723,O003965,2026-08-12,2026-08-12,0,On Time
D003724,O003966,2026-04-23,2026-04-25,2,Late
D003725,O003967,2026-05-22,2026-05-22,0,On Time
D003726,O003968,2026-03-20,2026-03-20,0,On Time
D003727,O003969,2026-05-12,2026-05-12,0,On Time
D003728,O003971,2026-08-08,2026-08-08,0,On Time
D003729,O003972,2026-07-16,2026-07-15,0,On Time
D003730,O003973,2026-06-26,2026-06-25,0,On Time
D003731,O003975,2026-06-28,2026-06-28,0,On Time
D003732,O003976,2026-06-15,2026-06-15,0,On Time
D003733,O003977,2026-07-16,2026-07-16,0,On Time
D003734,O003978,2025-11-07,2025-11-07,0,On Time
D003735,O003979,2026-02-26,2026-02-26,0,On Time
D003736,O003981,2026-07-21,2026-07-22,1,Late
D003737,O003982,2026-05-29,2026-05-28,0,On Time
D003738,O003983,2026-07-25,2026-07-31,6,Late
D003739,O003984,2026-02-23,2026-02-23,0,On Time
D003740,O003985,2025-03-19,2025-03-19,0,On Time
D003741,O003986,2026-07-03,2026-07-03,0,On Time
D003742,O003987,2025-12-15,2025-12-15,0,On Time
D003743,O003989,2026-01-29,2026-01-29,0,On Time
D003744,O003990,2026-04-22,2026-04-22,0,On Time
D003745,O003991,2026-03-09,2026-03-09,0,On Time
D003746,O003992,2026-06-07,2026-06-11,4,Late
D003747,O003993,2026-07-05,2026-07-05,0,On Time
D003748,O003994,2026-03-20,2026-03-19,0,On Time
D003749,O003995,2026-08-02,2026-08-04,2,Late
D003750,O003996,2026-08-20,2026-08-20,0,On Time
D003751,O003997,2025-09-11,2025-09-11,0,On Time
D003752,O003998,2026-08-01,2026-08-01,0,On Time
D003753,O003999,2026-04-25,2026-04-25,0,On Time
D003754,O004000,2026-06-20,2026-06-22,2,Late
D003755,O004001,2026-01-27,2026-01-27,0,On Time
D003756,O004002,2026-07-10,2026-07-10,0,On Time
D003757,O004003,2025-10-19,2025-10-21,2,Late
D003758,O004004,2026-06-13,2026-06-13,0,On Time
D003759,O004005,2026-08-01,2026-08-01,0,On Time
D003760,O004006,2026-03-09,2026-03-09,0,On Time
D003761,O004007,2026-05-21,2026-05-21,0,On Time
D003762,O004008,2026-04-26,2026-05-01,5,Late
D003763,O004009,2026-05-03,2026-05-03,0,On Time
D003764,O004010,2026-02-23,2026-02-23,0,On Time
D003765,O004011,2026-04-15,2026-04-15,0,On Time
D003766,O004012,2026-03-10,2026-03-10,0,On Time
D003767,O004014,2026-03-15,2026-03-15,0,On Time
D003768,O004015,2026-01-16,2026-01-16,0,On Time
D003769,O004016,2026-03-03,2026-03-03,0,On Time
D003770,O004017,2025-12-24,2025-12-24,0,On Time
D003771,O004018,2026-08-10,2026-08-15,5,Late
D003772,O004019,2025-07-04,2025-07-03,0,On Time
D003773,O004020,2026-03-19,2026-03-19,0,On Time
D003774,O004021,2025-07-21,2025-07-21,0,On Time
D003775,O004022,2025-10-24,2025-10-24,0,On Time
D003776,O004023,2026-02-08,2026-02-08,0,On Time
D003777,O004024,2025-10-06,2025-10-05,0,On Time
D003778,O004025,2026-08-06,2026-08-06,0,On Time
D003779,O004026,2026-07-04,2026-07-03,0,On Time
D003780,O004027,2025-12-31,2025-12-30,0,On Time
D003781,O004028,2025-11-18,2025-11-18,0,On Time
D003782,O004029,2026-01-08,2026-01-11,3,Late
D003783,O004030,2025-04-13,2025-04-13,0,On Time
D003784,O004031,2026-02-26,2026-02-26,0,On Time
D003785,O004032,2026-08-07,2026-08-07,0,On Time
D003786,O004033,2025-07-29,2025-08-03,5,Late
D003787,O004034,2026-08-14,2026-08-21,7,Late
D003788,O004035,2025-12-06,2025-12-06,0,On Time
D003789,O004037,2025-05-01,2025-05-01,0,On Time
D003790,O004038,2025-09-25,2025-09-25,0,On Time
D003791,O004039,2026-02-01,2026-02-06,5,Late
D003792,O004040,2025-06-04,2025-06-04,0,On Time
D003793,O004042,2025-09-15,2025-09-15,0,On Time
D003794,O004043,2026-07-26,2026-07-26,0,On Time
D003795,O004047,2026-03-17,2026-03-17,0,On Time
D003796,O004048,2026-02-09,2026-02-08,0,On Time
D003797,O004049,2026-03-20,2026-03-20,0,On Time
D003798,O004050,2026-08-16,2026-08-15,0,On Time
D003799,O004051,2025-07-14,2025-07-14,0,On Time
D003800,O004052,2026-07-17,2026-07-17,0,On Time
D003801,O004053,2026-01-30,2026-01-29,0,On Time
D003802,O004054,2026-05-16,2026-05-16,0,On Time
D003803,O004055,2026-08-12,2026-08-11,0,On Time
D003804,O004056,2025-03-30,2025-04-01,2,Late
D003805,O004057,2026-07-30,2026-07-30,0,On Time
D003806,O004058,2026-07-12,2026-07-12,0,On Time
D003807,O004059,2026-07-01,2026-07-01,0,On Time
D003808,O004060,2025-09-02,2025-09-02,0,On Time
D003809,O004062,2026-01-18,2026-01-18,0,On Time
D003810,O004063,2026-02-25,2026-02-25,0,On Time
D003811,O004064,2026-06-01,2026-06-01,0,On Time
D003812,O004065,2026-07-08,2026-07-08,0,On Time
D003813,O004066,2025-12-05,2025-12-05,0,On Time
D003814,O004067,2026-06-02,2026-06-05,3,Late
D003815,O004068,2026-03-02,2026-03-02,0,On Time
D003816,O004070,2025-09-02,2025-09-02,0,On Time
D003817,O004071,2026-07-17,2026-07-17,0,On Time
D003818,O004072,2026-01-26,2026-01-26,0,On Time
D003819,O004073,2025-03-06,2025-03-07,1,Late
D003820,O004074,2026-08-10,2026-08-14,4,Late
D003821,O004075,2026-01-22,2026-01-22,0,On Time
D003822,O004076,2026-07-17,2026-07-17,0,On Time
D003823,O004077,2026-07-30,2026-07-30,0,On Time
D003824,O004078,2025-09-22,2025-09-27,5,Late
D003825,O004079,2026-05-25,2026-05-24,0,On Time
D003826,O004080,2026-03-06,2026-03-05,0,On Time
D003827,O004081,2025-12-16,2025-12-16,0,On Time
D003828,O004082,2026-07-30,2026-07-30,0,On Time
D003829,O004083,2026-06-01,2026-05-31,0,On Time
D003830,O004084,2026-08-03,2026-08-10,7,Late
D003831,O004085,2025-09-29,2025-09-29,0,On Time
D003832,O004086,2025-11-06,2025-11-06,0,On Time
D003833,O004087,2025-06-22,2025-06-21,0,On Time
D003834,O004088,2025-11-18,2025-11-18,0,On Time
D003835,O004089,2025-11-16,2025-11-15,0,On Time
D003836,O004091,2026-07-31,2026-07-31,0,On Time
D003837,O004093,2026-06-29,2026-07-01,2,Late
D003838,O004094,2026-04-19,2026-04-19,0,On Time
D003839,O004095,2026-07-20,2026-07-20,0,On Time
D003840,O004096,2026-06-05,2026-06-05,0,On Time
D003841,O004097,2025-11-26,2025-11-26,0,On Time
D003842,O004098,2026-08-14,2026-08-13,0,On Time
D003843,O004099,2026-03-13,2026-03-13,0,On Time
D003844,O004100,2026-06-15,2026-06-15,0,On Time
D003845,O004101,2026-08-15,2026-08-14,0,On Time
D003846,O004102,2026-06-12,2026-06-12,0,On Time
D003847,O004103,2026-08-04,2026-08-04,0,On Time
D003848,O004104,2026-03-25,2026-03-25,0,On Time
D003849,O004105,2026-04-10,2026-04-13,3,Late
D003850,O004106,2026-02-03,2026-02-09,6,Late
D003851,O004109,2026-04-27,2026-04-27,0,On Time
D003852,O004110,2026-04-27,2026-04-27,0,On Time
D003853,O004111,2026-05-28,2026-05-27,0,On Time
D003854,O004112,2026-07-11,2026-07-10,0,On Time
D003855,O004113,2026-06-10,2026-06-10,0,On Time
D003856,O004114,2026-07-10,2026-07-09,0,On Time
D003857,O004115,2025-08-21,2025-08-21,0,On Time
D003858,O004116,2026-07-31,2026-07-31,0,On Time
D003859,O004117,2026-02-21,2026-02-21,0,On Time
D003860,O004118,2026-04-21,2026-04-21,0,On Time
D003861,O004119,2026-02-10,2026-02-10,0,On Time
D003862,O004120,2026-05-28,2026-05-31,3,Late
D003863,O004121,2026-04-20,2026-04-20,0,On Time
D003864,O004122,2025-11-29,2025-11-29,0,On Time
D003865,O004123,2025-12-31,2025-12-31,0,On Time
D003866,O004124,2026-05-25,2026-05-25,0,On Time
D003867,O004125,2025-12-25,2025-12-25,0,On Time
D003868,O004126,2026-07-26,2026-07-26,0,On Time
D003869,O004127,2026-02-28,2026-02-28,0,On Time
D003870,O004128,2026-06-24,2026-06-24,0,On Time
D003871,O004129,2026-02-10,2026-02-13,3,Late
D003872,O004130,2025-11-29,2025-11-29,0,On Time
D003873,O004131,2026-08-22,2026-08-25,3,Late
D003874,O004132,2026-02-04,2026-02-03,0,On Time
D003875,O004133,2026-03-10,2026-03-10,0,On Time
D003876,O004134,2025-11-01,2025-11-01,0,On Time
D003877,O004135,2026-05-20,2026-05-22,2,Late
D003878,O004136,2025-12-02,2025-12-01,0,On Time
D003879,O004137,2026-06-26,2026-06-26,0,On Time
D003880,O004138,2026-08-18,2026-08-18,0,On Time
D003881,O004139,2025-12-21,2025-12-21,0,On Time
D003882,O004140,2026-08-18,2026-08-18,0,On Time
D003883,O004141,2026-05-12,2026-05-12,0,On Time
D003884,O004142,2025-09-17,2025-09-17,0,On Time
D003885,O004143,2026-01-03,2026-01-03,0,On Time
D003886,O004144,2026-06-07,2026-06-07,0,On Time
D003887,O004145,2026-08-07,2026-08-06,0,On Time
D003888,O004146,2025-07-13,2025-07-13,0,On Time
D003889,O004147,2025-06-09,2025-06-12,3,Late
D003890,O004148,2026-05-03,2026-05-07,4,Late
D003891,O004149,2026-08-24,2026-08-23,0,On Time
D003892,O004150,2026-06-21,2026-06-21,0,On Time
D003893,O004151,2025-07-20,2025-07-27,7,Late
D003894,O004152,2025-12-09,2025-12-09,0,On Time
D003895,O004153,2026-07-21,2026-07-26,5,Late
D003896,O004154,2025-11-17,2025-11-17,0,On Time
D003897,O004155,2025-03-21,2025-03-21,0,On Time
D003898,O004156,2025-03-01,2025-03-03,2,Late
D003899,O004157,2025-11-25,2025-12-01,6,Late
D003900,O004158,2026-07-16,2026-07-16,0,On Time
D003901,O004159,2026-04-13,2026-04-16,3,Late
D003902,O004160,2026-01-19,2026-01-19,0,On Time
D003903,O004161,2026-07-08,2026-07-15,7,Late
D003904,O004162,2026-05-18,2026-05-22,4,Late
D003905,O004163,2025-06-19,2025-06-19,0,On Time
D003906,O004165,2026-07-30,2026-07-30,0,On Time
D003907,O004166,2026-04-01,2026-04-01,0,On Time
D003908,O004167,2025-05-15,2025-05-15,0,On Time
D003909,O004168,2026-07-06,2026-07-12,6,Late
D003910,O004169,2025-05-15,2025-05-15,0,On Time
D003911,O004170,2025-07-03,2025-07-03,0,On Time
D003912,O004171,2025-12-24,2025-12-24,0,On Time
D003913,O004172,2025-02-25,2025-03-03,6,Late
D003914,O004173,2026-04-20,2026-04-19,0,On Time
D003915,O004174,2025-12-02,2025-12-05,3,Late
D003916,O004176,2026-02-24,2026-02-24,0,On Time
D003917,O004177,2025-11-17,2025-11-17,0,On Time
D003918,O004178,2026-07-08,2026-07-08,0,On Time
D003919,O004179,2026-06-24,2026-06-29,5,Late
D003920,O004180,2026-04-11,2026-04-11,0,On Time
D003921,O004181,2026-05-04,2026-05-11,7,Late
D003922,O004182,2025-07-23,2025-07-23,0,On Time
D003923,O004183,2026-07-05,2026-07-11,6,Late
D003924,O004185,2026-08-24,2026-08-23,0,On Time
D003925,O004186,2026-07-27,2026-08-02,6,Late
D003926,O004187,2026-04-14,2026-04-14,0,On Time
D003927,O004188,2026-06-30,2026-07-01,1,Late
D003928,O004189,2026-03-11,2026-03-11,0,On Time
D003929,O004190,2026-06-01,2026-06-04,3,Late
D003930,O004191,2026-08-06,2026-08-06,0,On Time
D003931,O004192,2026-07-19,2026-07-18,0,On Time
D003932,O004193,2026-02-26,2026-02-26,0,On Time
D003933,O004194,2025-10-23,2025-10-23,0,On Time
D003934,O004195,2026-08-09,2026-08-09,0,On Time
D003935,O004196,2026-02-12,2026-02-12,0,On Time
D003936,O004197,2026-04-15,2026-04-14,0,On Time
D003937,O004198,2026-01-08,2026-01-08,0,On Time
D003938,O004199,2026-04-09,2026-04-08,0,On Time
D003939,O004200,2025-11-15,2025-11-15,0,On Time
D003940,O004201,2025-12-21,2025-12-21,0,On Time
D003941,O004202,2025-11-14,2025-11-14,0,On Time
D003942,O004203,2025-11-19,2025-11-19,0,On Time
D003943,O004204,2026-08-19,2026-08-19,0,On Time
D003944,O004205,2026-01-15,2026-01-16,1,Late
D003945,O004207,2026-04-22,2026-04-22,0,On Time
D003946,O004208,2026-08-20,2026-08-20,0,On Time
D003947,O004209,2025-11-16,2025-11-16,0,On Time
D003948,O004210,2025-08-23,2025-08-23,0,On Time
D003949,O004211,2025-11-12,2025-11-11,0,On Time
D003950,O004212,2026-07-20,2026-07-20,0,On Time
D003951,O004213,2026-08-02,2026-08-02,0,On Time
D003952,O004214,2026-01-28,2026-01-28,0,On Time
D003953,O004215,2025-10-19,2025-10-19,0,On Time
D003954,O004216,2025-11-21,2025-11-22,1,Late
D003955,O004218,2026-03-24,2026-03-23,0,On Time
D003956,O004220,2026-06-17,2026-06-17,0,On Time
D003957,O004221,2025-04-22,2025-04-22,0,On Time
D003958,O004222,2026-07-25,2026-07-25,0,On Time
D003959,O004223,2026-06-10,2026-06-10,0,On Time
D003960,O004224,2025-05-17,2025-05-17,0,On Time
D003961,O004225,2025-12-11,2025-12-11,0,On Time
D003962,O004226,2025-10-16,2025-10-19,3,Late
D003963,O004228,2025-10-26,2025-10-26,0,On Time
D003964,O004229,2026-04-26,2026-04-26,0,On Time
D003965,O004230,2025-09-13,2025-09-13,0,On Time
D003966,O004231,2026-05-22,2026-05-22,0,On Time
D003967,O004232,2025-09-16,2025-09-21,5,Late
D003968,O004233,2026-02-18,2026-02-17,0,On Time
D003969,O004234,2025-08-07,2025-08-07,0,On Time
D003970,O004235,2026-05-23,2026-05-23,0,On Time
D003971,O004236,2026-01-22,2026-01-22,0,On Time
D003972,O004237,2026-03-08,2026-03-12,4,Late
D003973,O004238,2025-07-01,2025-06-30,0,On Time
D003974,O004239,2025-09-22,2025-09-22,0,On Time
D003975,O004240,2025-08-08,2025-08-08,0,On Time
D003976,O004241,2026-03-15,2026-03-16,1,Late
D003977,O004242,2026-04-04,2026-04-03,0,On Time
D003978,O004243,2025-12-09,2025-12-09,0,On Time
D003979,O004245,2026-08-03,2026-08-05,2,Late
D003980,O004246,2026-02-27,2026-02-27,0,On Time
D003981,O004247,2026-03-10,2026-03-10,0,On Time
D003982,O004248,2026-04-13,2026-04-13,0,On Time
D003983,O004249,2025-12-21,2025-12-20,0,On Time
D003984,O004250,2026-03-13,2026-03-13,0,On Time
D003985,O004251,2026-04-17,2026-04-17,0,On Time
D003986,O004252,2026-07-29,2026-07-29,0,On Time
D003987,O004253,2025-04-15,2025-04-15,0,On Time
D003988,O004254,2026-01-14,2026-01-14,0,On Time
D003989,O004255,2026-04-17,2026-04-16,0,On Time
D003990,O004256,2026-07-21,2026-07-21,0,On Time
D003991,O004257,2026-06-12,2026-06-11,0,On Time
D003992,O004258,2026-06-12,2026-06-12,0,On Time
D003993,O004259,2026-03-19,2026-03-22,3,Late
D003994,O004260,2025-11-28,2025-11-28,0,On Time
D003995,O004261,2025-05-27,2025-05-27,0,On Time
D003996,O004262,2026-01-19,2026-01-19,0,On Time
D003997,O004263,2026-06-29,2026-06-29,0,On Time
D003998,O004264,2026-02-05,2026-02-05,0,On Time
D003999,O004265,2026-04-13,2026-04-12,0,On Time
D004000,O004266,2025-12-13,2025-12-13,0,On Time
D004001,O004267,2026-07-24,2026-07-24,0,On Time
D004002,O004268,2026-01-29,2026-01-29,0,On Time
D004003,O004269,2026-04-25,2026-04-24,0,On Time
D004004,O004270,2026-05-31,2026-05-31,0,On Time
D004005,O004271,2025-11-29,2025-11-28,0,On Time
D004006,O004272,2026-02-04,2026-02-04,0,On Time
D004007,O004273,2026-03-27,2026-03-27,0,On Time
D004008,O004274,2025-06-24,2025-06-24,0,On Time
D004009,O004275,2026-02-06,2026-02-06,0,On Time
D004010,O004276,2026-07-16,2026-07-16,0,On Time
D004011,O004277,2026-04-11,2026-04-10,0,On Time
D004012,O004278,2025-02-20,2025-02-20,0,On Time
D004013,O004279,2025-05-23,2025-05-22,0,On Time
D004014,O004280,2025-05-16,2025-05-16,0,On Time
D004015,O004281,2026-01-30,2026-01-30,0,On Time
D004016,O004282,2025-09-28,2025-10-03,5,Late
D004017,O004283,2026-06-11,2026-06-16,5,Late
D004018,O004284,2026-05-18,2026-05-17,0,On Time
D004019,O004285,2025-05-05,2025-05-05,0,On Time
D004020,O004286,2025-04-19,2025-04-19,0,On Time
D004021,O004287,2026-06-06,2026-06-06,0,On Time
D004022,O004289,2025-12-09,2025-12-09,0,On Time
D004023,O004291,2026-03-11,2026-03-17,6,Late
D004024,O004292,2025-08-31,2025-08-31,0,On Time
D004025,O004293,2026-03-30,2026-03-30,0,On Time
D004026,O004294,2025-06-15,2025-06-15,0,On Time
D004027,O004296,2026-03-14,2026-03-21,7,Late
D004028,O004297,2026-03-25,2026-03-25,0,On Time
D004029,O004298,2025-10-22,2025-10-21,0,On Time
D004030,O004299,2025-05-15,2025-05-15,0,On Time
D004031,O004300,2026-05-13,2026-05-19,6,Late
D004032,O004301,2026-02-07,2026-02-07,0,On Time
D004033,O004302,2026-07-06,2026-07-05,0,On Time
D004034,O004303,2026-07-04,2026-07-04,0,On Time
D004035,O004304,2026-05-30,2026-05-30,0,On Time
D004036,O004305,2026-01-03,2026-01-09,6,Late
D004037,O004306,2025-12-16,2025-12-16,0,On Time
D004038,O004307,2025-06-23,2025-06-29,6,Late
D004039,O004308,2025-10-08,2025-10-09,1,Late
D004040,O004309,2026-04-22,2026-04-28,6,Late
D004041,O004310,2025-12-27,2025-12-27,0,On Time
D004042,O004311,2025-09-25,2025-09-25,0,On Time
D004043,O004312,2026-07-19,2026-07-19,0,On Time
D004044,O004313,2026-06-22,2026-06-21,0,On Time
D004045,O004314,2026-06-19,2026-06-19,0,On Time
D004046,O004315,2026-03-28,2026-03-28,0,On Time
D004047,O004316,2025-07-13,2025-07-13,0,On Time
D004048,O004317,2026-03-30,2026-03-29,0,On Time
D004049,O004318,2025-12-28,2026-01-03,6,Late
D004050,O004319,2025-11-14,2025-11-14,0,On Time
D004051,O004320,2026-08-21,2026-08-21,0,On Time
D004052,O004321,2026-05-31,2026-05-31,0,On Time
D004053,O004322,2026-02-07,2026-02-07,0,On Time
D004054,O004324,2026-04-06,2026-04-06,0,On Time
D004055,O004325,2025-10-18,2025-10-20,2,Late
D004056,O004326,2026-07-04,2026-07-04,0,On Time
D004057,O004327,2026-01-02,2026-01-02,0,On Time
D004058,O004328,2025-06-03,2025-06-03,0,On Time
D004059,O004329,2025-10-25,2025-10-25,0,On Time
D004060,O004330,2025-12-22,2025-12-22,0,On Time
D004061,O004331,2025-12-27,2025-12-27,0,On Time
D004062,O004332,2026-04-30,2026-04-30,0,On Time
D004063,O004333,2025-12-01,2025-12-01,0,On Time
D004064,O004334,2026-06-09,2026-06-09,0,On Time
D004065,O004336,2025-08-17,2025-08-17,0,On Time
D004066,O004337,2026-08-17,2026-08-17,0,On Time
D004067,O004338,2026-04-02,2026-04-01,0,On Time
D004068,O004339,2025-10-04,2025-10-11,7,Late
D004069,O004340,2026-01-23,2026-01-23,0,On Time
D004070,O004341,2025-11-27,2025-11-27,0,On Time
D004071,O004342,2026-03-06,2026-03-06,0,On Time
D004072,O004343,2026-03-09,2026-03-16,7,Late
D004073,O004344,2026-07-20,2026-07-20,0,On Time
D004074,O004346,2026-05-27,2026-05-26,0,On Time
D004075,O004347,2026-07-29,2026-07-29,0,On Time
D004076,O004348,2026-01-29,2026-01-29,0,On Time
D004077,O004349,2026-08-02,2026-08-02,0,On Time
D004078,O004350,2026-07-18,2026-07-18,0,On Time
D004079,O004351,2026-05-19,2026-05-19,0,On Time
D004080,O004352,2026-06-12,2026-06-19,7,Late
D004081,O004353,2026-01-03,2026-01-03,0,On Time
D004082,O004354,2026-02-27,2026-03-02,3,Late
D004083,O004355,2025-10-28,2025-10-29,1,Late
D004084,O004356,2026-01-27,2026-01-27,0,On Time
D004085,O004357,2026-06-12,2026-06-12,0,On Time
D004086,O004358,2025-12-16,2025-12-16,0,On Time
D004087,O004359,2025-10-31,2025-11-04,4,Late
D004088,O004360,2026-08-12,2026-08-12,0,On Time
D004089,O004361,2026-03-31,2026-03-31,0,On Time
D004090,O004362,2026-07-01,2026-07-02,1,Late
D004091,O004364,2026-05-17,2026-05-21,4,Late
D004092,O004365,2025-05-04,2025-05-04,0,On Time
D004093,O004367,2025-01-30,2025-01-29,0,On Time
D004094,O004368,2026-04-05,2026-04-04,0,On Time
D004095,O004369,2026-08-03,2026-08-03,0,On Time
D004096,O004370,2026-02-06,2026-02-06,0,On Time
D004097,O004371,2025-06-24,2025-06-24,0,On Time
D004098,O004372,2026-08-18,2026-08-22,4,Late
D004099,O004374,2026-04-09,2026-04-13,4,Late
D004100,O004375,2025-11-19,2025-11-19,0,On Time
D004101,O004376,2026-06-04,2026-06-04,0,On Time
D004102,O004377,2026-04-16,2026-04-15,0,On Time
D004103,O004378,2026-02-22,2026-02-27,5,Late
D004104,O004379,2026-03-26,2026-03-26,0,On Time
D004105,O004381,2025-07-12,2025-07-11,0,On Time
D004106,O004382,2025-12-04,2025-12-04,0,On Time
D004107,O004383,2026-08-13,2026-08-13,0,On Time
D004108,O004384,2026-03-15,2026-03-15,0,On Time
D004109,O004385,2026-01-16,2026-01-16,0,On Time
D004110,O004386,2026-02-22,2026-02-22,0,On Time
D004111,O004388,2026-04-16,2026-04-17,1,Late
D004112,O004389,2026-05-04,2026-05-04,0,On Time
D004113,O004390,2026-07-08,2026-07-08,0,On Time
D004114,O004391,2025-12-03,2025-12-03,0,On Time
D004115,O004392,2025-09-03,2025-09-02,0,On Time
D004116,O004393,2025-09-08,2025-09-08,0,On Time
D004117,O004394,2026-02-03,2026-02-03,0,On Time
D004118,O004395,2026-04-03,2026-04-03,0,On Time
D004119,O004396,2026-04-15,2026-04-15,0,On Time
D004120,O004397,2026-01-20,2026-01-20,0,On Time
D004121,O004398,2026-02-10,2026-02-10,0,On Time
D004122,O004399,2025-09-20,2025-09-20,0,On Time
D004123,O004400,2026-01-21,2026-01-21,0,On Time
D004124,O004401,2026-06-07,2026-06-08,1,Late
D004125,O004402,2025-05-11,2025-05-12,1,Late
D004126,O004403,2025-11-23,2025-11-23,0,On Time
D004127,O004404,2025-11-03,2025-11-02,0,On Time
D004128,O004406,2025-08-21,2025-08-21,0,On Time
D004129,O004407,2026-08-23,2026-08-24,1,Late
D004130,O004408,2026-03-26,2026-03-26,0,On Time
D004131,O004409,2026-04-09,2026-04-09,0,On Time
D004132,O004410,2026-04-19,2026-04-19,0,On Time
D004133,O004411,2025-10-25,2025-10-25,0,On Time
D004134,O004412,2026-02-19,2026-02-19,0,On Time
D004135,O004413,2025-10-15,2025-10-15,0,On Time
D004136,O004414,2026-04-11,2026-04-16,5,Late
D004137,O004415,2026-04-01,2026-04-01,0,On Time
D004138,O004416,2026-07-08,2026-07-07,0,On Time
D004139,O004417,2026-03-31,2026-03-31,0,On Time
D004140,O004418,2026-05-01,2026-05-01,0,On Time
D004141,O004419,2026-01-25,2026-01-26,1,Late
D004142,O004420,2026-04-25,2026-04-30,5,Late
D004143,O004421,2026-04-11,2026-04-15,4,Late
D004144,O004422,2026-04-01,2026-04-05,4,Late
D004145,O004423,2026-07-06,2026-07-06,0,On Time
D004146,O004424,2026-04-28,2026-04-28,0,On Time
D004147,O004425,2026-01-15,2026-01-15,0,On Time
D004148,O004426,2025-11-19,2025-11-19,0,On Time
D004149,O004427,2025-06-24,2025-06-30,6,Late
D004150,O004428,2026-04-30,2026-04-30,0,On Time
D004151,O004429,2026-05-28,2026-05-28,0,On Time
D004152,O004430,2025-11-30,2025-11-29,0,On Time
D004153,O004431,2026-03-20,2026-03-20,0,On Time
D004154,O004432,2026-02-12,2026-02-12,0,On Time
D004155,O004433,2026-06-09,2026-06-09,0,On Time
D004156,O004434,2025-10-19,2025-10-22,3,Late
D004157,O004435,2025-04-24,2025-04-24,0,On Time
D004158,O004436,2026-01-06,2026-01-06,0,On Time
D004159,O004437,2026-07-11,2026-07-11,0,On Time
D004160,O004438,2026-01-16,2026-01-16,0,On Time
D004161,O004439,2025-05-08,2025-05-13,5,Late
D004162,O004440,2025-09-10,2025-09-10,0,On Time
D004163,O004441,2025-12-27,2025-12-27,0,On Time
D004164,O004442,2025-07-04,2025-07-04,0,On Time
D004165,O004443,2026-08-01,2026-08-01,0,On Time
D004166,O004444,2026-07-28,2026-07-28,0,On Time
D004167,O004446,2026-07-22,2026-07-25,3,Late
D004168,O004447,2026-05-29,2026-05-29,0,On Time
D004169,O004448,2026-05-27,2026-05-26,0,On Time
D004170,O004449,2026-07-05,2026-07-05,0,On Time
D004171,O004450,2026-04-27,2026-04-27,0,On Time
D004172,O004451,2025-04-17,2025-04-17,0,On Time
D004173,O004452,2025-10-30,2025-10-30,0,On Time
D004174,O004453,2026-03-18,2026-03-18,0,On Time
D004175,O004454,2025-06-08,2025-06-07,0,On Time
D004176,O004455,2025-06-25,2025-06-25,0,On Time
D004177,O004456,2025-06-29,2025-06-29,0,On Time
D004178,O004457,2026-02-01,2026-02-01,0,On Time
D004179,O004458,2025-11-28,2025-11-28,0,On Time
D004180,O004459,2026-07-20,2026-07-20,0,On Time
D004181,O004460,2025-11-06,2025-11-06,0,On Time
D004182,O004461,2025-12-06,2025-12-06,0,On Time
D004183,O004462,2025-10-01,2025-10-01,0,On Time
D004184,O004463,2026-07-16,2026-07-15,0,On Time
D004185,O004464,2026-05-14,2026-05-14,0,On Time
D004186,O004465,2026-01-25,2026-01-25,0,On Time
D004187,O004466,2026-03-24,2026-03-24,0,On Time
D004188,O004467,2026-01-09,2026-01-09,0,On Time
D004189,O004468,2025-12-22,2025-12-22,0,On Time
D004190,O004469,2026-06-17,2026-06-18,1,Late
D004191,O004470,2026-04-06,2026-04-06,0,On Time
D004192,O004471,2026-03-01,2026-03-08,7,Late
D004193,O004472,2026-07-30,2026-07-30,0,On Time
D004194,O004473,2026-07-10,2026-07-11,1,Late
D004195,O004474,2025-06-18,2025-06-17,0,On Time
D004196,O004475,2026-07-14,2026-07-14,0,On Time
D004197,O004476,2025-09-26,2025-09-26,0,On Time
D004198,O004477,2026-07-09,2026-07-09,0,On Time
D004199,O004478,2026-08-15,2026-08-15,0,On Time
D004200,O004479,2026-05-26,2026-05-26,0,On Time
D004201,O004480,2026-07-22,2026-07-21,0,On Time
D004202,O004481,2025-09-02,2025-09-06,4,Late
D004203,O004482,2026-06-04,2026-06-04,0,On Time
D004204,O004483,2026-08-22,2026-08-22,0,On Time
D004205,O004484,2026-05-07,2026-05-12,5,Late
D004206,O004485,2026-06-23,2026-06-30,7,Late
D004207,O004486,2026-07-30,2026-07-30,0,On Time
D004208,O004487,2026-04-01,2026-04-01,0,On Time
D004209,O004488,2026-07-15,2026-07-18,3,Late
D004210,O004489,2026-06-03,2026-06-03,0,On Time
D004211,O004490,2026-06-09,2026-06-09,0,On Time
D004212,O004491,2026-07-02,2026-07-02,0,On Time
D004213,O004492,2025-09-27,2025-09-27,0,On Time
D004214,O004493,2025-12-28,2025-12-28,0,On Time
D004215,O004494,2026-05-23,2026-05-23,0,On Time
D004216,O004495,2026-06-07,2026-06-07,0,On Time
D004217,O004496,2026-08-04,2026-08-04,0,On Time
D004218,O004497,2026-06-20,2026-06-20,0,On Time
D004219,O004498,2026-06-12,2026-06-12,0,On Time
D004220,O004499,2025-08-31,2025-08-30,0,On Time
D004221,O004500,2026-03-30,2026-03-30,0,On Time
D004222,O004501,2026-06-22,2026-06-22,0,On Time
D004223,O004502,2026-06-26,2026-06-26,0,On Time
D004224,O004504,2026-07-16,2026-07-19,3,Late
D004225,O004505,2026-01-26,2026-01-29,3,Late
D004226,O004506,2025-05-19,2025-05-21,2,Late
D004227,O004507,2025-12-16,2025-12-16,0,On Time
D004228,O004508,2026-01-20,2026-01-20,0,On Time
D004229,O004509,2026-05-07,2026-05-07,0,On Time
D004230,O004510,2025-07-23,2025-07-28,5,Late
D004231,O004511,2025-12-14,2025-12-16,2,Late
D004232,O004512,2026-07-09,2026-07-08,0,On Time
D004233,O004513,2026-01-04,2026-01-09,5,Late
D004234,O004514,2026-04-06,2026-04-06,0,On Time
D004235,O004515,2025-05-06,2025-05-11,5,Late
D004236,O004516,2026-06-14,2026-06-14,0,On Time
D004237,O004517,2026-02-08,2026-02-08,0,On Time
D004238,O004518,2026-01-22,2026-01-21,0,On Time
D004239,O004519,2026-08-09,2026-08-09,0,On Time
D004240,O004520,2025-12-26,2025-12-26,0,On Time
D004241,O004522,2025-12-21,2025-12-21,0,On Time
D004242,O004523,2026-07-29,2026-07-29,0,On Time
D004243,O004524,2025-09-24,2025-09-23,0,On Time
D004244,O004525,2025-07-12,2025-07-12,0,On Time
D004245,O004526,2025-06-18,2025-06-22,4,Late
D004246,O004527,2026-04-05,2026-04-05,0,On Time
D004247,O004528,2025-03-07,2025-03-07,0,On Time
D004248,O004529,2026-05-23,2026-05-23,0,On Time
D004249,O004530,2025-12-05,2025-12-05,0,On Time
D004250,O004531,2026-03-15,2026-03-17,2,Late
D004251,O004532,2026-05-15,2026-05-19,4,Late
D004252,O004533,2026-02-25,2026-02-25,0,On Time
D004253,O004534,2025-09-17,2025-09-17,0,On Time
D004254,O004535,2026-03-30,2026-03-30,0,On Time
D004255,O004536,2026-01-26,2026-01-26,0,On Time
D004256,O004537,2026-03-01,2026-03-01,0,On Time
D004257,O004538,2026-01-11,2026-01-11,0,On Time
D004258,O004539,2026-08-05,2026-08-05,0,On Time
D004259,O004540,2025-09-16,2025-09-16,0,On Time
D004260,O004541,2025-04-28,2025-04-28,0,On Time
D004261,O004542,2025-08-26,2025-08-26,0,On Time
D004262,O004543,2025-11-17,2025-11-22,5,Late
D004263,O004544,2025-09-24,2025-09-23,0,On Time
D004264,O004545,2026-01-15,2026-01-15,0,On Time
D004265,O004546,2025-10-10,2025-10-09,0,On Time
D004266,O004547,2025-06-28,2025-06-28,0,On Time
D004267,O004549,2026-06-10,2026-06-10,0,On Time
D004268,O004550,2025-12-16,2025-12-16,0,On Time
D004269,O004552,2026-04-13,2026-04-13,0,On Time
D004270,O004553,2026-08-07,2026-08-09,2,Late
D004271,O004554,2026-02-10,2026-02-17,7,Late
D004272,O004555,2026-06-25,2026-06-25,0,On Time
D004273,O004556,2025-05-16,2025-05-16,0,On Time
D004274,O004557,2026-06-22,2026-06-21,0,On Time
D004275,O004558,2026-06-17,2026-06-23,6,Late
D004276,O004559,2025-11-14,2025-11-14,0,On Time
D004277,O004560,2025-08-22,2025-08-27,5,Late
D004278,O004562,2025-11-24,2025-11-25,1,Late
D004279,O004563,2025-07-18,2025-07-18,0,On Time
D004280,O004564,2026-07-01,2026-07-01,0,On Time
D004281,O004565,2025-08-07,2025-08-07,0,On Time
D004282,O004567,2026-01-27,2026-01-27,0,On Time
D004283,O004568,2026-05-13,2026-05-13,0,On Time
D004284,O004569,2025-04-14,2025-04-14,0,On Time
D004285,O004570,2025-12-27,2025-12-27,0,On Time
D004286,O004571,2026-01-02,2026-01-02,0,On Time
D004287,O004573,2026-04-23,2026-04-26,3,Late
D004288,O004574,2026-05-10,2026-05-09,0,On Time
D004289,O004576,2026-03-20,2026-03-22,2,Late
D004290,O004577,2025-09-17,2025-09-16,0,On Time
D004291,O004578,2026-08-16,2026-08-21,5,Late
D004292,O004579,2026-01-14,2026-01-14,0,On Time
D004293,O004580,2026-07-12,2026-07-12,0,On Time
D004294,O004581,2026-03-22,2026-03-22,0,On Time
D004295,O004582,2026-06-02,2026-06-02,0,On Time
D004296,O004583,2026-07-17,2026-07-24,7,Late
D004297,O004584,2026-07-31,2026-07-31,0,On Time
D004298,O004585,2026-04-27,2026-05-01,4,Late
D004299,O004586,2025-06-18,2025-06-18,0,On Time
D004300,O004587,2026-02-28,2026-02-28,0,On Time
D004301,O004588,2026-07-21,2026-07-20,0,On Time
D004302,O004589,2026-03-15,2026-03-15,0,On Time
D004303,O004590,2026-02-06,2026-02-06,0,On Time
D004304,O004591,2025-09-02,2025-09-02,0,On Time
D004305,O004592,2026-01-24,2026-01-24,0,On Time
D004306,O004593,2026-04-15,2026-04-14,0,On Time
D004307,O004594,2026-03-24,2026-03-24,0,On Time
D004308,O004595,2026-05-16,2026-05-16,0,On Time
D004309,O004596,2026-03-19,2026-03-26,7,Late
D004310,O004597,2026-08-19,2026-08-19,0,On Time
D004311,O004598,2026-07-18,2026-07-18,0,On Time
D004312,O004599,2026-04-18,2026-04-18,0,On Time
D004313,O004600,2026-08-14,2026-08-14,0,On Time
D004314,O004602,2026-05-17,2026-05-17,0,On Time
D004315,O004603,2026-03-06,2026-03-06,0,On Time
D004316,O004604,2025-05-27,2025-05-27,0,On Time
D004317,O004605,2026-05-29,2026-05-29,0,On Time
D004318,O004606,2026-01-22,2026-01-22,0,On Time
D004319,O004607,2026-06-23,2026-06-24,1,Late
D004320,O004608,2025-02-13,2025-02-13,0,On Time
D004321,O004609,2026-01-15,2026-01-15,0,On Time
D004322,O004610,2026-01-29,2026-01-31,2,Late
D004323,O004611,2025-07-04,2025-07-10,6,Late
D004324,O004612,2026-04-11,2026-04-11,0,On Time
D004325,O004613,2026-05-18,2026-05-18,0,On Time
D004326,O004614,2025-07-22,2025-07-29,7,Late
D004327,O004615,2026-04-26,2026-04-26,0,On Time
D004328,O004616,2026-05-14,2026-05-17,3,Late
D004329,O004617,2025-03-23,2025-03-23,0,On Time
D004330,O004618,2026-06-27,2026-06-27,0,On Time
D004331,O004619,2026-08-22,2026-08-22,0,On Time
D004332,O004620,2026-04-08,2026-04-08,0,On Time
D004333,O004621,2026-07-12,2026-07-12,0,On Time
D004334,O004622,2026-07-02,2026-07-02,0,On Time
D004335,O004623,2025-10-15,2025-10-21,6,Late
D004336,O004624,2025-05-02,2025-05-02,0,On Time
D004337,O004626,2026-03-05,2026-03-05,0,On Time
D004338,O004628,2026-06-21,2026-06-20,0,On Time
D004339,O004629,2026-08-14,2026-08-14,0,On Time
D004340,O004630,2025-07-07,2025-07-07,0,On Time
D004341,O004631,2026-06-27,2026-06-27,0,On Time
D004342,O004633,2026-04-20,2026-04-19,0,On Time
D004343,O004634,2025-09-25,2025-09-25,0,On Time
D004344,O004635,2026-07-29,2026-07-29,0,On Time
D004345,O004636,2025-09-12,2025-09-12,0,On Time
D004346,O004637,2026-03-27,2026-03-27,0,On Time
D004347,O004638,2026-03-13,2026-03-13,0,On Time
D004348,O004639,2025-03-27,2025-03-27,0,On Time
D004349,O004640,2025-05-06,2025-05-06,0,On Time
D004350,O004641,2026-08-18,2026-08-18,0,On Time
D004351,O004642,2026-06-03,2026-06-03,0,On Time
D004352,O004643,2026-02-14,2026-02-17,3,Late
D004353,O004644,2025-08-21,2025-08-21,0,On Time
D004354,O004645,2026-04-06,2026-04-06,0,On Time
D004355,O004646,2025-06-13,2025-06-13,0,On Time
D004356,O004647,2025-08-16,2025-08-16,0,On Time
D004357,O004648,2025-05-16,2025-05-15,0,On Time
D004358,O004649,2025-07-23,2025-07-23,0,On Time
D004359,O004651,2026-07-09,2026-07-09,0,On Time
D004360,O004652,2025-09-15,2025-09-14,0,On Time
D004361,O004653,2026-02-03,2026-02-03,0,On Time
D004362,O004654,2026-03-30,2026-03-29,0,On Time
D004363,O004655,2026-07-02,2026-07-02,0,On Time
D004364,O004656,2026-03-05,2026-03-09,4,Late
D004365,O004658,2026-07-11,2026-07-11,0,On Time
D004366,O004659,2025-05-22,2025-05-22,0,On Time
D004367,O004660,2025-10-30,2025-10-30,0,On Time
D004368,O004661,2025-12-13,2025-12-13,0,On Time
D004369,O004662,2026-04-24,2026-04-24,0,On Time
D004370,O004663,2026-05-28,2026-05-28,0,On Time
D004371,O004664,2026-04-21,2026-04-25,4,Late
D004372,O004665,2026-05-16,2026-05-16,0,On Time
D004373,O004666,2025-07-09,2025-07-08,0,On Time
D004374,O004667,2026-07-12,2026-07-11,0,On Time
D004375,O004668,2026-01-19,2026-01-19,0,On Time
D004376,O004669,2026-05-24,2026-05-24,0,On Time
D004377,O004670,2025-12-12,2025-12-12,0,On Time
D004378,O004671,2026-07-15,2026-07-15,0,On Time
D004379,O004672,2026-08-13,2026-08-18,5,Late
D004380,O004673,2025-11-10,2025-11-10,0,On Time
D004381,O004674,2026-08-20,2026-08-20,0,On Time
D004382,O004675,2026-08-02,2026-08-02,0,On Time
D004383,O004676,2026-03-19,2026-03-19,0,On Time
D004384,O004677,2026-03-11,2026-03-10,0,On Time
D004385,O004678,2026-01-10,2026-01-10,0,On Time
D004386,O004679,2026-03-16,2026-03-16,0,On Time
D004387,O004680,2026-04-23,2026-04-23,0,On Time
D004388,O004681,2026-04-05,2026-04-05,0,On Time
D004389,O004682,2026-04-02,2026-04-02,0,On Time
D004390,O004683,2026-07-25,2026-07-25,0,On Time
D004391,O004685,2026-06-25,2026-06-25,0,On Time
D004392,O004687,2026-07-31,2026-07-30,0,On Time
D004393,O004688,2025-03-05,2025-03-11,6,Late
D004394,O004689,2026-06-11,2026-06-11,0,On Time
D004395,O004690,2026-02-22,2026-02-22,0,On Time
D004396,O004691,2025-12-22,2025-12-22,0,On Time
D004397,O004692,2025-04-21,2025-04-22,1,Late
D004398,O004694,2026-03-07,2026-03-07,0,On Time
D004399,O004695,2026-08-12,2026-08-12,0,On Time
D004400,O004696,2026-06-25,2026-06-25,0,On Time
D004401,O004697,2026-01-05,2026-01-05,0,On Time
D004402,O004698,2026-03-03,2026-03-10,7,Late
D004403,O004699,2026-08-21,2026-08-21,0,On Time
D004404,O004700,2025-12-31,2025-12-31,0,On Time
D004405,O004701,2025-04-05,2025-04-05,0,On Time
D004406,O004703,2026-01-27,2026-01-27,0,On Time
D004407,O004704,2025-08-24,2025-08-23,0,On Time
D004408,O004705,2025-07-06,2025-07-06,0,On Time
D004409,O004706,2026-04-02,2026-04-02,0,On Time
D004410,O004707,2026-04-16,2026-04-22,6,Late
D004411,O004708,2026-06-12,2026-06-17,5,Late
D004412,O004709,2026-03-07,2026-03-07,0,On Time
D004413,O004710,2026-04-30,2026-04-30,0,On Time
D004414,O004711,2026-04-03,2026-04-07,4,Late
D004415,O004712,2025-03-21,2025-03-21,0,On Time
D004416,O004713,2026-06-26,2026-07-03,7,Late
D004417,O004714,2026-06-11,2026-06-11,0,On Time
D004418,O004715,2026-06-19,2026-06-20,1,Late
D004419,O004716,2026-06-12,2026-06-12,0,On Time
D004420,O004717,2026-06-21,2026-06-21,0,On Time
D004421,O004718,2025-03-23,2025-03-23,0,On Time
D004422,O004719,2026-01-04,2026-01-03,0,On Time
D004423,O004720,2026-01-29,2026-01-28,0,On Time
D004424,O004721,2026-08-03,2026-08-03,0,On Time
D004425,O004722,2025-12-03,2025-12-03,0,On Time
D004426,O004724,2026-04-27,2026-04-27,0,On Time
D004427,O004725,2025-11-18,2025-11-17,0,On Time
D004428,O004726,2025-12-16,2025-12-16,0,On Time
D004429,O004727,2026-04-01,2026-04-01,0,On Time
D004430,O004728,2026-05-19,2026-05-19,0,On Time
D004431,O004729,2026-05-02,2026-05-02,0,On Time
D004432,O004730,2026-05-09,2026-05-09,0,On Time
D004433,O004731,2026-04-08,2026-04-07,0,On Time
D004434,O004732,2026-04-29,2026-04-28,0,On Time
D004435,O004733,2025-11-30,2025-11-30,0,On Time
D004436,O004734,2025-10-13,2025-10-13,0,On Time
D004437,O004735,2026-06-17,2026-06-17,0,On Time
D004438,O004736,2026-08-15,2026-08-15,0,On Time
D004439,O004737,2026-08-17,2026-08-17,0,On Time
D004440,O004738,2026-02-18,2026-02-18,0,On Time
D004441,O004739,2026-01-07,2026-01-07,0,On Time
D004442,O004740,2026-05-16,2026-05-23,7,Late
D004443,O004741,2026-08-09,2026-08-09,0,On Time
D004444,O004742,2026-07-30,2026-07-30,0,On Time
D004445,O004743,2025-05-01,2025-05-01,0,On Time
D004446,O004744,2026-07-21,2026-07-21,0,On Time
D004447,O004745,2026-08-17,2026-08-17,0,On Time
D004448,O004746,2025-12-19,2025-12-19,0,On Time
D004449,O004747,2026-01-28,2026-01-28,0,On Time
D004450,O004748,2025-07-23,2025-07-23,0,On Time
D004451,O004749,2025-11-15,2025-11-15,0,On Time
D004452,O004750,2025-10-14,2025-10-14,0,On Time
D004453,O004752,2026-07-15,2026-07-15,0,On Time
D004454,O004753,2026-08-12,2026-08-12,0,On Time
D004455,O004754,2026-07-18,2026-07-18,0,On Time
D004456,O004755,2025-12-30,2025-12-30,0,On Time
D004457,O004756,2026-04-15,2026-04-15,0,On Time
D004458,O004757,2026-04-03,2026-04-03,0,On Time
D004459,O004758,2025-07-26,2025-07-26,0,On Time
D004460,O004759,2025-12-18,2025-12-18,0,On Time
D004461,O004760,2025-05-30,2025-05-30,0,On Time
D004462,O004761,2026-01-07,2026-01-07,0,On Time
D004463,O004762,2025-12-21,2025-12-21,0,On Time
D004464,O004763,2026-04-12,2026-04-12,0,On Time
D004465,O004764,2025-10-03,2025-10-03,0,On Time
D004466,O004765,2025-02-02,2025-02-02,0,On Time
D004467,O004766,2026-01-30,2026-01-30,0,On Time
D004468,O004767,2026-07-06,2026-07-06,0,On Time
D004469,O004768,2026-08-05,2026-08-05,0,On Time
D004470,O004770,2025-09-26,2025-09-26,0,On Time
D004471,O004771,2026-08-08,2026-08-08,0,On Time
D004472,O004772,2026-08-08,2026-08-08,0,On Time
D004473,O004773,2026-06-22,2026-06-22,0,On Time
D004474,O004774,2026-06-29,2026-06-29,0,On Time
D004475,O004775,2026-04-19,2026-04-19,0,On Time
D004476,O004776,2026-03-13,2026-03-18,5,Late
D004477,O004777,2026-08-02,2026-08-02,0,On Time
D004478,O004778,2026-03-25,2026-03-25,0,On Time
D004479,O004779,2025-07-18,2025-07-18,0,On Time
D004480,O004781,2026-07-03,2026-07-06,3,Late
D004481,O004782,2026-02-02,2026-02-02,0,On Time
D004482,O004783,2025-12-11,2025-12-11,0,On Time
D004483,O004784,2026-05-03,2026-05-04,1,Late
D004484,O004785,2026-08-16,2026-08-20,4,Late
D004485,O004786,2025-12-16,2025-12-15,0,On Time
D004486,O004787,2025-07-22,2025-07-22,0,On Time
D004487,O004788,2026-04-10,2026-04-10,0,On Time
D004488,O004789,2026-04-23,2026-04-23,0,On Time
D004489,O004790,2026-06-18,2026-06-18,0,On Time
D004490,O004791,2026-05-03,2026-05-03,0,On Time
D004491,O004792,2026-01-11,2026-01-11,0,On Time
D004492,O004793,2026-02-24,2026-02-24,0,On Time
D004493,O004795,2026-08-14,2026-08-14,0,On Time
D004494,O004796,2025-04-10,2025-04-10,0,On Time
D004495,O004797,2026-06-21,2026-06-28,7,Late
D004496,O004798,2026-08-01,2026-08-01,0,On Time
D004497,O004799,2026-03-20,2026-03-20,0,On Time
D004498,O004800,2026-05-08,2026-05-08,0,On Time
D004499,O004801,2025-11-01,2025-10-31,0,On Time
D004500,O004802,2026-07-15,2026-07-15,0,On Time
D004501,O004805,2026-02-10,2026-02-09,0,On Time
D004502,O004806,2026-05-07,2026-05-07,0,On Time
D004503,O004807,2026-03-07,2026-03-07,0,On Time
D004504,O004808,2026-04-12,2026-04-12,0,On Time
D004505,O004809,2026-06-05,2026-06-05,0,On Time
D004506,O004810,2026-06-23,2026-06-23,0,On Time
D004507,O004811,2025-11-26,2025-11-26,0,On Time
D004508,O004812,2026-03-07,2026-03-06,0,On Time
D004509,O004813,2026-05-28,2026-05-28,0,On Time
D004510,O004814,2026-03-16,2026-03-18,2,Late
D004511,O004815,2025-11-17,2025-11-17,0,On Time
D004512,O004816,2026-02-14,2026-02-14,0,On Time
D004513,O004817,2026-01-02,2026-01-02,0,On Time
D004514,O004818,2025-09-01,2025-09-01,0,On Time
D004515,O004819,2026-01-17,2026-01-18,1,Late
D004516,O004820,2025-10-01,2025-10-01,0,On Time
D004517,O004822,2026-02-02,2026-02-02,0,On Time
D004518,O004823,2026-08-15,2026-08-14,0,On Time
D004519,O004824,2026-05-15,2026-05-15,0,On Time
D004520,O004825,2026-01-20,2026-01-20,0,On Time
D004521,O004826,2025-12-20,2025-12-20,0,On Time
D004522,O004827,2026-04-19,2026-04-20,1,Late
D004523,O004829,2026-03-28,2026-03-28,0,On Time
D004524,O004830,2026-07-31,2026-07-30,0,On Time
D004525,O004831,2026-04-03,2026-04-03,0,On Time
D004526,O004832,2026-05-16,2026-05-15,0,On Time
D004527,O004833,2026-04-11,2026-04-11,0,On Time
D004528,O004834,2026-05-19,2026-05-19,0,On Time
D004529,O004835,2026-04-30,2026-04-30,0,On Time
D004530,O004836,2026-06-21,2026-06-22,1,Late
D004531,O004837,2025-05-25,2025-05-24,0,On Time
D004532,O004838,2026-07-22,2026-07-27,5,Late
D004533,O004840,2026-03-06,2026-03-06,0,On Time
D004534,O004841,2025-09-20,2025-09-19,0,On Time
D004535,O004842,2026-01-10,2026-01-10,0,On Time
D004536,O004844,2026-07-16,2026-07-16,0,On Time
D004537,O004845,2026-07-12,2026-07-12,0,On Time
D004538,O004846,2025-11-29,2025-11-29,0,On Time
D004539,O004847,2026-03-13,2026-03-12,0,On Time
D004540,O004848,2025-11-20,2025-11-22,2,Late
D004541,O004850,2026-05-20,2026-05-19,0,On Time
D004542,O004851,2025-05-18,2025-05-17,0,On Time
D004543,O004852,2026-07-22,2026-07-22,0,On Time
D004544,O004853,2026-02-12,2026-02-12,0,On Time
D004545,O004854,2025-05-13,2025-05-13,0,On Time
D004546,O004855,2026-01-06,2026-01-11,5,Late
D004547,O004856,2026-07-27,2026-07-27,0,On Time
D004548,O004857,2026-08-15,2026-08-20,5,Late
D004549,O004859,2025-10-07,2025-10-07,0,On Time
D004550,O004861,2025-06-01,2025-06-01,0,On Time
D004551,O004862,2026-03-25,2026-03-25,0,On Time
D004552,O004863,2025-10-31,2025-10-30,0,On Time
D004553,O004864,2026-07-06,2026-07-06,0,On Time
D004554,O004865,2026-05-24,2026-05-24,0,On Time
D004555,O004866,2026-06-07,2026-06-07,0,On Time
D004556,O004867,2026-04-08,2026-04-08,0,On Time
D004557,O004868,2026-07-26,2026-08-01,6,Late
D004558,O004870,2026-03-28,2026-03-28,0,On Time
D004559,O004871,2025-10-30,2025-10-30,0,On Time
D004560,O004872,2025-09-09,2025-09-09,0,On Time
D004561,O004873,2026-08-15,2026-08-15,0,On Time
D004562,O004875,2026-01-16,2026-01-16,0,On Time
D004563,O004876,2025-11-20,2025-11-20,0,On Time
D004564,O004877,2026-07-30,2026-07-30,0,On Time
D004565,O004878,2025-11-10,2025-11-09,0,On Time
D004566,O004879,2026-07-14,2026-07-14,0,On Time
D004567,O004880,2025-07-16,2025-07-16,0,On Time
D004568,O004881,2026-01-29,2026-01-31,2,Late
D004569,O004883,2026-05-18,2026-05-18,0,On Time
D004570,O004884,2025-07-04,2025-07-04,0,On Time
D004571,O004885,2025-12-22,2025-12-22,0,On Time
D004572,O004886,2026-04-01,2026-04-01,0,On Time
D004573,O004887,2025-11-29,2025-11-29,0,On Time
D004574,O004888,2026-05-20,2026-05-20,0,On Time
D004575,O004889,2026-06-24,2026-06-24,0,On Time
D004576,O004890,2026-04-18,2026-04-18,0,On Time
D004577,O004891,2026-04-22,2026-04-22,0,On Time
D004578,O004892,2025-09-13,2025-09-13,0,On Time
D004579,O004893,2025-12-02,2025-12-02,0,On Time
D004580,O004894,2026-01-10,2026-01-10,0,On Time
D004581,O004895,2026-08-23,2026-08-23,0,On Time
D004582,O004896,2025-11-22,2025-11-28,6,Late
D004583,O004897,2025-10-10,2025-10-14,4,Late
D004584,O004898,2026-06-08,2026-06-14,6,Late
D004585,O004899,2026-02-08,2026-02-07,0,On Time
D004586,O004900,2025-12-27,2025-12-27,0,On Time
D004587,O004901,2025-12-11,2025-12-11,0,On Time
D004588,O004902,2026-03-21,2026-03-22,1,Late
D004589,O004903,2026-06-10,2026-06-10,0,On Time
D004590,O004904,2026-07-30,2026-07-30,0,On Time
D004591,O004905,2026-04-09,2026-04-09,0,On Time
D004592,O004906,2026-02-24,2026-02-24,0,On Time
D004593,O004907,2026-01-14,2026-01-14,0,On Time
D004594,O004908,2026-04-09,2026-04-08,0,On Time
D004595,O004909,2025-04-22,2025-04-22,0,On Time
D004596,O004910,2026-05-14,2026-05-13,0,On Time
D004597,O004912,2025-07-15,2025-07-15,0,On Time
D004598,O004913,2026-06-12,2026-06-18,6,Late
D004599,O004914,2025-10-28,2025-10-28,0,On Time
D004600,O004915,2026-06-07,2026-06-11,4,Late
D004601,O004916,2025-09-30,2025-09-30,0,On Time
D004602,O004917,2025-07-09,2025-07-09,0,On Time
D004603,O004919,2026-04-03,2026-04-03,0,On Time
D004604,O004920,2025-11-14,2025-11-14,0,On Time
D004605,O004921,2026-02-20,2026-02-20,0,On Time
D004606,O004922,2026-06-12,2026-06-12,0,On Time
D004607,O004923,2026-01-15,2026-01-15,0,On Time
D004608,O004924,2026-01-23,2026-01-23,0,On Time
D004609,O004925,2026-07-03,2026-07-02,0,On Time
D004610,O004926,2026-05-06,2026-05-05,0,On Time
D004611,O004927,2025-11-10,2025-11-10,0,On Time
D004612,O004928,2026-04-22,2026-04-22,0,On Time
D004613,O004931,2026-05-29,2026-05-29,0,On Time
D004614,O004932,2026-07-07,2026-07-07,0,On Time
D004615,O004933,2026-07-09,2026-07-09,0,On Time
D004616,O004934,2025-09-24,2025-09-23,0,On Time
D004617,O004935,2026-03-09,2026-03-09,0,On Time
D004618,O004936,2026-08-03,2026-08-03,0,On Time
D004619,O004937,2026-04-27,2026-04-26,0,On Time
D004620,O004938,2026-07-08,2026-07-08,0,On Time
D004621,O004939,2026-07-24,2026-07-23,0,On Time
D004622,O004940,2026-03-28,2026-03-28,0,On Time
D004623,O004942,2026-02-16,2026-02-16,0,On Time
D004624,O004943,2026-07-03,2026-07-03,0,On Time
D004625,O004944,2026-01-28,2026-01-28,0,On Time
D004626,O004945,2026-02-07,2026-02-07,0,On Time
D004627,O004946,2025-09-07,2025-09-07,0,On Time
D004628,O004947,2026-07-19,2026-07-19,0,On Time
D004629,O004948,2025-08-23,2025-08-29,6,Late
D004630,O004949,2025-05-27,2025-05-27,0,On Time
D004631,O004950,2025-11-01,2025-11-05,4,Late
D004632,O004951,2026-07-20,2026-07-27,7,Late
D004633,O004952,2025-05-19,2025-05-25,6,Late
D004634,O004953,2026-07-02,2026-07-06,4,Late
D004635,O004954,2026-07-04,2026-07-04,0,On Time
D004636,O004957,2026-07-28,2026-07-28,0,On Time
D004637,O004958,2025-10-02,2025-10-02,0,On Time
D004638,O004959,2026-02-27,2026-02-27,0,On Time
D004639,O004961,2026-07-17,2026-07-17,0,On Time
D004640,O004962,2026-06-11,2026-06-11,0,On Time
D004641,O004963,2026-08-24,2026-08-24,0,On Time
D004642,O004964,2025-12-28,2025-12-28,0,On Time
D004643,O004965,2026-02-15,2026-02-15,0,On Time
D004644,O004966,2026-01-04,2026-01-04,0,On Time
D004645,O004968,2025-07-11,2025-07-11,0,On Time
D004646,O004969,2026-04-26,2026-04-26,0,On Time
D004647,O004970,2026-04-18,2026-04-22,4,Late
D004648,O004971,2025-12-15,2025-12-15,0,On Time
D004649,O004972,2026-01-08,2026-01-08,0,On Time
D004650,O004973,2025-08-11,2025-08-14,3,Late
D004651,O004974,2026-07-01,2026-07-01,0,On Time
D004652,O004975,2025-11-30,2025-11-30,0,On Time
D004653,O004976,2026-06-07,2026-06-11,4,Late
D004654,O004977,2026-05-28,2026-05-28,0,On Time
D004655,O004978,2026-06-24,2026-06-24,0,On Time
D004656,O004979,2026-02-20,2026-02-20,0,On Time
D004657,O004980,2026-08-13,2026-08-13,0,On Time
D004658,O004981,2026-01-09,2026-01-12,3,Late
D004659,O004982,2025-11-09,2025-11-11,2,Late
D004660,O004983,2026-01-13,2026-01-13,0,On Time
D004661,O004984,2026-03-16,2026-03-16,0,On Time
D004662,O004985,2026-04-18,2026-04-18,0,On Time
D004663,O004986,2026-05-22,2026-05-28,6,Late
D004664,O004987,2026-03-26,2026-03-26,0,On Time
D004665,O004988,2026-04-30,2026-04-30,0,On Time
D004666,O004989,2026-03-28,2026-03-28,0,On Time
D004667,O004990,2026-06-19,2026-06-19,0,On Time
D004668,O004991,2026-07-16,2026-07-16,0,On Time
D004669,O004992,2025-07-14,2025-07-14,0,On Time
D004670,O004993,2026-05-22,2026-05-21,0,On Time
D004671,O004994,2026-07-15,2026-07-15,0,On Time
D004672,O004995,2025-07-10,2025-07-10,0,On Time
D004673,O004996,2025-09-23,2025-09-23,0,On Time
D004674,O004997,2026-01-24,2026-01-24,0,On Time
D004675,O004998,2025-09-06,2025-09-06,0,On Time
D004676,O004999,2026-08-01,2026-08-04,3,Late
D004677,O005000,2026-08-13,2026-08-13,0,On Time
D004678,O005002,2026-07-03,2026-07-03,0,On Time
D004679,O005003,2026-01-07,2026-01-10,3,Late
D004680,O005004,2026-05-25,2026-05-25,0,On Time
D004681,O005005,2026-05-05,2026-05-04,0,On Time
D004682,O005006,2025-06-29,2025-06-29,0,On Time
D004683,O005007,2026-07-15,2026-07-15,0,On Time
D004684,O005008,2026-05-16,2026-05-16,0,On Time
D004685,O005009,2026-07-03,2026-07-03,0,On Time
D004686,O005010,2026-03-09,2026-03-09,0,On Time
D004687,O005011,2025-09-11,2025-09-11,0,On Time
D004688,O005012,2026-06-27,2026-06-27,0,On Time
D004689,O005013,2026-02-07,2026-02-06,0,On Time
D004690,O005014,2025-09-29,2025-10-03,4,Late
D004691,O005015,2026-06-26,2026-06-26,0,On Time
D004692,O005016,2025-07-27,2025-07-27,0,On Time
D004693,O005018,2025-08-30,2025-09-04,5,Late
D004694,O005019,2026-01-10,2026-01-10,0,On Time
D004695,O005020,2026-07-17,2026-07-17,0,On Time
D004696,O005021,2025-11-02,2025-11-02,0,On Time
D004697,O005022,2026-01-11,2026-01-11,0,On Time
D004698,O005023,2026-07-28,2026-07-28,0,On Time
D004699,O005024,2026-05-14,2026-05-14,0,On Time
D004700,O005025,2025-06-27,2025-06-27,0,On Time
D004701,O005026,2025-08-27,2025-08-26,0,On Time
D004702,O005027,2026-08-06,2026-08-05,0,On Time
D004703,O005028,2026-07-03,2026-07-03,0,On Time
D004704,O005029,2025-10-24,2025-10-24,0,On Time
D004705,O005030,2025-12-11,2025-12-10,0,On Time
D004706,O005031,2026-05-01,2026-04-30,0,On Time
D004707,O005032,2026-08-03,2026-08-03,0,On Time
D004708,O005033,2026-08-21,2026-08-20,0,On Time
D004709,O005034,2026-07-18,2026-07-18,0,On Time
D004710,O005035,2026-07-27,2026-07-27,0,On Time
D004711,O005036,2026-05-05,2026-05-05,0,On Time
D004712,O005037,2026-05-17,2026-05-17,0,On Time
D004713,O005038,2026-03-24,2026-03-31,7,Late
D004714,O005039,2025-06-01,2025-06-01,0,On Time
D004715,O005040,2026-03-28,2026-03-28,0,On Time
D004716,O005041,2026-05-12,2026-05-12,0,On Time
D004717,O005042,2025-10-05,2025-10-10,5,Late
D004718,O005043,2025-07-10,2025-07-10,0,On Time
D004719,O005044,2026-05-29,2026-06-04,6,Late
D004720,O005046,2025-10-08,2025-10-08,0,On Time
D004721,O005047,2025-08-17,2025-08-17,0,On Time
D004722,O005049,2026-04-27,2026-04-26,0,On Time
D004723,O005050,2025-08-01,2025-08-01,0,On Time
D004724,O005051,2025-11-05,2025-11-05,0,On Time
D004725,O005052,2025-10-14,2025-10-13,0,On Time
D004726,O005053,2025-11-06,2025-11-05,0,On Time
D004727,O005054,2026-03-14,2026-03-14,0,On Time
D004728,O005056,2026-02-20,2026-02-23,3,Late
D004729,O005057,2026-07-21,2026-07-21,0,On Time
D004730,O005058,2026-04-19,2026-04-19,0,On Time
D004731,O005059,2025-12-06,2025-12-11,5,Late
D004732,O005060,2026-07-20,2026-07-20,0,On Time
D004733,O005061,2026-02-28,2026-02-28,0,On Time
D004734,O005062,2026-08-19,2026-08-19,0,On Time
D004735,O005063,2025-10-15,2025-10-15,0,On Time
D004736,O005064,2026-05-02,2026-05-02,0,On Time
D004737,O005065,2026-08-16,2026-08-16,0,On Time
D004738,O005066,2026-07-03,2026-07-03,0,On Time
D004739,O005067,2025-12-17,2025-12-17,0,On Time
D004740,O005068,2026-04-08,2026-04-08,0,On Time
D004741,O005069,2026-02-28,2026-02-28,0,On Time
D004742,O005070,2026-06-02,2026-06-02,0,On Time
D004743,O005071,2026-01-19,2026-01-19,0,On Time
D004744,O005072,2025-08-18,2025-08-18,0,On Time
D004745,O005073,2026-04-21,2026-04-21,0,On Time
D004746,O005074,2026-01-29,2026-01-29,0,On Time
D004747,O005075,2026-06-16,2026-06-16,0,On Time
D004748,O005076,2026-03-25,2026-03-25,0,On Time
D004749,O005077,2026-04-29,2026-04-29,0,On Time
D004750,O005078,2026-05-14,2026-05-14,0,On Time
D004751,O005079,2026-08-10,2026-08-09,0,On Time
D004752,O005080,2026-03-05,2026-03-05,0,On Time
D004753,O005081,2026-04-12,2026-04-16,4,Late
D004754,O005082,2025-10-24,2025-10-24,0,On Time
D004755,O005083,2026-05-13,2026-05-13,0,On Time
D004756,O005085,2025-12-10,2025-12-10,0,On Time
D004757,O005086,2026-02-26,2026-02-26,0,On Time
D004758,O005088,2026-06-06,2026-06-06,0,On Time
D004759,O005089,2025-07-19,2025-07-21,2,Late
D004760,O005091,2026-03-17,2026-03-16,0,On Time
D004761,O005092,2025-10-23,2025-10-28,5,Late
D004762,O005093,2026-03-26,2026-03-26,0,On Time
D004763,O005094,2025-10-05,2025-10-05,0,On Time
D004764,O005095,2025-10-30,2025-10-30,0,On Time
D004765,O005096,2026-07-06,2026-07-05,0,On Time
D004766,O005097,2026-02-17,2026-02-16,0,On Time
D004767,O005098,2026-03-20,2026-03-27,7,Late
D004768,O005099,2026-07-28,2026-07-28,0,On Time
D004769,O005100,2026-05-03,2026-05-08,5,Late
D004770,O005101,2025-11-02,2025-11-02,0,On Time
D004771,O005102,2026-01-21,2026-01-20,0,On Time
D004772,O005103,2026-07-16,2026-07-16,0,On Time
D004773,O005104,2026-07-31,2026-07-31,0,On Time
D004774,O005105,2026-05-04,2026-05-03,0,On Time
D004775,O005106,2025-09-29,2025-09-29,0,On Time
D004776,O005107,2026-07-09,2026-07-09,0,On Time
D004777,O005108,2026-05-18,2026-05-17,0,On Time
D004778,O005110,2025-10-22,2025-10-22,0,On Time
D004779,O005111,2025-08-19,2025-08-19,0,On Time
D004780,O005112,2026-01-17,2026-01-17,0,On Time
D004781,O005113,2026-01-19,2026-01-19,0,On Time
D004782,O005114,2026-07-15,2026-07-15,0,On Time
D004783,O005115,2026-02-23,2026-02-23,0,On Time
D004784,O005116,2026-08-21,2026-08-21,0,On Time
D004785,O005118,2026-08-02,2026-08-04,2,Late
D004786,O005119,2025-12-12,2025-12-12,0,On Time
D004787,O005120,2026-03-29,2026-03-28,0,On Time
D004788,O005121,2026-05-07,2026-05-07,0,On Time
D004789,O005122,2026-04-04,2026-04-08,4,Late
D004790,O005123,2025-10-21,2025-10-28,7,Late
D004791,O005124,2025-11-05,2025-11-06,1,Late
D004792,O005125,2026-01-25,2026-01-25,0,On Time
D004793,O005126,2026-02-12,2026-02-12,0,On Time
D004794,O005127,2026-05-05,2026-05-05,0,On Time
D004795,O005128,2026-08-12,2026-08-12,0,On Time
D004796,O005129,2025-09-11,2025-09-11,0,On Time
D004797,O005130,2026-07-30,2026-07-30,0,On Time
D004798,O005131,2026-02-04,2026-02-04,0,On Time
D004799,O005132,2025-12-26,2025-12-26,0,On Time
D004800,O005133,2025-05-16,2025-05-16,0,On Time
D004801,O005134,2026-04-20,2026-04-23,3,Late
D004802,O005135,2026-05-17,2026-05-18,1,Late
D004803,O005136,2026-04-23,2026-04-23,0,On Time
D004804,O005137,2025-11-08,2025-11-08,0,On Time
D004805,O005138,2026-06-28,2026-06-28,0,On Time
D004806,O005139,2025-08-11,2025-08-11,0,On Time
D004807,O005140,2026-04-14,2026-04-14,0,On Time
D004808,O005141,2026-05-01,2026-04-30,0,On Time
D004809,O005142,2026-04-14,2026-04-14,0,On Time
D004810,O005143,2026-06-25,2026-06-25,0,On Time
D004811,O005144,2026-08-17,2026-08-21,4,Late
D004812,O005145,2026-07-23,2026-07-30,7,Late
D004813,O005146,2025-11-29,2025-12-04,5,Late
D004814,O005147,2025-08-09,2025-08-11,2,Late
D004815,O005148,2025-11-13,2025-11-13,0,On Time
D004816,O005149,2026-01-30,2026-02-04,5,Late
D004817,O005150,2026-08-09,2026-08-09,0,On Time
D004818,O005151,2026-02-26,2026-02-26,0,On Time
D004819,O005152,2025-12-14,2025-12-14,0,On Time
D004820,O005153,2026-05-10,2026-05-10,0,On Time
D004821,O005154,2025-08-12,2025-08-11,0,On Time
D004822,O005155,2025-10-07,2025-10-06,0,On Time
D004823,O005156,2026-01-07,2026-01-07,0,On Time
D004824,O005157,2026-08-04,2026-08-04,0,On Time
D004825,O005158,2026-08-12,2026-08-12,0,On Time
D004826,O005159,2026-05-14,2026-05-14,0,On Time
D004827,O005160,2026-08-07,2026-08-07,0,On Time
D004828,O005161,2026-07-29,2026-07-29,0,On Time
D004829,O005162,2026-03-10,2026-03-09,0,On Time
D004830,O005163,2025-05-25,2025-05-27,2,Late
D004831,O005164,2026-04-01,2026-04-01,0,On Time
D004832,O005166,2026-04-05,2026-04-05,0,On Time
D004833,O005167,2026-02-09,2026-02-13,4,Late
D004834,O005168,2026-07-03,2026-07-03,0,On Time
D004835,O005170,2026-08-17,2026-08-17,0,On Time
D004836,O005171,2026-02-05,2026-02-04,0,On Time
D004837,O005172,2025-07-30,2025-07-30,0,On Time
D004838,O005174,2025-11-22,2025-11-22,0,On Time
D004839,O005175,2025-04-11,2025-04-11,0,On Time
D004840,O005176,2026-08-08,2026-08-08,0,On Time
D004841,O005177,2026-01-26,2026-01-26,0,On Time
D004842,O005178,2025-08-07,2025-08-07,0,On Time
D004843,O005179,2026-01-22,2026-01-22,0,On Time
D004844,O005180,2025-11-19,2025-11-19,0,On Time
D004845,O005181,2026-03-12,2026-03-12,0,On Time
D004846,O005182,2026-04-27,2026-04-27,0,On Time
D004847,O005183,2025-09-25,2025-09-25,0,On Time
D004848,O005185,2026-03-16,2026-03-20,4,Late
D004849,O005186,2026-08-06,2026-08-06,0,On Time
D004850,O005187,2026-05-10,2026-05-10,0,On Time
D004851,O005188,2026-07-26,2026-07-25,0,On Time
D004852,O005189,2025-10-23,2025-10-23,0,On Time
D004853,O005190,2025-06-23,2025-06-23,0,On Time
D004854,O005191,2025-04-04,2025-04-04,0,On Time
D004855,O005192,2026-06-21,2026-06-21,0,On Time
D004856,O005193,2026-03-23,2026-03-29,6,Late
D004857,O005194,2025-11-20,2025-11-20,0,On Time
D004858,O005195,2026-07-24,2026-07-24,0,On Time
D004859,O005196,2025-05-10,2025-05-10,0,On Time
D004860,O005197,2025-08-05,2025-08-05,0,On Time
D004861,O005198,2026-05-10,2026-05-10,0,On Time
D004862,O005199,2026-08-10,2026-08-13,3,Late
D004863,O005200,2025-03-28,2025-03-28,0,On Time
D004864,O005201,2026-07-06,2026-07-06,0,On Time
D004865,O005202,2025-09-11,2025-09-18,7,Late
D004866,O005203,2025-08-11,2025-08-11,0,On Time
D004867,O005204,2026-07-05,2026-07-05,0,On Time
D004868,O005205,2026-04-30,2026-04-30,0,On Time
D004869,O005206,2026-03-26,2026-03-30,4,Late
D004870,O005207,2026-05-30,2026-05-30,0,On Time
D004871,O005208,2026-07-27,2026-07-27,0,On Time
D004872,O005209,2025-04-14,2025-04-18,4,Late
D004873,O005210,2025-09-04,2025-09-04,0,On Time
D004874,O005211,2026-04-21,2026-04-24,3,Late
D004875,O005212,2026-04-13,2026-04-13,0,On Time
D004876,O005213,2026-08-03,2026-08-03,0,On Time
D004877,O005214,2025-05-10,2025-05-10,0,On Time
D004878,O005215,2025-08-07,2025-08-13,6,Late
D004879,O005216,2026-06-07,2026-06-08,1,Late
D004880,O005217,2026-06-27,2026-06-27,0,On Time
D004881,O005218,2026-01-31,2026-01-31,0,On Time
D004882,O005219,2026-02-10,2026-02-10,0,On Time
D004883,O005220,2026-06-02,2026-06-02,0,On Time
D004884,O005221,2026-07-17,2026-07-17,0,On Time
D004885,O005222,2026-04-01,2026-04-08,7,Late
D004886,O005223,2025-12-24,2025-12-24,0,On Time
D004887,O005224,2026-04-01,2026-04-02,1,Late
D004888,O005225,2026-05-30,2026-05-30,0,On Time
D004889,O005226,2025-12-24,2025-12-24,0,On Time
D004890,O005227,2026-02-13,2026-02-13,0,On Time
D004891,O005228,2026-05-19,2026-05-19,0,On Time
D004892,O005229,2026-05-05,2026-05-05,0,On Time
D004893,O005230,2025-09-11,2025-09-11,0,On Time
D004894,O005232,2026-02-15,2026-02-15,0,On Time
D004895,O005233,2026-01-16,2026-01-16,0,On Time
D004896,O005234,2025-11-28,2025-11-27,0,On Time
D004897,O005235,2026-06-27,2026-06-27,0,On Time
D004898,O005236,2026-08-08,2026-08-08,0,On Time
D004899,O005237,2025-06-23,2025-06-23,0,On Time
D004900,O005238,2026-04-04,2026-04-04,0,On Time
D004901,O005239,2026-07-22,2026-07-22,0,On Time
D004902,O005240,2026-03-05,2026-03-04,0,On Time
D004903,O005241,2025-09-29,2025-09-29,0,On Time
D004904,O005242,2025-06-01,2025-06-01,0,On Time
D004905,O005243,2025-11-23,2025-11-23,0,On Time
D004906,O005244,2025-05-27,2025-05-27,0,On Time
D004907,O005245,2025-04-25,2025-04-25,0,On Time
D004908,O005246,2026-07-29,2026-07-30,1,Late
D004909,O005247,2026-02-19,2026-02-19,0,On Time
D004910,O005248,2025-10-21,2025-10-21,0,On Time
D004911,O005249,2026-05-25,2026-05-24,0,On Time
D004912,O005251,2026-08-06,2026-08-05,0,On Time
D004913,O005252,2025-12-20,2025-12-19,0,On Time
D004914,O005254,2025-12-31,2025-12-31,0,On Time
D004915,O005255,2025-07-28,2025-07-28,0,On Time
D004916,O005256,2026-05-10,2026-05-10,0,On Time
D004917,O005257,2026-01-23,2026-01-23,0,On Time
D004918,O005258,2025-09-13,2025-09-20,7,Late
D004919,O005259,2026-03-12,2026-03-16,4,Late
D004920,O005260,2026-08-09,2026-08-09,0,On Time
D004921,O005261,2025-06-19,2025-06-21,2,Late
D004922,O005262,2026-05-20,2026-05-19,0,On Time
D004923,O005263,2026-06-24,2026-06-28,4,Late
D004924,O005264,2026-08-19,2026-08-19,0,On Time
D004925,O005265,2025-09-13,2025-09-14,1,Late
D004926,O005266,2025-05-08,2025-05-14,6,Late
D004927,O005267,2026-05-05,2026-05-08,3,Late
D004928,O005268,2025-09-11,2025-09-18,7,Late
D004929,O005269,2026-07-09,2026-07-09,0,On Time
D004930,O005270,2026-06-07,2026-06-07,0,On Time
D004931,O005271,2026-03-10,2026-03-10,0,On Time
D004932,O005273,2026-05-05,2026-05-05,0,On Time
D004933,O005274,2026-04-06,2026-04-06,0,On Time
D004934,O005275,2025-08-17,2025-08-23,6,Late
D004935,O005276,2026-08-11,2026-08-11,0,On Time
D004936,O005277,2025-03-04,2025-03-04,0,On Time
D004937,O005278,2026-04-22,2026-04-21,0,On Time
D004938,O005279,2025-10-01,2025-10-01,0,On Time
D004939,O005280,2026-04-17,2026-04-17,0,On Time
D004940,O005281,2025-08-29,2025-08-29,0,On Time
D004941,O005282,2026-05-05,2026-05-05,0,On Time
D004942,O005283,2026-03-29,2026-03-29,0,On Time
D004943,O005284,2026-02-18,2026-02-18,0,On Time
D004944,O005285,2026-06-24,2026-06-24,0,On Time
D004945,O005286,2025-11-17,2025-11-18,1,Late
D004946,O005287,2025-02-13,2025-02-13,0,On Time
D004947,O005288,2025-10-04,2025-10-03,0,On Time
D004948,O005289,2026-01-06,2026-01-06,0,On Time
D004949,O005290,2025-11-02,2025-11-02,0,On Time
D004950,O005291,2026-07-02,2026-07-05,3,Late
D004951,O005292,2026-05-05,2026-05-05,0,On Time
D004952,O005293,2026-06-20,2026-06-21,1,Late
D004953,O005294,2026-02-08,2026-02-08,0,On Time
D004954,O005295,2025-11-19,2025-11-19,0,On Time
D004955,O005296,2026-06-24,2026-06-23,0,On Time
D004956,O005297,2026-01-14,2026-01-13,0,On Time
D004957,O005298,2026-03-16,2026-03-21,5,Late
D004958,O005299,2026-04-10,2026-04-09,0,On Time
D004959,O005300,2026-07-12,2026-07-12,0,On Time
D004960,O005301,2026-02-12,2026-02-12,0,On Time
D004961,O005303,2026-07-13,2026-07-15,2,Late
D004962,O005304,2025-08-11,2025-08-11,0,On Time
D004963,O005305,2026-04-07,2026-04-08,1,Late
D004964,O005306,2026-05-03,2026-05-08,5,Late
D004965,O005307,2026-04-20,2026-04-23,3,Late
D004966,O005308,2026-06-28,2026-06-28,0,On Time
D004967,O005309,2026-01-29,2026-01-29,0,On Time
D004968,O005310,2026-05-27,2026-06-03,7,Late
D004969,O005311,2026-04-17,2026-04-18,1,Late
D004970,O005312,2025-11-29,2025-11-28,0,On Time
D004971,O005313,2026-08-02,2026-08-02,0,On Time
D004972,O005314,2026-02-15,2026-02-15,0,On Time
D004973,O005315,2026-05-21,2026-05-21,0,On Time
D004974,O005316,2026-07-12,2026-07-11,0,On Time
D004975,O005317,2025-11-20,2025-11-20,0,On Time
D004976,O005318,2026-05-14,2026-05-14,0,On Time
D004977,O005319,2025-10-20,2025-10-20,0,On Time
D004978,O005320,2025-12-15,2025-12-15,0,On Time
D004979,O005321,2025-09-09,2025-09-16,7,Late
D004980,O005322,2026-04-22,2026-04-29,7,Late
D004981,O005323,2025-11-09,2025-11-09,0,On Time
D004982,O005324,2026-03-18,2026-03-18,0,On Time
D004983,O005325,2025-06-01,2025-06-01,0,On Time
D004984,O005326,2026-04-03,2026-04-03,0,On Time
D004985,O005327,2026-08-18,2026-08-18,0,On Time
D004986,O005328,2025-10-08,2025-10-08,0,On Time
D004987,O005329,2026-01-07,2026-01-07,0,On Time
D004988,O005330,2026-07-05,2026-07-11,6,Late
D004989,O005331,2026-07-31,2026-07-31,0,On Time
D004990,O005332,2025-06-14,2025-06-14,0,On Time
D004991,O005333,2025-05-03,2025-05-03,0,On Time
D004992,O005334,2026-02-28,2026-02-28,0,On Time
D004993,O005335,2025-02-17,2025-02-17,0,On Time
D004994,O005336,2025-12-15,2025-12-15,0,On Time
D004995,O005337,2026-04-18,2026-04-17,0,On Time
D004996,O005338,2026-05-07,2026-05-07,0,On Time
D004997,O005339,2026-03-28,2026-03-28,0,On Time
D004998,O005340,2025-11-24,2025-11-24,0,On Time
D004999,O005341,2025-08-23,2025-08-23,0,On Time
D005000,O005342,2026-05-10,2026-05-11,1,Late
D005001,O005343,2025-12-01,2025-12-01,0,On Time
D005002,O005344,2025-10-18,2025-10-22,4,Late
D005003,O005345,2025-12-03,2025-12-03,0,On Time
D005004,O005347,2025-12-01,2025-12-01,0,On Time
D005005,O005348,2025-10-04,2025-10-04,0,On Time
D005006,O005349,2026-07-17,2026-07-17,0,On Time
D005007,O005350,2026-05-10,2026-05-09,0,On Time
D005008,O005351,2026-05-10,2026-05-10,0,On Time
D005009,O005352,2025-12-13,2025-12-17,4,Late
D005010,O005353,2026-07-06,2026-07-05,0,On Time
D005011,O005354,2026-04-30,2026-04-30,0,On Time
D005012,O005355,2025-12-01,2025-12-03,2,Late
D005013,O005356,2025-03-10,2025-03-10,0,On Time
D005014,O005357,2026-07-28,2026-07-28,0,On Time
D005015,O005358,2025-07-22,2025-07-22,0,On Time
D005016,O005359,2025-11-02,2025-11-02,0,On Time
D005017,O005360,2025-05-07,2025-05-11,4,Late
D005018,O005361,2026-03-28,2026-03-28,0,On Time
D005019,O005362,2026-08-07,2026-08-07,0,On Time
D005020,O005363,2026-02-11,2026-02-11,0,On Time
D005021,O005364,2026-08-11,2026-08-11,0,On Time
D005022,O005365,2026-08-09,2026-08-09,0,On Time
D005023,O005366,2025-02-25,2025-02-25,0,On Time
D005024,O005367,2025-07-10,2025-07-09,0,On Time
D005025,O005368,2025-06-17,2025-06-17,0,On Time
D005026,O005369,2025-09-01,2025-09-02,1,Late
D005027,O005370,2026-02-02,2026-02-02,0,On Time
D005028,O005372,2026-01-20,2026-01-20,0,On Time
D005029,O005373,2025-02-21,2025-02-21,0,On Time
D005030,O005374,2026-06-12,2026-06-13,1,Late
D005031,O005375,2026-02-13,2026-02-12,0,On Time
D005032,O005376,2026-08-02,2026-08-02,0,On Time
D005033,O005377,2026-07-12,2026-07-12,0,On Time
D005034,O005378,2025-08-15,2025-08-15,0,On Time
D005035,O005380,2025-07-10,2025-07-17,7,Late
D005036,O005381,2025-11-24,2025-11-24,0,On Time
D005037,O005382,2026-05-18,2026-05-18,0,On Time
D005038,O005383,2026-07-13,2026-07-13,0,On Time
D005039,O005384,2026-01-11,2026-01-10,0,On Time
D005040,O005385,2026-01-26,2026-01-30,4,Late
D005041,O005387,2026-04-07,2026-04-07,0,On Time
D005042,O005389,2026-05-16,2026-05-21,5,Late
D005043,O005390,2026-06-15,2026-06-15,0,On Time
D005044,O005391,2025-10-08,2025-10-08,0,On Time
D005045,O005392,2026-04-24,2026-04-30,6,Late
D005046,O005393,2026-01-18,2026-01-18,0,On Time
D005047,O005394,2026-03-10,2026-03-10,0,On Time
D005048,O005395,2025-03-11,2025-03-10,0,On Time
D005049,O005397,2026-03-27,2026-03-27,0,On Time
D005050,O005398,2026-05-08,2026-05-14,6,Late
D005051,O005399,2026-05-18,2026-05-18,0,On Time
D005052,O005400,2025-10-14,2025-10-14,0,On Time
D005053,O005401,2025-07-30,2025-08-05,6,Late
D005054,O005402,2026-07-27,2026-07-27,0,On Time
D005055,O005403,2026-01-16,2026-01-16,0,On Time
D005056,O005404,2026-06-16,2026-06-22,6,Late
D005057,O005405,2026-03-05,2026-03-05,0,On Time
D005058,O005407,2025-09-13,2025-09-12,0,On Time
D005059,O005408,2026-06-02,2026-06-01,0,On Time
D005060,O005409,2026-04-25,2026-04-25,0,On Time
D005061,O005410,2026-03-15,2026-03-18,3,Late
D005062,O005411,2026-02-23,2026-02-22,0,On Time
D005063,O005412,2026-08-24,2026-08-24,0,On Time
D005064,O005414,2026-06-04,2026-06-04,0,On Time
D005065,O005415,2026-01-06,2026-01-06,0,On Time
D005066,O005417,2025-09-19,2025-09-19,0,On Time
D005067,O005418,2025-09-20,2025-09-20,0,On Time
D005068,O005419,2026-07-09,2026-07-09,0,On Time
D005069,O005420,2026-04-04,2026-04-03,0,On Time
D005070,O005421,2025-08-31,2025-09-07,7,Late
D005071,O005422,2026-04-13,2026-04-13,0,On Time
D005072,O005423,2026-06-19,2026-06-25,6,Late
D005073,O005424,2025-12-25,2025-12-25,0,On Time
D005074,O005425,2025-09-28,2025-09-28,0,On Time
D005075,O005426,2025-06-13,2025-06-14,1,Late
D005076,O005428,2026-01-26,2026-01-26,0,On Time
D005077,O005429,2025-12-15,2025-12-15,0,On Time
D005078,O005431,2025-12-19,2025-12-18,0,On Time
D005079,O005432,2026-04-01,2026-03-31,0,On Time
D005080,O005433,2026-02-14,2026-02-14,0,On Time
D005081,O005434,2026-03-08,2026-03-11,3,Late
D005082,O005435,2026-02-02,2026-02-02,0,On Time
D005083,O005436,2026-08-09,2026-08-08,0,On Time
D005084,O005437,2025-10-19,2025-10-19,0,On Time
D005085,O005438,2026-05-08,2026-05-08,0,On Time
D005086,O005440,2026-08-03,2026-08-03,0,On Time
D005087,O005441,2026-01-12,2026-01-19,7,Late
D005088,O005442,2026-06-24,2026-06-23,0,On Time
D005089,O005443,2025-10-21,2025-10-21,0,On Time
D005090,O005444,2026-03-27,2026-03-27,0,On Time
D005091,O005445,2026-01-08,2026-01-08,0,On Time
D005092,O005446,2026-02-24,2026-02-23,0,On Time
D005093,O005447,2026-08-16,2026-08-19,3,Late
D005094,O005448,2025-05-19,2025-05-19,0,On Time
D005095,O005449,2025-08-04,2025-08-04,0,On Time
D005096,O005450,2026-08-15,2026-08-15,0,On Time
D005097,O005451,2025-05-08,2025-05-08,0,On Time
D005098,O005452,2026-07-30,2026-08-01,2,Late
D005099,O005453,2026-01-31,2026-01-31,0,On Time
D005100,O005454,2025-12-03,2025-12-03,0,On Time
D005101,O005455,2026-04-10,2026-04-12,2,Late
D005102,O005456,2025-09-18,2025-09-17,0,On Time
D005103,O005457,2026-01-23,2026-01-23,0,On Time
D005104,O005458,2025-07-20,2025-07-20,0,On Time
D005105,O005459,2025-10-07,2025-10-14,7,Late
D005106,O005460,2026-03-17,2026-03-17,0,On Time
D005107,O005461,2026-06-27,2026-06-27,0,On Time
D005108,O005462,2026-02-04,2026-02-08,4,Late
D005109,O005463,2026-06-27,2026-06-27,0,On Time
D005110,O005465,2025-11-13,2025-11-13,0,On Time
D005111,O005466,2026-03-16,2026-03-16,0,On Time
D005112,O005467,2025-11-18,2025-11-18,0,On Time
D005113,O005468,2026-01-19,2026-01-19,0,On Time
D005114,O005470,2026-02-25,2026-02-25,0,On Time
D005115,O005471,2026-07-22,2026-07-22,0,On Time
D005116,O005472,2026-05-08,2026-05-07,0,On Time
D005117,O005473,2025-10-15,2025-10-18,3,Late
D005118,O005474,2026-04-15,2026-04-15,0,On Time
D005119,O005475,2026-07-23,2026-07-23,0,On Time
D005120,O005476,2025-07-24,2025-07-31,7,Late
D005121,O005478,2025-05-01,2025-05-08,7,Late
D005122,O005479,2026-04-02,2026-04-02,0,On Time
D005123,O005480,2026-07-10,2026-07-10,0,On Time
D005124,O005481,2026-06-13,2026-06-12,0,On Time
D005125,O005482,2026-07-19,2026-07-24,5,Late
D005126,O005483,2026-07-11,2026-07-10,0,On Time
D005127,O005484,2026-03-23,2026-03-22,0,On Time
D005128,O005485,2026-02-01,2026-02-01,0,On Time
D005129,O005486,2026-08-03,2026-08-03,0,On Time
D005130,O005487,2026-04-28,2026-04-28,0,On Time
D005131,O005488,2026-07-02,2026-07-02,0,On Time
D005132,O005489,2026-08-06,2026-08-06,0,On Time
D005133,O005490,2025-10-20,2025-10-20,0,On Time
D005134,O005491,2026-02-14,2026-02-14,0,On Time
D005135,O005492,2025-07-23,2025-07-23,0,On Time
D005136,O005493,2026-05-12,2026-05-12,0,On Time
D005137,O005494,2026-03-22,2026-03-22,0,On Time
D005138,O005495,2026-05-07,2026-05-07,0,On Time
D005139,O005496,2026-02-09,2026-02-09,0,On Time
D005140,O005497,2026-01-23,2026-01-23,0,On Time
D005141,O005498,2026-07-16,2026-07-16,0,On Time
D005142,O005499,2025-06-18,2025-06-18,0,On Time
D005143,O005500,2026-01-29,2026-01-29,0,On Time
D005144,O005501,2026-02-05,2026-02-06,1,Late
D005145,O005502,2026-07-26,2026-07-25,0,On Time
D005146,O005503,2025-08-09,2025-08-09,0,On Time
D005147,O005504,2025-10-07,2025-10-13,6,Late
D005148,O005507,2026-07-14,2026-07-14,0,On Time
D005149,O005508,2026-08-08,2026-08-08,0,On Time
D005150,O005509,2026-06-17,2026-06-17,0,On Time
D005151,O005510,2026-02-25,2026-02-25,0,On Time
D005152,O005511,2026-05-21,2026-05-20,0,On Time
D005153,O005512,2025-07-31,2025-07-31,0,On Time
D005154,O005513,2026-05-28,2026-05-28,0,On Time
D005155,O005514,2026-01-21,2026-01-21,0,On Time
D005156,O005515,2026-03-31,2026-03-30,0,On Time
D005157,O005516,2025-09-11,2025-09-11,0,On Time
D005158,O005517,2026-03-15,2026-03-15,0,On Time
D005159,O005518,2026-04-15,2026-04-15,0,On Time
D005160,O005519,2025-09-23,2025-09-23,0,On Time
D005161,O005520,2025-09-07,2025-09-13,6,Late
D005162,O005521,2025-07-15,2025-07-15,0,On Time
D005163,O005522,2025-10-02,2025-10-02,0,On Time
D005164,O005523,2025-09-19,2025-09-21,2,Late
D005165,O005524,2026-08-07,2026-08-07,0,On Time
D005166,O005525,2025-08-31,2025-08-30,0,On Time
D005167,O005526,2026-03-28,2026-03-28,0,On Time
D005168,O005527,2025-12-30,2025-12-30,0,On Time
D005169,O005528,2026-05-17,2026-05-17,0,On Time
D005170,O005529,2026-06-21,2026-06-21,0,On Time
D005171,O005530,2025-12-14,2025-12-14,0,On Time
D005172,O005531,2026-03-31,2026-03-31,0,On Time
D005173,O005532,2025-12-01,2025-12-01,0,On Time
D005174,O005533,2026-02-24,2026-02-24,0,On Time
D005175,O005534,2025-12-26,2025-12-26,0,On Time
D005176,O005535,2026-03-01,2026-03-01,0,On Time
D005177,O005537,2026-04-23,2026-04-23,0,On Time
D005178,O005539,2026-03-09,2026-03-09,0,On Time
D005179,O005540,2025-05-21,2025-05-21,0,On Time
D005180,O005541,2025-12-14,2025-12-14,0,On Time
D005181,O005542,2026-03-13,2026-03-13,0,On Time
D005182,O005543,2026-07-22,2026-07-27,5,Late
D005183,O005544,2026-07-19,2026-07-18,0,On Time
D005184,O005545,2026-06-01,2026-06-08,7,Late
D005185,O005546,2026-05-14,2026-05-14,0,On Time
D005186,O005547,2025-08-20,2025-08-19,0,On Time
D005187,O005548,2025-03-18,2025-03-19,1,Late
D005188,O005549,2026-05-25,2026-05-25,0,On Time
D005189,O005550,2025-11-02,2025-11-02,0,On Time
D005190,O005551,2026-06-24,2026-06-24,0,On Time
D005191,O005552,2025-12-19,2025-12-18,0,On Time
D005192,O005553,2026-02-22,2026-02-24,2,Late
D005193,O005554,2026-01-12,2026-01-12,0,On Time
D005194,O005555,2026-08-05,2026-08-05,0,On Time
D005195,O005556,2026-04-30,2026-04-30,0,On Time
D005196,O005557,2026-08-24,2026-08-24,0,On Time
D005197,O005558,2025-06-15,2025-06-15,0,On Time
D005198,O005559,2026-03-10,2026-03-10,0,On Time
D005199,O005560,2026-05-27,2026-05-27,0,On Time
D005200,O005561,2025-12-26,2025-12-26,0,On Time
D005201,O005562,2026-06-17,2026-06-17,0,On Time
D005202,O005563,2026-05-31,2026-05-31,0,On Time
D005203,O005564,2025-06-29,2025-06-28,0,On Time
D005204,O005565,2025-10-08,2025-10-08,0,On Time
D005205,O005566,2026-07-21,2026-07-21,0,On Time
D005206,O005567,2026-06-19,2026-06-19,0,On Time
D005207,O005568,2026-03-14,2026-03-14,0,On Time
D005208,O005569,2026-08-19,2026-08-19,0,On Time
D005209,O005570,2025-11-16,2025-11-16,0,On Time
D005210,O005571,2025-08-21,2025-08-24,3,Late
D005211,O005572,2026-08-10,2026-08-10,0,On Time
D005212,O005573,2026-03-06,2026-03-06,0,On Time
D005213,O005574,2026-06-21,2026-06-21,0,On Time
D005214,O005575,2025-10-26,2025-10-26,0,On Time
D005215,O005577,2026-07-28,2026-08-02,5,Late
D005216,O005579,2025-06-10,2025-06-10,0,On Time
D005217,O005581,2026-08-16,2026-08-18,2,Late
D005218,O005582,2025-08-18,2025-08-18,0,On Time
D005219,O005583,2026-01-07,2026-01-07,0,On Time
D005220,O005585,2026-07-31,2026-07-31,0,On Time
D005221,O005586,2025-07-11,2025-07-11,0,On Time
D005222,O005587,2026-08-08,2026-08-07,0,On Time
D005223,O005588,2026-06-29,2026-06-29,0,On Time
D005224,O005590,2025-09-19,2025-09-19,0,On Time
D005225,O005591,2025-07-31,2025-08-01,1,Late
D005226,O005592,2026-07-11,2026-07-11,0,On Time
D005227,O005593,2026-08-10,2026-08-10,0,On Time
D005228,O005594,2026-07-09,2026-07-09,0,On Time
D005229,O005595,2025-05-02,2025-05-02,0,On Time
D005230,O005596,2026-04-09,2026-04-09,0,On Time
D005231,O005597,2026-08-07,2026-08-07,0,On Time
D005232,O005598,2025-03-26,2025-03-25,0,On Time
D005233,O005599,2026-03-20,2026-03-19,0,On Time
D005234,O005600,2026-05-18,2026-05-18,0,On Time
D005235,O005602,2025-12-02,2025-12-02,0,On Time
D005236,O005603,2025-06-09,2025-06-09,0,On Time
D005237,O005604,2025-05-09,2025-05-08,0,On Time
D005238,O005605,2026-07-13,2026-07-13,0,On Time
D005239,O005606,2026-07-16,2026-07-16,0,On Time
D005240,O005607,2026-08-06,2026-08-08,2,Late
D005241,O005608,2026-04-25,2026-04-25,0,On Time
D005242,O005609,2026-05-09,2026-05-09,0,On Time
D005243,O005610,2026-08-16,2026-08-21,5,Late
D005244,O005611,2025-10-04,2025-10-04,0,On Time
D005245,O005612,2025-03-29,2025-03-29,0,On Time
D005246,O005613,2026-07-05,2026-07-07,2,Late
D005247,O005614,2025-04-22,2025-04-24,2,Late
D005248,O005615,2026-07-01,2026-06-30,0,On Time
D005249,O005617,2026-07-11,2026-07-12,1,Late
D005250,O005618,2026-08-23,2026-08-23,0,On Time
D005251,O005619,2026-03-02,2026-03-02,0,On Time
D005252,O005620,2025-09-08,2025-09-08,0,On Time
D005253,O005621,2026-04-10,2026-04-10,0,On Time
D005254,O005622,2025-11-10,2025-11-17,7,Late
D005255,O005623,2026-03-28,2026-03-28,0,On Time
D005256,O005624,2026-07-21,2026-07-24,3,Late
D005257,O005625,2025-05-07,2025-05-07,0,On Time
D005258,O005627,2026-08-14,2026-08-14,0,On Time
D005259,O005628,2026-03-25,2026-03-25,0,On Time
D005260,O005629,2026-06-16,2026-06-16,0,On Time
D005261,O005630,2026-04-30,2026-04-30,0,On Time
D005262,O005631,2025-09-19,2025-09-19,0,On Time
D005263,O005632,2025-10-26,2025-10-27,1,Late
D005264,O005633,2025-08-24,2025-08-24,0,On Time
D005265,O005634,2026-07-26,2026-07-26,0,On Time
D005266,O005635,2026-06-13,2026-06-13,0,On Time
D005267,O005636,2026-06-08,2026-06-08,0,On Time
D005268,O005637,2026-04-26,2026-04-26,0,On Time
D005269,O005638,2025-07-24,2025-07-30,6,Late
D005270,O005640,2026-08-08,2026-08-08,0,On Time
D005271,O005641,2026-08-13,2026-08-12,0,On Time
D005272,O005642,2026-08-07,2026-08-07,0,On Time
D005273,O005643,2026-04-13,2026-04-13,0,On Time
D005274,O005644,2026-01-05,2026-01-04,0,On Time
D005275,O005645,2026-02-24,2026-03-01,5,Late
D005276,O005646,2025-09-12,2025-09-12,0,On Time
D005277,O005647,2026-03-24,2026-03-24,0,On Time
D005278,O005648,2025-04-19,2025-04-19,0,On Time
D005279,O005649,2026-03-06,2026-03-06,0,On Time
D005280,O005650,2026-04-28,2026-04-28,0,On Time
D005281,O005651,2026-02-18,2026-02-21,3,Late
D005282,O005652,2026-07-07,2026-07-09,2,Late
D005283,O005653,2025-11-23,2025-11-23,0,On Time
D005284,O005654,2026-03-04,2026-03-05,1,Late
D005285,O005655,2026-02-08,2026-02-07,0,On Time
D005286,O005656,2025-10-08,2025-10-08,0,On Time
D005287,O005657,2026-05-22,2026-05-22,0,On Time
D005288,O005658,2025-10-25,2025-10-28,3,Late
D005289,O005659,2026-07-21,2026-07-21,0,On Time
D005290,O005660,2026-02-12,2026-02-12,0,On Time
D005291,O005661,2026-02-07,2026-02-07,0,On Time
D005292,O005662,2026-02-02,2026-02-04,2,Late
D005293,O005663,2026-08-07,2026-08-07,0,On Time
D005294,O005664,2026-04-17,2026-04-17,0,On Time
D005295,O005665,2026-07-15,2026-07-15,0,On Time
D005296,O005666,2026-06-08,2026-06-10,2,Late
D005297,O005667,2026-03-03,2026-03-05,2,Late
D005298,O005668,2026-01-23,2026-01-23,0,On Time
D005299,O005669,2026-08-09,2026-08-10,1,Late
D005300,O005670,2025-09-04,2025-09-04,0,On Time
D005301,O005671,2026-08-16,2026-08-16,0,On Time
D005302,O005672,2026-05-20,2026-05-21,1,Late
D005303,O005673,2026-03-04,2026-03-03,0,On Time
D005304,O005674,2026-06-08,2026-06-08,0,On Time
D005305,O005675,2025-08-12,2025-08-11,0,On Time
D005306,O005677,2026-08-20,2026-08-20,0,On Time
D005307,O005678,2026-02-13,2026-02-13,0,On Time
D005308,O005679,2026-08-18,2026-08-18,0,On Time
D005309,O005680,2026-01-12,2026-01-13,1,Late
D005310,O005681,2026-08-21,2026-08-21,0,On Time
D005311,O005682,2026-06-20,2026-06-20,0,On Time
D005312,O005683,2026-06-28,2026-06-28,0,On Time
D005313,O005684,2026-04-11,2026-04-11,0,On Time
D005314,O005685,2026-04-10,2026-04-10,0,On Time
D005315,O005686,2026-06-19,2026-06-19,0,On Time
D005316,O005687,2026-05-14,2026-05-14,0,On Time
D005317,O005688,2026-08-04,2026-08-06,2,Late
D005318,O005689,2026-06-01,2026-06-01,0,On Time
D005319,O005690,2026-07-10,2026-07-10,0,On Time
D005320,O005691,2025-03-15,2025-03-15,0,On Time
D005321,O005693,2025-06-13,2025-06-19,6,Late
D005322,O005694,2025-10-16,2025-10-16,0,On Time
D005323,O005695,2026-03-17,2026-03-16,0,On Time
D005324,O005696,2025-11-21,2025-11-21,0,On Time
D005325,O005697,2025-06-19,2025-06-19,0,On Time
D005326,O005698,2025-04-11,2025-04-10,0,On Time
D005327,O005699,2026-07-16,2026-07-16,0,On Time
D005328,O005700,2026-03-18,2026-03-17,0,On Time
D005329,O005701,2025-11-28,2025-11-28,0,On Time
D005330,O005702,2025-07-21,2025-07-21,0,On Time
D005331,O005703,2025-12-05,2025-12-05,0,On Time
D005332,O005704,2026-07-10,2026-07-10,0,On Time
D005333,O005705,2025-12-26,2025-12-26,0,On Time
D005334,O005706,2025-06-30,2025-06-30,0,On Time
D005335,O005707,2026-03-01,2026-03-01,0,On Time
D005336,O005708,2026-02-28,2026-02-27,0,On Time
D005337,O005709,2026-01-09,2026-01-09,0,On Time
D005338,O005711,2025-05-08,2025-05-08,0,On Time
D005339,O005712,2026-03-17,2026-03-17,0,On Time
D005340,O005713,2026-05-30,2026-05-30,0,On Time
D005341,O005714,2026-01-03,2026-01-08,5,Late
D005342,O005715,2025-11-05,2025-11-05,0,On Time
D005343,O005717,2026-03-30,2026-04-05,6,Late
D005344,O005718,2025-12-08,2025-12-07,0,On Time
D005345,O005719,2026-07-25,2026-07-25,0,On Time
D005346,O005720,2026-06-05,2026-06-09,4,Late
D005347,O005721,2026-01-13,2026-01-14,1,Late
D005348,O005722,2026-02-26,2026-02-26,0,On Time
D005349,O005723,2026-02-17,2026-02-19,2,Late
D005350,O005724,2025-05-04,2025-05-04,0,On Time
D005351,O005725,2026-01-30,2026-01-30,0,On Time
D005352,O005727,2026-08-17,2026-08-16,0,On Time
D005353,O005728,2026-08-21,2026-08-23,2,Late
D005354,O005729,2026-08-02,2026-08-02,0,On Time
D005355,O005730,2025-10-09,2025-10-14,5,Late
D005356,O005731,2025-12-24,2025-12-24,0,On Time
D005357,O005732,2025-07-30,2025-08-02,3,Late
D005358,O005733,2025-12-26,2025-12-26,0,On Time
D005359,O005734,2026-02-13,2026-02-13,0,On Time
D005360,O005735,2025-08-14,2025-08-14,0,On Time
D005361,O005736,2026-01-25,2026-01-25,0,On Time
D005362,O005737,2025-08-09,2025-08-09,0,On Time
D005363,O005738,2026-05-12,2026-05-17,5,Late
D005364,O005739,2026-04-10,2026-04-11,1,Late
D005365,O005740,2026-05-07,2026-05-06,0,On Time
D005366,O005742,2026-08-19,2026-08-18,0,On Time
D005367,O005743,2026-06-20,2026-06-20,0,On Time
D005368,O005744,2025-10-05,2025-10-05,0,On Time
D005369,O005746,2025-05-04,2025-05-04,0,On Time
D005370,O005747,2026-03-10,2026-03-10,0,On Time
D005371,O005748,2026-01-19,2026-01-19,0,On Time
D005372,O005749,2025-09-07,2025-09-07,0,On Time
D005373,O005750,2026-01-23,2026-01-23,0,On Time
D005374,O005751,2025-08-03,2025-08-03,0,On Time
D005375,O005752,2026-06-11,2026-06-11,0,On Time
D005376,O005753,2026-04-25,2026-04-25,0,On Time
D005377,O005754,2026-06-11,2026-06-11,0,On Time
D005378,O005755,2025-09-29,2025-09-29,0,On Time
D005379,O005756,2025-12-05,2025-12-05,0,On Time
D005380,O005757,2026-06-06,2026-06-06,0,On Time
D005381,O005758,2026-07-08,2026-07-08,0,On Time
D005382,O005759,2025-06-24,2025-06-24,0,On Time
D005383,O005760,2025-09-07,2025-09-07,0,On Time
D005384,O005761,2026-03-31,2026-03-31,0,On Time
D005385,O005762,2026-07-22,2026-07-21,0,On Time
D005386,O005763,2025-04-17,2025-04-17,0,On Time
D005387,O005764,2026-02-27,2026-03-01,2,Late
D005388,O005765,2026-05-04,2026-05-04,0,On Time
D005389,O005766,2025-12-27,2025-12-27,0,On Time
D005390,O005767,2026-03-28,2026-03-28,0,On Time
D005391,O005768,2025-07-25,2025-07-25,0,On Time
D005392,O005769,2026-06-04,2026-06-11,7,Late
D005393,O005770,2025-09-13,2025-09-13,0,On Time
D005394,O005771,2026-07-04,2026-07-04,0,On Time
D005395,O005772,2026-07-01,2026-07-01,0,On Time
D005396,O005773,2026-07-02,2026-07-01,0,On Time
D005397,O005774,2025-12-11,2025-12-11,0,On Time
D005398,O005775,2025-08-29,2025-08-29,0,On Time
D005399,O005776,2026-07-24,2026-07-24,0,On Time
D005400,O005777,2026-01-21,2026-01-27,6,Late
D005401,O005778,2026-06-08,2026-06-15,7,Late
D005402,O005779,2025-11-25,2025-11-25,0,On Time
D005403,O005780,2026-01-07,2026-01-07,0,On Time
D005404,O005781,2026-06-01,2026-06-01,0,On Time
D005405,O005782,2025-11-03,2025-11-03,0,On Time
D005406,O005783,2026-06-19,2026-06-19,0,On Time
D005407,O005784,2026-05-21,2026-05-21,0,On Time
D005408,O005785,2026-03-17,2026-03-17,0,On Time
D005409,O005786,2025-07-25,2025-07-25,0,On Time
D005410,O005787,2026-06-25,2026-06-25,0,On Time
D005411,O005788,2026-04-03,2026-04-02,0,On Time
D005412,O005789,2026-05-01,2026-05-01,0,On Time
D005413,O005790,2026-06-11,2026-06-17,6,Late
D005414,O005791,2026-06-02,2026-06-09,7,Late
D005415,O005793,2025-08-20,2025-08-20,0,On Time
D005416,O005794,2026-07-13,2026-07-18,5,Late
D005417,O005795,2026-03-23,2026-03-22,0,On Time
D005418,O005796,2026-07-06,2026-07-05,0,On Time
D005419,O005797,2026-07-02,2026-07-01,0,On Time
D005420,O005798,2025-12-21,2025-12-25,4,Late
D005421,O005801,2025-07-31,2025-07-31,0,On Time
D005422,O005802,2026-01-28,2026-01-27,0,On Time
D005423,O005803,2025-10-23,2025-10-29,6,Late
D005424,O005804,2026-05-30,2026-05-31,1,Late
D005425,O005805,2025-06-25,2025-06-30,5,Late
D005426,O005806,2026-02-21,2026-02-21,0,On Time
D005427,O005807,2026-05-13,2026-05-13,0,On Time
D005428,O005808,2026-01-11,2026-01-11,0,On Time
D005429,O005809,2025-11-04,2025-11-04,0,On Time
D005430,O005810,2025-12-03,2025-12-02,0,On Time
D005431,O005811,2026-04-30,2026-04-30,0,On Time
D005432,O005812,2026-05-22,2026-05-22,0,On Time
D005433,O005813,2026-03-08,2026-03-08,0,On Time
D005434,O005814,2025-11-10,2025-11-17,7,Late
D005435,O005815,2026-06-07,2026-06-12,5,Late
D005436,O005816,2025-12-15,2025-12-15,0,On Time
D005437,O005817,2026-02-27,2026-02-27,0,On Time
D005438,O005818,2026-04-15,2026-04-19,4,Late
D005439,O005819,2026-03-15,2026-03-14,0,On Time
D005440,O005820,2026-08-21,2026-08-21,0,On Time
D005441,O005821,2026-06-21,2026-06-20,0,On Time
D005442,O005822,2026-04-13,2026-04-13,0,On Time
D005443,O005823,2026-02-20,2026-02-20,0,On Time
D005444,O005824,2025-09-22,2025-09-21,0,On Time
D005445,O005825,2026-02-02,2026-02-01,0,On Time
D005446,O005826,2026-02-05,2026-02-08,3,Late
D005447,O005827,2026-05-09,2026-05-09,0,On Time
D005448,O005828,2026-07-05,2026-07-05,0,On Time
D005449,O005829,2026-05-24,2026-05-24,0,On Time
D005450,O005830,2026-05-03,2026-05-03,0,On Time
D005451,O005831,2025-07-01,2025-07-01,0,On Time
D005452,O005832,2025-12-02,2025-12-02,0,On Time
D005453,O005833,2025-03-03,2025-03-10,7,Late
D005454,O005834,2026-05-22,2026-05-22,0,On Time
D005455,O005835,2025-11-24,2025-11-24,0,On Time
D005456,O005836,2026-06-28,2026-06-28,0,On Time
D005457,O005837,2025-09-12,2025-09-12,0,On Time
D005458,O005838,2026-04-08,2026-04-10,2,Late
D005459,O005839,2026-01-08,2026-01-08,0,On Time
D005460,O005840,2025-07-26,2025-07-29,3,Late
D005461,O005841,2026-07-16,2026-07-16,0,On Time
D005462,O005842,2026-03-31,2026-03-31,0,On Time
D005463,O005843,2025-10-23,2025-10-23,0,On Time
D005464,O005844,2026-01-25,2026-01-26,1,Late
D005465,O005845,2025-12-30,2026-01-04,5,Late
D005466,O005847,2026-05-29,2026-05-29,0,On Time
D005467,O005848,2025-08-27,2025-08-27,0,On Time
D005468,O005849,2026-06-22,2026-06-22,0,On Time
D005469,O005850,2026-06-27,2026-06-27,0,On Time
D005470,O005851,2026-07-04,2026-07-04,0,On Time
D005471,O005852,2025-05-10,2025-05-10,0,On Time
D005472,O005853,2026-01-20,2026-01-20,0,On Time
D005473,O005854,2026-06-14,2026-06-17,3,Late
D005474,O005855,2026-01-14,2026-01-14,0,On Time
D005475,O005856,2025-12-17,2025-12-17,0,On Time
D005476,O005857,2026-05-12,2026-05-19,7,Late
D005477,O005858,2025-05-08,2025-05-08,0,On Time
D005478,O005859,2026-05-31,2026-06-01,1,Late
D005479,O005860,2026-06-14,2026-06-14,0,On Time
D005480,O005861,2025-10-13,2025-10-12,0,On Time
D005481,O005863,2026-02-25,2026-02-25,0,On Time
D005482,O005864,2026-01-02,2026-01-02,0,On Time
D005483,O005865,2025-12-30,2025-12-30,0,On Time
D005484,O005866,2026-06-19,2026-06-26,7,Late
D005485,O005867,2026-05-19,2026-05-19,0,On Time
D005486,O005868,2025-12-27,2025-12-27,0,On Time
D005487,O005869,2026-04-03,2026-04-07,4,Late
D005488,O005870,2026-05-21,2026-05-21,0,On Time
D005489,O005871,2025-12-28,2025-12-28,0,On Time
D005490,O005872,2026-07-22,2026-07-25,3,Late
D005491,O005873,2026-04-19,2026-04-23,4,Late
D005492,O005874,2025-11-20,2025-11-20,0,On Time
D005493,O005875,2026-02-18,2026-02-18,0,On Time
D005494,O005876,2026-06-26,2026-06-25,0,On Time
D005495,O005878,2026-08-16,2026-08-16,0,On Time
D005496,O005879,2025-06-16,2025-06-16,0,On Time
D005497,O005880,2026-07-11,2026-07-11,0,On Time
D005498,O005881,2026-06-21,2026-06-21,0,On Time
D005499,O005882,2025-12-26,2025-12-26,0,On Time
D005500,O005883,2026-05-11,2026-05-10,0,On Time
D005501,O005884,2025-10-31,2025-11-06,6,Late
D005502,O005885,2026-04-13,2026-04-13,0,On Time
D005503,O005886,2026-04-03,2026-04-03,0,On Time
D005504,O005887,2025-08-20,2025-08-20,0,On Time
D005505,O005888,2026-02-21,2026-02-21,0,On Time
D005506,O005889,2026-08-12,2026-08-12,0,On Time
D005507,O005890,2026-01-02,2026-01-02,0,On Time
D005508,O005891,2026-02-22,2026-02-21,0,On Time
D005509,O005892,2026-03-28,2026-03-28,0,On Time
D005510,O005893,2026-07-17,2026-07-21,4,Late
D005511,O005894,2025-05-14,2025-05-19,5,Late
D005512,O005895,2026-06-07,2026-06-07,0,On Time
D005513,O005897,2025-12-28,2025-12-28,0,On Time
D005514,O005898,2026-06-04,2026-06-03,0,On Time
D005515,O005899,2026-07-20,2026-07-20,0,On Time
D005516,O005900,2026-04-26,2026-04-26,0,On Time
D005517,O005902,2026-03-12,2026-03-11,0,On Time
D005518,O005903,2026-01-25,2026-02-01,7,Late
D005519,O005905,2026-04-20,2026-04-20,0,On Time
D005520,O005906,2026-04-28,2026-04-28,0,On Time
D005521,O005908,2026-02-18,2026-02-17,0,On Time
D005522,O005909,2026-02-07,2026-02-07,0,On Time
D005523,O005910,2026-05-08,2026-05-08,0,On Time
D005524,O005911,2025-07-02,2025-07-02,0,On Time
D005525,O005912,2026-01-22,2026-01-28,6,Late
D005526,O005913,2026-08-04,2026-08-04,0,On Time
D005527,O005914,2026-04-05,2026-04-05,0,On Time
D005528,O005915,2025-02-13,2025-02-18,5,Late
D005529,O005916,2026-03-23,2026-03-23,0,On Time
D005530,O005917,2026-03-24,2026-03-24,0,On Time
D005531,O005918,2026-01-10,2026-01-10,0,On Time
D005532,O005919,2025-07-12,2025-07-18,6,Late
D005533,O005920,2026-01-24,2026-01-24,0,On Time
D005534,O005922,2026-01-30,2026-01-30,0,On Time
D005535,O005923,2026-03-09,2026-03-09,0,On Time
D005536,O005924,2026-06-16,2026-06-22,6,Late
D005537,O005925,2026-01-02,2026-01-02,0,On Time
D005538,O005927,2025-11-16,2025-11-16,0,On Time
D005539,O005928,2026-02-17,2026-02-17,0,On Time
D005540,O005929,2025-05-06,2025-05-06,0,On Time
D005541,O005931,2026-04-16,2026-04-20,4,Late
D005542,O005932,2025-12-16,2025-12-16,0,On Time
D005543,O005933,2025-10-13,2025-10-13,0,On Time
D005544,O005934,2026-05-23,2026-05-26,3,Late
D005545,O005936,2026-06-03,2026-06-03,0,On Time
D005546,O005937,2025-12-11,2025-12-11,0,On Time
D005547,O005938,2026-05-08,2026-05-08,0,On Time
D005548,O005939,2026-03-27,2026-03-28,1,Late
D005549,O005940,2026-05-16,2026-05-16,0,On Time
D005550,O005941,2026-07-27,2026-07-28,1,Late
D005551,O005942,2026-01-27,2026-01-26,0,On Time
D005552,O005943,2026-06-21,2026-06-21,0,On Time
D005553,O005944,2025-11-05,2025-11-05,0,On Time
D005554,O005945,2025-10-31,2025-11-05,5,Late
D005555,O005946,2026-01-15,2026-01-21,6,Late
D005556,O005947,2026-01-04,2026-01-04,0,On Time
D005557,O005948,2026-03-19,2026-03-18,0,On Time
D005558,O005949,2026-01-22,2026-01-22,0,On Time
D005559,O005950,2025-10-26,2025-10-26,0,On Time
D005560,O005951,2026-04-22,2026-04-22,0,On Time
D005561,O005952,2026-02-24,2026-02-24,0,On Time
D005562,O005953,2026-02-18,2026-02-18,0,On Time
D005563,O005955,2026-04-28,2026-04-28,0,On Time
D005564,O005956,2025-04-24,2025-04-24,0,On Time
D005565,O005957,2026-01-20,2026-01-20,0,On Time
D005566,O005958,2026-04-15,2026-04-22,7,Late
D005567,O005959,2026-08-04,2026-08-04,0,On Time
D005568,O005960,2026-05-01,2026-05-01,0,On Time
D005569,O005961,2026-08-04,2026-08-04,0,On Time
D005570,O005962,2025-09-18,2025-09-18,0,On Time
D005571,O005963,2026-06-12,2026-06-12,0,On Time
D005572,O005964,2026-08-22,2026-08-22,0,On Time
D005573,O005965,2025-08-21,2025-08-21,0,On Time
D005574,O005966,2025-07-25,2025-07-25,0,On Time
D005575,O005967,2026-06-03,2026-06-02,0,On Time
D005576,O005968,2025-07-02,2025-07-05,3,Late
D005577,O005969,2025-12-23,2025-12-23,0,On Time
D005578,O005970,2026-02-01,2026-02-01,0,On Time
D005579,O005971,2026-06-17,2026-06-17,0,On Time
D005580,O005972,2025-09-20,2025-09-20,0,On Time
D005581,O005973,2026-03-15,2026-03-15,0,On Time
D005582,O005974,2026-07-09,2026-07-08,0,On Time
D005583,O005975,2026-02-04,2026-02-09,5,Late
D005584,O005976,2026-03-26,2026-03-26,0,On Time
D005585,O005977,2025-10-21,2025-10-21,0,On Time
D005586,O005978,2026-02-01,2026-02-01,0,On Time
D005587,O005980,2025-11-10,2025-11-10,0,On Time
D005588,O005981,2026-08-14,2026-08-14,0,On Time
D005589,O005982,2026-06-16,2026-06-16,0,On Time
D005590,O005983,2026-07-31,2026-07-31,0,On Time
D005591,O005984,2026-06-10,2026-06-10,0,On Time
D005592,O005985,2026-06-18,2026-06-18,0,On Time
D005593,O005986,2026-02-24,2026-02-24,0,On Time
D005594,O005987,2026-03-09,2026-03-09,0,On Time
D005595,O005988,2025-11-14,2025-11-13,0,On Time
D005596,O005989,2026-05-23,2026-05-23,0,On Time
D005597,O005990,2026-02-22,2026-02-22,0,On Time
D005598,O005991,2026-04-02,2026-04-01,0,On Time
D005599,O005992,2025-12-21,2025-12-21,0,On Time
D005600,O005994,2026-04-26,2026-04-26,0,On Time
D005601,O005995,2026-02-23,2026-02-23,0,On Time
D005602,O005996,2025-06-25,2025-07-02,7,Late
D005603,O005997,2026-06-12,2026-06-12,0,On Time
D005604,O005998,2026-04-22,2026-04-22,0,On Time
D005605,O005999,2026-03-25,2026-03-25,0,On Time
D005606,O006000,2026-07-05,2026-07-05,0,On Time
D005607,O006001,2026-07-08,2026-07-10,2,Late
D005608,O006002,2026-03-03,2026-03-09,6,Late
D005609,O006003,2026-08-10,2026-08-10,0,On Time
D005610,O006004,2026-04-29,2026-04-29,0,On Time
D005611,O006005,2026-01-16,2026-01-15,0,On Time
D005612,O006006,2025-12-06,2025-12-06,0,On Time
D005613,O006007,2025-10-16,2025-10-16,0,On Time
D005614,O006008,2026-07-29,2026-08-02,4,Late
D005615,O006009,2026-07-11,2026-07-11,0,On Time
D005616,O006010,2025-07-07,2025-07-06,0,On Time
D005617,O006011,2026-05-07,2026-05-06,0,On Time
D005618,O006012,2026-03-19,2026-03-19,0,On Time
D005619,O006013,2026-07-03,2026-07-03,0,On Time
D005620,O006014,2026-04-14,2026-04-14,0,On Time
D005621,O006015,2026-04-09,2026-04-13,4,Late
D005622,O006016,2026-03-29,2026-03-29,0,On Time
D005623,O006018,2026-04-25,2026-04-25,0,On Time
D005624,O006019,2026-04-18,2026-04-18,0,On Time
D005625,O006020,2025-08-06,2025-08-06,0,On Time
D005626,O006021,2025-08-19,2025-08-19,0,On Time
D005627,O006022,2026-08-20,2026-08-20,0,On Time
D005628,O006023,2026-06-11,2026-06-11,0,On Time
D005629,O006024,2026-04-27,2026-04-27,0,On Time
D005630,O006025,2026-06-29,2026-06-29,0,On Time
D005631,O006026,2026-05-13,2026-05-12,0,On Time
D005632,O006027,2025-06-21,2025-06-21,0,On Time
D005633,O006028,2026-07-10,2026-07-09,0,On Time
D005634,O006029,2026-08-14,2026-08-14,0,On Time
D005635,O006030,2025-06-24,2025-06-24,0,On Time
D005636,O006031,2026-05-03,2026-05-03,0,On Time
D005637,O006032,2026-03-28,2026-03-28,0,On Time
D005638,O006033,2025-04-15,2025-04-15,0,On Time
D005639,O006034,2026-02-24,2026-02-23,0,On Time
D005640,O006035,2026-03-21,2026-03-22,1,Late
D005641,O006036,2025-10-15,2025-10-15,0,On Time
D005642,O006037,2025-12-05,2025-12-12,7,Late
D005643,O006038,2025-06-29,2025-06-29,0,On Time
D005644,O006039,2025-10-16,2025-10-15,0,On Time
D005645,O006040,2026-05-18,2026-05-18,0,On Time
D005646,O006041,2025-06-02,2025-06-02,0,On Time
D005647,O006042,2026-08-17,2026-08-17,0,On Time
D005648,O006043,2025-08-20,2025-08-25,5,Late
D005649,O006044,2026-06-02,2026-06-02,0,On Time
D005650,O006045,2025-05-27,2025-05-27,0,On Time
D005651,O006046,2025-12-10,2025-12-13,3,Late
D005652,O006047,2026-01-09,2026-01-08,0,On Time
D005653,O006048,2025-05-15,2025-05-15,0,On Time
D005654,O006049,2025-07-15,2025-07-14,0,On Time
D005655,O006050,2026-03-10,2026-03-10,0,On Time
D005656,O006051,2025-05-29,2025-06-04,6,Late
D005657,O006052,2025-12-09,2025-12-09,0,On Time
D005658,O006053,2026-06-02,2026-06-02,0,On Time
D005659,O006054,2026-05-10,2026-05-10,0,On Time
D005660,O006055,2026-02-12,2026-02-12,0,On Time
D005661,O006056,2026-03-03,2026-03-07,4,Late
D005662,O006057,2026-06-10,2026-06-10,0,On Time
D005663,O006058,2026-05-21,2026-05-21,0,On Time
D005664,O006059,2026-05-26,2026-05-26,0,On Time
D005665,O006060,2026-05-03,2026-05-03,0,On Time
D005666,O006061,2026-03-11,2026-03-16,5,Late
D005667,O006062,2026-06-25,2026-06-25,0,On Time
D005668,O006063,2025-12-26,2025-12-25,0,On Time
D005669,O006064,2026-08-17,2026-08-17,0,On Time
D005670,O006065,2026-01-20,2026-01-20,0,On Time
D005671,O006067,2026-04-13,2026-04-12,0,On Time
D005672,O006068,2025-10-10,2025-10-10,0,On Time
D005673,O006069,2026-07-26,2026-07-26,0,On Time
D005674,O006070,2026-08-01,2026-08-01,0,On Time
D005675,O006071,2026-07-16,2026-07-16,0,On Time
D005676,O006072,2026-06-16,2026-06-16,0,On Time
D005677,O006073,2026-05-20,2026-05-19,0,On Time
D005678,O006074,2026-05-23,2026-05-23,0,On Time
D005679,O006075,2025-04-15,2025-04-22,7,Late
D005680,O006076,2026-04-14,2026-04-16,2,Late
D005681,O006077,2026-07-26,2026-07-26,0,On Time
D005682,O006078,2026-08-20,2026-08-20,0,On Time
D005683,O006079,2026-04-26,2026-04-25,0,On Time
D005684,O006080,2026-01-25,2026-01-24,0,On Time
D005685,O006081,2026-07-03,2026-07-05,2,Late
D005686,O006082,2026-08-21,2026-08-21,0,On Time
D005687,O006083,2026-06-14,2026-06-14,0,On Time
D005688,O006084,2025-12-18,2025-12-18,0,On Time
D005689,O006086,2026-01-29,2026-01-29,0,On Time
D005690,O006087,2026-02-06,2026-02-06,0,On Time
D005691,O006088,2026-03-23,2026-03-23,0,On Time
D005692,O006089,2026-08-21,2026-08-21,0,On Time
D005693,O006090,2026-04-20,2026-04-20,0,On Time
D005694,O006091,2025-11-17,2025-11-19,2,Late
D005695,O006093,2026-04-17,2026-04-17,0,On Time
D005696,O006095,2025-04-12,2025-04-16,4,Late
D005697,O006097,2026-06-19,2026-06-19,0,On Time
D005698,O006098,2026-05-05,2026-05-04,0,On Time
D005699,O006099,2026-01-19,2026-01-19,0,On Time
D005700,O006100,2025-12-03,2025-12-03,0,On Time
D005701,O006101,2026-03-28,2026-03-28,0,On Time
D005702,O006102,2025-11-09,2025-11-09,0,On Time
D005703,O006103,2026-05-30,2026-05-30,0,On Time
D005704,O006104,2025-05-31,2025-05-31,0,On Time
D005705,O006105,2026-04-12,2026-04-12,0,On Time
D005706,O006106,2026-05-11,2026-05-11,0,On Time
D005707,O006107,2026-03-24,2026-03-24,0,On Time
D005708,O006108,2026-07-13,2026-07-12,0,On Time
D005709,O006109,2026-01-09,2026-01-09,0,On Time
D005710,O006110,2026-07-02,2026-07-09,7,Late
D005711,O006112,2026-03-15,2026-03-15,0,On Time
D005712,O006113,2026-02-25,2026-02-25,0,On Time
D005713,O006114,2025-08-27,2025-08-27,0,On Time
D005714,O006115,2026-03-11,2026-03-11,0,On Time
D005715,O006116,2026-04-20,2026-04-19,0,On Time
D005716,O006117,2026-07-02,2026-07-02,0,On Time
D005717,O006118,2026-04-28,2026-04-28,0,On Time
D005718,O006119,2025-04-22,2025-04-22,0,On Time
D005719,O006120,2026-06-10,2026-06-10,0,On Time
D005720,O006121,2026-08-13,2026-08-16,3,Late
D005721,O006123,2026-08-22,2026-08-22,0,On Time
D005722,O006124,2026-05-06,2026-05-13,7,Late
D005723,O006125,2025-11-30,2025-11-30,0,On Time
D005724,O006126,2026-03-19,2026-03-19,0,On Time
D005725,O006127,2025-09-02,2025-09-02,0,On Time
D005726,O006128,2025-03-13,2025-03-13,0,On Time
D005727,O006129,2026-06-16,2026-06-16,0,On Time
D005728,O006130,2026-03-06,2026-03-06,0,On Time
D005729,O006131,2026-08-17,2026-08-17,0,On Time
D005730,O006132,2026-07-25,2026-07-25,0,On Time
D005731,O006133,2026-02-15,2026-02-15,0,On Time
D005732,O006134,2026-06-24,2026-06-24,0,On Time
D005733,O006135,2025-12-21,2025-12-21,0,On Time
D005734,O006137,2025-12-26,2025-12-26,0,On Time
D005735,O006138,2026-07-27,2026-07-26,0,On Time
D005736,O006139,2026-07-02,2026-07-02,0,On Time
D005737,O006140,2026-05-11,2026-05-17,6,Late
D005738,O006142,2026-06-19,2026-06-19,0,On Time
D005739,O006143,2026-08-07,2026-08-07,0,On Time
D005740,O006144,2025-12-14,2025-12-14,0,On Time
D005741,O006145,2026-04-07,2026-04-07,0,On Time
D005742,O006146,2025-10-06,2025-10-06,0,On Time
D005743,O006147,2026-03-28,2026-04-03,6,Late
D005744,O006148,2026-07-21,2026-07-22,1,Late
D005745,O006149,2026-01-20,2026-01-25,5,Late
D005746,O006150,2026-08-23,2026-08-27,4,Late
D005747,O006151,2025-12-16,2025-12-16,0,On Time
D005748,O006152,2026-05-08,2026-05-08,0,On Time
D005749,O006153,2026-02-23,2026-02-28,5,Late
D005750,O006154,2026-03-21,2026-03-21,0,On Time
D005751,O006155,2026-05-10,2026-05-11,1,Late
D005752,O006156,2026-01-27,2026-01-27,0,On Time
D005753,O006157,2025-09-26,2025-09-26,0,On Time
D005754,O006158,2026-06-18,2026-06-18,0,On Time
D005755,O006159,2026-01-16,2026-01-16,0,On Time
D005756,O006160,2026-05-06,2026-05-06,0,On Time
D005757,O006161,2026-06-19,2026-06-26,7,Late
D005758,O006162,2026-05-13,2026-05-13,0,On Time
D005759,O006163,2026-03-07,2026-03-07,0,On Time
D005760,O006164,2026-07-15,2026-07-15,0,On Time
D005761,O006166,2026-05-22,2026-05-21,0,On Time
D005762,O006167,2026-07-03,2026-07-10,7,Late
D005763,O006168,2026-07-06,2026-07-06,0,On Time
D005764,O006169,2026-08-17,2026-08-18,1,Late
D005765,O006170,2026-03-18,2026-03-18,0,On Time
D005766,O006171,2026-03-19,2026-03-19,0,On Time
D005767,O006172,2025-11-28,2025-11-28,0,On Time
D005768,O006173,2026-06-02,2026-06-02,0,On Time
D005769,O006174,2026-01-15,2026-01-18,3,Late
D005770,O006175,2026-08-14,2026-08-14,0,On Time
D005771,O006176,2026-02-12,2026-02-12,0,On Time
D005772,O006177,2026-06-18,2026-06-18,0,On Time
D005773,O006178,2025-09-22,2025-09-21,0,On Time
D005774,O006179,2026-05-05,2026-05-05,0,On Time
D005775,O006180,2026-02-20,2026-02-25,5,Late
D005776,O006182,2026-04-25,2026-04-25,0,On Time
D005777,O006183,2026-02-24,2026-02-23,0,On Time
D005778,O006184,2025-10-08,2025-10-08,0,On Time
D005779,O006185,2026-01-13,2026-01-13,0,On Time
D005780,O006186,2026-04-18,2026-04-18,0,On Time
D005781,O006187,2026-06-21,2026-06-20,0,On Time
D005782,O006189,2026-08-22,2026-08-24,2,Late
D005783,O006190,2026-07-01,2026-07-01,0,On Time
D005784,O006191,2026-03-04,2026-03-04,0,On Time
D005785,O006192,2025-08-06,2025-08-06,0,On Time
D005786,O006193,2026-01-10,2026-01-10,0,On Time
D005787,O006194,2026-04-17,2026-04-16,0,On Time
D005788,O006195,2026-05-23,2026-05-23,0,On Time
D005789,O006196,2025-04-06,2025-04-05,0,On Time
D005790,O006197,2026-06-30,2026-06-30,0,On Time
D005791,O006198,2026-04-05,2026-04-09,4,Late
D005792,O006199,2026-07-28,2026-07-28,0,On Time
D005793,O006200,2026-05-13,2026-05-13,0,On Time
D005794,O006201,2026-05-03,2026-05-03,0,On Time
D005795,O006202,2025-12-10,2025-12-10,0,On Time
D005796,O006203,2026-04-05,2026-04-05,0,On Time
D005797,O006204,2026-04-13,2026-04-15,2,Late
D005798,O006205,2026-06-24,2026-06-28,4,Late
D005799,O006206,2025-12-29,2025-12-29,0,On Time
D005800,O006208,2026-02-20,2026-02-21,1,Late
D005801,O006209,2026-03-15,2026-03-15,0,On Time
D005802,O006210,2026-08-22,2026-08-22,0,On Time
D005803,O006213,2026-08-02,2026-08-05,3,Late
D005804,O006214,2025-10-10,2025-10-15,5,Late
D005805,O006215,2026-07-13,2026-07-12,0,On Time
D005806,O006217,2026-01-17,2026-01-22,5,Late
D005807,O006218,2026-07-07,2026-07-07,0,On Time
D005808,O006219,2026-06-03,2026-06-03,0,On Time
D005809,O006220,2026-05-18,2026-05-18,0,On Time
D005810,O006221,2026-02-08,2026-02-08,0,On Time
D005811,O006222,2026-05-12,2026-05-12,0,On Time
D005812,O006224,2025-12-06,2025-12-06,0,On Time
D005813,O006225,2026-05-30,2026-05-30,0,On Time
D005814,O006226,2026-04-05,2026-04-04,0,On Time
D005815,O006227,2026-04-10,2026-04-10,0,On Time
D005816,O006228,2026-07-24,2026-07-24,0,On Time
D005817,O006229,2026-05-03,2026-05-02,0,On Time
D005818,O006230,2026-05-01,2026-05-01,0,On Time
D005819,O006231,2026-04-03,2026-04-03,0,On Time
D005820,O006232,2026-06-05,2026-06-05,0,On Time
D005821,O006233,2026-07-06,2026-07-06,0,On Time
D005822,O006234,2026-04-12,2026-04-18,6,Late
D005823,O006235,2025-09-05,2025-09-12,7,Late
D005824,O006237,2026-06-01,2026-06-01,0,On Time
D005825,O006238,2026-07-02,2026-07-02,0,On Time
D005826,O006239,2026-01-02,2026-01-02,0,On Time
D005827,O006240,2026-07-14,2026-07-14,0,On Time
D005828,O006241,2025-10-09,2025-10-09,0,On Time
D005829,O006242,2025-12-14,2025-12-14,0,On Time
D005830,O006243,2025-09-03,2025-09-02,0,On Time
D005831,O006244,2026-07-14,2026-07-14,0,On Time
D005832,O006245,2026-05-22,2026-05-22,0,On Time
D005833,O006246,2026-07-30,2026-07-30,0,On Time
D005834,O006247,2025-05-09,2025-05-09,0,On Time
D005835,O006248,2026-07-10,2026-07-10,0,On Time
D005836,O006249,2026-03-14,2026-03-17,3,Late
D005837,O006250,2026-07-31,2026-08-04,4,Late
D005838,O006251,2026-06-23,2026-06-22,0,On Time
D005839,O006252,2026-08-14,2026-08-14,0,On Time
D005840,O006253,2026-03-03,2026-03-10,7,Late
D005841,O006254,2025-11-01,2025-11-01,0,On Time
D005842,O006255,2025-08-22,2025-08-22,0,On Time
D005843,O006256,2026-08-12,2026-08-12,0,On Time
D005844,O006257,2025-10-05,2025-10-05,0,On Time
D005845,O006258,2026-07-26,2026-07-25,0,On Time
D005846,O006259,2026-03-28,2026-03-27,0,On Time
D005847,O006260,2026-07-26,2026-08-02,7,Late
D005848,O006261,2026-07-26,2026-07-26,0,On Time
D005849,O006262,2026-05-14,2026-05-14,0,On Time
D005850,O006263,2026-05-02,2026-05-02,0,On Time
D005851,O006264,2026-06-13,2026-06-13,0,On Time
D005852,O006265,2026-06-02,2026-06-02,0,On Time
D005853,O006266,2026-06-07,2026-06-07,0,On Time
D005854,O006268,2025-11-03,2025-11-03,0,On Time
D005855,O006269,2025-11-04,2025-11-03,0,On Time
D005856,O006270,2026-08-06,2026-08-06,0,On Time
D005857,O006271,2026-02-02,2026-02-04,2,Late
D005858,O006272,2025-07-21,2025-07-21,0,On Time
D005859,O006273,2025-09-09,2025-09-09,0,On Time
D005860,O006275,2026-02-10,2026-02-10,0,On Time
D005861,O006276,2025-11-07,2025-11-07,0,On Time
D005862,O006277,2026-05-25,2026-05-25,0,On Time
D005863,O006278,2026-07-04,2026-07-10,6,Late
D005864,O006279,2025-07-07,2025-07-08,1,Late
D005865,O006280,2025-11-26,2025-11-26,0,On Time
D005866,O006281,2025-10-20,2025-10-20,0,On Time
D005867,O006282,2026-01-17,2026-01-19,2,Late
D005868,O006283,2026-07-18,2026-07-25,7,Late
D005869,O006285,2026-07-04,2026-07-04,0,On Time
D005870,O006286,2026-08-13,2026-08-13,0,On Time
D005871,O006287,2026-06-11,2026-06-11,0,On Time
D005872,O006288,2026-01-29,2026-01-29,0,On Time
D005873,O006289,2026-07-09,2026-07-09,0,On Time
D005874,O006290,2025-09-18,2025-09-18,0,On Time
D005875,O006291,2026-04-01,2026-04-07,6,Late
D005876,O006292,2026-03-01,2026-03-08,7,Late
D005877,O006293,2026-07-20,2026-07-20,0,On Time
D005878,O006294,2025-07-09,2025-07-09,0,On Time
D005879,O006295,2026-05-22,2026-05-24,2,Late
D005880,O006296,2026-07-05,2026-07-05,0,On Time
D005881,O006297,2026-03-12,2026-03-12,0,On Time
D005882,O006298,2026-03-30,2026-03-29,0,On Time
D005883,O006300,2026-01-27,2026-01-27,0,On Time
D005884,O006301,2025-09-30,2025-09-30,0,On Time
D005885,O006302,2026-06-29,2026-06-29,0,On Time
D005886,O006303,2026-06-06,2026-06-05,0,On Time
D005887,O006304,2026-06-28,2026-06-28,0,On Time
D005888,O006305,2026-04-04,2026-04-04,0,On Time
D005889,O006306,2026-07-20,2026-07-20,0,On Time
D005890,O006307,2025-12-18,2025-12-17,0,On Time
D005891,O006308,2026-02-13,2026-02-13,0,On Time
D005892,O006309,2026-07-17,2026-07-20,3,Late
D005893,O006310,2026-06-26,2026-06-26,0,On Time
D005894,O006311,2025-12-09,2025-12-09,0,On Time
D005895,O006312,2026-07-24,2026-07-28,4,Late
D005896,O006313,2025-12-27,2025-12-27,0,On Time
D005897,O006314,2026-07-06,2026-07-06,0,On Time
D005898,O006315,2026-06-27,2026-06-27,0,On Time
D005899,O006316,2026-03-25,2026-03-24,0,On Time
D005900,O006317,2025-11-23,2025-11-22,0,On Time
D005901,O006318,2026-05-21,2026-05-20,0,On Time
D005902,O006319,2026-06-14,2026-06-14,0,On Time
D005903,O006320,2026-01-24,2026-01-24,0,On Time
D005904,O006322,2026-02-09,2026-02-08,0,On Time
D005905,O006323,2026-06-17,2026-06-16,0,On Time
D005906,O006324,2026-05-06,2026-05-06,0,On Time
D005907,O006325,2026-07-28,2026-07-28,0,On Time
D005908,O006326,2026-03-25,2026-03-24,0,On Time
D005909,O006327,2025-06-06,2025-06-06,0,On Time
D005910,O006328,2026-06-20,2026-06-20,0,On Time
D005911,O006329,2026-05-30,2026-06-03,4,Late
D005912,O006330,2025-10-07,2025-10-07,0,On Time
D005913,O006331,2026-06-21,2026-06-21,0,On Time
D005914,O006332,2025-03-24,2025-03-25,1,Late
D005915,O006334,2025-09-24,2025-09-24,0,On Time
D005916,O006335,2025-04-17,2025-04-17,0,On Time
D005917,O006336,2025-06-05,2025-06-06,1,Late
D005918,O006337,2025-09-11,2025-09-11,0,On Time
D005919,O006338,2026-06-17,2026-06-17,0,On Time
D005920,O006339,2026-04-16,2026-04-16,0,On Time
D005921,O006341,2026-04-04,2026-04-04,0,On Time
D005922,O006342,2026-06-28,2026-06-27,0,On Time
D005923,O006344,2025-10-28,2025-10-28,0,On Time
D005924,O006345,2025-05-16,2025-05-16,0,On Time
D005925,O006346,2026-04-06,2026-04-13,7,Late
D005926,O006347,2026-08-10,2026-08-10,0,On Time
D005927,O006348,2026-02-08,2026-02-08,0,On Time
D005928,O006349,2025-07-05,2025-07-05,0,On Time
D005929,O006350,2026-05-25,2026-05-25,0,On Time
D005930,O006351,2026-05-08,2026-05-08,0,On Time
D005931,O006352,2026-07-15,2026-07-15,0,On Time
D005932,O006353,2025-10-01,2025-10-01,0,On Time
D005933,O006354,2026-02-01,2026-02-02,1,Late
D005934,O006355,2026-06-13,2026-06-13,0,On Time
D005935,O006356,2026-01-12,2026-01-12,0,On Time
D005936,O006357,2026-06-25,2026-06-26,1,Late
D005937,O006358,2026-06-17,2026-06-17,0,On Time
D005938,O006359,2026-02-19,2026-02-19,0,On Time
D005939,O006360,2026-04-25,2026-04-25,0,On Time
D005940,O006361,2026-05-09,2026-05-15,6,Late
D005941,O006362,2026-01-28,2026-01-29,1,Late
D005942,O006363,2026-06-17,2026-06-17,0,On Time
D005943,O006364,2025-12-20,2025-12-20,0,On Time
D005944,O006365,2025-12-01,2025-12-01,0,On Time
D005945,O006366,2025-08-16,2025-08-18,2,Late
D005946,O006367,2026-08-17,2026-08-17,0,On Time
D005947,O006368,2025-08-23,2025-08-23,0,On Time
D005948,O006369,2025-11-13,2025-11-13,0,On Time
D005949,O006370,2026-07-28,2026-07-27,0,On Time
D005950,O006371,2025-07-20,2025-07-19,0,On Time
D005951,O006372,2026-06-27,2026-06-27,0,On Time
D005952,O006373,2026-07-04,2026-07-04,0,On Time
D005953,O006374,2026-04-11,2026-04-10,0,On Time
D005954,O006375,2025-06-01,2025-06-01,0,On Time
D005955,O006376,2026-08-22,2026-08-22,0,On Time
D005956,O006377,2025-05-09,2025-05-14,5,Late
D005957,O006378,2026-03-26,2026-03-26,0,On Time
D005958,O006379,2026-05-31,2026-05-31,0,On Time
D005959,O006380,2025-11-08,2025-11-13,5,Late
D005960,O006381,2026-07-28,2026-07-29,1,Late
D005961,O006382,2026-07-18,2026-07-18,0,On Time
D005962,O006383,2026-07-20,2026-07-20,0,On Time
D005963,O006384,2025-11-06,2025-11-06,0,On Time
D005964,O006385,2025-11-29,2025-11-29,0,On Time
D005965,O006386,2026-07-30,2026-07-30,0,On Time
D005966,O006387,2025-06-11,2025-06-11,0,On Time
D005967,O006389,2025-09-05,2025-09-05,0,On Time
D005968,O006390,2025-07-03,2025-07-03,0,On Time
D005969,O006391,2026-06-03,2026-06-03,0,On Time
D005970,O006392,2026-05-14,2026-05-14,0,On Time
D005971,O006394,2025-12-03,2025-12-03,0,On Time
D005972,O006395,2026-04-17,2026-04-17,0,On Time
D005973,O006396,2025-04-01,2025-04-01,0,On Time
D005974,O006397,2026-04-28,2026-05-04,6,Late
D005975,O006398,2026-03-12,2026-03-16,4,Late
D005976,O006399,2025-11-11,2025-11-11,0,On Time
D005977,O006400,2026-01-12,2026-01-12,0,On Time
D005978,O006401,2025-04-08,2025-04-08,0,On Time
D005979,O006402,2026-02-15,2026-02-15,0,On Time
D005980,O006403,2026-04-22,2026-04-22,0,On Time
D005981,O006404,2025-12-02,2025-12-07,5,Late
D005982,O006405,2026-05-04,2026-05-04,0,On Time
D005983,O006406,2026-07-18,2026-07-18,0,On Time
D005984,O006407,2026-05-22,2026-05-21,0,On Time
D005985,O006408,2025-12-24,2025-12-24,0,On Time
D005986,O006409,2025-10-27,2025-10-27,0,On Time
D005987,O006410,2025-11-14,2025-11-14,0,On Time
D005988,O006411,2025-10-24,2025-10-24,0,On Time
D005989,O006412,2026-05-04,2026-05-04,0,On Time
D005990,O006413,2025-03-05,2025-03-05,0,On Time
D005991,O006414,2026-08-06,2026-08-06,0,On Time
D005992,O006415,2026-06-08,2026-06-08,0,On Time
D005993,O006416,2026-02-23,2026-02-23,0,On Time
D005994,O006417,2026-02-08,2026-02-08,0,On Time
D005995,O006418,2026-04-16,2026-04-16,0,On Time
D005996,O006419,2025-12-24,2025-12-23,0,On Time
D005997,O006420,2026-07-21,2026-07-21,0,On Time
D005998,O006421,2026-07-07,2026-07-07,0,On Time
D005999,O006422,2025-12-16,2025-12-16,0,On Time
D006000,O006423,2026-05-17,2026-05-17,0,On Time
D006001,O006424,2026-07-25,2026-07-25,0,On Time
D006002,O006425,2025-05-03,2025-05-02,0,On Time
D006003,O006426,2025-06-28,2025-06-28,0,On Time
D006004,O006427,2025-03-05,2025-03-05,0,On Time
D006005,O006428,2026-01-03,2026-01-02,0,On Time
D006006,O006429,2026-07-11,2026-07-10,0,On Time
D006007,O006430,2025-04-26,2025-04-26,0,On Time
D006008,O006431,2026-07-01,2026-07-07,6,Late
D006009,O006432,2026-06-07,2026-06-07,0,On Time
D006010,O006433,2026-02-20,2026-02-20,0,On Time
D006011,O006434,2025-07-11,2025-07-11,0,On Time
D006012,O006435,2025-01-20,2025-01-20,0,On Time
D006013,O006436,2026-04-02,2026-04-02,0,On Time
D006014,O006438,2026-01-08,2026-01-14,6,Late
D006015,O006439,2025-10-23,2025-10-23,0,On Time
D006016,O006440,2026-08-18,2026-08-18,0,On Time
D006017,O006441,2026-08-02,2026-08-02,0,On Time
D006018,O006442,2025-11-26,2025-11-25,0,On Time
D006019,O006443,2026-04-20,2026-04-20,0,On Time
D006020,O006444,2026-07-18,2026-07-18,0,On Time
D006021,O006445,2025-11-24,2025-11-24,0,On Time
D006022,O006446,2025-04-10,2025-04-10,0,On Time
D006023,O006447,2026-06-23,2026-06-22,0,On Time
D006024,O006448,2026-06-29,2026-06-28,0,On Time
D006025,O006449,2025-11-24,2025-11-30,6,Late
D006026,O006450,2026-04-17,2026-04-17,0,On Time
D006027,O006451,2026-05-09,2026-05-13,4,Late
D006028,O006452,2026-03-21,2026-03-20,0,On Time
D006029,O006453,2026-07-11,2026-07-11,0,On Time
D006030,O006454,2025-05-01,2025-05-01,0,On Time
D006031,O006455,2026-06-14,2026-06-18,4,Late
D006032,O006456,2025-07-10,2025-07-10,0,On Time
D006033,O006457,2026-01-24,2026-01-24,0,On Time
D006034,O006458,2025-08-14,2025-08-14,0,On Time
D006035,O006459,2026-06-10,2026-06-10,0,On Time
D006036,O006460,2026-03-23,2026-03-28,5,Late
D006037,O006461,2025-10-12,2025-10-12,0,On Time
D006038,O006462,2026-07-12,2026-07-12,0,On Time
D006039,O006463,2025-10-13,2025-10-13,0,On Time
D006040,O006464,2025-05-19,2025-05-18,0,On Time
D006041,O006465,2026-01-14,2026-01-13,0,On Time
D006042,O006466,2026-05-20,2026-05-20,0,On Time
D006043,O006467,2025-08-03,2025-08-03,0,On Time
D006044,O006468,2026-07-03,2026-07-03,0,On Time
D006045,O006469,2026-06-16,2026-06-16,0,On Time
D006046,O006470,2025-06-08,2025-06-08,0,On Time
D006047,O006471,2026-01-18,2026-01-18,0,On Time
D006048,O006472,2026-08-13,2026-08-20,7,Late
D006049,O006473,2026-05-10,2026-05-09,0,On Time
D006050,O006474,2026-01-05,2026-01-05,0,On Time
D006051,O006475,2026-08-08,2026-08-08,0,On Time
D006052,O006477,2026-03-02,2026-03-04,2,Late
D006053,O006478,2026-08-16,2026-08-16,0,On Time
D006054,O006479,2026-05-16,2026-05-16,0,On Time
D006055,O006480,2026-07-15,2026-07-14,0,On Time
D006056,O006481,2026-08-10,2026-08-14,4,Late
D006057,O006482,2026-01-23,2026-01-23,0,On Time
D006058,O006483,2026-05-26,2026-05-30,4,Late
D006059,O006484,2025-07-28,2025-07-28,0,On Time
D006060,O006485,2025-04-25,2025-04-25,0,On Time
D006061,O006486,2026-05-07,2026-05-07,0,On Time
D006062,O006487,2025-12-24,2025-12-24,0,On Time
D006063,O006488,2026-07-19,2026-07-19,0,On Time
D006064,O006490,2025-12-27,2025-12-27,0,On Time
D006065,O006491,2026-03-09,2026-03-08,0,On Time
D006066,O006492,2026-01-11,2026-01-11,0,On Time
D006067,O006493,2026-02-18,2026-02-18,0,On Time
D006068,O006494,2026-08-17,2026-08-16,0,On Time
D006069,O006495,2026-02-25,2026-02-24,0,On Time
D006070,O006496,2025-11-18,2025-11-18,0,On Time
D006071,O006497,2026-03-25,2026-03-30,5,Late
D006072,O006498,2026-05-29,2026-05-28,0,On Time
D006073,O006499,2026-02-06,2026-02-06,0,On Time
D006074,O006500,2026-03-04,2026-03-04,0,On Time
D006075,O006501,2026-05-26,2026-05-26,0,On Time
D006076,O006502,2026-06-02,2026-06-01,0,On Time
D006077,O006503,2026-06-24,2026-06-24,0,On Time
D006078,O006504,2026-07-04,2026-07-04,0,On Time
D006079,O006505,2025-05-29,2025-05-29,0,On Time
D006080,O006506,2026-05-27,2026-05-27,0,On Time
D006081,O006507,2025-09-23,2025-09-23,0,On Time
D006082,O006508,2025-07-27,2025-07-27,0,On Time
D006083,O006509,2025-10-22,2025-10-22,0,On Time
D006084,O006510,2026-03-17,2026-03-17,0,On Time
D006085,O006511,2026-05-26,2026-05-26,0,On Time
D006086,O006512,2026-07-08,2026-07-08,0,On Time
D006087,O006513,2026-03-01,2026-03-01,0,On Time
D006088,O006514,2026-02-10,2026-02-10,0,On Time
D006089,O006515,2026-06-23,2026-06-22,0,On Time
D006090,O006516,2026-01-19,2026-01-19,0,On Time
D006091,O006517,2026-07-23,2026-07-23,0,On Time
D006092,O006518,2026-02-08,2026-02-13,5,Late
D006093,O006519,2026-03-22,2026-03-27,5,Late
D006094,O006520,2025-12-03,2025-12-02,0,On Time
D006095,O006521,2026-01-17,2026-01-24,7,Late
D006096,O006522,2025-09-25,2025-09-25,0,On Time
D006097,O006523,2026-06-26,2026-06-26,0,On Time
D006098,O006524,2026-08-15,2026-08-15,0,On Time
D006099,O006525,2026-03-01,2026-03-01,0,On Time
D006100,O006527,2026-01-31,2026-01-30,0,On Time
D006101,O006528,2026-05-07,2026-05-07,0,On Time
D006102,O006529,2026-03-06,2026-03-06,0,On Time
D006103,O006530,2026-04-21,2026-04-21,0,On Time
D006104,O006531,2026-05-06,2026-05-06,0,On Time
D006105,O006532,2026-06-12,2026-06-12,0,On Time
D006106,O006533,2026-08-03,2026-08-03,0,On Time
D006107,O006534,2026-04-15,2026-04-15,0,On Time
D006108,O006535,2026-07-18,2026-07-18,0,On Time
D006109,O006536,2026-08-14,2026-08-13,0,On Time
D006110,O006537,2026-06-22,2026-06-21,0,On Time
D006111,O006538,2026-04-15,2026-04-15,0,On Time
D006112,O006539,2025-08-13,2025-08-13,0,On Time
D006113,O006540,2026-04-19,2026-04-19,0,On Time
D006114,O006541,2025-09-08,2025-09-07,0,On Time
D006115,O006542,2025-12-08,2025-12-08,0,On Time
D006116,O006543,2026-03-28,2026-03-27,0,On Time
D006117,O006544,2026-01-25,2026-01-25,0,On Time
D006118,O006545,2026-05-14,2026-05-14,0,On Time
D006119,O006546,2026-03-11,2026-03-11,0,On Time
D006120,O006547,2026-03-28,2026-03-27,0,On Time
D006121,O006548,2026-02-08,2026-02-08,0,On Time
D006122,O006549,2026-07-06,2026-07-06,0,On Time
D006123,O006551,2026-03-07,2026-03-12,5,Late
D006124,O006552,2025-09-09,2025-09-09,0,On Time
D006125,O006553,2025-09-10,2025-09-10,0,On Time
D006126,O006554,2025-12-23,2025-12-23,0,On Time
D006127,O006555,2026-03-23,2026-03-22,0,On Time
D006128,O006556,2025-12-29,2025-12-29,0,On Time
D006129,O006557,2026-05-27,2026-05-27,0,On Time
D006130,O006558,2026-04-25,2026-04-25,0,On Time
D006131,O006559,2026-02-14,2026-02-14,0,On Time
D006132,O006560,2025-10-31,2025-10-31,0,On Time
D006133,O006561,2025-06-26,2025-06-27,1,Late
D006134,O006563,2025-12-06,2025-12-06,0,On Time
D006135,O006564,2026-08-15,2026-08-14,0,On Time
D006136,O006566,2025-10-22,2025-10-22,0,On Time
D006137,O006567,2026-07-26,2026-07-26,0,On Time
D006138,O006568,2026-05-28,2026-05-28,0,On Time
D006139,O006569,2025-10-07,2025-10-08,1,Late
D006140,O006570,2026-08-19,2026-08-19,0,On Time
D006141,O006571,2026-02-10,2026-02-10,0,On Time
D006142,O006572,2026-06-23,2026-06-23,0,On Time
D006143,O006573,2026-07-14,2026-07-18,4,Late
D006144,O006574,2026-06-05,2026-06-05,0,On Time
D006145,O006575,2026-05-03,2026-05-03,0,On Time
D006146,O006576,2025-03-26,2025-03-26,0,On Time
D006147,O006577,2026-01-17,2026-01-16,0,On Time
D006148,O006579,2025-03-30,2025-03-30,0,On Time
D006149,O006580,2026-01-26,2026-01-26,0,On Time
D006150,O006581,2026-07-09,2026-07-09,0,On Time
D006151,O006583,2026-06-07,2026-06-07,0,On Time
D006152,O006584,2025-11-29,2025-11-28,0,On Time
D006153,O006585,2026-01-31,2026-01-31,0,On Time
D006154,O006588,2026-06-04,2026-06-10,6,Late
D006155,O006589,2025-07-15,2025-07-15,0,On Time
D006156,O006590,2026-07-18,2026-07-17,0,On Time
D006157,O006591,2026-01-31,2026-01-30,0,On Time
D006158,O006592,2025-09-27,2025-09-27,0,On Time
D006159,O006593,2026-05-04,2026-05-04,0,On Time
D006160,O006594,2026-03-06,2026-03-11,5,Late
D006161,O006595,2026-04-23,2026-04-28,5,Late
D006162,O006597,2026-08-06,2026-08-09,3,Late
D006163,O006598,2026-04-25,2026-04-24,0,On Time
D006164,O006599,2026-01-25,2026-01-25,0,On Time
D006165,O006600,2026-04-26,2026-04-26,0,On Time
D006166,O006601,2026-04-21,2026-04-21,0,On Time
D006167,O006602,2025-10-21,2025-10-21,0,On Time
D006168,O006603,2025-09-03,2025-09-03,0,On Time
D006169,O006604,2025-07-26,2025-07-26,0,On Time
D006170,O006605,2026-08-10,2026-08-10,0,On Time
D006171,O006606,2026-03-21,2026-03-24,3,Late
D006172,O006607,2026-08-02,2026-08-02,0,On Time
D006173,O006608,2025-12-26,2025-12-26,0,On Time
D006174,O006609,2026-04-12,2026-04-12,0,On Time
D006175,O006610,2026-03-29,2026-03-29,0,On Time
D006176,O006611,2026-08-13,2026-08-13,0,On Time
D006177,O006612,2026-06-11,2026-06-13,2,Late
D006178,O006613,2025-08-28,2025-09-02,5,Late
D006179,O006614,2025-07-20,2025-07-20,0,On Time
D006180,O006615,2026-08-14,2026-08-18,4,Late
D006181,O006616,2025-02-08,2025-02-08,0,On Time
D006182,O006617,2026-03-17,2026-03-17,0,On Time
D006183,O006618,2025-11-16,2025-11-16,0,On Time
D006184,O006619,2026-07-29,2026-07-29,0,On Time
D006185,O006620,2025-10-07,2025-10-13,6,Late
D006186,O006621,2025-11-15,2025-11-15,0,On Time
D006187,O006622,2026-08-20,2026-08-19,0,On Time
D006188,O006623,2026-06-30,2026-06-30,0,On Time
D006189,O006624,2026-07-29,2026-07-29,0,On Time
D006190,O006625,2026-07-17,2026-07-17,0,On Time
D006191,O006626,2026-04-04,2026-04-04,0,On Time
D006192,O006627,2026-06-09,2026-06-09,0,On Time
D006193,O006628,2026-06-12,2026-06-12,0,On Time
D006194,O006631,2026-05-07,2026-05-07,0,On Time
D006195,O006633,2026-05-20,2026-05-20,0,On Time
D006196,O006634,2025-10-17,2025-10-17,0,On Time
D006197,O006635,2026-08-23,2026-08-23,0,On Time
D006198,O006636,2026-06-05,2026-06-05,0,On Time
D006199,O006637,2026-04-07,2026-04-07,0,On Time
D006200,O006638,2026-02-10,2026-02-10,0,On Time
D006201,O006639,2026-02-27,2026-02-27,0,On Time
D006202,O006640,2025-01-27,2025-01-27,0,On Time
D006203,O006641,2026-07-16,2026-07-16,0,On Time
D006204,O006642,2026-06-13,2026-06-13,0,On Time
D006205,O006643,2026-06-02,2026-06-02,0,On Time
D006206,O006644,2026-06-01,2026-06-01,0,On Time
D006207,O006645,2026-02-05,2026-02-05,0,On Time
D006208,O006646,2026-05-15,2026-05-15,0,On Time
D006209,O006647,2026-03-18,2026-03-18,0,On Time
D006210,O006649,2025-05-25,2025-05-24,0,On Time
D006211,O006650,2025-12-23,2025-12-23,0,On Time
D006212,O006651,2026-03-10,2026-03-09,0,On Time
D006213,O006652,2025-08-03,2025-08-04,1,Late
D006214,O006653,2026-02-13,2026-02-13,0,On Time
D006215,O006654,2026-03-24,2026-03-26,2,Late
D006216,O006655,2025-08-02,2025-08-02,0,On Time
D006217,O006657,2026-03-17,2026-03-23,6,Late
D006218,O006658,2026-07-28,2026-07-28,0,On Time
D006219,O006659,2026-07-18,2026-07-18,0,On Time
D006220,O006660,2026-06-05,2026-06-05,0,On Time
D006221,O006661,2026-04-16,2026-04-23,7,Late
D006222,O006662,2025-12-22,2025-12-22,0,On Time
D006223,O006663,2026-08-08,2026-08-07,0,On Time
D006224,O006664,2025-06-22,2025-06-21,0,On Time
D006225,O006665,2025-07-31,2025-07-31,0,On Time
D006226,O006666,2026-08-08,2026-08-08,0,On Time
D006227,O006667,2026-02-16,2026-02-15,0,On Time
D006228,O006668,2026-03-20,2026-03-20,0,On Time
D006229,O006669,2026-07-25,2026-07-25,0,On Time
D006230,O006670,2026-06-21,2026-06-21,0,On Time
D006231,O006671,2026-04-01,2026-04-01,0,On Time
D006232,O006672,2026-06-13,2026-06-13,0,On Time
D006233,O006673,2025-10-06,2025-10-06,0,On Time
D006234,O006674,2026-04-05,2026-04-05,0,On Time
D006235,O006675,2025-06-19,2025-06-19,0,On Time
D006236,O006676,2026-01-26,2026-01-26,0,On Time
D006237,O006677,2025-10-15,2025-10-15,0,On Time
D006238,O006678,2025-05-15,2025-05-15,0,On Time
D006239,O006679,2026-05-05,2026-05-05,0,On Time
D006240,O006680,2025-11-24,2025-11-27,3,Late
D006241,O006681,2025-12-30,2025-12-29,0,On Time
D006242,O006682,2026-07-26,2026-07-26,0,On Time
D006243,O006683,2026-06-18,2026-06-18,0,On Time
D006244,O006684,2025-12-07,2025-12-14,7,Late
D006245,O006685,2025-07-01,2025-06-30,0,On Time
D006246,O006686,2025-10-26,2025-10-26,0,On Time
D006247,O006687,2025-07-01,2025-07-01,0,On Time
D006248,O006688,2026-06-06,2026-06-06,0,On Time
D006249,O006689,2026-08-24,2026-08-24,0,On Time
D006250,O006690,2026-04-28,2026-04-28,0,On Time
D006251,O006691,2026-02-10,2026-02-10,0,On Time
D006252,O006692,2026-02-12,2026-02-11,0,On Time
D006253,O006693,2026-05-05,2026-05-05,0,On Time
D006254,O006694,2026-03-21,2026-03-21,0,On Time
D006255,O006695,2025-07-09,2025-07-09,0,On Time
D006256,O006696,2025-05-18,2025-05-18,0,On Time
D006257,O006697,2026-05-19,2026-05-19,0,On Time
D006258,O006698,2026-07-04,2026-07-04,0,On Time
D006259,O006699,2026-06-16,2026-06-16,0,On Time
D006260,O006700,2025-12-31,2025-12-31,0,On Time
D006261,O006701,2026-05-20,2026-05-20,0,On Time
D006262,O006702,2026-05-25,2026-05-25,0,On Time
D006263,O006703,2025-11-08,2025-11-13,5,Late
D006264,O006704,2026-08-14,2026-08-14,0,On Time
D006265,O006705,2026-02-26,2026-03-04,6,Late
D006266,O006706,2025-09-05,2025-09-05,0,On Time
D006267,O006707,2025-08-10,2025-08-10,0,On Time
D006268,O006708,2026-01-11,2026-01-11,0,On Time
D006269,O006709,2026-04-08,2026-04-08,0,On Time
D006270,O006710,2026-04-12,2026-04-12,0,On Time
D006271,O006711,2026-03-05,2026-03-05,0,On Time
D006272,O006712,2026-03-12,2026-03-12,0,On Time
D006273,O006713,2026-06-21,2026-06-21,0,On Time
D006274,O006714,2025-05-09,2025-05-09,0,On Time
D006275,O006715,2025-03-11,2025-03-11,0,On Time
D006276,O006716,2026-06-01,2026-05-31,0,On Time
D006277,O006717,2025-12-09,2025-12-08,0,On Time
D006278,O006718,2026-01-28,2026-01-27,0,On Time
D006279,O006719,2025-05-20,2025-05-20,0,On Time
D006280,O006720,2026-06-12,2026-06-12,0,On Time
D006281,O006721,2025-11-29,2025-11-29,0,On Time
D006282,O006722,2026-07-21,2026-07-21,0,On Time
D006283,O006723,2026-01-04,2026-01-04,0,On Time
D006284,O006724,2025-12-01,2025-12-03,2,Late
D006285,O006725,2025-08-20,2025-08-21,1,Late
D006286,O006726,2026-08-22,2026-08-22,0,On Time
D006287,O006727,2025-11-10,2025-11-10,0,On Time
D006288,O006729,2026-03-23,2026-03-23,0,On Time
D006289,O006730,2025-10-24,2025-10-24,0,On Time
D006290,O006732,2026-07-28,2026-07-28,0,On Time
D006291,O006733,2026-07-09,2026-07-13,4,Late
D006292,O006734,2026-05-25,2026-05-25,0,On Time
D006293,O006735,2026-06-15,2026-06-15,0,On Time
D006294,O006736,2026-07-12,2026-07-12,0,On Time
D006295,O006737,2026-08-11,2026-08-12,1,Late
D006296,O006738,2026-07-17,2026-07-17,0,On Time
D006297,O006739,2026-03-04,2026-03-04,0,On Time
D006298,O006740,2025-09-06,2025-09-06,0,On Time
D006299,O006741,2026-01-30,2026-01-30,0,On Time
D006300,O006742,2026-07-16,2026-07-16,0,On Time
D006301,O006743,2026-05-13,2026-05-17,4,Late
D006302,O006744,2026-08-12,2026-08-19,7,Late
D006303,O006745,2025-07-22,2025-07-22,0,On Time
D006304,O006746,2025-12-25,2025-12-25,0,On Time
D006305,O006747,2026-05-21,2026-05-21,0,On Time
D006306,O006748,2026-06-26,2026-07-01,5,Late
D006307,O006749,2026-07-14,2026-07-14,0,On Time
D006308,O006750,2025-12-29,2025-12-29,0,On Time
D006309,O006751,2025-07-21,2025-07-21,0,On Time
D006310,O006752,2025-04-25,2025-04-25,0,On Time
D006311,O006753,2026-05-20,2026-05-22,2,Late
D006312,O006754,2025-07-30,2025-07-29,0,On Time
D006313,O006755,2026-01-14,2026-01-16,2,Late
D006314,O006756,2026-04-27,2026-04-27,0,On Time
D006315,O006757,2026-03-19,2026-03-19,0,On Time
D006316,O006758,2025-08-20,2025-08-20,0,On Time
D006317,O006759,2026-04-19,2026-04-19,0,On Time
D006318,O006760,2026-08-10,2026-08-10,0,On Time
D006319,O006761,2026-04-30,2026-04-30,0,On Time
D006320,O006762,2026-03-21,2026-03-26,5,Late
D006321,O006763,2026-02-24,2026-02-23,0,On Time
D006322,O006764,2025-07-24,2025-07-25,1,Late
D006323,O006765,2026-07-27,2026-07-27,0,On Time
D006324,O006766,2026-03-30,2026-03-30,0,On Time
D006325,O006767,2026-06-30,2026-06-29,0,On Time
D006326,O006768,2026-01-19,2026-01-19,0,On Time
D006327,O006769,2026-08-24,2026-08-24,0,On Time
D006328,O006770,2026-08-08,2026-08-08,0,On Time
D006329,O006771,2025-11-21,2025-11-21,0,On Time
D006330,O006772,2026-03-19,2026-03-19,0,On Time
D006331,O006773,2026-04-08,2026-04-12,4,Late
D006332,O006774,2026-07-03,2026-07-03,0,On Time
D006333,O006775,2026-04-01,2026-04-01,0,On Time
D006334,O006776,2025-11-01,2025-10-31,0,On Time
D006335,O006777,2026-07-16,2026-07-16,0,On Time
D006336,O006778,2025-06-18,2025-06-17,0,On Time
D006337,O006779,2026-03-16,2026-03-16,0,On Time
D006338,O006780,2026-03-29,2026-04-03,5,Late
D006339,O006781,2026-02-26,2026-02-26,0,On Time
D006340,O006782,2026-06-03,2026-06-03,0,On Time
D006341,O006783,2026-02-08,2026-02-08,0,On Time
D006342,O006784,2025-12-24,2025-12-24,0,On Time
D006343,O006785,2026-01-09,2026-01-14,5,Late
D006344,O006786,2026-03-03,2026-03-02,0,On Time
D006345,O006787,2026-02-14,2026-02-14,0,On Time
D006346,O006788,2026-01-23,2026-01-23,0,On Time
D006347,O006789,2026-07-06,2026-07-06,0,On Time
D006348,O006790,2025-06-01,2025-05-31,0,On Time
D006349,O006791,2025-12-05,2025-12-11,6,Late
D006350,O006792,2026-03-03,2026-03-02,0,On Time
D006351,O006793,2025-06-08,2025-06-08,0,On Time
D006352,O006795,2025-06-03,2025-06-03,0,On Time
D006353,O006796,2026-04-03,2026-04-03,0,On Time
D006354,O006797,2025-08-22,2025-08-22,0,On Time
D006355,O006798,2025-09-28,2025-09-28,0,On Time
D006356,O006799,2026-05-01,2026-04-30,0,On Time
D006357,O006800,2025-10-06,2025-10-08,2,Late
D006358,O006801,2026-01-15,2026-01-15,0,On Time
D006359,O006802,2025-12-19,2025-12-22,3,Late
D006360,O006803,2026-01-23,2026-01-24,1,Late
D006361,O006804,2026-06-25,2026-06-25,0,On Time
D006362,O006805,2026-01-15,2026-01-15,0,On Time
D006363,O006806,2026-07-04,2026-07-04,0,On Time
D006364,O006807,2026-03-19,2026-03-24,5,Late
D006365,O006808,2026-02-19,2026-02-19,0,On Time
D006366,O006809,2025-11-04,2025-11-04,0,On Time
D006367,O006810,2026-07-15,2026-07-14,0,On Time
D006368,O006811,2026-03-25,2026-03-25,0,On Time
D006369,O006812,2026-02-01,2026-02-01,0,On Time
D006370,O006813,2025-10-11,2025-10-14,3,Late
D006371,O006814,2026-05-28,2026-05-30,2,Late
D006372,O006816,2025-10-15,2025-10-14,0,On Time
D006373,O006817,2026-08-12,2026-08-12,0,On Time
D006374,O006818,2026-06-23,2026-06-26,3,Late
D006375,O006819,2026-08-03,2026-08-03,0,On Time
D006376,O006820,2025-10-09,2025-10-10,1,Late
D006377,O006821,2026-04-21,2026-04-23,2,Late
D006378,O006822,2025-05-12,2025-05-12,0,On Time
D006379,O006823,2025-08-16,2025-08-16,0,On Time
D006380,O006824,2026-06-23,2026-06-22,0,On Time
D006381,O006825,2026-03-23,2026-03-28,5,Late
D006382,O006827,2026-04-28,2026-04-28,0,On Time
D006383,O006828,2026-08-17,2026-08-17,0,On Time
D006384,O006829,2026-01-10,2026-01-10,0,On Time
D006385,O006830,2026-03-17,2026-03-17,0,On Time
D006386,O006831,2026-07-24,2026-07-24,0,On Time
D006387,O006832,2026-06-07,2026-06-07,0,On Time
D006388,O006833,2026-06-01,2026-06-01,0,On Time
D006389,O006834,2026-05-03,2026-05-04,1,Late
D006390,O006835,2026-04-01,2026-04-03,2,Late
D006391,O006836,2026-03-30,2026-03-30,0,On Time
D006392,O006837,2026-05-19,2026-05-18,0,On Time
D006393,O006838,2026-04-25,2026-04-27,2,Late
D006394,O006839,2026-06-04,2026-06-04,0,On Time
D006395,O006840,2026-03-06,2026-03-06,0,On Time
D006396,O006841,2026-06-19,2026-06-19,0,On Time
D006397,O006842,2025-11-20,2025-11-20,0,On Time
D006398,O006843,2025-06-01,2025-05-31,0,On Time
D006399,O006845,2026-08-24,2026-08-23,0,On Time
D006400,O006846,2025-04-30,2025-04-30,0,On Time
D006401,O006847,2026-04-16,2026-04-16,0,On Time
D006402,O006848,2026-04-08,2026-04-08,0,On Time
D006403,O006849,2026-07-30,2026-07-30,0,On Time
D006404,O006850,2026-06-27,2026-06-27,0,On Time
D006405,O006851,2026-05-17,2026-05-16,0,On Time
D006406,O006852,2026-06-28,2026-07-03,5,Late
D006407,O006853,2025-10-02,2025-10-01,0,On Time
D006408,O006854,2025-07-18,2025-07-18,0,On Time
D006409,O006855,2026-07-23,2026-07-23,0,On Time
D006410,O006857,2025-08-27,2025-08-26,0,On Time
D006411,O006858,2026-04-25,2026-04-25,0,On Time
D006412,O006859,2026-01-11,2026-01-11,0,On Time
D006413,O006860,2026-04-25,2026-04-25,0,On Time
D006414,O006861,2026-08-11,2026-08-11,0,On Time
D006415,O006862,2026-02-11,2026-02-10,0,On Time
D006416,O006863,2025-08-14,2025-08-14,0,On Time
D006417,O006864,2025-10-26,2025-10-26,0,On Time
D006418,O006865,2025-07-24,2025-07-29,5,Late
D006419,O006866,2026-05-28,2026-05-28,0,On Time
D006420,O006867,2025-03-22,2025-03-22,0,On Time
D006421,O006868,2026-05-20,2026-05-20,0,On Time
D006422,O006869,2025-09-03,2025-09-10,7,Late
D006423,O006870,2026-04-30,2026-04-30,0,On Time
D006424,O006871,2025-12-17,2025-12-18,1,Late
D006425,O006872,2026-03-29,2026-03-29,0,On Time
D006426,O006873,2025-11-23,2025-11-25,2,Late
D006427,O006874,2025-11-15,2025-11-18,3,Late
D006428,O006875,2026-04-01,2026-04-01,0,On Time
D006429,O006876,2026-07-19,2026-07-19,0,On Time
D006430,O006877,2025-07-06,2025-07-06,0,On Time
D006431,O006878,2026-08-06,2026-08-06,0,On Time
D006432,O006879,2025-11-23,2025-11-23,0,On Time
D006433,O006880,2026-04-08,2026-04-08,0,On Time
D006434,O006881,2026-01-16,2026-01-15,0,On Time
D006435,O006883,2026-04-10,2026-04-10,0,On Time
D006436,O006884,2026-05-15,2026-05-15,0,On Time
D006437,O006885,2025-12-19,2025-12-19,0,On Time
D006438,O006886,2026-04-09,2026-04-09,0,On Time
D006439,O006887,2026-03-29,2026-04-01,3,Late
D006440,O006888,2026-03-18,2026-03-18,0,On Time
D006441,O006889,2026-04-22,2026-04-25,3,Late
D006442,O006890,2025-09-02,2025-09-02,0,On Time
D006443,O006892,2025-12-29,2025-12-29,0,On Time
D006444,O006893,2025-12-21,2025-12-20,0,On Time
D006445,O006894,2026-06-23,2026-06-23,0,On Time
D006446,O006895,2026-08-11,2026-08-13,2,Late
D006447,O006896,2026-04-07,2026-04-07,0,On Time
D006448,O006897,2026-04-19,2026-04-19,0,On Time
D006449,O006898,2026-08-22,2026-08-22,0,On Time
D006450,O006899,2026-05-28,2026-05-28,0,On Time
D006451,O006900,2025-10-01,2025-10-08,7,Late
D006452,O006901,2025-11-26,2025-11-26,0,On Time
D006453,O006902,2026-01-01,2026-01-01,0,On Time
D006454,O006904,2026-05-20,2026-05-20,0,On Time
D006455,O006905,2026-06-06,2026-06-06,0,On Time
D006456,O006906,2025-10-03,2025-10-03,0,On Time
D006457,O006907,2026-07-07,2026-07-13,6,Late
D006458,O006908,2026-05-16,2026-05-16,0,On Time
D006459,O006909,2025-10-26,2025-10-28,2,Late
D006460,O006910,2025-09-12,2025-09-12,0,On Time
D006461,O006911,2026-05-19,2026-05-19,0,On Time
D006462,O006912,2025-12-06,2025-12-06,0,On Time
D006463,O006913,2026-04-10,2026-04-15,5,Late
D006464,O006914,2026-02-10,2026-02-10,0,On Time
D006465,O006915,2026-02-10,2026-02-10,0,On Time
D006466,O006916,2026-05-30,2026-05-30,0,On Time
D006467,O006917,2025-11-19,2025-11-19,0,On Time
D006468,O006918,2025-04-23,2025-04-23,0,On Time
D006469,O006919,2025-08-14,2025-08-19,5,Late
D006470,O006920,2026-03-08,2026-03-14,6,Late
D006471,O006921,2026-03-14,2026-03-14,0,On Time
D006472,O006922,2026-02-23,2026-02-23,0,On Time
D006473,O006923,2026-04-18,2026-04-18,0,On Time
D006474,O006925,2025-08-16,2025-08-15,0,On Time
D006475,O006926,2026-05-18,2026-05-18,0,On Time
D006476,O006927,2026-05-28,2026-05-28,0,On Time
D006477,O006928,2025-12-15,2025-12-15,0,On Time
D006478,O006929,2025-07-15,2025-07-15,0,On Time
D006479,O006930,2025-12-29,2026-01-04,6,Late
D006480,O006932,2026-03-14,2026-03-15,1,Late
D006481,O006933,2026-05-19,2026-05-23,4,Late
D006482,O006934,2026-05-17,2026-05-17,0,On Time
D006483,O006935,2026-08-16,2026-08-16,0,On Time
D006484,O006936,2025-07-17,2025-07-17,0,On Time
D006485,O006937,2026-08-16,2026-08-16,0,On Time
D006486,O006938,2026-03-30,2026-03-31,1,Late
D006487,O006939,2025-03-15,2025-03-15,0,On Time
D006488,O006940,2026-03-17,2026-03-24,7,Late
D006489,O006941,2025-09-27,2025-09-27,0,On Time
D006490,O006942,2026-03-04,2026-03-11,7,Late
D006491,O006943,2026-04-25,2026-04-25,0,On Time
D006492,O006944,2026-08-03,2026-08-03,0,On Time
D006493,O006945,2025-08-12,2025-08-12,0,On Time
D006494,O006946,2025-08-30,2025-08-31,1,Late
D006495,O006947,2026-02-01,2026-02-01,0,On Time
D006496,O006948,2026-04-08,2026-04-09,1,Late
D006497,O006949,2026-07-24,2026-07-26,2,Late
D006498,O006950,2026-06-03,2026-06-05,2,Late
D006499,O006951,2026-04-28,2026-04-28,0,On Time
D006500,O006952,2026-05-03,2026-05-03,0,On Time
D006501,O006953,2026-03-25,2026-03-25,0,On Time
D006502,O006954,2025-10-30,2025-10-29,0,On Time
D006503,O006955,2025-12-21,2025-12-21,0,On Time
D006504,O006956,2026-05-17,2026-05-17,0,On Time
D006505,O006957,2026-06-29,2026-06-28,0,On Time
D006506,O006958,2026-07-11,2026-07-11,0,On Time
D006507,O006959,2025-12-30,2025-12-30,0,On Time
D006508,O006960,2026-06-04,2026-06-03,0,On Time
D006509,O006961,2026-08-18,2026-08-20,2,Late
D006510,O006963,2026-04-16,2026-04-16,0,On Time
D006511,O006964,2026-06-07,2026-06-07,0,On Time
D006512,O006965,2026-04-13,2026-04-13,0,On Time
D006513,O006966,2025-07-25,2025-07-25,0,On Time
D006514,O006968,2026-05-04,2026-05-03,0,On Time
D006515,O006969,2025-11-15,2025-11-15,0,On Time
D006516,O006970,2025-06-21,2025-06-21,0,On Time
D006517,O006971,2026-06-06,2026-06-06,0,On Time
D006518,O006972,2026-01-31,2026-01-31,0,On Time
D006519,O006973,2026-06-20,2026-06-19,0,On Time
D006520,O006974,2026-06-14,2026-06-15,1,Late
D006521,O006975,2025-12-29,2025-12-29,0,On Time
D006522,O006976,2026-06-11,2026-06-11,0,On Time
D006523,O006977,2025-07-07,2025-07-14,7,Late
D006524,O006978,2026-04-16,2026-04-16,0,On Time
D006525,O006979,2026-01-13,2026-01-13,0,On Time
D006526,O006980,2025-12-25,2025-12-31,6,Late
D006527,O006981,2025-12-22,2025-12-22,0,On Time
D006528,O006982,2025-09-12,2025-09-11,0,On Time
D006529,O006983,2026-04-07,2026-04-06,0,On Time
D006530,O006984,2026-08-12,2026-08-15,3,Late
D006531,O006985,2025-12-24,2025-12-24,0,On Time
D006532,O006986,2026-04-03,2026-04-03,0,On Time
D006533,O006987,2026-05-03,2026-05-03,0,On Time
D006534,O006988,2026-07-14,2026-07-14,0,On Time
D006535,O006989,2026-06-13,2026-06-13,0,On Time
D006536,O006991,2025-07-18,2025-07-18,0,On Time
D006537,O006992,2026-07-15,2026-07-15,0,On Time
D006538,O006993,2026-05-14,2026-05-14,0,On Time
D006539,O006995,2026-05-12,2026-05-17,5,Late
D006540,O006996,2025-09-25,2025-09-25,0,On Time
D006541,O006997,2026-08-22,2026-08-22,0,On Time
D006542,O006998,2026-02-24,2026-02-26,2,Late
D006543,O006999,2026-01-17,2026-01-17,0,On Time
D006544,O007000,2026-01-30,2026-02-06,7,Late
D006545,O007001,2025-06-19,2025-06-19,0,On Time
D006546,O007002,2026-03-09,2026-03-09,0,On Time
D006547,O007003,2026-08-07,2026-08-07,0,On Time
D006548,O007004,2025-10-09,2025-10-09,0,On Time
D006549,O007005,2026-03-29,2026-03-29,0,On Time
D006550,O007006,2025-12-01,2025-12-01,0,On Time
D006551,O007007,2026-04-24,2026-04-23,0,On Time
D006552,O007008,2026-07-03,2026-07-03,0,On Time
D006553,O007009,2025-11-27,2025-11-27,0,On Time
D006554,O007010,2026-01-01,2026-01-01,0,On Time
D006555,O007011,2026-03-02,2026-03-01,0,On Time
D006556,O007012,2026-07-01,2026-07-01,0,On Time
D006557,O007013,2025-09-08,2025-09-08,0,On Time
D006558,O007014,2025-10-21,2025-10-21,0,On Time
D006559,O007016,2025-08-24,2025-08-24,0,On Time
D006560,O007017,2026-08-11,2026-08-12,1,Late
D006561,O007018,2026-04-04,2026-04-04,0,On Time
D006562,O007019,2026-07-19,2026-07-19,0,On Time
D006563,O007020,2026-04-04,2026-04-06,2,Late
D006564,O007021,2025-10-17,2025-10-17,0,On Time
D006565,O007022,2026-04-18,2026-04-18,0,On Time
D006566,O007023,2026-08-20,2026-08-20,0,On Time
D006567,O007024,2026-05-17,2026-05-17,0,On Time
D006568,O007025,2026-03-08,2026-03-07,0,On Time
D006569,O007026,2026-07-11,2026-07-11,0,On Time
D006570,O007028,2025-11-22,2025-11-22,0,On Time
D006571,O007029,2026-05-14,2026-05-14,0,On Time
D006572,O007030,2026-02-21,2026-02-21,0,On Time
D006573,O007031,2026-03-30,2026-03-30,0,On Time
D006574,O007032,2025-03-07,2025-03-07,0,On Time
D006575,O007033,2025-04-14,2025-04-18,4,Late
D006576,O007034,2026-05-01,2026-05-02,1,Late
D006577,O007035,2026-08-21,2026-08-27,6,Late
D006578,O007036,2026-01-26,2026-01-26,0,On Time
D006579,O007037,2026-05-17,2026-05-16,0,On Time
D006580,O007038,2026-06-23,2026-06-23,0,On Time
D006581,O007039,2026-03-24,2026-03-24,0,On Time
D006582,O007040,2026-08-05,2026-08-08,3,Late
D006583,O007041,2026-05-01,2026-05-01,0,On Time
D006584,O007042,2025-12-07,2025-12-09,2,Late
D006585,O007044,2026-03-26,2026-03-26,0,On Time
D006586,O007045,2025-10-01,2025-10-01,0,On Time
D006587,O007046,2025-11-20,2025-11-20,0,On Time
D006588,O007047,2026-06-11,2026-06-11,0,On Time
D006589,O007048,2026-02-17,2026-02-17,0,On Time
D006590,O007049,2026-02-18,2026-02-18,0,On Time
D006591,O007050,2026-05-15,2026-05-15,0,On Time
D006592,O007051,2026-01-09,2026-01-09,0,On Time
D006593,O007052,2026-05-26,2026-05-31,5,Late
D006594,O007053,2025-06-19,2025-06-19,0,On Time
D006595,O007054,2026-08-05,2026-08-05,0,On Time
D006596,O007055,2026-07-05,2026-07-05,0,On Time
D006597,O007056,2026-06-04,2026-06-04,0,On Time
D006598,O007057,2026-02-01,2026-02-01,0,On Time
D006599,O007058,2026-06-26,2026-06-26,0,On Time
D006600,O007059,2026-04-29,2026-05-04,5,Late
D006601,O007060,2025-02-20,2025-02-20,0,On Time
D006602,O007061,2026-04-04,2026-04-04,0,On Time
D006603,O007062,2026-07-16,2026-07-18,2,Late
D006604,O007063,2026-07-11,2026-07-10,0,On Time
D006605,O007064,2025-10-17,2025-10-17,0,On Time
D006606,O007065,2025-05-25,2025-05-24,0,On Time
D006607,O007066,2025-09-10,2025-09-09,0,On Time
D006608,O007067,2025-09-22,2025-09-21,0,On Time
D006609,O007068,2026-06-02,2026-06-02,0,On Time
D006610,O007069,2025-07-13,2025-07-13,0,On Time
D006611,O007070,2026-03-26,2026-03-26,0,On Time
D006612,O007071,2026-05-17,2026-05-17,0,On Time
D006613,O007073,2025-08-25,2025-08-25,0,On Time
D006614,O007074,2026-08-01,2026-08-01,0,On Time
D006615,O007075,2026-03-17,2026-03-17,0,On Time
D006616,O007076,2025-07-15,2025-07-22,7,Late
D006617,O007077,2026-03-20,2026-03-20,0,On Time
D006618,O007078,2026-03-20,2026-03-19,0,On Time
D006619,O007079,2025-12-28,2025-12-28,0,On Time
D006620,O007080,2025-12-09,2025-12-09,0,On Time
D006621,O007081,2026-05-25,2026-05-25,0,On Time
D006622,O007082,2026-06-07,2026-06-06,0,On Time
D006623,O007083,2025-10-19,2025-10-19,0,On Time
D006624,O007084,2026-07-02,2026-07-01,0,On Time
D006625,O007086,2025-11-14,2025-11-18,4,Late
D006626,O007087,2026-06-22,2026-06-22,0,On Time
D006627,O007088,2026-06-02,2026-06-02,0,On Time
D006628,O007089,2025-06-09,2025-06-09,0,On Time
D006629,O007090,2026-02-17,2026-02-17,0,On Time
D006630,O007091,2026-05-18,2026-05-17,0,On Time
D006631,O007093,2025-10-04,2025-10-05,1,Late
D006632,O007094,2026-08-09,2026-08-09,0,On Time
D006633,O007095,2026-08-02,2026-08-01,0,On Time
D006634,O007096,2025-12-23,2025-12-25,2,Late
D006635,O007097,2026-03-06,2026-03-06,0,On Time
D006636,O007098,2026-05-21,2026-05-21,0,On Time
D006637,O007099,2026-08-04,2026-08-04,0,On Time
D006638,O007100,2025-10-28,2025-10-28,0,On Time
D006639,O007101,2025-08-09,2025-08-09,0,On Time
D006640,O007102,2026-03-19,2026-03-18,0,On Time
D006641,O007103,2026-01-17,2026-01-17,0,On Time
D006642,O007104,2026-07-24,2026-07-24,0,On Time
D006643,O007105,2025-08-24,2025-08-24,0,On Time
D006644,O007106,2026-07-28,2026-07-28,0,On Time
D006645,O007107,2026-08-04,2026-08-04,0,On Time
D006646,O007108,2025-12-23,2025-12-22,0,On Time
D006647,O007109,2026-03-28,2026-03-28,0,On Time
D006648,O007110,2026-04-04,2026-04-04,0,On Time
D006649,O007112,2025-11-11,2025-11-11,0,On Time
D006650,O007113,2026-07-14,2026-07-17,3,Late
D006651,O007114,2026-08-08,2026-08-13,5,Late
D006652,O007116,2026-02-10,2026-02-10,0,On Time
D006653,O007117,2026-05-24,2026-05-24,0,On Time
D006654,O007118,2025-06-24,2025-06-24,0,On Time
D006655,O007119,2026-04-10,2026-04-10,0,On Time
D006656,O007120,2026-01-07,2026-01-07,0,On Time
D006657,O007121,2026-03-10,2026-03-10,0,On Time
D006658,O007122,2025-12-12,2025-12-12,0,On Time
D006659,O007123,2026-04-21,2026-04-21,0,On Time
D006660,O007124,2026-04-04,2026-04-03,0,On Time
D006661,O007125,2025-10-19,2025-10-19,0,On Time
D006662,O007126,2026-03-14,2026-03-14,0,On Time
D006663,O007127,2026-08-04,2026-08-06,2,Late
D006664,O007128,2025-11-19,2025-11-19,0,On Time
D006665,O007129,2026-06-10,2026-06-10,0,On Time
D006666,O007130,2026-04-11,2026-04-11,0,On Time
D006667,O007131,2026-02-24,2026-02-23,0,On Time
D006668,O007132,2025-11-25,2025-11-25,0,On Time
D006669,O007133,2025-10-17,2025-10-17,0,On Time
D006670,O007134,2025-06-28,2025-06-28,0,On Time
D006671,O007135,2025-09-04,2025-09-05,1,Late
D006672,O007136,2026-01-22,2026-01-22,0,On Time
D006673,O007137,2026-03-24,2026-03-24,0,On Time
D006674,O007138,2026-02-16,2026-02-16,0,On Time
D006675,O007139,2026-08-13,2026-08-13,0,On Time
D006676,O007140,2026-05-28,2026-05-27,0,On Time
D006677,O007141,2025-06-22,2025-06-22,0,On Time
D006678,O007142,2026-03-10,2026-03-16,6,Late
D006679,O007143,2026-07-03,2026-07-03,0,On Time
D006680,O007144,2025-12-07,2025-12-13,6,Late
D006681,O007145,2026-08-13,2026-08-13,0,On Time
D006682,O007146,2026-05-16,2026-05-23,7,Late
D006683,O007147,2026-05-11,2026-05-11,0,On Time
D006684,O007148,2026-06-15,2026-06-15,0,On Time
D006685,O007149,2025-07-04,2025-07-04,0,On Time
D006686,O007150,2026-02-07,2026-02-07,0,On Time
D006687,O007151,2026-04-30,2026-04-30,0,On Time
D006688,O007152,2026-05-26,2026-05-26,0,On Time
D006689,O007154,2026-05-22,2026-05-22,0,On Time
D006690,O007155,2026-03-21,2026-03-20,0,On Time
D006691,O007156,2025-06-15,2025-06-22,7,Late
D006692,O007157,2026-06-07,2026-06-07,0,On Time
D006693,O007158,2025-12-03,2025-12-08,5,Late
D006694,O007159,2025-11-16,2025-11-16,0,On Time
D006695,O007160,2026-03-31,2026-03-31,0,On Time
D006696,O007161,2026-03-05,2026-03-04,0,On Time
D006697,O007162,2026-05-17,2026-05-17,0,On Time
D006698,O007163,2026-03-25,2026-03-25,0,On Time
D006699,O007165,2026-02-24,2026-02-24,0,On Time
D006700,O007166,2026-04-01,2026-04-01,0,On Time
D006701,O007167,2026-03-03,2026-03-03,0,On Time
D006702,O007168,2026-07-04,2026-07-04,0,On Time
D006703,O007169,2026-08-08,2026-08-08,0,On Time
D006704,O007170,2025-03-21,2025-03-21,0,On Time
D006705,O007171,2026-05-16,2026-05-16,0,On Time
D006706,O007172,2025-12-21,2025-12-21,0,On Time
D006707,O007173,2025-11-27,2025-11-27,0,On Time
D006708,O007174,2025-11-01,2025-11-01,0,On Time
D006709,O007175,2026-06-17,2026-06-17,0,On Time
D006710,O007176,2025-08-25,2025-08-25,0,On Time
D006711,O007177,2026-01-17,2026-01-17,0,On Time
D006712,O007178,2025-05-20,2025-05-20,0,On Time
D006713,O007179,2025-12-21,2025-12-21,0,On Time
D006714,O007180,2026-06-17,2026-06-18,1,Late
D006715,O007181,2026-02-23,2026-02-23,0,On Time
D006716,O007182,2026-04-03,2026-04-02,0,On Time
D006717,O007183,2025-08-17,2025-08-17,0,On Time
D006718,O007184,2025-05-23,2025-05-23,0,On Time
D006719,O007185,2025-12-23,2025-12-24,1,Late
D006720,O007186,2026-06-05,2026-06-05,0,On Time
D006721,O007187,2026-05-26,2026-06-02,7,Late
D006722,O007188,2026-02-01,2026-02-01,0,On Time
D006723,O007189,2026-06-20,2026-06-22,2,Late
D006724,O007190,2026-05-30,2026-05-30,0,On Time
D006725,O007191,2026-06-03,2026-06-03,0,On Time
D006726,O007192,2026-06-23,2026-06-23,0,On Time
D006727,O007193,2025-09-14,2025-09-14,0,On Time
D006728,O007195,2026-05-22,2026-05-22,0,On Time
D006729,O007196,2026-02-28,2026-02-28,0,On Time
D006730,O007197,2025-08-23,2025-08-23,0,On Time
D006731,O007198,2026-03-01,2026-03-01,0,On Time
D006732,O007199,2025-07-21,2025-07-24,3,Late
D006733,O007200,2026-07-08,2026-07-12,4,Late
D006734,O007201,2026-07-31,2026-07-30,0,On Time
D006735,O007202,2026-07-14,2026-07-14,0,On Time
D006736,O007203,2026-04-15,2026-04-15,0,On Time
D006737,O007204,2026-08-01,2026-08-05,4,Late
D006738,O007205,2025-09-21,2025-09-21,0,On Time
D006739,O007206,2025-01-20,2025-01-20,0,On Time
D006740,O007207,2025-05-25,2025-05-27,2,Late
D006741,O007208,2026-07-16,2026-07-16,0,On Time
D006742,O007209,2026-01-15,2026-01-15,0,On Time
D006743,O007210,2025-12-22,2025-12-22,0,On Time
D006744,O007211,2026-04-18,2026-04-18,0,On Time
D006745,O007212,2026-07-20,2026-07-20,0,On Time
D006746,O007213,2026-03-07,2026-03-07,0,On Time
D006747,O007214,2025-09-02,2025-09-07,5,Late
D006748,O007215,2026-03-04,2026-03-04,0,On Time
D006749,O007216,2025-05-13,2025-05-13,0,On Time
D006750,O007217,2026-06-24,2026-06-24,0,On Time
D006751,O007218,2025-12-07,2025-12-10,3,Late
D006752,O007219,2026-06-10,2026-06-14,4,Late
D006753,O007220,2026-02-21,2026-02-22,1,Late
D006754,O007221,2026-05-07,2026-05-08,1,Late
D006755,O007222,2026-07-30,2026-07-30,0,On Time
D006756,O007223,2025-08-05,2025-08-05,0,On Time
D006757,O007224,2025-10-26,2025-10-26,0,On Time
D006758,O007225,2025-08-30,2025-08-30,0,On Time
D006759,O007226,2026-04-29,2026-04-29,0,On Time
D006760,O007227,2025-06-19,2025-06-19,0,On Time
D006761,O007228,2026-02-13,2026-02-12,0,On Time
D006762,O007229,2026-07-08,2026-07-09,1,Late
D006763,O007230,2026-07-14,2026-07-15,1,Late
D006764,O007231,2026-06-16,2026-06-16,0,On Time
D006765,O007233,2026-03-04,2026-03-03,0,On Time
D006766,O007234,2025-06-23,2025-06-23,0,On Time
D006767,O007235,2026-03-18,2026-03-18,0,On Time
D006768,O007236,2026-06-16,2026-06-16,0,On Time
D006769,O007237,2026-03-09,2026-03-09,0,On Time
D006770,O007239,2026-07-22,2026-07-23,1,Late
D006771,O007240,2026-05-29,2026-05-28,0,On Time
D006772,O007241,2026-04-27,2026-04-27,0,On Time
D006773,O007242,2025-10-29,2025-11-05,7,Late
D006774,O007243,2026-07-20,2026-07-20,0,On Time
D006775,O007244,2025-05-19,2025-05-19,0,On Time
D006776,O007245,2026-04-22,2026-04-22,0,On Time
D006777,O007246,2025-07-10,2025-07-10,0,On Time
D006778,O007247,2026-08-23,2026-08-23,0,On Time
D006779,O007248,2025-11-28,2025-11-28,0,On Time
D006780,O007249,2025-06-01,2025-06-01,0,On Time
D006781,O007250,2026-03-01,2026-03-08,7,Late
D006782,O007251,2025-10-31,2025-10-31,0,On Time
D006783,O007252,2026-06-10,2026-06-10,0,On Time
D006784,O007253,2026-02-07,2026-02-07,0,On Time
D006785,O007254,2026-05-31,2026-06-02,2,Late
D006786,O007255,2025-07-10,2025-07-10,0,On Time
D006787,O007256,2025-10-26,2025-11-02,7,Late
D006788,O007257,2026-04-27,2026-04-27,0,On Time
D006789,O007258,2026-08-20,2026-08-20,0,On Time
D006790,O007259,2025-09-05,2025-09-04,0,On Time
D006791,O007260,2025-12-10,2025-12-10,0,On Time
D006792,O007261,2026-07-17,2026-07-17,0,On Time
D006793,O007263,2026-02-26,2026-02-26,0,On Time
D006794,O007264,2025-10-30,2025-10-30,0,On Time
D006795,O007265,2025-12-11,2025-12-11,0,On Time
D006796,O007266,2026-06-07,2026-06-06,0,On Time
D006797,O007267,2026-05-30,2026-05-30,0,On Time
D006798,O007268,2026-04-07,2026-04-07,0,On Time
D006799,O007269,2026-06-29,2026-06-29,0,On Time
D006800,O007270,2025-07-03,2025-07-03,0,On Time
D006801,O007271,2026-06-14,2026-06-13,0,On Time
D006802,O007272,2025-11-25,2025-11-25,0,On Time
D006803,O007273,2026-02-16,2026-02-18,2,Late
D006804,O007274,2026-08-09,2026-08-09,0,On Time
D006805,O007275,2025-08-19,2025-08-19,0,On Time
D006806,O007276,2026-06-07,2026-06-07,0,On Time
D006807,O007278,2026-06-04,2026-06-03,0,On Time
D006808,O007279,2026-01-08,2026-01-08,0,On Time
D006809,O007280,2025-08-22,2025-08-25,3,Late
D006810,O007281,2026-07-06,2026-07-06,0,On Time
D006811,O007282,2026-05-26,2026-05-25,0,On Time
D006812,O007284,2026-05-05,2026-05-12,7,Late
D006813,O007285,2025-12-07,2025-12-07,0,On Time
D006814,O007286,2026-06-03,2026-06-03,0,On Time
D006815,O007287,2026-06-04,2026-06-04,0,On Time
D006816,O007288,2026-05-31,2026-05-31,0,On Time
D006817,O007289,2026-03-22,2026-03-22,0,On Time
D006818,O007290,2026-07-08,2026-07-07,0,On Time
D006819,O007291,2026-03-16,2026-03-16,0,On Time
D006820,O007293,2025-11-08,2025-11-08,0,On Time
D006821,O007294,2025-10-29,2025-10-29,0,On Time
D006822,O007295,2026-06-20,2026-06-25,5,Late
D006823,O007296,2025-09-22,2025-09-22,0,On Time
D006824,O007297,2025-09-17,2025-09-17,0,On Time
D006825,O007298,2026-07-16,2026-07-16,0,On Time
D006826,O007299,2025-07-19,2025-07-25,6,Late
D006827,O007300,2025-08-01,2025-07-31,0,On Time
D006828,O007301,2025-08-05,2025-08-11,6,Late
D006829,O007302,2025-12-27,2025-12-27,0,On Time
D006830,O007303,2026-05-26,2026-05-26,0,On Time
D006831,O007304,2025-10-27,2025-10-26,0,On Time
D006832,O007305,2025-06-27,2025-06-27,0,On Time
D006833,O007306,2026-05-16,2026-05-16,0,On Time
D006834,O007307,2026-04-25,2026-04-30,5,Late
D006835,O007308,2025-10-21,2025-10-21,0,On Time
D006836,O007309,2026-08-17,2026-08-17,0,On Time
D006837,O007310,2025-03-27,2025-03-30,3,Late
D006838,O007311,2026-01-18,2026-01-23,5,Late
D006839,O007312,2026-04-29,2026-04-29,0,On Time
D006840,O007313,2025-12-24,2025-12-27,3,Late
D006841,O007314,2026-01-26,2026-01-26,0,On Time
D006842,O007315,2025-05-28,2025-05-27,0,On Time
D006843,O007316,2025-06-28,2025-06-28,0,On Time
D006844,O007317,2026-06-01,2026-06-01,0,On Time
D006845,O007319,2025-12-25,2025-12-25,0,On Time
D006846,O007320,2026-03-25,2026-03-25,0,On Time
D006847,O007321,2026-02-18,2026-02-18,0,On Time
D006848,O007322,2026-04-20,2026-04-20,0,On Time
D006849,O007323,2025-11-02,2025-11-02,0,On Time
D006850,O007324,2026-02-18,2026-02-18,0,On Time
D006851,O007325,2026-05-19,2026-05-19,0,On Time
D006852,O007326,2026-07-10,2026-07-10,0,On Time
D006853,O007327,2026-02-16,2026-02-16,0,On Time
D006854,O007328,2026-01-10,2026-01-16,6,Late
D006855,O007329,2026-07-16,2026-07-15,0,On Time
D006856,O007330,2025-11-06,2025-11-06,0,On Time
D006857,O007331,2026-04-28,2026-04-30,2,Late
D006858,O007332,2026-04-27,2026-04-27,0,On Time
D006859,O007333,2026-05-19,2026-05-18,0,On Time
D006860,O007334,2025-06-25,2025-06-24,0,On Time
D006861,O007335,2026-03-20,2026-03-20,0,On Time
D006862,O007336,2026-08-13,2026-08-16,3,Late
D006863,O007337,2026-03-27,2026-03-27,0,On Time
D006864,O007338,2025-10-22,2025-10-22,0,On Time
D006865,O007339,2025-10-23,2025-10-23,0,On Time
D006866,O007341,2026-03-22,2026-03-21,0,On Time
D006867,O007342,2025-11-29,2025-11-29,0,On Time
D006868,O007343,2026-06-14,2026-06-14,0,On Time
D006869,O007344,2026-08-08,2026-08-08,0,On Time
D006870,O007345,2026-08-05,2026-08-10,5,Late
D006871,O007346,2026-07-14,2026-07-14,0,On Time
D006872,O007347,2026-01-12,2026-01-13,1,Late
D006873,O007348,2025-08-09,2025-08-09,0,On Time
D006874,O007350,2026-08-03,2026-08-03,0,On Time
D006875,O007351,2026-06-11,2026-06-10,0,On Time
D006876,O007352,2026-02-11,2026-02-11,0,On Time
D006877,O007353,2025-09-15,2025-09-15,0,On Time
D006878,O007354,2026-05-28,2026-06-03,6,Late
D006879,O007355,2026-03-13,2026-03-12,0,On Time
D006880,O007356,2026-05-06,2026-05-06,0,On Time
D006881,O007357,2026-06-17,2026-06-17,0,On Time
D006882,O007358,2026-01-02,2026-01-01,0,On Time
D006883,O007359,2025-07-22,2025-07-23,1,Late
D006884,O007360,2026-03-26,2026-03-26,0,On Time
D006885,O007361,2026-02-13,2026-02-13,0,On Time
D006886,O007362,2026-06-18,2026-06-18,0,On Time
D006887,O007363,2026-03-13,2026-03-18,5,Late
D006888,O007364,2025-08-25,2025-08-25,0,On Time
D006889,O007365,2026-02-22,2026-02-22,0,On Time
D006890,O007366,2026-08-05,2026-08-05,0,On Time
D006891,O007367,2026-02-09,2026-02-09,0,On Time
D006892,O007368,2026-07-12,2026-07-12,0,On Time
D006893,O007369,2026-03-19,2026-03-18,0,On Time
D006894,O007370,2026-08-24,2026-08-24,0,On Time
D006895,O007371,2026-06-06,2026-06-06,0,On Time
D006896,O007372,2026-04-07,2026-04-07,0,On Time
D006897,O007373,2026-08-15,2026-08-20,5,Late
D006898,O007374,2025-03-24,2025-03-24,0,On Time
D006899,O007375,2026-02-25,2026-02-25,0,On Time
D006900,O007376,2025-12-14,2025-12-14,0,On Time
D006901,O007378,2026-05-30,2026-05-30,0,On Time
D006902,O007379,2026-06-06,2026-06-06,0,On Time
D006903,O007380,2026-06-24,2026-06-24,0,On Time
D006904,O007381,2026-06-20,2026-06-20,0,On Time
D006905,O007382,2026-06-03,2026-06-03,0,On Time
D006906,O007383,2026-06-12,2026-06-17,5,Late
D006907,O007384,2026-01-03,2026-01-03,0,On Time
D006908,O007385,2025-08-06,2025-08-08,2,Late
D006909,O007386,2026-04-27,2026-04-27,0,On Time
D006910,O007387,2026-05-18,2026-05-19,1,Late
D006911,O007388,2025-09-15,2025-09-15,0,On Time
D006912,O007389,2026-07-02,2026-07-02,0,On Time
D006913,O007390,2026-05-05,2026-05-05,0,On Time
D006914,O007391,2025-09-21,2025-09-21,0,On Time
D006915,O007392,2026-08-13,2026-08-13,0,On Time
D006916,O007393,2025-12-23,2025-12-23,0,On Time
D006917,O007394,2025-12-27,2025-12-26,0,On Time
D006918,O007395,2025-12-28,2025-12-28,0,On Time
D006919,O007396,2026-02-02,2026-02-02,0,On Time
D006920,O007397,2026-08-10,2026-08-10,0,On Time
D006921,O007398,2025-12-24,2025-12-26,2,Late
D006922,O007399,2026-07-16,2026-07-16,0,On Time
D006923,O007401,2026-04-26,2026-04-26,0,On Time
D006924,O007402,2026-07-04,2026-07-04,0,On Time
D006925,O007403,2026-03-22,2026-03-22,0,On Time
D006926,O007404,2025-12-16,2025-12-16,0,On Time
D006927,O007405,2026-03-02,2026-03-02,0,On Time
D006928,O007406,2026-07-05,2026-07-05,0,On Time
D006929,O007407,2026-05-02,2026-05-02,0,On Time
D006930,O007408,2026-08-11,2026-08-10,0,On Time
D006931,O007409,2026-05-28,2026-05-29,1,Late
D006932,O007410,2026-04-03,2026-04-02,0,On Time
D006933,O007411,2026-03-11,2026-03-11,0,On Time
D006934,O007412,2026-03-22,2026-03-22,0,On Time
D006935,O007413,2025-09-18,2025-09-18,0,On Time
D006936,O007414,2025-06-23,2025-06-23,0,On Time
D006937,O007415,2026-02-06,2026-02-06,0,On Time
D006938,O007416,2026-06-09,2026-06-11,2,Late
D006939,O007417,2025-09-07,2025-09-07,0,On Time
D006940,O007418,2025-12-01,2025-12-01,0,On Time
D006941,O007419,2025-05-22,2025-05-22,0,On Time
D006942,O007420,2026-06-07,2026-06-07,0,On Time
D006943,O007421,2025-12-09,2025-12-13,4,Late
D006944,O007422,2026-06-19,2026-06-22,3,Late
D006945,O007423,2025-04-07,2025-04-06,0,On Time
D006946,O007424,2026-01-15,2026-01-14,0,On Time
D006947,O007425,2025-10-24,2025-10-24,0,On Time
D006948,O007426,2026-06-05,2026-06-05,0,On Time
D006949,O007427,2025-10-20,2025-10-20,0,On Time
D006950,O007428,2026-08-18,2026-08-17,0,On Time
D006951,O007429,2025-08-20,2025-08-20,0,On Time
D006952,O007430,2026-04-13,2026-04-13,0,On Time
D006953,O007431,2026-01-30,2026-02-04,5,Late
D006954,O007432,2026-06-21,2026-06-22,1,Late
D006955,O007434,2025-07-25,2025-07-24,0,On Time
D006956,O007435,2026-03-11,2026-03-16,5,Late
D006957,O007436,2025-12-16,2025-12-16,0,On Time
D006958,O007437,2026-08-04,2026-08-04,0,On Time
D006959,O007438,2026-02-16,2026-02-16,0,On Time
D006960,O007439,2026-02-18,2026-02-20,2,Late
D006961,O007440,2025-10-21,2025-10-21,0,On Time
D006962,O007441,2026-03-23,2026-03-22,0,On Time
D006963,O007442,2026-05-02,2026-05-02,0,On Time
D006964,O007443,2026-05-16,2026-05-16,0,On Time
D006965,O007444,2026-03-29,2026-03-29,0,On Time
D006966,O007445,2026-04-01,2026-04-01,0,On Time
D006967,O007446,2025-09-20,2025-09-24,4,Late
D006968,O007447,2026-05-20,2026-05-20,0,On Time
D006969,O007448,2026-05-07,2026-05-07,0,On Time
D006970,O007449,2026-08-03,2026-08-03,0,On Time
D006971,O007452,2026-05-18,2026-05-18,0,On Time
D006972,O007453,2026-05-31,2026-05-31,0,On Time
D006973,O007454,2026-08-08,2026-08-10,2,Late
D006974,O007455,2026-01-16,2026-01-16,0,On Time
D006975,O007456,2025-03-27,2025-03-26,0,On Time
D006976,O007457,2025-11-22,2025-11-22,0,On Time
D006977,O007458,2025-06-16,2025-06-16,0,On Time
D006978,O007459,2025-06-28,2025-06-28,0,On Time
D006979,O007460,2025-09-05,2025-09-05,0,On Time
D006980,O007461,2025-07-20,2025-07-20,0,On Time
D006981,O007462,2025-09-20,2025-09-20,0,On Time
D006982,O007463,2026-03-03,2026-03-03,0,On Time
D006983,O007464,2026-01-28,2026-01-28,0,On Time
D006984,O007465,2025-11-14,2025-11-14,0,On Time
D006985,O007466,2026-07-29,2026-07-29,0,On Time
D006986,O007467,2026-08-11,2026-08-11,0,On Time
D006987,O007468,2025-07-31,2025-07-31,0,On Time
D006988,O007469,2025-05-17,2025-05-18,1,Late
D006989,O007470,2025-10-14,2025-10-15,1,Late
D006990,O007471,2026-04-05,2026-04-05,0,On Time
D006991,O007472,2025-08-09,2025-08-10,1,Late
D006992,O007473,2026-03-02,2026-03-02,0,On Time
D006993,O007474,2025-08-03,2025-08-02,0,On Time
D006994,O007475,2026-02-25,2026-03-01,4,Late
D006995,O007476,2026-07-19,2026-07-19,0,On Time
D006996,O007477,2026-08-11,2026-08-11,0,On Time
D006997,O007478,2025-12-10,2025-12-09,0,On Time
D006998,O007479,2026-07-09,2026-07-09,0,On Time
D006999,O007480,2025-12-16,2025-12-16,0,On Time
D007000,O007481,2026-08-19,2026-08-19,0,On Time
D007001,O007482,2026-02-07,2026-02-07,0,On Time
D007002,O007483,2026-04-24,2026-04-24,0,On Time
D007003,O007484,2026-07-17,2026-07-17,0,On Time
D007004,O007485,2026-04-06,2026-04-06,0,On Time
D007005,O007486,2026-04-05,2026-04-04,0,On Time
D007006,O007487,2026-07-30,2026-08-05,6,Late
D007007,O007488,2026-05-22,2026-05-22,0,On Time
D007008,O007489,2026-05-06,2026-05-06,0,On Time
D007009,O007490,2026-01-12,2026-01-12,0,On Time
D007010,O007492,2026-04-24,2026-04-24,0,On Time
D007011,O007493,2026-02-15,2026-02-17,2,Late
D007012,O007494,2026-03-18,2026-03-18,0,On Time
D007013,O007496,2026-04-03,2026-04-03,0,On Time
D007014,O007497,2025-05-02,2025-05-02,0,On Time
D007015,O007498,2025-12-18,2025-12-17,0,On Time
D007016,O007499,2025-06-01,2025-06-06,5,Late
D007017,O007500,2025-03-06,2025-03-06,0,On Time
D007018,O007501,2026-01-01,2026-01-04,3,Late
D007019,O007502,2026-03-16,2026-03-16,0,On Time
D007020,O007503,2025-11-11,2025-11-11,0,On Time
D007021,O007504,2026-06-18,2026-06-18,0,On Time
D007022,O007505,2026-02-14,2026-02-19,5,Late
D007023,O007506,2026-07-04,2026-07-04,0,On Time
D007024,O007507,2026-06-04,2026-06-04,0,On Time
D007025,O007508,2026-08-04,2026-08-09,5,Late
D007026,O007509,2026-05-01,2026-05-08,7,Late
D007027,O007510,2026-08-05,2026-08-05,0,On Time
D007028,O007511,2026-06-26,2026-07-03,7,Late
D007029,O007512,2025-07-24,2025-07-24,0,On Time
D007030,O007513,2026-05-17,2026-05-17,0,On Time
D007031,O007514,2026-05-18,2026-05-18,0,On Time
D007032,O007515,2026-03-11,2026-03-11,0,On Time
D007033,O007516,2025-11-28,2025-11-28,0,On Time
D007034,O007517,2025-11-03,2025-11-02,0,On Time
D007035,O007518,2026-07-10,2026-07-13,3,Late
D007036,O007519,2026-03-18,2026-03-18,0,On Time
D007037,O007520,2025-06-13,2025-06-13,0,On Time
D007038,O007521,2025-06-18,2025-06-18,0,On Time
D007039,O007523,2025-09-17,2025-09-24,7,Late
D007040,O007524,2025-11-16,2025-11-17,1,Late
D007041,O007525,2026-05-25,2026-05-28,3,Late
D007042,O007526,2026-05-04,2026-05-04,0,On Time
D007043,O007527,2026-04-20,2026-04-19,0,On Time
D007044,O007528,2025-11-19,2025-11-20,1,Late
D007045,O007529,2026-03-14,2026-03-14,0,On Time
D007046,O007530,2026-03-19,2026-03-19,0,On Time
D007047,O007531,2026-03-07,2026-03-07,0,On Time
D007048,O007532,2026-07-09,2026-07-09,0,On Time
D007049,O007533,2026-05-18,2026-05-23,5,Late
D007050,O007534,2026-05-20,2026-05-20,0,On Time
D007051,O007535,2025-12-20,2025-12-20,0,On Time
D007052,O007536,2025-09-22,2025-09-22,0,On Time
D007053,O007537,2026-07-03,2026-07-03,0,On Time
D007054,O007539,2026-06-13,2026-06-13,0,On Time
D007055,O007540,2026-01-06,2026-01-06,0,On Time
D007056,O007541,2026-02-12,2026-02-12,0,On Time
D007057,O007542,2026-02-25,2026-03-01,4,Late
D007058,O007543,2026-03-19,2026-03-19,0,On Time
D007059,O007544,2026-06-26,2026-06-26,0,On Time
D007060,O007545,2026-08-02,2026-08-05,3,Late
D007061,O007546,2026-05-08,2026-05-08,0,On Time
D007062,O007547,2025-12-12,2025-12-12,0,On Time
D007063,O007548,2026-03-10,2026-03-09,0,On Time
D007064,O007549,2026-08-10,2026-08-10,0,On Time
D007065,O007550,2025-07-10,2025-07-17,7,Late
D007066,O007551,2026-04-17,2026-04-16,0,On Time
D007067,O007552,2025-10-25,2025-10-25,0,On Time
D007068,O007553,2026-04-07,2026-04-14,7,Late
D007069,O007554,2025-04-19,2025-04-19,0,On Time
D007070,O007555,2026-05-04,2026-05-04,0,On Time
D007071,O007556,2025-09-10,2025-09-10,0,On Time
D007072,O007557,2026-02-04,2026-02-03,0,On Time
D007073,O007558,2026-04-30,2026-04-30,0,On Time
D007074,O007559,2026-01-20,2026-01-25,5,Late
D007075,O007560,2025-07-01,2025-07-01,0,On Time
D007076,O007561,2026-04-19,2026-04-19,0,On Time
D007077,O007562,2026-03-23,2026-03-23,0,On Time
D007078,O007563,2026-03-25,2026-03-25,0,On Time
D007079,O007564,2025-12-24,2025-12-24,0,On Time
D007080,O007565,2026-02-16,2026-02-17,1,Late
D007081,O007566,2026-01-18,2026-01-18,0,On Time
D007082,O007567,2025-10-17,2025-10-17,0,On Time
D007083,O007569,2025-11-05,2025-11-08,3,Late
D007084,O007570,2026-03-15,2026-03-15,0,On Time
D007085,O007571,2026-06-30,2026-06-30,0,On Time
D007086,O007572,2026-06-25,2026-06-25,0,On Time
D007087,O007573,2026-01-04,2026-01-03,0,On Time
D007088,O007574,2025-07-09,2025-07-09,0,On Time
D007089,O007575,2026-04-12,2026-04-12,0,On Time
D007090,O007576,2026-07-07,2026-07-07,0,On Time
D007091,O007577,2026-03-07,2026-03-07,0,On Time
D007092,O007578,2026-04-10,2026-04-10,0,On Time
D007093,O007579,2026-03-03,2026-03-03,0,On Time
D007094,O007580,2025-12-09,2025-12-08,0,On Time
D007095,O007581,2025-07-28,2025-07-27,0,On Time
D007096,O007582,2026-02-08,2026-02-15,7,Late
D007097,O007583,2025-08-17,2025-08-16,0,On Time
D007098,O007584,2026-06-24,2026-06-23,0,On Time
D007099,O007585,2025-08-10,2025-08-10,0,On Time
D007100,O007586,2026-08-01,2026-08-01,0,On Time
D007101,O007587,2025-06-01,2025-06-02,1,Late
D007102,O007588,2026-04-12,2026-04-12,0,On Time
D007103,O007589,2026-07-10,2026-07-13,3,Late
D007104,O007590,2026-01-04,2026-01-04,0,On Time
D007105,O007591,2025-08-22,2025-08-29,7,Late
D007106,O007592,2025-05-23,2025-05-30,7,Late
D007107,O007593,2026-04-05,2026-04-05,0,On Time
D007108,O007595,2026-04-26,2026-04-25,0,On Time
D007109,O007596,2026-06-24,2026-06-24,0,On Time
D007110,O007597,2026-05-14,2026-05-14,0,On Time
D007111,O007598,2026-05-11,2026-05-17,6,Late
D007112,O007600,2026-01-17,2026-01-17,0,On Time
D007113,O007601,2026-06-28,2026-07-02,4,Late
D007114,O007602,2026-05-23,2026-05-23,0,On Time
D007115,O007603,2025-07-13,2025-07-12,0,On Time
D007116,O007604,2026-07-22,2026-07-22,0,On Time
D007117,O007605,2026-07-14,2026-07-14,0,On Time
D007118,O007606,2026-03-08,2026-03-08,0,On Time
D007119,O007607,2026-04-14,2026-04-14,0,On Time
D007120,O007608,2026-02-20,2026-02-20,0,On Time
D007121,O007609,2025-11-21,2025-11-21,0,On Time
D007122,O007610,2026-03-27,2026-03-28,1,Late
D007123,O007611,2026-03-15,2026-03-14,0,On Time
D007124,O007612,2026-02-20,2026-02-20,0,On Time
D007125,O007613,2025-08-16,2025-08-18,2,Late
D007126,O007614,2026-08-08,2026-08-10,2,Late
D007127,O007615,2026-07-04,2026-07-04,0,On Time
D007128,O007616,2025-12-30,2025-12-30,0,On Time
D007129,O007617,2026-08-01,2026-08-05,4,Late
D007130,O007618,2026-02-23,2026-02-23,0,On Time
D007131,O007619,2026-02-24,2026-02-24,0,On Time
D007132,O007620,2026-02-16,2026-02-15,0,On Time
D007133,O007621,2025-10-13,2025-10-13,0,On Time
D007134,O007622,2026-04-27,2026-04-26,0,On Time
D007135,O007623,2026-06-13,2026-06-13,0,On Time
D007136,O007624,2026-08-05,2026-08-05,0,On Time
D007137,O007625,2026-08-14,2026-08-14,0,On Time
D007138,O007626,2025-12-26,2025-12-26,0,On Time
D007139,O007627,2026-03-04,2026-03-04,0,On Time
D007140,O007629,2026-03-04,2026-03-04,0,On Time
D007141,O007632,2026-03-10,2026-03-10,0,On Time
D007142,O007633,2026-02-01,2026-02-03,2,Late
D007143,O007634,2026-07-11,2026-07-11,0,On Time
D007144,O007635,2026-04-02,2026-04-02,0,On Time
D007145,O007636,2026-03-31,2026-03-30,0,On Time
D007146,O007637,2026-08-23,2026-08-23,0,On Time
D007147,O007638,2026-07-15,2026-07-15,0,On Time
D007148,O007639,2026-07-05,2026-07-12,7,Late
D007149,O007640,2026-03-05,2026-03-05,0,On Time
D007150,O007641,2026-07-17,2026-07-17,0,On Time
D007151,O007642,2026-03-20,2026-03-21,1,Late
D007152,O007643,2026-08-20,2026-08-19,0,On Time
D007153,O007644,2025-02-22,2025-02-22,0,On Time
D007154,O007645,2026-04-08,2026-04-11,3,Late
D007155,O007646,2026-08-08,2026-08-08,0,On Time
D007156,O007647,2025-08-29,2025-08-29,0,On Time
D007157,O007648,2026-08-21,2026-08-23,2,Late
D007158,O007649,2026-05-04,2026-05-04,0,On Time
D007159,O007650,2026-07-13,2026-07-12,0,On Time
D007160,O007651,2025-09-18,2025-09-18,0,On Time
D007161,O007654,2026-07-01,2026-07-01,0,On Time
D007162,O007655,2025-03-12,2025-03-19,7,Late
D007163,O007656,2025-11-11,2025-11-11,0,On Time
D007164,O007657,2025-12-23,2025-12-26,3,Late
D007165,O007658,2025-09-24,2025-09-24,0,On Time
D007166,O007659,2025-06-02,2025-06-02,0,On Time
D007167,O007660,2025-03-15,2025-03-15,0,On Time
D007168,O007661,2025-11-20,2025-11-20,0,On Time
D007169,O007662,2026-04-10,2026-04-09,0,On Time
D007170,O007663,2026-04-02,2026-04-02,0,On Time
D007171,O007664,2026-07-31,2026-07-31,0,On Time
D007172,O007665,2026-03-26,2026-03-26,0,On Time
D007173,O007666,2025-11-29,2025-11-28,0,On Time
D007174,O007667,2026-06-17,2026-06-17,0,On Time
D007175,O007668,2026-01-06,2026-01-06,0,On Time
D007176,O007669,2026-02-27,2026-02-27,0,On Time
D007177,O007670,2025-05-19,2025-05-18,0,On Time
D007178,O007671,2026-06-29,2026-07-04,5,Late
D007179,O007672,2026-06-10,2026-06-13,3,Late
D007180,O007673,2026-03-27,2026-04-03,7,Late
D007181,O007674,2026-07-14,2026-07-14,0,On Time
D007182,O007675,2026-04-10,2026-04-12,2,Late
D007183,O007676,2026-05-05,2026-05-07,2,Late
D007184,O007677,2026-06-22,2026-06-22,0,On Time
D007185,O007678,2026-02-22,2026-02-22,0,On Time
D007186,O007679,2026-05-18,2026-05-18,0,On Time
D007187,O007680,2025-06-21,2025-06-24,3,Late
D007188,O007681,2026-01-11,2026-01-10,0,On Time
D007189,O007682,2026-03-23,2026-03-23,0,On Time
D007190,O007683,2026-04-17,2026-04-17,0,On Time
D007191,O007684,2026-03-27,2026-03-27,0,On Time
D007192,O007685,2026-05-15,2026-05-15,0,On Time
D007193,O007686,2025-10-07,2025-10-07,0,On Time
D007194,O007687,2025-12-08,2025-12-10,2,Late
D007195,O007688,2026-05-21,2026-05-20,0,On Time
D007196,O007689,2026-07-10,2026-07-10,0,On Time
D007197,O007690,2026-05-15,2026-05-15,0,On Time
D007198,O007691,2026-01-26,2026-01-26,0,On Time
D007199,O007692,2025-05-19,2025-05-19,0,On Time
D007200,O007693,2025-08-30,2025-08-30,0,On Time
D007201,O007694,2026-07-05,2026-07-05,0,On Time
D007202,O007695,2026-05-15,2026-05-15,0,On Time
D007203,O007696,2026-03-09,2026-03-09,0,On Time
D007204,O007697,2026-06-23,2026-06-22,0,On Time
D007205,O007698,2026-05-15,2026-05-15,0,On Time
D007206,O007699,2026-08-23,2026-08-27,4,Late
D007207,O007700,2025-12-31,2025-12-30,0,On Time
D007208,O007701,2026-04-11,2026-04-11,0,On Time
D007209,O007702,2025-11-29,2025-11-29,0,On Time
D007210,O007703,2026-04-24,2026-04-24,0,On Time
D007211,O007704,2026-08-21,2026-08-21,0,On Time
D007212,O007705,2026-07-06,2026-07-05,0,On Time
D007213,O007706,2026-06-28,2026-06-28,0,On Time
D007214,O007707,2026-03-01,2026-03-01,0,On Time
D007215,O007708,2026-05-26,2026-05-28,2,Late
D007216,O007709,2026-04-29,2026-04-28,0,On Time
D007217,O007710,2026-08-17,2026-08-17,0,On Time
D007218,O007711,2025-12-27,2025-12-26,0,On Time
D007219,O007712,2026-06-08,2026-06-08,0,On Time
D007220,O007713,2025-08-02,2025-08-09,7,Late
D007221,O007714,2026-03-14,2026-03-13,0,On Time
D007222,O007715,2026-02-09,2026-02-09,0,On Time
D007223,O007716,2026-03-18,2026-03-18,0,On Time
D007224,O007717,2026-07-29,2026-07-29,0,On Time
D007225,O007718,2025-12-06,2025-12-06,0,On Time
D007226,O007720,2026-05-10,2026-05-10,0,On Time
D007227,O007721,2026-08-05,2026-08-05,0,On Time
D007228,O007722,2025-12-18,2025-12-18,0,On Time
D007229,O007723,2025-07-29,2025-07-29,0,On Time
D007230,O007724,2026-03-22,2026-03-22,0,On Time
D007231,O007725,2025-03-21,2025-03-22,1,Late
D007232,O007726,2026-03-13,2026-03-13,0,On Time
D007233,O007727,2026-06-16,2026-06-16,0,On Time
D007234,O007728,2025-06-01,2025-06-01,0,On Time
D007235,O007729,2025-07-10,2025-07-10,0,On Time
D007236,O007730,2026-05-02,2026-05-02,0,On Time
D007237,O007731,2026-04-02,2026-04-02,0,On Time
D007238,O007732,2026-06-03,2026-06-03,0,On Time
D007239,O007733,2026-06-15,2026-06-15,0,On Time
D007240,O007734,2026-03-28,2026-03-31,3,Late
D007241,O007735,2026-01-20,2026-01-22,2,Late
D007242,O007736,2026-05-01,2026-04-30,0,On Time
D007243,O007737,2026-07-17,2026-07-17,0,On Time
D007244,O007738,2026-02-21,2026-02-21,0,On Time
D007245,O007739,2025-06-29,2025-06-29,0,On Time
D007246,O007740,2026-03-27,2026-03-27,0,On Time
D007247,O007741,2025-10-09,2025-10-09,0,On Time
D007248,O007742,2025-11-15,2025-11-15,0,On Time
D007249,O007743,2026-07-03,2026-07-03,0,On Time
D007250,O007744,2026-08-24,2026-08-28,4,Late
D007251,O007745,2025-09-09,2025-09-10,1,Late
D007252,O007748,2026-01-27,2026-01-27,0,On Time
D007253,O007749,2026-04-20,2026-04-20,0,On Time
D007254,O007750,2026-05-02,2026-05-01,0,On Time
D007255,O007751,2026-01-25,2026-01-25,0,On Time
D007256,O007752,2026-04-20,2026-04-20,0,On Time
D007257,O007753,2026-03-17,2026-03-17,0,On Time
D007258,O007754,2026-01-22,2026-01-22,0,On Time
D007259,O007755,2026-03-25,2026-03-25,0,On Time
D007260,O007756,2026-04-24,2026-04-24,0,On Time
D007261,O007757,2025-10-18,2025-10-18,0,On Time
D007262,O007758,2026-04-06,2026-04-11,5,Late
D007263,O007759,2026-04-17,2026-04-17,0,On Time
D007264,O007760,2026-03-13,2026-03-17,4,Late
D007265,O007761,2026-03-08,2026-03-08,0,On Time
D007266,O007762,2025-10-28,2025-10-28,0,On Time
D007267,O007763,2026-07-09,2026-07-14,5,Late
D007268,O007764,2026-07-09,2026-07-09,0,On Time
D007269,O007765,2026-02-23,2026-02-22,0,On Time
D007270,O007766,2025-12-06,2025-12-06,0,On Time
D007271,O007767,2025-07-05,2025-07-05,0,On Time
D007272,O007768,2026-05-09,2026-05-09,0,On Time
D007273,O007769,2025-09-08,2025-09-07,0,On Time
D007274,O007770,2026-02-07,2026-02-07,0,On Time
D007275,O007771,2026-06-13,2026-06-13,0,On Time
D007276,O007772,2026-05-18,2026-05-18,0,On Time
D007277,O007773,2025-06-09,2025-06-08,0,On Time
D007278,O007774,2025-07-09,2025-07-09,0,On Time
D007279,O007775,2025-10-06,2025-10-06,0,On Time
D007280,O007776,2026-08-23,2026-08-22,0,On Time
D007281,O007777,2025-03-29,2025-03-29,0,On Time
D007282,O007778,2026-06-16,2026-06-16,0,On Time
D007283,O007779,2026-02-20,2026-02-20,0,On Time
D007284,O007780,2026-02-20,2026-02-20,0,On Time
D007285,O007781,2025-11-05,2025-11-12,7,Late
D007286,O007782,2025-10-03,2025-10-03,0,On Time
D007287,O007783,2026-06-14,2026-06-14,0,On Time
D007288,O007784,2026-04-20,2026-04-20,0,On Time
D007289,O007785,2026-04-30,2026-04-30,0,On Time
D007290,O007786,2026-04-21,2026-04-23,2,Late
D007291,O007787,2025-09-05,2025-09-05,0,On Time
D007292,O007789,2026-08-16,2026-08-16,0,On Time
D007293,O007790,2025-08-08,2025-08-08,0,On Time
D007294,O007791,2025-10-02,2025-10-01,0,On Time
D007295,O007792,2026-01-05,2026-01-05,0,On Time
D007296,O007793,2026-07-01,2026-07-06,5,Late
D007297,O007794,2025-12-15,2025-12-14,0,On Time
D007298,O007795,2025-12-23,2025-12-30,7,Late
D007299,O007796,2026-01-29,2026-01-29,0,On Time
D007300,O007797,2026-04-16,2026-04-16,0,On Time
D007301,O007798,2026-04-29,2026-04-29,0,On Time
D007302,O007799,2026-02-05,2026-02-05,0,On Time
D007303,O007800,2026-04-06,2026-04-05,0,On Time
D007304,O007801,2026-02-28,2026-02-27,0,On Time
D007305,O007802,2026-05-06,2026-05-06,0,On Time
D007306,O007803,2025-09-05,2025-09-08,3,Late
D007307,O007804,2026-08-08,2026-08-08,0,On Time
D007308,O007805,2026-02-04,2026-02-04,0,On Time
D007309,O007806,2026-08-20,2026-08-20,0,On Time
D007310,O007807,2026-02-02,2026-02-01,0,On Time
D007311,O007808,2026-04-30,2026-04-30,0,On Time
D007312,O007809,2025-10-03,2025-10-03,0,On Time
D007313,O007810,2026-04-09,2026-04-11,2,Late
D007314,O007811,2026-04-29,2026-04-29,0,On Time
D007315,O007813,2025-11-19,2025-11-19,0,On Time
D007316,O007814,2025-12-22,2025-12-22,0,On Time
D007317,O007815,2026-04-24,2026-04-23,0,On Time
D007318,O007816,2026-06-09,2026-06-15,6,Late
D007319,O007817,2025-06-14,2025-06-13,0,On Time
D007320,O007818,2026-02-13,2026-02-13,0,On Time
D007321,O007819,2026-06-25,2026-06-25,0,On Time
D007322,O007820,2026-03-30,2026-03-30,0,On Time
D007323,O007821,2026-03-29,2026-03-28,0,On Time
D007324,O007822,2025-10-29,2025-10-29,0,On Time
D007325,O007824,2026-06-22,2026-06-22,0,On Time
D007326,O007825,2025-05-13,2025-05-13,0,On Time
D007327,O007826,2026-03-23,2026-03-25,2,Late
D007328,O007827,2025-07-14,2025-07-16,2,Late
D007329,O007828,2025-11-13,2025-11-13,0,On Time
D007330,O007829,2026-06-10,2026-06-10,0,On Time
D007331,O007830,2026-05-03,2026-05-03,0,On Time
D007332,O007831,2026-04-17,2026-04-17,0,On Time
D007333,O007832,2026-06-29,2026-06-28,0,On Time
D007334,O007833,2025-11-24,2025-11-24,0,On Time
D007335,O007834,2026-05-30,2026-06-02,3,Late
D007336,O007835,2026-03-03,2026-03-03,0,On Time
D007337,O007836,2026-06-05,2026-06-04,0,On Time
D007338,O007837,2026-08-22,2026-08-22,0,On Time
D007339,O007838,2025-11-06,2025-11-06,0,On Time
D007340,O007839,2026-01-14,2026-01-14,0,On Time
D007341,O007840,2025-10-11,2025-10-11,0,On Time
D007342,O007841,2026-01-19,2026-01-19,0,On Time
D007343,O007842,2025-12-01,2025-11-30,0,On Time
D007344,O007843,2026-03-06,2026-03-06,0,On Time
D007345,O007844,2026-04-24,2026-04-24,0,On Time
D007346,O007845,2025-08-29,2025-08-29,0,On Time
D007347,O007846,2026-04-28,2026-04-28,0,On Time
D007348,O007847,2026-08-05,2026-08-05,0,On Time
D007349,O007849,2026-04-12,2026-04-12,0,On Time
D007350,O007852,2026-06-03,2026-06-06,3,Late
D007351,O007854,2026-06-14,2026-06-14,0,On Time
D007352,O007855,2025-04-08,2025-04-08,0,On Time
D007353,O007856,2026-07-30,2026-07-30,0,On Time
D007354,O007857,2026-03-17,2026-03-16,0,On Time
D007355,O007858,2025-09-26,2025-09-26,0,On Time
D007356,O007859,2026-05-07,2026-05-07,0,On Time
D007357,O007860,2026-03-21,2026-03-21,0,On Time
D007358,O007861,2026-04-12,2026-04-11,0,On Time
D007359,O007862,2026-04-19,2026-04-19,0,On Time
D007360,O007863,2025-04-26,2025-05-02,6,Late
D007361,O007864,2025-10-11,2025-10-11,0,On Time
D007362,O007865,2026-02-15,2026-02-15,0,On Time
D007363,O007866,2026-03-23,2026-03-23,0,On Time
D007364,O007867,2026-03-31,2026-03-31,0,On Time
D007365,O007868,2026-05-24,2026-05-24,0,On Time
D007366,O007869,2026-04-07,2026-04-06,0,On Time
D007367,O007870,2026-06-10,2026-06-10,0,On Time
D007368,O007871,2026-07-06,2026-07-06,0,On Time
D007369,O007872,2026-07-17,2026-07-17,0,On Time
D007370,O007873,2026-04-02,2026-04-02,0,On Time
D007371,O007875,2026-01-08,2026-01-08,0,On Time
D007372,O007876,2025-08-13,2025-08-13,0,On Time
D007373,O007877,2025-11-06,2025-11-05,0,On Time
D007374,O007878,2026-04-01,2026-03-31,0,On Time
D007375,O007880,2025-12-14,2025-12-14,0,On Time
D007376,O007881,2025-12-05,2025-12-05,0,On Time
D007377,O007882,2026-01-23,2026-01-23,0,On Time
D007378,O007883,2026-01-01,2026-01-01,0,On Time
D007379,O007884,2025-11-23,2025-11-30,7,Late
D007380,O007885,2026-06-07,2026-06-13,6,Late
D007381,O007886,2026-04-13,2026-04-18,5,Late
D007382,O007887,2026-05-27,2026-05-27,0,On Time
D007383,O007888,2026-01-27,2026-01-26,0,On Time
D007384,O007889,2026-03-05,2026-03-05,0,On Time
D007385,O007890,2026-08-18,2026-08-18,0,On Time
D007386,O007892,2026-02-24,2026-02-24,0,On Time
D007387,O007893,2025-06-14,2025-06-14,0,On Time
D007388,O007894,2026-03-20,2026-03-20,0,On Time
D007389,O007895,2026-05-27,2026-06-01,5,Late
D007390,O007896,2026-07-01,2026-06-30,0,On Time
D007391,O007897,2025-02-28,2025-02-28,0,On Time
D007392,O007898,2025-12-29,2025-12-29,0,On Time
D007393,O007899,2026-06-25,2026-06-28,3,Late
D007394,O007900,2026-07-26,2026-07-26,0,On Time
D007395,O007901,2026-04-19,2026-04-19,0,On Time
D007396,O007902,2026-07-21,2026-07-20,0,On Time
D007397,O007903,2026-04-29,2026-04-29,0,On Time
D007398,O007904,2026-03-22,2026-03-22,0,On Time
D007399,O007905,2025-08-23,2025-08-23,0,On Time
D007400,O007906,2026-07-16,2026-07-21,5,Late
D007401,O007907,2026-03-27,2026-03-27,0,On Time
D007402,O007908,2026-07-10,2026-07-10,0,On Time
D007403,O007909,2026-06-05,2026-06-05,0,On Time
D007404,O007910,2025-12-13,2025-12-13,0,On Time
D007405,O007911,2026-01-03,2026-01-03,0,On Time
D007406,O007912,2025-07-03,2025-07-02,0,On Time
D007407,O007913,2026-06-19,2026-06-19,0,On Time
D007408,O007914,2026-04-05,2026-04-05,0,On Time
D007409,O007915,2026-07-25,2026-07-25,0,On Time
D007410,O007916,2025-12-24,2025-12-24,0,On Time
D007411,O007917,2025-12-11,2025-12-11,0,On Time
D007412,O007918,2026-07-05,2026-07-05,0,On Time
D007413,O007919,2026-06-06,2026-06-06,0,On Time
D007414,O007920,2026-06-17,2026-06-17,0,On Time
D007415,O007922,2026-06-05,2026-06-05,0,On Time
D007416,O007923,2025-04-04,2025-04-11,7,Late
D007417,O007924,2026-02-20,2026-02-25,5,Late
D007418,O007925,2025-09-03,2025-09-02,0,On Time
D007419,O007926,2026-06-12,2026-06-11,0,On Time
D007420,O007927,2025-10-27,2025-10-27,0,On Time
D007421,O007928,2025-11-30,2025-11-29,0,On Time
D007422,O007929,2026-04-20,2026-04-20,0,On Time
D007423,O007930,2025-12-23,2025-12-22,0,On Time
D007424,O007931,2026-07-05,2026-07-05,0,On Time
D007425,O007932,2026-03-22,2026-03-22,0,On Time
D007426,O007933,2026-07-27,2026-07-27,0,On Time
D007427,O007934,2025-12-09,2025-12-11,2,Late
D007428,O007935,2026-04-26,2026-04-25,0,On Time
D007429,O007936,2026-01-27,2026-01-27,0,On Time
D007430,O007937,2025-12-30,2025-12-29,0,On Time
D007431,O007938,2026-02-20,2026-02-24,4,Late
D007432,O007939,2026-04-10,2026-04-13,3,Late
D007433,O007940,2026-05-04,2026-05-04,0,On Time
D007434,O007941,2026-08-06,2026-08-06,0,On Time
D007435,O007942,2026-05-04,2026-05-04,0,On Time
D007436,O007943,2025-08-12,2025-08-12,0,On Time
D007437,O007944,2026-01-27,2026-01-27,0,On Time
D007438,O007945,2026-04-24,2026-04-24,0,On Time
D007439,O007946,2026-05-06,2026-05-05,0,On Time
D007440,O007947,2026-05-07,2026-05-06,0,On Time
D007441,O007948,2026-02-17,2026-02-19,2,Late
D007442,O007949,2026-02-22,2026-02-27,5,Late
D007443,O007950,2026-02-13,2026-02-13,0,On Time
D007444,O007951,2026-01-16,2026-01-16,0,On Time
D007445,O007952,2025-12-21,2025-12-21,0,On Time
D007446,O007953,2026-05-05,2026-05-05,0,On Time
D007447,O007955,2025-11-29,2025-11-29,0,On Time
D007448,O007956,2026-01-13,2026-01-17,4,Late
D007449,O007957,2026-06-30,2026-06-30,0,On Time
D007450,O007958,2025-12-23,2025-12-25,2,Late
D007451,O007959,2026-01-11,2026-01-11,0,On Time
D007452,O007960,2026-01-28,2026-01-28,0,On Time
D007453,O007962,2025-11-26,2025-11-26,0,On Time
D007454,O007963,2025-11-08,2025-11-10,2,Late
D007455,O007964,2025-10-23,2025-10-23,0,On Time
D007456,O007966,2026-07-04,2026-07-04,0,On Time
D007457,O007967,2026-03-25,2026-03-28,3,Late
D007458,O007968,2026-05-17,2026-05-17,0,On Time
D007459,O007969,2026-07-02,2026-07-02,0,On Time
D007460,O007970,2025-09-15,2025-09-15,0,On Time
D007461,O007971,2026-05-28,2026-05-28,0,On Time
D007462,O007972,2026-03-15,2026-03-20,5,Late
D007463,O007973,2026-02-25,2026-02-25,0,On Time
D007464,O007974,2026-08-13,2026-08-13,0,On Time
D007465,O007975,2026-08-05,2026-08-05,0,On Time
D007466,O007976,2026-07-29,2026-07-29,0,On Time
D007467,O007978,2026-08-12,2026-08-12,0,On Time
D007468,O007979,2025-12-24,2025-12-24,0,On Time
D007469,O007980,2026-02-01,2026-01-31,0,On Time
D007470,O007981,2026-04-14,2026-04-14,0,On Time
D007471,O007982,2026-07-20,2026-07-20,0,On Time
D007472,O007983,2026-01-11,2026-01-11,0,On Time
D007473,O007984,2026-06-19,2026-06-19,0,On Time
D007474,O007986,2026-02-18,2026-02-17,0,On Time
D007475,O007987,2026-07-13,2026-07-13,0,On Time
D007476,O007988,2026-01-30,2026-01-30,0,On Time
D007477,O007989,2026-07-28,2026-07-28,0,On Time
D007478,O007990,2026-06-07,2026-06-07,0,On Time
D007479,O007991,2025-11-07,2025-11-07,0,On Time
D007480,O007992,2026-07-30,2026-07-30,0,On Time
D007481,O007993,2026-08-09,2026-08-09,0,On Time
D007482,O007994,2025-08-31,2025-08-30,0,On Time
D007483,O007995,2025-09-03,2025-09-03,0,On Time
D007484,O007996,2026-05-07,2026-05-09,2,Late
D007485,O007997,2026-08-03,2026-08-03,0,On Time
D007486,O007998,2026-08-18,2026-08-18,0,On Time
D007487,O007999,2026-04-01,2026-04-01,0,On Time
D007488,O008000,2025-09-24,2025-09-29,5,Late
D007489,O008001,2026-08-17,2026-08-17,0,On Time
D007490,O008002,2026-02-13,2026-02-13,0,On Time
D007491,O008003,2025-08-26,2025-08-26,0,On Time
D007492,O008004,2026-03-22,2026-03-22,0,On Time
D007493,O008005,2026-07-02,2026-07-07,5,Late
D007494,O008006,2026-02-15,2026-02-15,0,On Time
D007495,O008007,2026-04-09,2026-04-09,0,On Time
D007496,O008008,2026-08-09,2026-08-08,0,On Time
D007497,O008009,2026-02-14,2026-02-13,0,On Time
D007498,O008011,2026-07-04,2026-07-04,0,On Time
D007499,O008012,2025-11-27,2025-11-27,0,On Time
D007500,O008013,2025-12-16,2025-12-16,0,On Time
D007501,O008014,2025-11-03,2025-11-03,0,On Time
D007502,O008015,2026-05-02,2026-05-02,0,On Time
D007503,O008016,2026-01-10,2026-01-10,0,On Time
D007504,O008018,2026-01-24,2026-01-24,0,On Time
D007505,O008019,2026-07-16,2026-07-23,7,Late
D007506,O008020,2026-07-27,2026-07-27,0,On Time
D007507,O008021,2026-06-23,2026-06-23,0,On Time
D007508,O008022,2026-01-25,2026-01-25,0,On Time
D007509,O008023,2026-05-21,2026-05-28,7,Late
D007510,O008024,2026-04-16,2026-04-16,0,On Time
D007511,O008025,2025-04-26,2025-05-03,7,Late
D007512,O008028,2026-02-22,2026-02-22,0,On Time
D007513,O008029,2026-04-05,2026-04-12,7,Late
D007514,O008030,2026-05-10,2026-05-10,0,On Time
D007515,O008031,2026-05-20,2026-05-20,0,On Time
D007516,O008032,2025-12-11,2025-12-11,0,On Time
D007517,O008033,2026-05-08,2026-05-15,7,Late
D007518,O008034,2026-04-26,2026-04-26,0,On Time
D007519,O008035,2026-04-13,2026-04-13,0,On Time
D007520,O008036,2026-05-11,2026-05-11,0,On Time
D007521,O008037,2026-04-04,2026-04-09,5,Late
D007522,O008038,2025-11-01,2025-11-01,0,On Time
D007523,O008040,2026-05-28,2026-05-30,2,Late
D007524,O008041,2025-10-19,2025-10-19,0,On Time
D007525,O008042,2026-04-23,2026-04-28,5,Late
D007526,O008043,2026-01-25,2026-01-25,0,On Time
D007527,O008044,2026-07-19,2026-07-19,0,On Time
D007528,O008045,2026-02-22,2026-02-27,5,Late
D007529,O008046,2026-01-24,2026-01-24,0,On Time
D007530,O008047,2026-06-27,2026-06-27,0,On Time
D007531,O008048,2026-05-01,2026-05-01,0,On Time
D007532,O008049,2026-03-13,2026-03-13,0,On Time
D007533,O008050,2026-03-07,2026-03-07,0,On Time
D007534,O008051,2025-08-09,2025-08-09,0,On Time
D007535,O008052,2025-10-18,2025-10-18,0,On Time
D007536,O008053,2026-01-14,2026-01-14,0,On Time
D007537,O008054,2026-05-16,2026-05-16,0,On Time
D007538,O008055,2026-05-04,2026-05-04,0,On Time
D007539,O008056,2026-03-22,2026-03-22,0,On Time
D007540,O008057,2026-03-13,2026-03-20,7,Late
D007541,O008058,2026-05-22,2026-05-22,0,On Time
D007542,O008059,2026-04-26,2026-04-25,0,On Time
D007543,O008060,2026-06-18,2026-06-18,0,On Time
D007544,O008061,2025-09-04,2025-09-10,6,Late
D007545,O008062,2026-03-03,2026-03-02,0,On Time
D007546,O008063,2026-04-25,2026-04-25,0,On Time
D007547,O008064,2026-04-22,2026-04-22,0,On Time
D007548,O008065,2025-10-20,2025-10-20,0,On Time
D007549,O008066,2025-04-03,2025-04-02,0,On Time
D007550,O008068,2025-04-12,2025-04-12,0,On Time
D007551,O008069,2026-03-06,2026-03-07,1,Late
D007552,O008070,2025-10-10,2025-10-10,0,On Time
D007553,O008071,2026-08-02,2026-08-02,0,On Time
D007554,O008072,2026-04-07,2026-04-07,0,On Time
D007555,O008073,2025-09-13,2025-09-13,0,On Time
D007556,O008074,2026-06-04,2026-06-04,0,On Time
D007557,O008075,2026-03-20,2026-03-21,1,Late
D007558,O008076,2026-06-21,2026-06-21,0,On Time
D007559,O008077,2025-08-10,2025-08-11,1,Late
D007560,O008078,2026-04-13,2026-04-13,0,On Time
D007561,O008079,2026-04-05,2026-04-04,0,On Time
D007562,O008080,2026-08-17,2026-08-17,0,On Time
D007563,O008081,2026-07-03,2026-07-03,0,On Time
D007564,O008082,2026-05-18,2026-05-18,0,On Time
D007565,O008083,2025-08-11,2025-08-11,0,On Time
D007566,O008084,2026-07-09,2026-07-09,0,On Time
D007567,O008085,2026-06-24,2026-06-24,0,On Time
D007568,O008086,2026-04-17,2026-04-17,0,On Time
D007569,O008087,2026-05-01,2026-05-01,0,On Time
D007570,O008088,2026-08-11,2026-08-10,0,On Time
D007571,O008089,2026-08-17,2026-08-17,0,On Time
D007572,O008090,2026-06-15,2026-06-14,0,On Time
D007573,O008091,2025-08-07,2025-08-07,0,On Time
D007574,O008092,2025-10-12,2025-10-12,0,On Time
D007575,O008093,2026-03-27,2026-03-27,0,On Time
D007576,O008094,2026-02-12,2026-02-12,0,On Time
D007577,O008095,2026-02-24,2026-02-24,0,On Time
D007578,O008096,2025-10-04,2025-10-04,0,On Time
D007579,O008097,2025-09-14,2025-09-14,0,On Time
D007580,O008098,2026-01-11,2026-01-18,7,Late
D007581,O008099,2026-07-08,2026-07-08,0,On Time
D007582,O008100,2026-07-15,2026-07-22,7,Late
D007583,O008101,2026-01-28,2026-01-28,0,On Time
D007584,O008102,2026-07-18,2026-07-18,0,On Time
D007585,O008103,2026-08-22,2026-08-29,7,Late
D007586,O008104,2025-12-08,2025-12-07,0,On Time
D007587,O008105,2026-03-30,2026-03-30,0,On Time
D007588,O008106,2025-08-13,2025-08-18,5,Late
D007589,O008107,2026-02-28,2026-02-28,0,On Time
D007590,O008108,2025-10-26,2025-10-26,0,On Time
D007591,O008109,2025-11-24,2025-11-24,0,On Time
D007592,O008110,2026-07-14,2026-07-14,0,On Time
D007593,O008111,2025-12-28,2025-12-27,0,On Time
D007594,O008112,2026-06-12,2026-06-12,0,On Time
D007595,O008113,2026-07-13,2026-07-13,0,On Time
D007596,O008114,2026-04-26,2026-04-26,0,On Time
D007597,O008115,2026-05-06,2026-05-06,0,On Time
D007598,O008116,2025-07-07,2025-07-09,2,Late
D007599,O008118,2026-03-31,2026-03-30,0,On Time
D007600,O008119,2025-07-20,2025-07-20,0,On Time
D007601,O008120,2026-04-16,2026-04-22,6,Late
D007602,O008121,2026-07-28,2026-07-28,0,On Time
D007603,O008122,2025-08-18,2025-08-18,0,On Time
D007604,O008123,2026-06-13,2026-06-15,2,Late
D007605,O008124,2025-08-18,2025-08-18,0,On Time
D007606,O008125,2025-08-30,2025-08-30,0,On Time
D007607,O008126,2026-03-03,2026-03-03,0,On Time
D007608,O008127,2026-07-08,2026-07-13,5,Late
D007609,O008128,2026-03-11,2026-03-10,0,On Time
D007610,O008129,2026-03-27,2026-03-27,0,On Time
D007611,O008130,2026-02-11,2026-02-11,0,On Time
D007612,O008131,2026-01-04,2026-01-04,0,On Time
D007613,O008133,2026-04-10,2026-04-10,0,On Time
D007614,O008134,2025-10-21,2025-10-23,2,Late
D007615,O008135,2026-03-21,2026-03-21,0,On Time
D007616,O008136,2026-02-05,2026-02-05,0,On Time
D007617,O008137,2025-04-13,2025-04-14,1,Late
D007618,O008138,2026-07-12,2026-07-11,0,On Time
D007619,O008139,2026-03-05,2026-03-12,7,Late
D007620,O008140,2026-02-04,2026-02-04,0,On Time
D007621,O008141,2026-05-01,2026-05-01,0,On Time
D007622,O008142,2025-12-03,2025-12-02,0,On Time
D007623,O008143,2025-10-08,2025-10-08,0,On Time
D007624,O008144,2026-01-26,2026-01-25,0,On Time
D007625,O008145,2026-06-15,2026-06-15,0,On Time
D007626,O008147,2026-05-29,2026-05-29,0,On Time
D007627,O008148,2025-05-30,2025-05-30,0,On Time
D007628,O008149,2026-05-26,2026-05-25,0,On Time
D007629,O008150,2026-04-16,2026-04-15,0,On Time
D007630,O008151,2026-04-17,2026-04-16,0,On Time
D007631,O008152,2025-12-18,2025-12-18,0,On Time
D007632,O008153,2026-04-26,2026-04-25,0,On Time
D007633,O008154,2026-08-20,2026-08-20,0,On Time
D007634,O008155,2026-03-24,2026-03-24,0,On Time
D007635,O008157,2026-01-06,2026-01-09,3,Late
D007636,O008158,2026-08-20,2026-08-20,0,On Time
D007637,O008159,2026-05-17,2026-05-22,5,Late
D007638,O008160,2026-08-02,2026-08-04,2,Late
D007639,O008161,2026-01-20,2026-01-20,0,On Time
D007640,O008162,2026-04-02,2026-04-02,0,On Time
D007641,O008164,2026-02-26,2026-02-26,0,On Time
D007642,O008165,2026-06-20,2026-06-21,1,Late
D007643,O008167,2026-05-07,2026-05-07,0,On Time
D007644,O008168,2026-03-24,2026-03-24,0,On Time
D007645,O008169,2025-07-18,2025-07-18,0,On Time
D007646,O008170,2025-09-23,2025-09-23,0,On Time
D007647,O008171,2025-12-20,2025-12-20,0,On Time
D007648,O008172,2025-09-29,2025-09-29,0,On Time
D007649,O008173,2025-03-03,2025-03-03,0,On Time
D007650,O008174,2026-05-29,2026-05-29,0,On Time
D007651,O008176,2025-12-16,2025-12-16,0,On Time
D007652,O008177,2025-08-15,2025-08-15,0,On Time
D007653,O008178,2026-04-23,2026-04-22,0,On Time
D007654,O008179,2026-08-14,2026-08-14,0,On Time
D007655,O008180,2025-12-24,2025-12-24,0,On Time
D007656,O008181,2026-04-29,2026-04-29,0,On Time
D007657,O008182,2025-11-20,2025-11-20,0,On Time
D007658,O008183,2026-04-17,2026-04-16,0,On Time
D007659,O008184,2026-07-19,2026-07-19,0,On Time
D007660,O008185,2026-08-13,2026-08-13,0,On Time
D007661,O008186,2026-07-28,2026-07-28,0,On Time
D007662,O008187,2026-01-03,2026-01-03,0,On Time
D007663,O008188,2026-04-16,2026-04-21,5,Late
D007664,O008189,2026-08-04,2026-08-04,0,On Time
D007665,O008190,2026-05-25,2026-05-25,0,On Time
D007666,O008191,2025-09-13,2025-09-12,0,On Time
D007667,O008192,2026-01-09,2026-01-15,6,Late
D007668,O008193,2026-04-12,2026-04-12,0,On Time
D007669,O008194,2025-09-21,2025-09-21,0,On Time
D007670,O008195,2026-07-26,2026-07-25,0,On Time
D007671,O008196,2026-05-26,2026-05-26,0,On Time
D007672,O008197,2025-05-01,2025-04-30,0,On Time
D007673,O008198,2026-05-01,2026-05-05,4,Late
D007674,O008199,2026-01-26,2026-01-26,0,On Time
D007675,O008200,2025-07-06,2025-07-12,6,Late
D007676,O008201,2026-07-19,2026-07-19,0,On Time
D007677,O008202,2026-06-19,2026-06-22,3,Late
D007678,O008204,2026-08-14,2026-08-21,7,Late
D007679,O008205,2025-07-15,2025-07-14,0,On Time
D007680,O008206,2026-06-30,2026-06-30,0,On Time
D007681,O008207,2025-09-22,2025-09-22,0,On Time
D007682,O008209,2026-07-26,2026-07-26,0,On Time
D007683,O008210,2026-03-28,2026-03-27,0,On Time
D007684,O008211,2026-05-23,2026-05-23,0,On Time
D007685,O008213,2026-01-15,2026-01-18,3,Late
D007686,O008214,2025-07-21,2025-07-21,0,On Time
D007687,O008215,2025-01-17,2025-01-17,0,On Time
D007688,O008216,2026-01-24,2026-01-24,0,On Time
D007689,O008217,2025-06-30,2025-06-30,0,On Time
D007690,O008218,2026-04-03,2026-04-03,0,On Time
D007691,O008219,2026-02-06,2026-02-06,0,On Time
D007692,O008220,2026-03-21,2026-03-23,2,Late
D007693,O008221,2026-02-13,2026-02-13,0,On Time
D007694,O008222,2026-06-23,2026-06-22,0,On Time
D007695,O008223,2026-07-19,2026-07-26,7,Late
D007696,O008224,2026-03-23,2026-03-29,6,Late
D007697,O008225,2025-07-19,2025-07-19,0,On Time
D007698,O008226,2026-03-29,2026-03-29,0,On Time
D007699,O008227,2026-03-03,2026-03-03,0,On Time
D007700,O008228,2026-02-13,2026-02-13,0,On Time
D007701,O008229,2026-07-23,2026-07-29,6,Late
D007702,O008230,2026-03-08,2026-03-08,0,On Time
D007703,O008231,2026-01-11,2026-01-11,0,On Time
D007704,O008232,2026-03-30,2026-03-30,0,On Time
D007705,O008233,2026-07-15,2026-07-14,0,On Time
D007706,O008234,2025-07-07,2025-07-07,0,On Time
D007707,O008235,2026-01-29,2026-01-29,0,On Time
D007708,O008236,2025-05-05,2025-05-05,0,On Time
D007709,O008237,2026-07-27,2026-07-27,0,On Time
D007710,O008238,2026-04-15,2026-04-21,6,Late
D007711,O008240,2026-06-14,2026-06-13,0,On Time
D007712,O008241,2026-07-09,2026-07-09,0,On Time
D007713,O008242,2026-06-11,2026-06-10,0,On Time
D007714,O008243,2026-02-01,2026-02-01,0,On Time
D007715,O008244,2026-07-12,2026-07-19,7,Late
D007716,O008245,2026-03-04,2026-03-04,0,On Time
D007717,O008246,2025-10-24,2025-10-24,0,On Time
D007718,O008247,2026-05-08,2026-05-11,3,Late
D007719,O008248,2026-05-13,2026-05-13,0,On Time
D007720,O008249,2026-06-14,2026-06-14,0,On Time
D007721,O008250,2026-03-06,2026-03-06,0,On Time
D007722,O008251,2025-08-29,2025-08-29,0,On Time
D007723,O008252,2025-05-15,2025-05-15,0,On Time
D007724,O008253,2025-04-14,2025-04-14,0,On Time
D007725,O008254,2025-09-26,2025-09-30,4,Late
D007726,O008255,2026-01-28,2026-01-27,0,On Time
D007727,O008256,2025-07-09,2025-07-14,5,Late
D007728,O008257,2026-08-05,2026-08-05,0,On Time
D007729,O008258,2026-01-04,2026-01-04,0,On Time
D007730,O008259,2026-03-17,2026-03-17,0,On Time
D007731,O008261,2025-06-23,2025-06-27,4,Late
D007732,O008262,2026-01-15,2026-01-15,0,On Time
D007733,O008263,2026-02-03,2026-02-03,0,On Time
D007734,O008264,2026-01-17,2026-01-24,7,Late
D007735,O008265,2026-08-23,2026-08-24,1,Late
D007736,O008266,2025-06-10,2025-06-10,0,On Time
D007737,O008267,2025-07-31,2025-07-31,0,On Time
D007738,O008268,2026-04-12,2026-04-12,0,On Time
D007739,O008269,2025-09-22,2025-09-24,2,Late
D007740,O008270,2025-12-05,2025-12-04,0,On Time
D007741,O008271,2026-04-04,2026-04-04,0,On Time
D007742,O008272,2025-08-20,2025-08-20,0,On Time
D007743,O008273,2026-03-17,2026-03-17,0,On Time
D007744,O008275,2026-04-26,2026-04-26,0,On Time
D007745,O008276,2026-03-01,2026-03-01,0,On Time
D007746,O008277,2026-07-17,2026-07-17,0,On Time
D007747,O008278,2026-05-18,2026-05-18,0,On Time
D007748,O008279,2026-01-27,2026-01-27,0,On Time
D007749,O008280,2026-02-14,2026-02-14,0,On Time
D007750,O008281,2025-09-10,2025-09-10,0,On Time
D007751,O008282,2026-04-19,2026-04-19,0,On Time
D007752,O008283,2026-07-06,2026-07-06,0,On Time
D007753,O008284,2025-11-09,2025-11-09,0,On Time
D007754,O008285,2026-03-12,2026-03-12,0,On Time
D007755,O008286,2026-08-22,2026-08-22,0,On Time
D007756,O008287,2026-07-27,2026-07-26,0,On Time
D007757,O008288,2026-06-23,2026-06-23,0,On Time
D007758,O008289,2025-07-22,2025-07-22,0,On Time
D007759,O008291,2026-06-01,2026-06-01,0,On Time
D007760,O008292,2026-06-24,2026-06-24,0,On Time
D007761,O008293,2026-05-13,2026-05-13,0,On Time
D007762,O008294,2026-06-05,2026-06-06,1,Late
D007763,O008295,2026-03-14,2026-03-14,0,On Time
D007764,O008296,2026-05-06,2026-05-06,0,On Time
D007765,O008297,2026-06-05,2026-06-04,0,On Time
D007766,O008298,2026-03-27,2026-03-26,0,On Time
D007767,O008299,2025-08-16,2025-08-16,0,On Time
D007768,O008300,2025-12-05,2025-12-05,0,On Time
D007769,O008301,2026-04-23,2026-04-23,0,On Time
D007770,O008302,2026-06-12,2026-06-12,0,On Time
D007771,O008303,2026-03-11,2026-03-17,6,Late
D007772,O008304,2026-05-21,2026-05-21,0,On Time
D007773,O008305,2025-06-14,2025-06-14,0,On Time
D007774,O008306,2026-08-15,2026-08-15,0,On Time
D007775,O008307,2025-12-30,2025-12-31,1,Late
D007776,O008308,2026-06-11,2026-06-11,0,On Time
D007777,O008309,2026-04-27,2026-04-27,0,On Time
D007778,O008310,2025-06-25,2025-06-25,0,On Time
D007779,O008311,2025-10-03,2025-10-03,0,On Time
D007780,O008312,2026-02-16,2026-02-16,0,On Time
D007781,O008313,2025-02-19,2025-02-19,0,On Time
D007782,O008314,2025-06-02,2025-06-02,0,On Time
D007783,O008315,2025-08-03,2025-08-03,0,On Time
D007784,O008316,2026-07-08,2026-07-08,0,On Time
D007785,O008317,2026-05-23,2026-05-23,0,On Time
D007786,O008318,2026-05-24,2026-05-24,0,On Time
D007787,O008319,2026-08-17,2026-08-17,0,On Time
D007788,O008320,2026-07-19,2026-07-19,0,On Time
D007789,O008321,2025-12-28,2025-12-28,0,On Time
D007790,O008322,2026-03-25,2026-03-25,0,On Time
D007791,O008323,2026-06-14,2026-06-14,0,On Time
D007792,O008324,2026-05-22,2026-05-22,0,On Time
D007793,O008326,2025-07-01,2025-07-01,0,On Time
D007794,O008327,2026-08-20,2026-08-20,0,On Time
D007795,O008328,2025-09-14,2025-09-13,0,On Time
D007796,O008329,2026-04-03,2026-04-03,0,On Time
D007797,O008330,2025-12-07,2025-12-07,0,On Time
D007798,O008331,2026-03-04,2026-03-05,1,Late
D007799,O008332,2025-07-09,2025-07-08,0,On Time
D007800,O008333,2026-04-13,2026-04-14,1,Late
D007801,O008334,2025-11-24,2025-11-23,0,On Time
D007802,O008335,2026-02-23,2026-02-23,0,On Time
D007803,O008336,2025-12-19,2025-12-19,0,On Time
D007804,O008337,2026-02-28,2026-02-28,0,On Time
D007805,O008338,2026-08-04,2026-08-03,0,On Time
D007806,O008339,2026-05-06,2026-05-13,7,Late
D007807,O008340,2026-05-13,2026-05-13,0,On Time
D007808,O008341,2025-09-18,2025-09-18,0,On Time
D007809,O008342,2025-11-28,2025-11-27,0,On Time
D007810,O008343,2026-05-10,2026-05-10,0,On Time
D007811,O008344,2026-02-07,2026-02-07,0,On Time
D007812,O008345,2026-06-04,2026-06-09,5,Late
D007813,O008346,2026-06-09,2026-06-09,0,On Time
D007814,O008347,2026-01-30,2026-01-30,0,On Time
D007815,O008348,2026-07-02,2026-07-07,5,Late
D007816,O008349,2026-01-28,2026-01-28,0,On Time
D007817,O008350,2026-04-03,2026-04-03,0,On Time
D007818,O008351,2026-08-15,2026-08-15,0,On Time
D007819,O008352,2025-11-06,2025-11-06,0,On Time
D007820,O008353,2026-08-16,2026-08-15,0,On Time
D007821,O008354,2025-11-24,2025-11-24,0,On Time
D007822,O008355,2026-04-12,2026-04-12,0,On Time
D007823,O008356,2026-04-23,2026-04-23,0,On Time
D007824,O008357,2025-07-18,2025-07-23,5,Late
D007825,O008358,2025-03-18,2025-03-20,2,Late
D007826,O008359,2026-08-22,2026-08-22,0,On Time
D007827,O008360,2026-01-12,2026-01-12,0,On Time
D007828,O008361,2026-07-24,2026-07-24,0,On Time
D007829,O008362,2026-02-09,2026-02-09,0,On Time
D007830,O008363,2026-04-07,2026-04-10,3,Late
D007831,O008364,2026-08-20,2026-08-20,0,On Time
D007832,O008365,2026-08-20,2026-08-20,0,On Time
D007833,O008366,2026-04-19,2026-04-19,0,On Time
D007834,O008367,2026-08-12,2026-08-13,1,Late
D007835,O008368,2026-06-21,2026-06-27,6,Late
D007836,O008369,2025-07-09,2025-07-09,0,On Time
D007837,O008370,2026-08-02,2026-08-02,0,On Time
D007838,O008372,2026-05-07,2026-05-07,0,On Time
D007839,O008373,2026-03-06,2026-03-06,0,On Time
D007840,O008374,2026-06-20,2026-06-20,0,On Time
D007841,O008375,2025-08-16,2025-08-16,0,On Time
D007842,O008376,2025-12-19,2025-12-18,0,On Time
D007843,O008377,2026-07-10,2026-07-10,0,On Time
D007844,O008378,2026-08-11,2026-08-11,0,On Time
D007845,O008379,2026-07-12,2026-07-12,0,On Time
D007846,O008380,2026-05-01,2026-05-01,0,On Time
D007847,O008381,2026-05-27,2026-05-26,0,On Time
D007848,O008382,2026-06-11,2026-06-12,1,Late
D007849,O008383,2025-10-09,2025-10-09,0,On Time
D007850,O008384,2026-05-22,2026-05-22,0,On Time
D007851,O008385,2025-03-30,2025-03-30,0,On Time
D007852,O008386,2025-07-12,2025-07-12,0,On Time
D007853,O008387,2026-02-07,2026-02-07,0,On Time
D007854,O008388,2026-04-22,2026-04-21,0,On Time
D007855,O008389,2026-02-20,2026-02-20,0,On Time
D007856,O008390,2026-03-07,2026-03-07,0,On Time
D007857,O008391,2026-05-23,2026-05-23,0,On Time
D007858,O008392,2026-01-20,2026-01-20,0,On Time
D007859,O008394,2026-04-13,2026-04-13,0,On Time
D007860,O008395,2025-04-03,2025-04-03,0,On Time
D007861,O008396,2026-02-06,2026-02-06,0,On Time
D007862,O008397,2026-05-07,2026-05-14,7,Late
D007863,O008398,2026-02-25,2026-02-25,0,On Time
D007864,O008399,2026-03-10,2026-03-10,0,On Time
D007865,O008400,2026-07-13,2026-07-12,0,On Time
D007866,O008401,2026-07-20,2026-07-22,2,Late
D007867,O008402,2026-04-02,2026-04-02,0,On Time
D007868,O008403,2026-07-25,2026-07-25,0,On Time
D007869,O008404,2025-07-19,2025-07-18,0,On Time
D007870,O008407,2025-10-26,2025-10-26,0,On Time
D007871,O008408,2025-08-03,2025-08-03,0,On Time
D007872,O008409,2025-09-15,2025-09-15,0,On Time
D007873,O008411,2026-08-14,2026-08-14,0,On Time
D007874,O008412,2026-07-26,2026-07-26,0,On Time
D007875,O008413,2025-01-23,2025-01-22,0,On Time
D007876,O008414,2026-07-04,2026-07-04,0,On Time
D007877,O008415,2026-05-05,2026-05-07,2,Late
D007878,O008416,2025-11-26,2025-11-26,0,On Time
D007879,O008417,2025-10-05,2025-10-06,1,Late
D007880,O008418,2026-08-05,2026-08-05,0,On Time
D007881,O008420,2026-05-28,2026-05-28,0,On Time
D007882,O008421,2026-05-09,2026-05-09,0,On Time
D007883,O008423,2025-03-30,2025-03-30,0,On Time
D007884,O008424,2025-11-25,2025-11-24,0,On Time
D007885,O008425,2026-06-28,2026-06-28,0,On Time
D007886,O008426,2026-07-25,2026-07-25,0,On Time
D007887,O008427,2026-06-24,2026-06-28,4,Late
D007888,O008428,2026-07-26,2026-08-02,7,Late
D007889,O008429,2026-01-17,2026-01-18,1,Late
D007890,O008430,2026-08-13,2026-08-13,0,On Time
D007891,O008431,2025-12-01,2025-12-01,0,On Time
D007892,O008432,2026-01-31,2026-01-31,0,On Time
D007893,O008433,2026-08-14,2026-08-14,0,On Time
D007894,O008434,2025-08-19,2025-08-19,0,On Time
D007895,O008435,2026-08-03,2026-08-03,0,On Time
D007896,O008436,2026-05-14,2026-05-15,1,Late
D007897,O008437,2026-08-07,2026-08-11,4,Late
D007898,O008438,2026-08-06,2026-08-06,0,On Time
D007899,O008439,2026-07-03,2026-07-03,0,On Time
D007900,O008440,2025-12-12,2025-12-18,6,Late
D007901,O008441,2026-06-10,2026-06-09,0,On Time
D007902,O008442,2026-05-27,2026-06-02,6,Late
D007903,O008444,2026-07-26,2026-07-25,0,On Time
D007904,O008446,2026-08-12,2026-08-12,0,On Time
D007905,O008447,2025-09-12,2025-09-12,0,On Time
D007906,O008448,2026-02-24,2026-02-24,0,On Time
D007907,O008449,2026-04-26,2026-04-26,0,On Time
D007908,O008450,2026-04-18,2026-04-22,4,Late
D007909,O008451,2025-12-20,2025-12-20,0,On Time
D007910,O008452,2026-06-04,2026-06-04,0,On Time
D007911,O008453,2026-07-27,2026-07-26,0,On Time
D007912,O008454,2026-04-20,2026-04-20,0,On Time
D007913,O008455,2025-11-02,2025-11-02,0,On Time
D007914,O008456,2025-05-01,2025-05-05,4,Late
D007915,O008457,2026-03-14,2026-03-14,0,On Time
D007916,O008459,2025-09-23,2025-09-22,0,On Time
D007917,O008460,2026-08-23,2026-08-23,0,On Time
D007918,O008461,2025-05-18,2025-05-20,2,Late
D007919,O008462,2026-06-13,2026-06-16,3,Late
D007920,O008463,2026-03-17,2026-03-17,0,On Time
D007921,O008464,2026-04-22,2026-04-22,0,On Time
D007922,O008465,2025-04-21,2025-04-21,0,On Time
D007923,O008466,2026-04-30,2026-05-01,1,Late
D007924,O008467,2026-07-23,2026-07-23,0,On Time
D007925,O008468,2025-05-20,2025-05-20,0,On Time
D007926,O008470,2026-08-09,2026-08-09,0,On Time
D007927,O008472,2025-08-23,2025-08-23,0,On Time
D007928,O008473,2025-02-02,2025-02-02,0,On Time
D007929,O008474,2025-11-14,2025-11-14,0,On Time
D007930,O008475,2026-01-23,2026-01-24,1,Late
D007931,O008476,2025-12-06,2025-12-06,0,On Time
D007932,O008477,2025-07-26,2025-07-26,0,On Time
D007933,O008478,2025-06-25,2025-06-25,0,On Time
D007934,O008479,2025-05-01,2025-05-01,0,On Time
D007935,O008480,2026-03-03,2026-03-03,0,On Time
D007936,O008481,2025-09-29,2025-10-02,3,Late
D007937,O008482,2026-03-12,2026-03-12,0,On Time
D007938,O008483,2025-05-23,2025-05-22,0,On Time
D007939,O008484,2025-06-08,2025-06-08,0,On Time
D007940,O008485,2025-10-03,2025-10-03,0,On Time
D007941,O008486,2026-05-06,2026-05-12,6,Late
D007942,O008487,2025-12-20,2025-12-20,0,On Time
D007943,O008488,2025-10-29,2025-11-04,6,Late
D007944,O008489,2026-06-29,2026-06-29,0,On Time
D007945,O008490,2026-05-18,2026-05-18,0,On Time
D007946,O008491,2025-11-23,2025-11-23,0,On Time
D007947,O008492,2026-06-05,2026-06-05,0,On Time
D007948,O008493,2026-06-14,2026-06-16,2,Late
D007949,O008494,2026-07-24,2026-07-24,0,On Time
D007950,O008495,2026-06-03,2026-06-02,0,On Time
D007951,O008496,2025-07-06,2025-07-12,6,Late
D007952,O008497,2026-07-04,2026-07-04,0,On Time
D007953,O008498,2026-06-19,2026-06-18,0,On Time
D007954,O008499,2026-02-22,2026-02-22,0,On Time
D007955,O008501,2025-07-14,2025-07-14,0,On Time
D007956,O008505,2026-02-15,2026-02-15,0,On Time
D007957,O008506,2026-06-14,2026-06-14,0,On Time
D007958,O008507,2025-11-04,2025-11-10,6,Late
D007959,O008508,2025-11-17,2025-11-17,0,On Time
D007960,O008509,2026-08-03,2026-08-02,0,On Time
D007961,O008510,2025-12-18,2025-12-17,0,On Time
D007962,O008511,2025-08-22,2025-08-22,0,On Time
D007963,O008512,2026-04-10,2026-04-10,0,On Time
D007964,O008513,2026-07-05,2026-07-05,0,On Time
D007965,O008515,2026-03-23,2026-03-23,0,On Time
D007966,O008516,2026-06-15,2026-06-15,0,On Time
D007967,O008517,2026-05-15,2026-05-15,0,On Time
D007968,O008518,2026-03-09,2026-03-09,0,On Time
D007969,O008519,2026-01-13,2026-01-13,0,On Time
D007970,O008520,2025-07-07,2025-07-07,0,On Time
D007971,O008521,2026-04-03,2026-04-02,0,On Time
D007972,O008522,2026-08-19,2026-08-18,0,On Time
D007973,O008523,2025-04-10,2025-04-10,0,On Time
D007974,O008524,2026-05-13,2026-05-12,0,On Time
D007975,O008525,2026-08-03,2026-08-03,0,On Time
D007976,O008526,2026-06-08,2026-06-08,0,On Time
D007977,O008527,2026-03-05,2026-03-05,0,On Time
D007978,O008528,2026-07-12,2026-07-12,0,On Time
D007979,O008529,2026-04-06,2026-04-05,0,On Time
D007980,O008530,2026-01-03,2026-01-03,0,On Time
D007981,O008531,2025-05-12,2025-05-12,0,On Time
D007982,O008532,2026-08-18,2026-08-25,7,Late
D007983,O008533,2025-08-05,2025-08-05,0,On Time
D007984,O008534,2025-12-28,2026-01-03,6,Late
D007985,O008536,2026-08-12,2026-08-12,0,On Time
D007986,O008537,2026-04-13,2026-04-13,0,On Time
D007987,O008538,2026-03-02,2026-03-02,0,On Time
D007988,O008539,2026-05-16,2026-05-16,0,On Time
D007989,O008540,2026-06-28,2026-06-28,0,On Time
D007990,O008541,2026-01-29,2026-01-29,0,On Time
D007991,O008542,2025-11-24,2025-11-27,3,Late
D007992,O008543,2025-08-29,2025-08-29,0,On Time
D007993,O008544,2026-07-30,2026-07-30,0,On Time
D007994,O008545,2026-08-11,2026-08-11,0,On Time
D007995,O008546,2025-12-07,2025-12-07,0,On Time
D007996,O008547,2025-05-21,2025-05-21,0,On Time
D007997,O008548,2026-03-18,2026-03-17,0,On Time
D007998,O008549,2025-12-30,2025-12-30,0,On Time
D007999,O008550,2026-08-16,2026-08-16,0,On Time
D008000,O008551,2025-05-11,2025-05-17,6,Late
D008001,O008552,2026-03-18,2026-03-18,0,On Time
D008002,O008553,2025-05-23,2025-05-22,0,On Time
D008003,O008554,2025-05-18,2025-05-18,0,On Time
D008004,O008555,2026-06-20,2026-06-20,0,On Time
D008005,O008556,2026-07-15,2026-07-15,0,On Time
D008006,O008557,2026-06-13,2026-06-12,0,On Time
D008007,O008558,2025-07-19,2025-07-19,0,On Time
D008008,O008559,2025-06-11,2025-06-11,0,On Time
D008009,O008560,2026-07-03,2026-07-02,0,On Time
D008010,O008562,2026-05-22,2026-05-22,0,On Time
D008011,O008563,2026-01-09,2026-01-09,0,On Time
D008012,O008564,2026-03-27,2026-03-26,0,On Time
D008013,O008565,2026-04-27,2026-04-27,0,On Time
D008014,O008566,2026-05-29,2026-05-29,0,On Time
D008015,O008567,2026-05-10,2026-05-10,0,On Time
D008016,O008568,2026-07-25,2026-07-25,0,On Time
D008017,O008569,2025-12-17,2025-12-17,0,On Time
D008018,O008570,2025-11-08,2025-11-15,7,Late
D008019,O008571,2026-01-17,2026-01-17,0,On Time
D008020,O008572,2026-01-26,2026-01-26,0,On Time
D008021,O008573,2025-11-20,2025-11-20,0,On Time
D008022,O008574,2026-04-18,2026-04-19,1,Late
D008023,O008575,2026-08-04,2026-08-03,0,On Time
D008024,O008576,2026-04-08,2026-04-07,0,On Time
D008025,O008577,2026-04-29,2026-05-02,3,Late
D008026,O008578,2026-05-28,2026-05-27,0,On Time
D008027,O008579,2025-12-23,2025-12-30,7,Late
D008028,O008580,2026-06-18,2026-06-18,0,On Time
D008029,O008581,2025-09-08,2025-09-08,0,On Time
D008030,O008582,2026-06-04,2026-06-04,0,On Time
D008031,O008583,2026-03-21,2026-03-21,0,On Time
D008032,O008585,2025-10-29,2025-10-29,0,On Time
D008033,O008587,2026-07-04,2026-07-04,0,On Time
D008034,O008588,2026-08-12,2026-08-12,0,On Time
D008035,O008589,2026-03-06,2026-03-06,0,On Time
D008036,O008590,2026-07-06,2026-07-06,0,On Time
D008037,O008591,2026-08-03,2026-08-03,0,On Time
D008038,O008592,2026-07-19,2026-07-22,3,Late
D008039,O008593,2026-05-07,2026-05-07,0,On Time
D008040,O008594,2026-06-17,2026-06-17,0,On Time
D008041,O008595,2025-11-10,2025-11-13,3,Late
D008042,O008596,2025-08-12,2025-08-12,0,On Time
D008043,O008597,2026-04-05,2026-04-05,0,On Time
D008044,O008598,2025-07-05,2025-07-07,2,Late
D008045,O008599,2026-07-26,2026-07-26,0,On Time
D008046,O008600,2025-04-12,2025-04-12,0,On Time
D008047,O008601,2026-07-17,2026-07-16,0,On Time
D008048,O008602,2026-08-14,2026-08-17,3,Late
D008049,O008603,2026-03-25,2026-03-24,0,On Time
D008050,O008604,2026-07-01,2026-07-01,0,On Time
D008051,O008605,2026-03-04,2026-03-04,0,On Time
D008052,O008606,2025-08-22,2025-08-29,7,Late
D008053,O008607,2026-07-06,2026-07-06,0,On Time
D008054,O008608,2026-05-21,2026-05-21,0,On Time
D008055,O008609,2026-02-26,2026-02-26,0,On Time
D008056,O008610,2026-03-08,2026-03-08,0,On Time
D008057,O008611,2026-02-08,2026-02-08,0,On Time
D008058,O008612,2026-04-28,2026-04-28,0,On Time
D008059,O008613,2026-02-04,2026-02-04,0,On Time
D008060,O008614,2026-05-05,2026-05-05,0,On Time
D008061,O008615,2026-04-20,2026-04-20,0,On Time
D008062,O008616,2025-11-28,2025-11-28,0,On Time
D008063,O008617,2026-03-08,2026-03-08,0,On Time
D008064,O008618,2026-06-20,2026-06-20,0,On Time
D008065,O008619,2026-05-10,2026-05-10,0,On Time
D008066,O008620,2025-06-12,2025-06-12,0,On Time
D008067,O008621,2026-08-13,2026-08-13,0,On Time
D008068,O008623,2025-02-26,2025-03-05,7,Late
D008069,O008624,2026-06-18,2026-06-18,0,On Time
D008070,O008626,2026-05-17,2026-05-16,0,On Time
D008071,O008628,2026-07-16,2026-07-16,0,On Time
D008072,O008629,2026-04-25,2026-04-25,0,On Time
D008073,O008630,2026-06-12,2026-06-12,0,On Time
D008074,O008631,2026-08-02,2026-08-02,0,On Time
D008075,O008632,2025-12-02,2025-12-02,0,On Time
D008076,O008633,2026-06-23,2026-06-23,0,On Time
D008077,O008634,2026-05-11,2026-05-17,6,Late
D008078,O008635,2025-08-03,2025-08-03,0,On Time
D008079,O008636,2026-05-18,2026-05-18,0,On Time
D008080,O008637,2026-07-17,2026-07-17,0,On Time
D008081,O008639,2026-03-28,2026-04-01,4,Late
D008082,O008640,2026-06-18,2026-06-17,0,On Time
D008083,O008641,2025-10-29,2025-10-29,0,On Time
D008084,O008642,2026-01-25,2026-01-25,0,On Time
D008085,O008643,2025-09-30,2025-09-29,0,On Time
D008086,O008644,2025-07-05,2025-07-05,0,On Time
D008087,O008646,2026-02-14,2026-02-14,0,On Time
D008088,O008647,2026-08-24,2026-08-26,2,Late
D008089,O008648,2026-08-06,2026-08-06,0,On Time
D008090,O008649,2026-04-08,2026-04-08,0,On Time
D008091,O008650,2026-03-19,2026-03-19,0,On Time
D008092,O008651,2026-07-18,2026-07-18,0,On Time
D008093,O008652,2026-05-26,2026-05-25,0,On Time
D008094,O008653,2026-07-02,2026-07-02,0,On Time
D008095,O008654,2026-06-14,2026-06-14,0,On Time
D008096,O008655,2026-05-31,2026-05-31,0,On Time
D008097,O008656,2026-04-25,2026-04-25,0,On Time
D008098,O008657,2026-03-20,2026-03-20,0,On Time
D008099,O008658,2026-01-18,2026-01-17,0,On Time
D008100,O008659,2026-06-18,2026-06-18,0,On Time
D008101,O008660,2026-02-17,2026-02-24,7,Late
D008102,O008661,2026-05-12,2026-05-12,0,On Time
D008103,O008662,2026-07-17,2026-07-18,1,Late
D008104,O008663,2025-12-30,2025-12-30,0,On Time
D008105,O008664,2025-10-29,2025-10-29,0,On Time
D008106,O008665,2026-07-27,2026-07-27,0,On Time
D008107,O008666,2026-03-10,2026-03-10,0,On Time
D008108,O008667,2026-05-11,2026-05-11,0,On Time
D008109,O008668,2026-01-30,2026-01-30,0,On Time
D008110,O008669,2025-08-12,2025-08-12,0,On Time
D008111,O008671,2026-01-07,2026-01-07,0,On Time
D008112,O008673,2025-12-28,2026-01-02,5,Late
D008113,O008674,2025-12-01,2025-12-01,0,On Time
D008114,O008675,2026-06-01,2026-06-01,0,On Time
D008115,O008676,2026-03-30,2026-03-30,0,On Time
D008116,O008677,2026-04-23,2026-04-23,0,On Time
D008117,O008678,2026-08-11,2026-08-11,0,On Time
D008118,O008679,2026-06-26,2026-06-26,0,On Time
D008119,O008680,2026-06-16,2026-06-16,0,On Time
D008120,O008682,2026-06-27,2026-06-27,0,On Time
D008121,O008683,2025-09-15,2025-09-15,0,On Time
D008122,O008684,2025-12-03,2025-12-03,0,On Time
D008123,O008685,2026-07-04,2026-07-03,0,On Time
D008124,O008686,2025-10-30,2025-10-30,0,On Time
D008125,O008687,2026-06-08,2026-06-10,2,Late
D008126,O008688,2026-08-01,2026-07-31,0,On Time
D008127,O008690,2025-04-23,2025-04-29,6,Late
D008128,O008691,2026-07-11,2026-07-11,0,On Time
D008129,O008692,2025-09-12,2025-09-12,0,On Time
D008130,O008693,2026-06-16,2026-06-15,0,On Time
D008131,O008694,2026-02-05,2026-02-05,0,On Time
D008132,O008695,2026-04-06,2026-04-06,0,On Time
D008133,O008696,2025-09-28,2025-09-28,0,On Time
D008134,O008697,2025-12-15,2025-12-22,7,Late
D008135,O008698,2026-04-17,2026-04-18,1,Late
D008136,O008699,2025-07-21,2025-07-25,4,Late
D008137,O008700,2026-06-11,2026-06-11,0,On Time
D008138,O008701,2026-05-26,2026-05-26,0,On Time
D008139,O008702,2026-06-06,2026-06-06,0,On Time
D008140,O008703,2026-04-20,2026-04-25,5,Late
D008141,O008704,2025-07-03,2025-07-03,0,On Time
D008142,O008705,2025-08-06,2025-08-12,6,Late
D008143,O008706,2026-07-03,2026-07-06,3,Late
D008144,O008707,2026-04-06,2026-04-06,0,On Time
D008145,O008708,2026-01-04,2026-01-04,0,On Time
D008146,O008709,2026-02-15,2026-02-15,0,On Time
D008147,O008710,2026-01-20,2026-01-27,7,Late
D008148,O008711,2026-08-14,2026-08-13,0,On Time
D008149,O008713,2026-04-29,2026-04-29,0,On Time
D008150,O008714,2025-10-25,2025-10-28,3,Late
D008151,O008715,2026-05-12,2026-05-12,0,On Time
D008152,O008716,2025-09-19,2025-09-19,0,On Time
D008153,O008717,2026-07-24,2026-07-24,0,On Time
D008154,O008718,2026-04-12,2026-04-11,0,On Time
D008155,O008719,2026-02-12,2026-02-15,3,Late
D008156,O008720,2026-06-17,2026-06-17,0,On Time
D008157,O008721,2026-02-05,2026-02-05,0,On Time
D008158,O008722,2025-06-09,2025-06-11,2,Late
D008159,O008723,2026-02-03,2026-02-07,4,Late
D008160,O008724,2026-06-10,2026-06-10,0,On Time
D008161,O008725,2026-08-13,2026-08-13,0,On Time
D008162,O008726,2026-05-14,2026-05-15,1,Late
D008163,O008727,2026-01-27,2026-01-27,0,On Time
D008164,O008728,2025-05-10,2025-05-09,0,On Time
D008165,O008730,2026-07-06,2026-07-05,0,On Time
D008166,O008731,2026-08-01,2026-08-01,0,On Time
D008167,O008732,2026-01-25,2026-01-25,0,On Time
D008168,O008733,2026-06-15,2026-06-15,0,On Time
D008169,O008734,2026-07-03,2026-07-03,0,On Time
D008170,O008735,2026-02-19,2026-02-19,0,On Time
D008171,O008736,2025-08-07,2025-08-07,0,On Time
D008172,O008737,2026-04-24,2026-04-24,0,On Time
D008173,O008738,2025-12-27,2025-12-27,0,On Time
D008174,O008739,2025-12-26,2025-12-26,0,On Time
D008175,O008740,2025-04-13,2025-04-12,0,On Time
D008176,O008741,2026-07-11,2026-07-11,0,On Time
D008177,O008742,2025-12-11,2025-12-11,0,On Time
D008178,O008743,2025-10-05,2025-10-05,0,On Time
D008179,O008744,2025-05-30,2025-05-30,0,On Time
D008180,O008745,2026-05-04,2026-05-03,0,On Time
D008181,O008746,2026-07-23,2026-07-23,0,On Time
D008182,O008747,2025-12-05,2025-12-05,0,On Time
D008183,O008748,2026-03-20,2026-03-22,2,Late
D008184,O008749,2026-05-14,2026-05-14,0,On Time
D008185,O008750,2026-01-11,2026-01-11,0,On Time
D008186,O008751,2026-04-28,2026-04-28,0,On Time
D008187,O008752,2025-06-09,2025-06-09,0,On Time
D008188,O008753,2026-08-09,2026-08-09,0,On Time
D008189,O008754,2026-01-05,2026-01-05,0,On Time
D008190,O008755,2025-03-18,2025-03-21,3,Late
D008191,O008756,2026-05-19,2026-05-26,7,Late
D008192,O008757,2026-05-25,2026-05-25,0,On Time
D008193,O008758,2026-03-16,2026-03-16,0,On Time
D008194,O008759,2026-01-06,2026-01-12,6,Late
D008195,O008760,2026-03-14,2026-03-13,0,On Time
D008196,O008761,2026-03-24,2026-03-24,0,On Time
D008197,O008762,2025-11-18,2025-11-20,2,Late
D008198,O008763,2025-10-21,2025-10-26,5,Late
D008199,O008764,2026-05-03,2026-05-03,0,On Time
D008200,O008765,2026-04-08,2026-04-08,0,On Time
D008201,O008766,2026-07-10,2026-07-09,0,On Time
D008202,O008767,2026-03-29,2026-03-29,0,On Time
D008203,O008768,2025-11-13,2025-11-13,0,On Time
D008204,O008769,2026-04-25,2026-04-26,1,Late
D008205,O008770,2026-01-29,2026-01-29,0,On Time
D008206,O008771,2025-08-09,2025-08-09,0,On Time
D008207,O008772,2026-01-21,2026-01-21,0,On Time
D008208,O008773,2025-05-24,2025-05-23,0,On Time
D008209,O008774,2026-06-16,2026-06-16,0,On Time
D008210,O008775,2026-02-01,2026-02-01,0,On Time
D008211,O008776,2025-09-02,2025-09-02,0,On Time
D008212,O008777,2026-06-10,2026-06-10,0,On Time
D008213,O008778,2026-03-31,2026-03-31,0,On Time
D008214,O008779,2026-03-17,2026-03-17,0,On Time
D008215,O008780,2026-04-26,2026-04-26,0,On Time
D008216,O008781,2025-11-12,2025-11-18,6,Late
D008217,O008782,2026-05-25,2026-05-24,0,On Time
D008218,O008783,2025-09-22,2025-09-25,3,Late
D008219,O008784,2026-02-04,2026-02-09,5,Late
D008220,O008785,2026-06-16,2026-06-16,0,On Time
D008221,O008786,2025-12-15,2025-12-14,0,On Time
D008222,O008787,2026-05-29,2026-05-29,0,On Time
D008223,O008788,2026-04-06,2026-04-05,0,On Time
D008224,O008789,2026-06-13,2026-06-13,0,On Time
D008225,O008790,2026-08-18,2026-08-18,0,On Time
D008226,O008791,2025-12-19,2025-12-19,0,On Time
D008227,O008792,2025-12-14,2025-12-14,0,On Time
D008228,O008793,2026-01-18,2026-01-18,0,On Time
D008229,O008794,2026-02-16,2026-02-16,0,On Time
D008230,O008795,2026-04-06,2026-04-06,0,On Time
D008231,O008796,2026-02-28,2026-02-28,0,On Time
D008232,O008797,2026-02-17,2026-02-17,0,On Time
D008233,O008798,2026-02-15,2026-02-15,0,On Time
D008234,O008799,2026-04-19,2026-04-19,0,On Time
D008235,O008800,2026-05-16,2026-05-15,0,On Time
D008236,O008802,2026-01-27,2026-01-27,0,On Time
D008237,O008803,2025-10-10,2025-10-10,0,On Time
D008238,O008804,2025-08-16,2025-08-15,0,On Time
D008239,O008805,2026-01-23,2026-01-23,0,On Time
D008240,O008806,2026-05-06,2026-05-05,0,On Time
D008241,O008808,2026-07-10,2026-07-10,0,On Time
D008242,O008809,2026-07-30,2026-08-03,4,Late
D008243,O008810,2026-01-02,2026-01-02,0,On Time
D008244,O008811,2026-04-18,2026-04-18,0,On Time
D008245,O008812,2026-07-29,2026-07-29,0,On Time
D008246,O008813,2026-08-04,2026-08-03,0,On Time
D008247,O008814,2025-08-01,2025-08-01,0,On Time
D008248,O008815,2026-06-28,2026-06-28,0,On Time
D008249,O008816,2026-06-10,2026-06-10,0,On Time
D008250,O008817,2026-03-12,2026-03-12,0,On Time
D008251,O008819,2026-07-08,2026-07-08,0,On Time
D008252,O008820,2025-08-09,2025-08-09,0,On Time
D008253,O008821,2026-05-04,2026-05-04,0,On Time
D008254,O008822,2026-06-03,2026-06-03,0,On Time
D008255,O008823,2026-02-17,2026-02-17,0,On Time
D008256,O008824,2025-06-03,2025-06-03,0,On Time
D008257,O008825,2025-05-12,2025-05-15,3,Late
D008258,O008826,2025-10-26,2025-10-31,5,Late
D008259,O008827,2026-04-15,2026-04-15,0,On Time
D008260,O008828,2025-11-01,2025-11-06,5,Late
D008261,O008829,2026-01-03,2026-01-09,6,Late
D008262,O008831,2025-08-11,2025-08-10,0,On Time
D008263,O008832,2026-06-04,2026-06-04,0,On Time
D008264,O008833,2026-07-16,2026-07-20,4,Late
D008265,O008834,2026-03-03,2026-03-03,0,On Time
D008266,O008835,2025-05-30,2025-05-30,0,On Time
D008267,O008836,2025-06-08,2025-06-08,0,On Time
D008268,O008837,2025-11-24,2025-11-24,0,On Time
D008269,O008838,2026-01-23,2026-01-23,0,On Time
D008270,O008839,2026-06-03,2026-06-03,0,On Time
D008271,O008840,2025-09-10,2025-09-10,0,On Time
D008272,O008841,2025-11-30,2025-11-29,0,On Time
D008273,O008842,2026-06-12,2026-06-12,0,On Time
D008274,O008843,2026-08-20,2026-08-19,0,On Time
D008275,O008844,2025-09-08,2025-09-08,0,On Time
D008276,O008845,2026-03-17,2026-03-17,0,On Time
D008277,O008846,2025-12-16,2025-12-17,1,Late
D008278,O008847,2026-08-14,2026-08-14,0,On Time
D008279,O008848,2026-04-15,2026-04-15,0,On Time
D008280,O008849,2025-04-03,2025-04-03,0,On Time
D008281,O008850,2025-04-13,2025-04-13,0,On Time
D008282,O008851,2026-07-19,2026-07-19,0,On Time
D008283,O008852,2025-10-19,2025-10-19,0,On Time
D008284,O008854,2026-04-27,2026-04-27,0,On Time
D008285,O008855,2026-05-16,2026-05-16,0,On Time
D008286,O008856,2026-03-18,2026-03-18,0,On Time
D008287,O008857,2026-04-02,2026-04-02,0,On Time
D008288,O008858,2026-05-30,2026-05-30,0,On Time
D008289,O008859,2026-04-13,2026-04-13,0,On Time
D008290,O008861,2026-08-08,2026-08-08,0,On Time
D008291,O008862,2026-02-23,2026-02-23,0,On Time
D008292,O008863,2025-06-23,2025-06-23,0,On Time
D008293,O008864,2026-02-17,2026-02-17,0,On Time
D008294,O008865,2026-07-30,2026-07-29,0,On Time
D008295,O008866,2025-06-10,2025-06-10,0,On Time
D008296,O008867,2026-06-25,2026-06-25,0,On Time
D008297,O008868,2026-05-05,2026-05-07,2,Late
D008298,O008869,2025-05-07,2025-05-07,0,On Time
D008299,O008870,2026-01-21,2026-01-28,7,Late
D008300,O008871,2026-04-05,2026-04-05,0,On Time
D008301,O008872,2025-05-16,2025-05-16,0,On Time
D008302,O008873,2026-05-09,2026-05-09,0,On Time
D008303,O008874,2026-08-21,2026-08-21,0,On Time
D008304,O008875,2025-11-13,2025-11-13,0,On Time
D008305,O008876,2026-02-04,2026-02-11,7,Late
D008306,O008877,2026-06-02,2026-06-02,0,On Time
D008307,O008878,2025-10-17,2025-10-17,0,On Time
D008308,O008879,2026-01-21,2026-01-21,0,On Time
D008309,O008880,2026-07-06,2026-07-06,0,On Time
D008310,O008881,2026-06-11,2026-06-10,0,On Time
D008311,O008882,2026-07-28,2026-07-28,0,On Time
D008312,O008883,2025-12-25,2025-12-24,0,On Time
D008313,O008884,2026-01-15,2026-01-15,0,On Time
D008314,O008885,2026-04-19,2026-04-19,0,On Time
D008315,O008886,2026-06-10,2026-06-10,0,On Time
D008316,O008887,2026-01-29,2026-01-28,0,On Time
D008317,O008888,2026-02-17,2026-02-18,1,Late
D008318,O008889,2025-07-23,2025-07-23,0,On Time
D008319,O008890,2025-09-02,2025-09-02,0,On Time
D008320,O008891,2026-08-07,2026-08-07,0,On Time
D008321,O008892,2025-10-03,2025-10-09,6,Late
D008322,O008893,2026-06-23,2026-06-22,0,On Time
D008323,O008894,2025-04-20,2025-04-26,6,Late
D008324,O008895,2026-02-20,2026-02-20,0,On Time
D008325,O008896,2026-06-08,2026-06-08,0,On Time
D008326,O008897,2026-01-11,2026-01-11,0,On Time
D008327,O008898,2026-03-30,2026-04-06,7,Late
D008328,O008899,2026-05-10,2026-05-10,0,On Time
D008329,O008900,2026-07-10,2026-07-10,0,On Time
D008330,O008901,2025-10-14,2025-10-14,0,On Time
D008331,O008902,2026-07-16,2026-07-16,0,On Time
D008332,O008903,2026-02-19,2026-02-18,0,On Time
D008333,O008904,2026-03-08,2026-03-08,0,On Time
D008334,O008905,2026-04-21,2026-04-21,0,On Time
D008335,O008906,2026-05-15,2026-05-15,0,On Time
D008336,O008907,2025-08-23,2025-08-28,5,Late
D008337,O008908,2026-05-31,2026-05-31,0,On Time
D008338,O008909,2026-05-19,2026-05-23,4,Late
D008339,O008910,2026-06-17,2026-06-21,4,Late
D008340,O008911,2026-08-17,2026-08-17,0,On Time
D008341,O008912,2026-04-20,2026-04-20,0,On Time
D008342,O008913,2026-06-18,2026-06-18,0,On Time
D008343,O008914,2025-11-29,2025-11-29,0,On Time
D008344,O008915,2026-07-24,2026-07-27,3,Late
D008345,O008916,2026-02-08,2026-02-08,0,On Time
D008346,O008917,2025-12-22,2025-12-28,6,Late
D008347,O008918,2026-08-24,2026-08-23,0,On Time
D008348,O008920,2025-03-14,2025-03-15,1,Late
D008349,O008921,2025-12-04,2025-12-04,0,On Time
D008350,O008922,2026-04-18,2026-04-17,0,On Time
D008351,O008923,2025-12-21,2025-12-21,0,On Time
D008352,O008924,2025-09-28,2025-09-27,0,On Time
D008353,O008925,2026-02-05,2026-02-08,3,Late
D008354,O008927,2026-01-11,2026-01-11,0,On Time
D008355,O008928,2025-10-25,2025-10-25,0,On Time
D008356,O008929,2025-08-13,2025-08-15,2,Late
D008357,O008930,2026-07-16,2026-07-16,0,On Time
D008358,O008931,2026-06-10,2026-06-10,0,On Time
D008359,O008932,2026-08-09,2026-08-08,0,On Time
D008360,O008933,2026-05-02,2026-05-02,0,On Time
D008361,O008934,2025-09-10,2025-09-11,1,Late
D008362,O008935,2026-03-31,2026-04-07,7,Late
D008363,O008936,2026-05-24,2026-05-23,0,On Time
D008364,O008937,2026-06-01,2026-06-01,0,On Time
D008365,O008938,2026-03-20,2026-03-20,0,On Time
D008366,O008939,2026-05-14,2026-05-14,0,On Time
D008367,O008940,2025-10-04,2025-10-04,0,On Time
D008368,O008941,2026-01-25,2026-01-25,0,On Time
D008369,O008942,2026-01-30,2026-01-30,0,On Time
D008370,O008943,2026-07-30,2026-07-30,0,On Time
D008371,O008944,2026-02-24,2026-02-24,0,On Time
D008372,O008945,2025-12-22,2025-12-22,0,On Time
D008373,O008946,2026-01-07,2026-01-07,0,On Time
D008374,O008947,2025-12-11,2025-12-11,0,On Time
D008375,O008948,2025-04-05,2025-04-06,1,Late
D008376,O008949,2026-07-04,2026-07-04,0,On Time
D008377,O008950,2026-03-24,2026-03-24,0,On Time
D008378,O008952,2026-01-19,2026-01-18,0,On Time
D008379,O008955,2026-07-26,2026-07-26,0,On Time
D008380,O008956,2025-11-21,2025-11-20,0,On Time
D008381,O008957,2025-06-03,2025-06-09,6,Late
D008382,O008958,2026-08-12,2026-08-12,0,On Time
D008383,O008959,2025-11-01,2025-11-01,0,On Time
D008384,O008960,2026-02-12,2026-02-17,5,Late
D008385,O008961,2026-02-02,2026-02-02,0,On Time
D008386,O008962,2026-06-08,2026-06-07,0,On Time
D008387,O008963,2026-04-06,2026-04-06,0,On Time
D008388,O008964,2026-07-10,2026-07-10,0,On Time
D008389,O008965,2025-03-21,2025-03-26,5,Late
D008390,O008966,2025-07-21,2025-07-21,0,On Time
D008391,O008967,2025-12-12,2025-12-12,0,On Time
D008392,O008968,2026-06-07,2026-06-07,0,On Time
D008393,O008969,2025-09-15,2025-09-15,0,On Time
D008394,O008970,2026-02-27,2026-03-04,5,Late
D008395,O008971,2026-08-04,2026-08-04,0,On Time
D008396,O008972,2026-07-18,2026-07-18,0,On Time
D008397,O008973,2026-05-29,2026-05-29,0,On Time
D008398,O008974,2026-06-05,2026-06-05,0,On Time
D008399,O008975,2025-09-18,2025-09-18,0,On Time
D008400,O008976,2026-02-18,2026-02-24,6,Late
D008401,O008977,2026-05-19,2026-05-19,0,On Time
D008402,O008978,2025-11-21,2025-11-21,0,On Time
D008403,O008979,2026-01-30,2026-02-01,2,Late
D008404,O008980,2026-04-07,2026-04-07,0,On Time
D008405,O008981,2025-11-29,2025-11-29,0,On Time
D008406,O008982,2026-04-13,2026-04-13,0,On Time
D008407,O008983,2026-05-11,2026-05-18,7,Late
D008408,O008984,2026-02-26,2026-02-26,0,On Time
D008409,O008985,2026-08-15,2026-08-15,0,On Time
D008410,O008986,2026-07-30,2026-07-30,0,On Time
D008411,O008987,2026-07-09,2026-07-09,0,On Time
D008412,O008988,2026-07-29,2026-07-29,0,On Time
D008413,O008990,2025-12-15,2025-12-15,0,On Time
D008414,O008991,2026-03-20,2026-03-20,0,On Time
D008415,O008992,2025-11-21,2025-11-21,0,On Time
D008416,O008993,2026-05-30,2026-05-30,0,On Time
D008417,O008994,2025-06-17,2025-06-17,0,On Time
D008418,O008995,2025-12-15,2025-12-15,0,On Time
D008419,O008997,2025-12-22,2025-12-23,1,Late
D008420,O008998,2025-11-12,2025-11-12,0,On Time
D008421,O008999,2026-02-26,2026-02-26,0,On Time
D008422,O009000,2025-07-13,2025-07-13,0,On Time
D008423,O009001,2025-04-04,2025-04-03,0,On Time
D008424,O009002,2026-05-24,2026-05-30,6,Late
D008425,O009003,2026-04-26,2026-04-26,0,On Time
D008426,O009004,2025-09-29,2025-09-29,0,On Time
D008427,O009005,2026-01-21,2026-01-27,6,Late
D008428,O009006,2026-01-04,2026-01-04,0,On Time
D008429,O009008,2026-03-26,2026-03-26,0,On Time
D008430,O009009,2026-02-10,2026-02-10,0,On Time
D008431,O009010,2026-01-16,2026-01-16,0,On Time
D008432,O009011,2025-09-28,2025-09-28,0,On Time
D008433,O009012,2025-10-23,2025-10-29,6,Late
D008434,O009013,2026-06-25,2026-06-25,0,On Time
D008435,O009014,2026-01-16,2026-01-16,0,On Time
D008436,O009015,2026-05-18,2026-05-18,0,On Time
D008437,O009016,2026-05-24,2026-05-25,1,Late
D008438,O009017,2025-10-01,2025-10-07,6,Late
D008439,O009018,2026-04-04,2026-04-04,0,On Time
D008440,O009019,2025-05-01,2025-04-30,0,On Time
D008441,O009020,2026-02-03,2026-02-03,0,On Time
D008442,O009021,2025-09-19,2025-09-19,0,On Time
D008443,O009022,2025-12-08,2025-12-14,6,Late
D008444,O009023,2025-04-02,2025-04-02,0,On Time
D008445,O009024,2026-07-24,2026-07-24,0,On Time
D008446,O009025,2025-08-22,2025-08-21,0,On Time
D008447,O009026,2026-04-07,2026-04-07,0,On Time
D008448,O009027,2025-11-15,2025-11-15,0,On Time
D008449,O009028,2026-07-20,2026-07-22,2,Late
D008450,O009029,2025-12-11,2025-12-11,0,On Time
D008451,O009030,2026-08-08,2026-08-14,6,Late
D008452,O009031,2026-06-09,2026-06-09,0,On Time
D008453,O009032,2026-01-10,2026-01-10,0,On Time
D008454,O009033,2025-10-28,2025-10-28,0,On Time
D008455,O009034,2025-09-20,2025-09-21,1,Late
D008456,O009036,2026-05-14,2026-05-14,0,On Time
D008457,O009037,2026-03-12,2026-03-12,0,On Time
D008458,O009038,2026-04-11,2026-04-10,0,On Time
D008459,O009039,2026-05-12,2026-05-12,0,On Time
D008460,O009040,2026-03-29,2026-03-29,0,On Time
D008461,O009041,2026-07-10,2026-07-16,6,Late
D008462,O009042,2025-12-23,2025-12-27,4,Late
D008463,O009043,2025-06-22,2025-06-25,3,Late
D008464,O009044,2025-11-23,2025-11-26,3,Late
D008465,O009045,2026-04-28,2026-04-27,0,On Time
D008466,O009046,2025-10-06,2025-10-06,0,On Time
D008467,O009047,2026-05-23,2026-05-25,2,Late
D008468,O009048,2026-01-30,2026-01-30,0,On Time
D008469,O009049,2025-11-03,2025-11-03,0,On Time
D008470,O009050,2025-09-12,2025-09-12,0,On Time
D008471,O009051,2026-02-15,2026-02-15,0,On Time
D008472,O009052,2026-07-18,2026-07-18,0,On Time
D008473,O009053,2026-04-11,2026-04-11,0,On Time
D008474,O009054,2025-12-12,2025-12-11,0,On Time
D008475,O009055,2026-02-17,2026-02-16,0,On Time
D008476,O009056,2026-03-30,2026-03-30,0,On Time
D008477,O009057,2026-08-14,2026-08-14,0,On Time
D008478,O009058,2026-05-02,2026-05-01,0,On Time
D008479,O009059,2026-02-04,2026-02-04,0,On Time
D008480,O009060,2026-01-08,2026-01-07,0,On Time
D008481,O009061,2025-11-23,2025-11-23,0,On Time
D008482,O009062,2026-06-14,2026-06-14,0,On Time
D008483,O009063,2026-08-05,2026-08-12,7,Late
D008484,O009064,2026-03-16,2026-03-16,0,On Time
D008485,O009065,2025-06-18,2025-06-22,4,Late
D008486,O009066,2025-09-23,2025-09-23,0,On Time
D008487,O009067,2025-10-22,2025-10-22,0,On Time
D008488,O009069,2025-11-20,2025-11-20,0,On Time
D008489,O009070,2026-03-05,2026-03-05,0,On Time
D008490,O009071,2026-05-27,2026-05-27,0,On Time
D008491,O009072,2026-08-03,2026-08-04,1,Late
D008492,O009073,2026-07-17,2026-07-17,0,On Time
D008493,O009074,2026-03-11,2026-03-10,0,On Time
D008494,O009075,2026-08-17,2026-08-16,0,On Time
D008495,O009076,2026-06-01,2026-06-01,0,On Time
D008496,O009077,2026-08-21,2026-08-20,0,On Time
D008497,O009078,2025-09-08,2025-09-08,0,On Time
D008498,O009079,2025-10-24,2025-10-24,0,On Time
D008499,O009081,2026-05-19,2026-05-19,0,On Time
D008500,O009082,2026-08-07,2026-08-07,0,On Time
D008501,O009083,2026-08-16,2026-08-16,0,On Time
D008502,O009084,2025-06-16,2025-06-16,0,On Time
D008503,O009085,2026-05-12,2026-05-12,0,On Time
D008504,O009086,2026-07-06,2026-07-06,0,On Time
D008505,O009087,2025-08-03,2025-08-03,0,On Time
D008506,O009088,2026-06-17,2026-06-17,0,On Time
D008507,O009090,2026-08-24,2026-08-29,5,Late
D008508,O009091,2026-03-02,2026-03-06,4,Late
D008509,O009092,2025-08-09,2025-08-15,6,Late
D008510,O009093,2025-10-26,2025-11-01,6,Late
D008511,O009094,2026-06-23,2026-06-23,0,On Time
D008512,O009095,2026-04-01,2026-04-01,0,On Time
D008513,O009096,2025-10-02,2025-10-02,0,On Time
D008514,O009097,2026-03-02,2026-03-02,0,On Time
D008515,O009099,2026-02-02,2026-02-02,0,On Time
D008516,O009100,2026-06-14,2026-06-17,3,Late
D008517,O009101,2025-07-15,2025-07-19,4,Late
D008518,O009102,2026-02-12,2026-02-12,0,On Time
D008519,O009103,2026-01-27,2026-01-28,1,Late
D008520,O009104,2025-06-29,2025-06-29,0,On Time
D008521,O009105,2026-06-18,2026-06-18,0,On Time
D008522,O009106,2025-12-05,2025-12-05,0,On Time
D008523,O009107,2025-11-11,2025-11-14,3,Late
D008524,O009108,2025-05-01,2025-05-02,1,Late
D008525,O009109,2026-02-01,2026-02-04,3,Late
D008526,O009110,2025-08-05,2025-08-05,0,On Time
D008527,O009111,2026-03-26,2026-03-26,0,On Time
D008528,O009112,2026-03-19,2026-03-19,0,On Time
D008529,O009113,2026-07-23,2026-07-23,0,On Time
D008530,O009114,2026-01-06,2026-01-09,3,Late
D008531,O009115,2026-04-24,2026-04-24,0,On Time
D008532,O009116,2026-08-11,2026-08-11,0,On Time
D008533,O009117,2026-04-29,2026-04-28,0,On Time
D008534,O009118,2025-11-20,2025-11-20,0,On Time
D008535,O009119,2026-05-06,2026-05-09,3,Late
D008536,O009120,2026-03-05,2026-03-05,0,On Time
D008537,O009121,2026-06-28,2026-06-28,0,On Time
D008538,O009122,2026-08-22,2026-08-22,0,On Time
D008539,O009123,2025-12-17,2025-12-17,0,On Time
D008540,O009124,2025-11-04,2025-11-04,0,On Time
D008541,O009125,2026-04-05,2026-04-05,0,On Time
D008542,O009126,2026-08-12,2026-08-12,0,On Time
D008543,O009127,2026-04-11,2026-04-11,0,On Time
D008544,O009128,2025-07-01,2025-07-01,0,On Time
D008545,O009129,2026-07-31,2026-08-01,1,Late
D008546,O009130,2026-07-23,2026-07-22,0,On Time
D008547,O009131,2025-09-11,2025-09-11,0,On Time
D008548,O009132,2026-07-12,2026-07-11,0,On Time
D008549,O009133,2026-01-11,2026-01-11,0,On Time
D008550,O009134,2026-05-04,2026-05-04,0,On Time
D008551,O009135,2026-08-25,2026-08-25,0,On Time
D008552,O009136,2026-04-20,2026-04-20,0,On Time
D008553,O009137,2026-03-18,2026-03-18,0,On Time
D008554,O009138,2026-02-13,2026-02-13,0,On Time
D008555,O009139,2026-04-30,2026-04-30,0,On Time
D008556,O009140,2026-02-21,2026-02-21,0,On Time
D008557,O009141,2026-07-04,2026-07-07,3,Late
D008558,O009142,2026-07-08,2026-07-07,0,On Time
D008559,O009143,2026-04-19,2026-04-19,0,On Time
D008560,O009144,2026-04-09,2026-04-14,5,Late
D008561,O009145,2026-01-17,2026-01-16,0,On Time
D008562,O009146,2026-03-15,2026-03-14,0,On Time
D008563,O009147,2026-01-13,2026-01-12,0,On Time
D008564,O009148,2026-04-25,2026-04-25,0,On Time
D008565,O009149,2025-12-08,2025-12-07,0,On Time
D008566,O009150,2025-11-17,2025-11-23,6,Late
D008567,O009151,2026-06-24,2026-06-24,0,On Time
D008568,O009152,2026-02-28,2026-02-28,0,On Time
D008569,O009153,2025-11-26,2025-11-26,0,On Time
D008570,O009154,2026-07-17,2026-07-17,0,On Time
D008571,O009155,2026-08-03,2026-08-03,0,On Time
D008572,O009156,2026-03-28,2026-03-28,0,On Time
D008573,O009157,2026-05-09,2026-05-09,0,On Time
D008574,O009158,2026-02-14,2026-02-14,0,On Time
D008575,O009159,2025-12-11,2025-12-11,0,On Time
D008576,O009160,2026-04-13,2026-04-13,0,On Time
D008577,O009161,2025-08-21,2025-08-21,0,On Time
D008578,O009162,2026-07-03,2026-07-03,0,On Time
D008579,O009163,2026-05-08,2026-05-08,0,On Time
D008580,O009164,2025-12-22,2025-12-22,0,On Time
D008581,O009165,2026-02-28,2026-02-28,0,On Time
D008582,O009166,2026-07-18,2026-07-18,0,On Time
D008583,O009167,2026-05-01,2026-05-01,0,On Time
D008584,O009168,2026-04-04,2026-04-04,0,On Time
D008585,O009169,2025-12-03,2025-12-05,2,Late
D008586,O009170,2026-02-01,2026-01-31,0,On Time
D008587,O009171,2025-09-15,2025-09-15,0,On Time
D008588,O009172,2026-05-18,2026-05-18,0,On Time
D008589,O009173,2026-07-18,2026-07-18,0,On Time
D008590,O009174,2026-07-10,2026-07-10,0,On Time
D008591,O009175,2026-07-29,2026-07-29,0,On Time
D008592,O009176,2026-02-21,2026-02-21,0,On Time
D008593,O009177,2026-06-23,2026-06-23,0,On Time
D008594,O009178,2026-04-29,2026-05-04,5,Late
D008595,O009179,2025-08-20,2025-08-20,0,On Time
D008596,O009180,2026-03-21,2026-03-26,5,Late
D008597,O009181,2026-07-10,2026-07-11,1,Late
D008598,O009182,2026-05-06,2026-05-06,0,On Time
D008599,O009183,2026-03-19,2026-03-19,0,On Time
D008600,O009185,2025-10-31,2025-10-31,0,On Time
D008601,O009186,2026-08-09,2026-08-09,0,On Time
D008602,O009187,2026-04-04,2026-04-04,0,On Time
D008603,O009188,2026-02-06,2026-02-06,0,On Time
D008604,O009189,2026-06-03,2026-06-03,0,On Time
D008605,O009190,2026-06-06,2026-06-06,0,On Time
D008606,O009191,2026-06-26,2026-07-03,7,Late
D008607,O009192,2025-12-14,2025-12-14,0,On Time
D008608,O009193,2025-05-31,2025-05-31,0,On Time
D008609,O009194,2025-02-15,2025-02-20,5,Late
D008610,O009195,2025-02-22,2025-02-22,0,On Time
D008611,O009196,2026-03-29,2026-03-29,0,On Time
D008612,O009197,2026-03-16,2026-03-16,0,On Time
D008613,O009198,2026-08-18,2026-08-19,1,Late
D008614,O009199,2026-04-09,2026-04-09,0,On Time
D008615,O009200,2025-12-11,2025-12-10,0,On Time
D008616,O009201,2025-04-28,2025-04-28,0,On Time
D008617,O009202,2026-08-13,2026-08-13,0,On Time
D008618,O009203,2026-06-03,2026-06-03,0,On Time
D008619,O009204,2025-12-19,2025-12-19,0,On Time
D008620,O009206,2026-06-30,2026-06-30,0,On Time
D008621,O009207,2025-09-04,2025-09-04,0,On Time
D008622,O009208,2026-05-06,2026-05-06,0,On Time
D008623,O009209,2025-11-11,2025-11-11,0,On Time
D008624,O009210,2026-02-16,2026-02-16,0,On Time
D008625,O009211,2026-04-18,2026-04-18,0,On Time
D008626,O009212,2026-08-01,2026-08-01,0,On Time
D008627,O009213,2026-02-11,2026-02-11,0,On Time
D008628,O009215,2025-09-05,2025-09-11,6,Late
D008629,O009216,2026-04-18,2026-04-24,6,Late
D008630,O009217,2025-10-11,2025-10-15,4,Late
D008631,O009218,2026-02-05,2026-02-04,0,On Time
D008632,O009219,2026-08-21,2026-08-20,0,On Time
D008633,O009220,2025-11-24,2025-11-24,0,On Time
D008634,O009221,2026-03-12,2026-03-16,4,Late
D008635,O009222,2026-08-15,2026-08-15,0,On Time
D008636,O009223,2026-07-05,2026-07-04,0,On Time
D008637,O009224,2026-06-20,2026-06-20,0,On Time
D008638,O009225,2026-02-10,2026-02-12,2,Late
D008639,O009226,2026-04-12,2026-04-12,0,On Time
D008640,O009227,2026-07-30,2026-08-06,7,Late
D008641,O009228,2026-02-04,2026-02-04,0,On Time
D008642,O009229,2026-01-28,2026-01-28,0,On Time
D008643,O009231,2026-04-24,2026-04-29,5,Late
D008644,O009232,2025-11-25,2025-11-25,0,On Time
D008645,O009233,2026-05-25,2026-05-25,0,On Time
D008646,O009234,2026-03-24,2026-03-24,0,On Time
D008647,O009235,2026-05-01,2026-05-01,0,On Time
D008648,O009236,2026-06-15,2026-06-15,0,On Time
D008649,O009238,2026-06-13,2026-06-13,0,On Time
D008650,O009239,2025-12-24,2025-12-24,0,On Time
D008651,O009240,2026-04-25,2026-04-25,0,On Time
D008652,O009242,2026-04-14,2026-04-14,0,On Time
D008653,O009243,2026-03-03,2026-03-03,0,On Time
D008654,O009244,2026-03-21,2026-03-21,0,On Time
D008655,O009245,2026-06-20,2026-06-20,0,On Time
D008656,O009246,2026-01-20,2026-01-20,0,On Time
D008657,O009247,2026-06-29,2026-06-29,0,On Time
D008658,O009248,2026-02-19,2026-02-19,0,On Time
D008659,O009249,2026-04-06,2026-04-06,0,On Time
D008660,O009250,2026-07-06,2026-07-06,0,On Time
D008661,O009251,2026-08-04,2026-08-04,0,On Time
D008662,O009252,2026-04-26,2026-04-30,4,Late
D008663,O009253,2026-02-12,2026-02-11,0,On Time
D008664,O009254,2025-05-30,2025-06-01,2,Late
D008665,O009255,2026-04-30,2026-04-30,0,On Time
D008666,O009256,2025-04-08,2025-04-07,0,On Time
D008667,O009257,2026-08-03,2026-08-04,1,Late
D008668,O009258,2026-03-07,2026-03-07,0,On Time
D008669,O009259,2025-07-30,2025-07-30,0,On Time
D008670,O009260,2026-03-20,2026-03-20,0,On Time
D008671,O009261,2026-08-20,2026-08-20,0,On Time
D008672,O009262,2026-01-13,2026-01-13,0,On Time
D008673,O009263,2026-07-18,2026-07-18,0,On Time
D008674,O009264,2026-04-05,2026-04-05,0,On Time
D008675,O009265,2026-04-18,2026-04-18,0,On Time
D008676,O009266,2026-03-02,2026-03-02,0,On Time
D008677,O009267,2025-04-21,2025-04-21,0,On Time
D008678,O009268,2026-05-13,2026-05-13,0,On Time
D008679,O009269,2026-06-25,2026-06-25,0,On Time
D008680,O009270,2026-08-05,2026-08-05,0,On Time
D008681,O009271,2026-03-28,2026-03-28,0,On Time
D008682,O009272,2026-02-22,2026-02-27,5,Late
D008683,O009273,2025-10-03,2025-10-03,0,On Time
D008684,O009274,2025-09-05,2025-09-05,0,On Time
D008685,O009275,2026-06-11,2026-06-11,0,On Time
D008686,O009276,2025-06-10,2025-06-09,0,On Time
D008687,O009277,2026-06-30,2026-06-29,0,On Time
D008688,O009278,2025-08-04,2025-08-04,0,On Time
D008689,O009279,2026-06-05,2026-06-05,0,On Time
D008690,O009280,2026-02-19,2026-02-18,0,On Time
D008691,O009281,2025-06-25,2025-06-25,0,On Time
D008692,O009282,2025-07-07,2025-07-07,0,On Time
D008693,O009283,2025-07-12,2025-07-12,0,On Time
D008694,O009284,2026-02-19,2026-02-19,0,On Time
D008695,O009285,2026-04-14,2026-04-13,0,On Time
D008696,O009286,2026-04-09,2026-04-08,0,On Time
D008697,O009287,2026-06-23,2026-06-23,0,On Time
D008698,O009288,2025-12-14,2025-12-15,1,Late
D008699,O009289,2026-05-16,2026-05-16,0,On Time
D008700,O009290,2025-03-30,2025-04-06,7,Late
D008701,O009291,2026-03-11,2026-03-11,0,On Time
D008702,O009292,2025-06-08,2025-06-13,5,Late
D008703,O009293,2025-05-18,2025-05-24,6,Late
D008704,O009294,2026-05-04,2026-05-04,0,On Time
D008705,O009295,2026-07-20,2026-07-20,0,On Time
D008706,O009296,2026-06-29,2026-07-02,3,Late
D008707,O009297,2026-06-04,2026-06-04,0,On Time
D008708,O009298,2026-08-08,2026-08-08,0,On Time
D008709,O009299,2025-10-01,2025-10-02,1,Late
D008710,O009300,2025-12-21,2025-12-21,0,On Time
D008711,O009301,2026-08-21,2026-08-26,5,Late
D008712,O009302,2026-07-04,2026-07-03,0,On Time
D008713,O009303,2026-04-24,2026-04-24,0,On Time
D008714,O009304,2026-02-06,2026-02-06,0,On Time
D008715,O009305,2026-03-10,2026-03-10,0,On Time
D008716,O009306,2026-07-14,2026-07-14,0,On Time
D008717,O009307,2026-03-02,2026-03-02,0,On Time
D008718,O009308,2026-05-16,2026-05-16,0,On Time
D008719,O009311,2026-02-13,2026-02-12,0,On Time
D008720,O009312,2026-08-11,2026-08-11,0,On Time
D008721,O009313,2026-07-14,2026-07-20,6,Late
D008722,O009314,2026-06-29,2026-06-29,0,On Time
D008723,O009315,2026-02-25,2026-02-25,0,On Time
D008724,O009316,2025-11-28,2025-11-30,2,Late
D008725,O009317,2026-06-16,2026-06-16,0,On Time
D008726,O009318,2026-06-21,2026-06-21,0,On Time
D008727,O009319,2026-03-01,2026-03-01,0,On Time
D008728,O009320,2025-12-23,2025-12-26,3,Late
D008729,O009321,2026-04-17,2026-04-17,0,On Time
D008730,O009322,2025-08-31,2025-09-03,3,Late
D008731,O009323,2025-08-03,2025-08-03,0,On Time
D008732,O009324,2025-11-02,2025-11-02,0,On Time
D008733,O009326,2026-03-07,2026-03-07,0,On Time
D008734,O009327,2026-01-08,2026-01-08,0,On Time
D008735,O009328,2026-07-20,2026-07-27,7,Late
D008736,O009329,2026-04-01,2026-04-01,0,On Time
D008737,O009330,2025-12-23,2025-12-23,0,On Time
D008738,O009331,2025-11-25,2025-11-29,4,Late
D008739,O009332,2026-07-16,2026-07-16,0,On Time
D008740,O009333,2025-05-05,2025-05-05,0,On Time
D008741,O009334,2025-12-04,2025-12-09,5,Late
D008742,O009335,2026-08-13,2026-08-19,6,Late
D008743,O009336,2026-03-26,2026-03-26,0,On Time
D008744,O009337,2026-01-01,2025-12-31,0,On Time
D008745,O009338,2026-04-30,2026-04-29,0,On Time
D008746,O009339,2025-12-26,2025-12-26,0,On Time
D008747,O009341,2026-05-23,2026-05-23,0,On Time
D008748,O009343,2025-12-19,2025-12-23,4,Late
D008749,O009344,2026-06-09,2026-06-09,0,On Time
D008750,O009345,2025-11-10,2025-11-11,1,Late
D008751,O009346,2026-04-22,2026-04-21,0,On Time
D008752,O009348,2025-10-01,2025-10-01,0,On Time
D008753,O009349,2026-04-17,2026-04-17,0,On Time
D008754,O009351,2026-08-18,2026-08-18,0,On Time
D008755,O009352,2025-08-26,2025-08-26,0,On Time
D008756,O009353,2025-11-18,2025-11-17,0,On Time
D008757,O009354,2025-06-13,2025-06-13,0,On Time
D008758,O009355,2025-04-26,2025-04-26,0,On Time
D008759,O009356,2026-04-02,2026-04-03,1,Late
D008760,O009357,2026-05-18,2026-05-17,0,On Time
D008761,O009358,2026-02-26,2026-02-26,0,On Time
D008762,O009359,2026-05-22,2026-05-29,7,Late
D008763,O009360,2026-04-16,2026-04-16,0,On Time
D008764,O009361,2025-08-15,2025-08-15,0,On Time
D008765,O009362,2025-07-15,2025-07-15,0,On Time
D008766,O009363,2026-03-25,2026-03-27,2,Late
D008767,O009364,2026-07-27,2026-07-26,0,On Time
D008768,O009365,2026-08-07,2026-08-07,0,On Time
D008769,O009366,2026-05-19,2026-05-19,0,On Time
D008770,O009367,2026-05-30,2026-05-30,0,On Time
D008771,O009368,2026-08-05,2026-08-05,0,On Time
D008772,O009369,2026-02-28,2026-02-28,0,On Time
D008773,O009370,2026-02-05,2026-02-05,0,On Time
D008774,O009371,2026-05-04,2026-05-04,0,On Time
D008775,O009372,2026-07-06,2026-07-06,0,On Time
D008776,O009373,2026-02-02,2026-02-01,0,On Time
D008777,O009374,2026-03-08,2026-03-08,0,On Time
D008778,O009375,2025-07-11,2025-07-16,5,Late
D008779,O009376,2026-08-07,2026-08-07,0,On Time
D008780,O009377,2026-05-02,2026-05-08,6,Late
D008781,O009378,2026-05-16,2026-05-16,0,On Time
D008782,O009379,2026-07-10,2026-07-10,0,On Time
D008783,O009380,2026-07-01,2026-07-01,0,On Time
D008784,O009381,2026-04-16,2026-04-18,2,Late
D008785,O009382,2025-07-09,2025-07-13,4,Late
D008786,O009383,2026-03-13,2026-03-13,0,On Time
D008787,O009384,2025-05-27,2025-06-01,5,Late
D008788,O009385,2025-10-17,2025-10-17,0,On Time
D008789,O009386,2026-08-05,2026-08-05,0,On Time
D008790,O009387,2026-05-09,2026-05-09,0,On Time
D008791,O009388,2025-03-24,2025-03-23,0,On Time
D008792,O009389,2025-10-06,2025-10-06,0,On Time
D008793,O009390,2025-10-07,2025-10-07,0,On Time
D008794,O009391,2026-08-02,2026-08-02,0,On Time
D008795,O009392,2026-06-09,2026-06-08,0,On Time
D008796,O009393,2026-05-04,2026-05-04,0,On Time
D008797,O009394,2025-10-18,2025-10-18,0,On Time
D008798,O009395,2025-10-19,2025-10-18,0,On Time
D008799,O009396,2026-01-02,2026-01-02,0,On Time
D008800,O009397,2026-01-19,2026-01-26,7,Late
D008801,O009398,2026-02-15,2026-02-15,0,On Time
D008802,O009399,2026-02-04,2026-02-05,1,Late
D008803,O009400,2026-03-16,2026-03-16,0,On Time
D008804,O009401,2026-07-16,2026-07-16,0,On Time
D008805,O009403,2025-08-26,2025-08-26,0,On Time
D008806,O009404,2026-04-02,2026-04-02,0,On Time
D008807,O009405,2025-06-06,2025-06-13,7,Late
D008808,O009406,2026-04-07,2026-04-10,3,Late
D008809,O009407,2026-03-29,2026-03-29,0,On Time
D008810,O009408,2026-01-29,2026-01-29,0,On Time
D008811,O009409,2026-08-01,2026-08-01,0,On Time
D008812,O009410,2026-03-31,2026-03-31,0,On Time
D008813,O009411,2026-02-14,2026-02-21,7,Late
D008814,O009412,2025-05-12,2025-05-12,0,On Time
D008815,O009413,2026-03-04,2026-03-04,0,On Time
D008816,O009414,2025-10-17,2025-10-17,0,On Time
D008817,O009415,2026-01-26,2026-01-26,0,On Time
D008818,O009416,2026-04-29,2026-05-02,3,Late
D008819,O009418,2026-02-23,2026-02-26,3,Late
D008820,O009419,2025-07-02,2025-07-01,0,On Time
D008821,O009420,2025-12-13,2025-12-13,0,On Time
D008822,O009421,2026-03-03,2026-03-09,6,Late
D008823,O009422,2026-03-28,2026-03-28,0,On Time
D008824,O009423,2026-08-11,2026-08-11,0,On Time
D008825,O009424,2026-05-05,2026-05-04,0,On Time
D008826,O009425,2025-10-26,2025-10-26,0,On Time
D008827,O009426,2025-07-27,2025-07-27,0,On Time
D008828,O009427,2026-05-24,2026-05-24,0,On Time
D008829,O009428,2026-04-22,2026-04-21,0,On Time
D008830,O009429,2026-07-26,2026-07-26,0,On Time
D008831,O009430,2025-07-10,2025-07-17,7,Late
D008832,O009432,2025-06-09,2025-06-16,7,Late
D008833,O009433,2026-03-01,2026-03-08,7,Late
D008834,O009434,2026-05-18,2026-05-18,0,On Time
D008835,O009435,2026-07-25,2026-07-25,0,On Time
D008836,O009436,2026-05-24,2026-05-23,0,On Time
D008837,O009437,2026-04-07,2026-04-07,0,On Time
D008838,O009438,2025-04-17,2025-04-16,0,On Time
D008839,O009439,2026-06-28,2026-06-28,0,On Time
D008840,O009440,2026-03-25,2026-03-25,0,On Time
D008841,O009441,2026-02-02,2026-02-02,0,On Time
D008842,O009442,2026-05-03,2026-05-03,0,On Time
D008843,O009443,2026-01-08,2026-01-08,0,On Time
D008844,O009444,2026-05-06,2026-05-10,4,Late
D008845,O009445,2026-05-07,2026-05-07,0,On Time
D008846,O009446,2025-12-03,2025-12-04,1,Late
D008847,O009447,2026-02-27,2026-02-27,0,On Time
D008848,O009448,2026-08-06,2026-08-06,0,On Time
D008849,O009450,2026-06-25,2026-06-28,3,Late
D008850,O009452,2025-12-14,2025-12-14,0,On Time
D008851,O009453,2026-06-19,2026-06-25,6,Late
D008852,O009454,2026-07-02,2026-07-06,4,Late
D008853,O009455,2026-01-26,2026-01-26,0,On Time
D008854,O009456,2026-07-29,2026-07-29,0,On Time
D008855,O009457,2026-04-15,2026-04-15,0,On Time
D008856,O009458,2026-05-15,2026-05-15,0,On Time
D008857,O009459,2026-04-18,2026-04-18,0,On Time
D008858,O009460,2026-02-06,2026-02-05,0,On Time
D008859,O009461,2026-07-14,2026-07-13,0,On Time
D008860,O009462,2025-06-30,2025-07-06,6,Late
D008861,O009463,2026-06-01,2026-06-04,3,Late
D008862,O009464,2026-02-06,2026-02-05,0,On Time
D008863,O009465,2025-12-05,2025-12-05,0,On Time
D008864,O009466,2025-10-08,2025-10-08,0,On Time
D008865,O009467,2026-06-02,2026-06-02,0,On Time
D008866,O009468,2026-04-27,2026-04-27,0,On Time
D008867,O009469,2025-12-07,2025-12-07,0,On Time
D008868,O009470,2026-08-10,2026-08-10,0,On Time
D008869,O009471,2025-12-17,2025-12-17,0,On Time
D008870,O009472,2026-05-23,2026-05-22,0,On Time
D008871,O009473,2025-08-19,2025-08-19,0,On Time
D008872,O009474,2025-12-12,2025-12-12,0,On Time
D008873,O009475,2025-12-26,2025-12-26,0,On Time
D008874,O009476,2026-01-16,2026-01-16,0,On Time
D008875,O009477,2026-03-15,2026-03-15,0,On Time
D008876,O009478,2025-08-21,2025-08-24,3,Late
D008877,O009479,2026-05-03,2026-05-03,0,On Time
D008878,O009480,2025-12-12,2025-12-12,0,On Time
D008879,O009481,2025-12-02,2025-12-02,0,On Time
D008880,O009482,2026-07-30,2026-07-30,0,On Time
D008881,O009483,2026-03-03,2026-03-04,1,Late
D008882,O009484,2026-06-03,2026-06-03,0,On Time
D008883,O009485,2025-09-02,2025-09-02,0,On Time
D008884,O009486,2025-09-24,2025-09-24,0,On Time
D008885,O009487,2026-02-17,2026-02-17,0,On Time
D008886,O009489,2025-10-12,2025-10-16,4,Late
D008887,O009490,2026-08-05,2026-08-09,4,Late
D008888,O009491,2026-01-14,2026-01-14,0,On Time
D008889,O009492,2026-06-27,2026-06-26,0,On Time
D008890,O009493,2026-04-03,2026-04-03,0,On Time
D008891,O009494,2026-03-24,2026-03-24,0,On Time
D008892,O009495,2025-10-13,2025-10-20,7,Late
D008893,O009496,2026-02-01,2026-02-01,0,On Time
D008894,O009497,2026-03-14,2026-03-14,0,On Time
D008895,O009498,2026-05-31,2026-06-03,3,Late
D008896,O009499,2025-04-14,2025-04-14,0,On Time
D008897,O009501,2026-06-26,2026-06-26,0,On Time
D008898,O009502,2026-02-16,2026-02-19,3,Late
D008899,O009503,2026-04-10,2026-04-14,4,Late
D008900,O009504,2025-12-22,2025-12-21,0,On Time
D008901,O009505,2026-07-25,2026-07-31,6,Late
D008902,O009506,2026-05-19,2026-05-19,0,On Time
D008903,O009507,2026-02-14,2026-02-14,0,On Time
D008904,O009508,2025-11-03,2025-11-02,0,On Time
D008905,O009509,2026-06-25,2026-06-25,0,On Time
D008906,O009510,2026-03-03,2026-03-03,0,On Time
D008907,O009511,2026-08-18,2026-08-18,0,On Time
D008908,O009512,2025-06-19,2025-06-24,5,Late
D008909,O009513,2026-08-02,2026-08-01,0,On Time
D008910,O009514,2026-04-04,2026-04-04,0,On Time
D008911,O009515,2026-02-17,2026-02-17,0,On Time
D008912,O009516,2026-07-15,2026-07-15,0,On Time
D008913,O009517,2026-05-15,2026-05-15,0,On Time
D008914,O009518,2026-02-07,2026-02-07,0,On Time
D008915,O009519,2026-07-09,2026-07-08,0,On Time
D008916,O009520,2026-04-07,2026-04-07,0,On Time
D008917,O009521,2026-02-01,2026-02-02,1,Late
D008918,O009522,2026-04-03,2026-04-03,0,On Time
D008919,O009523,2025-05-30,2025-05-29,0,On Time
D008920,O009524,2026-08-08,2026-08-08,0,On Time
D008921,O009525,2026-08-22,2026-08-23,1,Late
D008922,O009526,2025-10-02,2025-10-02,0,On Time
D008923,O009528,2026-06-25,2026-06-25,0,On Time
D008924,O009529,2025-12-21,2025-12-21,0,On Time
D008925,O009530,2025-04-29,2025-04-29,0,On Time
D008926,O009531,2026-08-19,2026-08-19,0,On Time
D008927,O009532,2026-08-19,2026-08-19,0,On Time
D008928,O009533,2026-01-25,2026-01-25,0,On Time
D008929,O009534,2025-10-05,2025-10-05,0,On Time
D008930,O009535,2025-10-10,2025-10-09,0,On Time
D008931,O009536,2026-08-18,2026-08-18,0,On Time
D008932,O009537,2026-03-30,2026-03-30,0,On Time
D008933,O009538,2026-05-20,2026-05-20,0,On Time
D008934,O009539,2025-10-08,2025-10-07,0,On Time
D008935,O009540,2025-06-21,2025-06-21,0,On Time
D008936,O009541,2026-06-13,2026-06-13,0,On Time
D008937,O009542,2025-09-01,2025-09-01,0,On Time
D008938,O009543,2026-07-31,2026-07-31,0,On Time
D008939,O009544,2026-02-09,2026-02-09,0,On Time
D008940,O009545,2026-01-10,2026-01-10,0,On Time
D008941,O009546,2026-01-03,2026-01-03,0,On Time
D008942,O009547,2026-07-08,2026-07-08,0,On Time
D008943,O009548,2026-06-11,2026-06-11,0,On Time
D008944,O009549,2026-04-05,2026-04-04,0,On Time
D008945,O009550,2025-08-25,2025-08-25,0,On Time
D008946,O009551,2025-09-21,2025-09-20,0,On Time
D008947,O009552,2026-08-01,2026-08-06,5,Late
D008948,O009553,2026-01-21,2026-01-20,0,On Time
D008949,O009554,2026-01-01,2026-01-01,0,On Time
D008950,O009555,2025-07-26,2025-07-26,0,On Time
D008951,O009556,2026-07-22,2026-07-22,0,On Time
D008952,O009557,2026-07-21,2026-07-25,4,Late
D008953,O009558,2025-08-24,2025-08-24,0,On Time
D008954,O009559,2026-07-29,2026-07-29,0,On Time
D008955,O009560,2026-06-21,2026-06-21,0,On Time
D008956,O009561,2026-06-14,2026-06-14,0,On Time
D008957,O009562,2025-01-28,2025-02-01,4,Late
D008958,O009564,2025-06-29,2025-06-29,0,On Time
D008959,O009565,2026-06-13,2026-06-13,0,On Time
D008960,O009566,2026-05-16,2026-05-16,0,On Time
D008961,O009567,2025-11-24,2025-11-24,0,On Time
D008962,O009568,2026-04-21,2026-04-21,0,On Time
D008963,O009569,2026-05-27,2026-05-27,0,On Time
D008964,O009570,2026-02-05,2026-02-06,1,Late
D008965,O009571,2026-04-24,2026-04-24,0,On Time
D008966,O009572,2026-06-25,2026-06-24,0,On Time
D008967,O009573,2026-02-17,2026-02-21,4,Late
D008968,O009574,2026-06-29,2026-07-05,6,Late
D008969,O009575,2026-04-05,2026-04-05,0,On Time
D008970,O009576,2026-08-18,2026-08-18,0,On Time
D008971,O009577,2026-04-21,2026-04-21,0,On Time
D008972,O009578,2026-06-23,2026-06-23,0,On Time
D008973,O009579,2026-04-28,2026-04-29,1,Late
D008974,O009580,2026-08-22,2026-08-22,0,On Time
D008975,O009581,2025-10-14,2025-10-14,0,On Time
D008976,O009582,2026-06-19,2026-06-19,0,On Time
D008977,O009583,2026-06-15,2026-06-21,6,Late
D008978,O009584,2026-01-03,2026-01-03,0,On Time
D008979,O009585,2026-08-09,2026-08-12,3,Late
D008980,O009586,2026-07-29,2026-07-29,0,On Time
D008981,O009587,2026-08-15,2026-08-15,0,On Time
D008982,O009588,2026-01-10,2026-01-10,0,On Time
D008983,O009589,2026-04-17,2026-04-17,0,On Time
D008984,O009590,2026-06-25,2026-06-24,0,On Time
D008985,O009591,2026-08-18,2026-08-18,0,On Time
D008986,O009592,2026-08-23,2026-08-23,0,On Time
D008987,O009593,2026-05-31,2026-05-31,0,On Time
D008988,O009594,2026-01-04,2026-01-04,0,On Time
D008989,O009595,2025-11-07,2025-11-07,0,On Time
D008990,O009596,2026-04-06,2026-04-06,0,On Time
D008991,O009598,2025-12-13,2025-12-13,0,On Time
D008992,O009599,2026-07-06,2026-07-13,7,Late
D008993,O009600,2026-06-28,2026-06-28,0,On Time
D008994,O009601,2026-07-13,2026-07-18,5,Late
D008995,O009602,2025-12-07,2025-12-12,5,Late
D008996,O009603,2025-09-22,2025-09-22,0,On Time
D008997,O009604,2026-03-27,2026-03-27,0,On Time
D008998,O009605,2026-02-09,2026-02-09,0,On Time
D008999,O009606,2026-04-06,2026-04-11,5,Late
D009000,O009607,2026-01-19,2026-01-19,0,On Time
D009001,O009608,2026-08-17,2026-08-16,0,On Time
D009002,O009609,2026-06-10,2026-06-10,0,On Time
D009003,O009610,2026-06-07,2026-06-07,0,On Time
D009004,O009611,2026-08-06,2026-08-06,0,On Time
D009005,O009612,2026-08-02,2026-08-02,0,On Time
D009006,O009613,2026-07-26,2026-07-27,1,Late
D009007,O009614,2026-05-07,2026-05-07,0,On Time
D009008,O009615,2025-09-07,2025-09-07,0,On Time
D009009,O009616,2026-06-01,2026-06-01,0,On Time
D009010,O009617,2026-05-07,2026-05-06,0,On Time
D009011,O009618,2026-04-03,2026-04-09,6,Late
D009012,O009619,2025-12-29,2025-12-29,0,On Time
D009013,O009620,2026-07-29,2026-07-29,0,On Time
D009014,O009621,2026-05-04,2026-05-04,0,On Time
D009015,O009622,2026-07-15,2026-07-18,3,Late
D009016,O009623,2026-07-27,2026-07-27,0,On Time
D009017,O009624,2026-03-07,2026-03-07,0,On Time
D009018,O009626,2026-07-17,2026-07-17,0,On Time
D009019,O009627,2026-06-28,2026-06-28,0,On Time
D009020,O009628,2026-03-22,2026-03-22,0,On Time
D009021,O009630,2025-04-26,2025-04-25,0,On Time
D009022,O009631,2025-11-24,2025-11-24,0,On Time
D009023,O009632,2026-04-04,2026-04-04,0,On Time
D009024,O009633,2026-03-03,2026-03-03,0,On Time
D009025,O009634,2026-04-25,2026-04-25,0,On Time
D009026,O009635,2026-08-06,2026-08-06,0,On Time
D009027,O009636,2026-01-24,2026-01-24,0,On Time
D009028,O009637,2026-06-03,2026-06-03,0,On Time
D009029,O009638,2026-06-05,2026-06-05,0,On Time
D009030,O009639,2026-03-12,2026-03-11,0,On Time
D009031,O009640,2026-07-20,2026-07-20,0,On Time
D009032,O009641,2026-07-09,2026-07-09,0,On Time
D009033,O009642,2026-05-09,2026-05-09,0,On Time
D009034,O009643,2026-04-16,2026-04-15,0,On Time
D009035,O009644,2026-07-02,2026-07-02,0,On Time
D009036,O009645,2026-03-28,2026-03-28,0,On Time
D009037,O009646,2026-08-19,2026-08-19,0,On Time
D009038,O009647,2025-11-25,2025-11-26,1,Late
D009039,O009648,2026-05-04,2026-05-09,5,Late
D009040,O009649,2025-08-09,2025-08-16,7,Late
D009041,O009650,2026-03-14,2026-03-14,0,On Time
D009042,O009651,2026-07-27,2026-07-31,4,Late
D009043,O009652,2026-07-26,2026-07-28,2,Late
D009044,O009653,2026-03-24,2026-03-24,0,On Time
D009045,O009654,2026-07-26,2026-07-25,0,On Time
D009046,O009655,2025-07-04,2025-07-03,0,On Time
D009047,O009656,2026-04-12,2026-04-12,0,On Time
D009048,O009657,2026-07-19,2026-07-19,0,On Time
D009049,O009658,2026-06-27,2026-06-26,0,On Time
D009050,O009659,2026-05-12,2026-05-12,0,On Time
D009051,O009660,2026-05-10,2026-05-10,0,On Time
D009052,O009661,2025-08-31,2025-08-31,0,On Time
D009053,O009662,2026-07-26,2026-07-26,0,On Time
D009054,O009663,2026-06-02,2026-06-02,0,On Time
D009055,O009664,2026-03-04,2026-03-08,4,Late
D009056,O009665,2026-03-17,2026-03-17,0,On Time
D009057,O009666,2026-08-12,2026-08-12,0,On Time
D009058,O009667,2026-08-07,2026-08-07,0,On Time
D009059,O009668,2026-05-31,2026-05-31,0,On Time
D009060,O009669,2025-03-26,2025-03-30,4,Late
D009061,O009670,2026-02-21,2026-02-21,0,On Time
D009062,O009671,2025-07-11,2025-07-11,0,On Time
D009063,O009673,2026-06-30,2026-06-29,0,On Time
D009064,O009674,2026-01-21,2026-01-27,6,Late
D009065,O009675,2026-02-21,2026-02-21,0,On Time
D009066,O009676,2025-11-15,2025-11-15,0,On Time
D009067,O009677,2026-04-01,2026-04-01,0,On Time
D009068,O009678,2026-04-03,2026-04-03,0,On Time
D009069,O009679,2026-05-30,2026-06-05,6,Late
D009070,O009680,2025-10-15,2025-10-15,0,On Time
D009071,O009681,2026-07-06,2026-07-06,0,On Time
D009072,O009682,2026-04-03,2026-04-03,0,On Time
D009073,O009683,2026-03-14,2026-03-18,4,Late
D009074,O009684,2026-03-27,2026-03-27,0,On Time
D009075,O009685,2026-02-25,2026-03-02,5,Late
D009076,O009686,2026-01-03,2026-01-03,0,On Time
D009077,O009687,2026-06-13,2026-06-13,0,On Time
D009078,O009688,2026-01-15,2026-01-15,0,On Time
D009079,O009689,2026-07-03,2026-07-03,0,On Time
D009080,O009690,2026-02-17,2026-02-17,0,On Time
D009081,O009691,2025-06-14,2025-06-18,4,Late
D009082,O009692,2025-12-04,2025-12-08,4,Late
D009083,O009693,2025-12-23,2025-12-23,0,On Time
D009084,O009694,2026-04-26,2026-04-28,2,Late
D009085,O009695,2026-05-23,2026-05-23,0,On Time
D009086,O009696,2026-02-08,2026-02-08,0,On Time
D009087,O009697,2026-06-17,2026-06-20,3,Late
D009088,O009698,2025-07-01,2025-07-01,0,On Time
D009089,O009699,2026-05-21,2026-05-20,0,On Time
D009090,O009700,2025-10-21,2025-10-21,0,On Time
D009091,O009701,2026-07-12,2026-07-12,0,On Time
D009092,O009702,2026-07-21,2026-07-20,0,On Time
D009093,O009703,2026-03-15,2026-03-14,0,On Time
D009094,O009704,2025-07-09,2025-07-12,3,Late
D009095,O009705,2025-09-04,2025-09-05,1,Late
D009096,O009706,2026-06-08,2026-06-12,4,Late
D009097,O009707,2025-10-07,2025-10-14,7,Late
D009098,O009708,2026-01-25,2026-01-27,2,Late
D009099,O009709,2026-06-03,2026-06-03,0,On Time
D009100,O009710,2026-03-17,2026-03-17,0,On Time
D009101,O009711,2026-05-17,2026-05-24,7,Late
D009102,O009712,2026-03-12,2026-03-12,0,On Time
D009103,O009713,2026-02-13,2026-02-13,0,On Time
D009104,O009714,2025-07-04,2025-07-04,0,On Time
D009105,O009715,2025-06-30,2025-06-30,0,On Time
D009106,O009716,2025-08-16,2025-08-16,0,On Time
D009107,O009717,2026-03-01,2026-03-06,5,Late
D009108,O009718,2025-07-11,2025-07-11,0,On Time
D009109,O009719,2026-03-27,2026-03-27,0,On Time
D009110,O009720,2026-05-31,2026-05-31,0,On Time
D009111,O009721,2025-05-21,2025-05-21,0,On Time
D009112,O009722,2025-08-09,2025-08-09,0,On Time
D009113,O009724,2026-08-11,2026-08-11,0,On Time
D009114,O009725,2026-08-02,2026-08-02,0,On Time
D009115,O009726,2026-07-15,2026-07-15,0,On Time
D009116,O009727,2025-06-04,2025-06-07,3,Late
D009117,O009728,2026-07-10,2026-07-10,0,On Time
D009118,O009729,2026-02-18,2026-02-23,5,Late
D009119,O009730,2025-03-26,2025-03-30,4,Late
D009120,O009731,2026-06-19,2026-06-19,0,On Time
D009121,O009732,2026-07-03,2026-07-03,0,On Time
D009122,O009733,2025-05-07,2025-05-07,0,On Time
D009123,O009734,2025-02-01,2025-02-01,0,On Time
D009124,O009735,2026-05-10,2026-05-10,0,On Time
D009125,O009736,2026-04-23,2026-04-23,0,On Time
D009126,O009737,2026-02-19,2026-02-19,0,On Time
D009127,O009738,2026-08-20,2026-08-20,0,On Time
D009128,O009739,2026-08-03,2026-08-08,5,Late
D009129,O009740,2026-01-29,2026-01-29,0,On Time
D009130,O009741,2025-12-25,2025-12-28,3,Late
D009131,O009742,2026-07-02,2026-07-08,6,Late
D009132,O009743,2026-04-13,2026-04-13,0,On Time
D009133,O009744,2026-08-10,2026-08-10,0,On Time
D009134,O009745,2026-05-18,2026-05-22,4,Late
D009135,O009746,2026-08-05,2026-08-05,0,On Time
D009136,O009747,2026-02-21,2026-02-21,0,On Time
D009137,O009748,2025-10-19,2025-10-19,0,On Time
D009138,O009749,2026-06-19,2026-06-19,0,On Time
D009139,O009750,2025-07-19,2025-07-25,6,Late
D009140,O009751,2025-09-14,2025-09-14,0,On Time
D009141,O009752,2026-07-27,2026-07-27,0,On Time
D009142,O009753,2025-12-26,2025-12-25,0,On Time
D009143,O009754,2026-07-18,2026-07-18,0,On Time
D009144,O009755,2026-03-17,2026-03-17,0,On Time
D009145,O009756,2026-02-02,2026-02-02,0,On Time
D009146,O009757,2026-04-02,2026-04-06,4,Late
D009147,O009758,2025-03-19,2025-03-19,0,On Time
D009148,O009759,2026-01-12,2026-01-12,0,On Time
D009149,O009760,2025-12-11,2025-12-11,0,On Time
D009150,O009761,2025-08-25,2025-08-25,0,On Time
D009151,O009763,2026-08-23,2026-08-22,0,On Time
D009152,O009764,2026-04-25,2026-04-24,0,On Time
D009153,O009765,2026-08-04,2026-08-04,0,On Time
D009154,O009766,2025-10-25,2025-10-25,0,On Time
D009155,O009767,2026-01-11,2026-01-14,3,Late
D009156,O009768,2026-03-27,2026-03-30,3,Late
D009157,O009769,2026-03-13,2026-03-13,0,On Time
D009158,O009770,2026-08-01,2026-08-01,0,On Time
D009159,O009771,2025-10-30,2025-10-30,0,On Time
D009160,O009772,2025-12-21,2025-12-21,0,On Time
D009161,O009773,2026-06-23,2026-06-23,0,On Time
D009162,O009774,2026-02-11,2026-02-11,0,On Time
D009163,O009775,2026-02-23,2026-02-23,0,On Time
D009164,O009776,2026-06-27,2026-06-29,2,Late
D009165,O009777,2026-02-25,2026-02-24,0,On Time
D009166,O009778,2026-02-10,2026-02-12,2,Late
D009167,O009779,2026-06-10,2026-06-10,0,On Time
D009168,O009780,2026-07-31,2026-07-31,0,On Time
D009169,O009781,2025-08-20,2025-08-27,7,Late
D009170,O009782,2025-10-27,2025-10-27,0,On Time
D009171,O009783,2026-05-14,2026-05-14,0,On Time
D009172,O009785,2026-08-14,2026-08-14,0,On Time
D009173,O009786,2026-08-14,2026-08-14,0,On Time
D009174,O009787,2025-12-18,2025-12-25,7,Late
D009175,O009788,2026-02-22,2026-02-22,0,On Time
D009176,O009790,2026-06-26,2026-06-26,0,On Time
D009177,O009791,2025-10-13,2025-10-17,4,Late
D009178,O009792,2026-06-26,2026-06-26,0,On Time
D009179,O009793,2026-03-29,2026-03-29,0,On Time
D009180,O009794,2026-03-27,2026-03-27,0,On Time
D009181,O009795,2026-01-21,2026-01-28,7,Late
D009182,O009796,2025-09-06,2025-09-06,0,On Time
D009183,O009798,2026-04-11,2026-04-12,1,Late
D009184,O009799,2025-11-29,2025-12-01,2,Late
D009185,O009800,2026-04-15,2026-04-14,0,On Time
D009186,O009801,2025-11-22,2025-11-22,0,On Time
D009187,O009802,2025-11-02,2025-11-08,6,Late
D009188,O009803,2025-10-14,2025-10-13,0,On Time
D009189,O009804,2025-12-30,2025-12-30,0,On Time
D009190,O009805,2025-12-25,2025-12-25,0,On Time
D009191,O009806,2026-05-29,2026-05-29,0,On Time
D009192,O009807,2025-06-25,2025-06-25,0,On Time
D009193,O009808,2025-07-12,2025-07-12,0,On Time
D009194,O009809,2025-07-11,2025-07-11,0,On Time
D009195,O009810,2026-06-25,2026-06-28,3,Late
D009196,O009811,2026-07-14,2026-07-14,0,On Time
D009197,O009812,2026-07-18,2026-07-18,0,On Time
D009198,O009813,2025-12-30,2026-01-02,3,Late
D009199,O009814,2026-06-24,2026-06-24,0,On Time
D009200,O009815,2026-05-24,2026-05-23,0,On Time
D009201,O009816,2026-04-23,2026-04-22,0,On Time
D009202,O009817,2025-10-29,2025-11-03,5,Late
D009203,O009819,2026-03-01,2026-03-01,0,On Time
D009204,O009820,2025-11-05,2025-11-05,0,On Time
D009205,O009821,2026-04-02,2026-04-02,0,On Time
D009206,O009822,2026-05-28,2026-06-01,4,Late
D009207,O009823,2026-03-02,2026-03-02,0,On Time
D009208,O009824,2026-03-24,2026-03-24,0,On Time
D009209,O009825,2026-01-24,2026-01-24,0,On Time
D009210,O009826,2026-08-13,2026-08-13,0,On Time
D009211,O009827,2025-09-04,2025-09-04,0,On Time
D009212,O009828,2026-04-17,2026-04-17,0,On Time
D009213,O009830,2025-11-16,2025-11-16,0,On Time
D009214,O009831,2026-02-03,2026-02-03,0,On Time
D009215,O009832,2026-07-08,2026-07-15,7,Late
D009216,O009833,2025-12-27,2025-12-27,0,On Time
D009217,O009834,2026-06-19,2026-06-20,1,Late
D009218,O009835,2026-06-07,2026-06-07,0,On Time
D009219,O009836,2025-10-03,2025-10-03,0,On Time
D009220,O009837,2026-02-02,2026-02-02,0,On Time
D009221,O009838,2026-01-03,2026-01-03,0,On Time
D009222,O009839,2026-03-10,2026-03-10,0,On Time
D009223,O009840,2026-05-13,2026-05-13,0,On Time
D009224,O009842,2026-05-31,2026-05-31,0,On Time
D009225,O009843,2026-03-11,2026-03-18,7,Late
D009226,O009844,2026-05-02,2026-05-02,0,On Time
D009227,O009845,2025-11-11,2025-11-11,0,On Time
D009228,O009846,2026-04-25,2026-04-25,0,On Time
D009229,O009847,2026-01-04,2026-01-03,0,On Time
D009230,O009848,2026-05-04,2026-05-04,0,On Time
D009231,O009849,2026-08-17,2026-08-17,0,On Time
D009232,O009850,2026-06-08,2026-06-08,0,On Time
D009233,O009851,2026-06-19,2026-06-26,7,Late
D009234,O009852,2026-04-24,2026-04-29,5,Late
D009235,O009853,2026-02-20,2026-02-26,6,Late
D009236,O009854,2026-04-14,2026-04-15,1,Late
D009237,O009855,2026-08-15,2026-08-15,0,On Time
D009238,O009856,2026-03-31,2026-03-31,0,On Time
D009239,O009857,2026-07-07,2026-07-07,0,On Time
D009240,O009858,2025-11-06,2025-11-06,0,On Time
D009241,O009859,2026-02-11,2026-02-11,0,On Time
D009242,O009860,2026-07-28,2026-07-28,0,On Time
D009243,O009861,2026-01-03,2026-01-03,0,On Time
D009244,O009862,2026-07-01,2026-07-01,0,On Time
D009245,O009863,2025-12-03,2025-12-07,4,Late
D009246,O009864,2026-03-03,2026-03-03,0,On Time
D009247,O009865,2026-06-12,2026-06-12,0,On Time
D009248,O009866,2026-05-15,2026-05-15,0,On Time
D009249,O009867,2025-11-01,2025-11-01,0,On Time
D009250,O009868,2026-06-21,2026-06-21,0,On Time
D009251,O009869,2026-08-10,2026-08-10,0,On Time
D009252,O009870,2026-07-16,2026-07-16,0,On Time
D009253,O009871,2026-04-26,2026-04-25,0,On Time
D009254,O009872,2026-03-22,2026-03-22,0,On Time
D009255,O009873,2026-04-08,2026-04-09,1,Late
D009256,O009874,2025-08-17,2025-08-17,0,On Time
D009257,O009875,2026-06-24,2026-06-24,0,On Time
D009258,O009876,2025-09-18,2025-09-19,1,Late
D009259,O009877,2026-04-15,2026-04-15,0,On Time
D009260,O009878,2026-03-31,2026-03-31,0,On Time
D009261,O009879,2026-05-05,2026-05-05,0,On Time
D009262,O009880,2026-05-06,2026-05-06,0,On Time
D009263,O009882,2025-07-07,2025-07-07,0,On Time
D009264,O009883,2026-08-07,2026-08-07,0,On Time
D009265,O009884,2026-03-25,2026-03-29,4,Late
D009266,O009885,2026-01-22,2026-01-28,6,Late
D009267,O009886,2025-10-29,2025-10-29,0,On Time
D009268,O009887,2026-08-07,2026-08-07,0,On Time
D009269,O009888,2026-03-01,2026-03-01,0,On Time
D009270,O009889,2026-06-18,2026-06-18,0,On Time
D009271,O009890,2026-08-13,2026-08-13,0,On Time
D009272,O009891,2025-10-08,2025-10-08,0,On Time
D009273,O009892,2026-07-07,2026-07-07,0,On Time
D009274,O009893,2026-07-07,2026-07-07,0,On Time
D009275,O009894,2026-03-04,2026-03-04,0,On Time
D009276,O009895,2025-12-11,2025-12-11,0,On Time
D009277,O009896,2025-04-03,2025-04-10,7,Late
D009278,O009897,2025-06-21,2025-06-21,0,On Time
D009279,O009898,2026-01-14,2026-01-14,0,On Time
D009280,O009899,2025-06-29,2025-06-29,0,On Time
D009281,O009900,2025-09-29,2025-09-29,0,On Time
D009282,O009901,2026-07-06,2026-07-05,0,On Time
D009283,O009902,2026-07-10,2026-07-13,3,Late
D009284,O009903,2025-06-25,2025-06-25,0,On Time
D009285,O009904,2026-01-11,2026-01-14,3,Late
D009286,O009905,2026-08-21,2026-08-21,0,On Time
D009287,O009906,2026-06-12,2026-06-12,0,On Time
D009288,O009907,2025-12-14,2025-12-14,0,On Time
D009289,O009908,2025-09-23,2025-09-23,0,On Time
D009290,O009909,2026-04-14,2026-04-14,0,On Time
D009291,O009910,2026-07-18,2026-07-18,0,On Time
D009292,O009911,2026-05-07,2026-05-07,0,On Time
D009293,O009913,2026-06-29,2026-06-30,1,Late
D009294,O009914,2026-06-24,2026-06-24,0,On Time
D009295,O009915,2026-08-20,2026-08-22,2,Late
D009296,O009916,2026-08-15,2026-08-15,0,On Time
D009297,O009917,2026-06-28,2026-06-28,0,On Time
D009298,O009918,2026-07-10,2026-07-10,0,On Time
D009299,O009919,2025-11-20,2025-11-20,0,On Time
D009300,O009920,2025-05-17,2025-05-16,0,On Time
D009301,O009921,2026-02-16,2026-02-16,0,On Time
D009302,O009922,2026-05-07,2026-05-10,3,Late
D009303,O009923,2026-07-27,2026-07-26,0,On Time
D009304,O009924,2026-08-22,2026-08-22,0,On Time
D009305,O009925,2026-02-20,2026-02-20,0,On Time
D009306,O009926,2025-12-05,2025-12-05,0,On Time
D009307,O009927,2026-02-02,2026-02-02,0,On Time
D009308,O009928,2025-07-26,2025-07-26,0,On Time
D009309,O009929,2026-05-13,2026-05-13,0,On Time
D009310,O009930,2025-06-19,2025-06-19,0,On Time
D009311,O009931,2026-06-26,2026-06-26,0,On Time
D009312,O009932,2026-07-01,2026-07-01,0,On Time
D009313,O009933,2025-04-20,2025-04-20,0,On Time
D009314,O009934,2025-08-09,2025-08-09,0,On Time
D009315,O009935,2026-02-13,2026-02-13,0,On Time
D009316,O009936,2025-09-17,2025-09-18,1,Late
D009317,O009937,2026-02-22,2026-02-22,0,On Time
D009318,O009938,2026-06-24,2026-06-24,0,On Time
D009319,O009939,2026-06-22,2026-06-28,6,Late
D009320,O009940,2025-11-17,2025-11-16,0,On Time
D009321,O009941,2026-05-29,2026-05-29,0,On Time
D009322,O009942,2025-06-01,2025-06-01,0,On Time
D009323,O009943,2026-03-23,2026-03-29,6,Late
D009324,O009944,2026-01-14,2026-01-14,0,On Time
D009325,O009945,2026-07-26,2026-08-02,7,Late
D009326,O009946,2026-05-18,2026-05-18,0,On Time
D009327,O009947,2026-04-07,2026-04-07,0,On Time
D009328,O009948,2026-05-25,2026-05-25,0,On Time
D009329,O009949,2026-02-14,2026-02-14,0,On Time
D009330,O009950,2026-05-20,2026-05-20,0,On Time
D009331,O009951,2026-05-01,2026-05-01,0,On Time
D009332,O009952,2026-06-14,2026-06-13,0,On Time
D009333,O009953,2025-10-24,2025-10-29,5,Late
D009334,O009954,2026-03-22,2026-03-22,0,On Time
D009335,O009955,2026-06-18,2026-06-18,0,On Time
D009336,O009957,2026-02-10,2026-02-10,0,On Time
D009337,O009958,2026-07-16,2026-07-16,0,On Time
D009338,O009959,2026-07-04,2026-07-11,7,Late
D009339,O009961,2026-04-03,2026-04-04,1,Late
D009340,O009962,2026-08-06,2026-08-06,0,On Time
D009341,O009963,2025-06-26,2025-06-26,0,On Time
D009342,O009964,2026-03-15,2026-03-15,0,On Time
D009343,O009965,2026-06-14,2026-06-14,0,On Time
D009344,O009966,2025-12-30,2025-12-30,0,On Time
D009345,O009967,2025-11-25,2025-11-24,0,On Time
D009346,O009968,2026-01-28,2026-01-28,0,On Time
D009347,O009969,2026-03-26,2026-03-26,0,On Time
D009348,O009971,2026-05-04,2026-05-07,3,Late
D009349,O009972,2026-01-31,2026-01-31,0,On Time
D009350,O009973,2026-06-28,2026-07-03,5,Late
D009351,O009974,2026-07-11,2026-07-10,0,On Time
D009352,O009975,2025-12-13,2025-12-13,0,On Time
D009353,O009976,2026-01-31,2026-01-31,0,On Time
D009354,O009977,2026-05-21,2026-05-21,0,On Time
D009355,O009978,2026-04-09,2026-04-09,0,On Time
D009356,O009979,2026-08-16,2026-08-16,0,On Time
D009357,O009980,2025-07-14,2025-07-14,0,On Time
D009358,O009981,2026-03-07,2026-03-13,6,Late
D009359,O009982,2026-07-21,2026-07-21,0,On Time
D009360,O009983,2025-08-01,2025-07-31,0,On Time
D009361,O009984,2026-05-22,2026-05-22,0,On Time
D009362,O009985,2025-04-15,2025-04-17,2,Late
D009363,O009986,2026-08-05,2026-08-05,0,On Time
D009364,O009987,2026-03-20,2026-03-22,2,Late
D009365,O009988,2026-05-16,2026-05-15,0,On Time
D009366,O009989,2026-07-03,2026-07-03,0,On Time
D009367,O009991,2026-05-02,2026-05-01,0,On Time
D009368,O009992,2026-08-03,2026-08-03,0,On Time
D009369,O009993,2026-08-17,2026-08-21,4,Late
D009370,O009994,2026-03-27,2026-03-27,0,On Time
D009371,O009996,2026-02-17,2026-02-17,0,On Time
D009372,O009997,2026-05-04,2026-05-08,4,Late
D009373,O009998,2026-08-08,2026-08-08,0,On Time
D009374,O009999,2026-04-16,2026-04-16,0,On Time
D009375,O010000,2026-01-15,2026-01-14,0,On Time
