payment_id,order_id,payment_method,payment_amount,payment_status
PAY000001,O000001,Card,167.96,Failed
PAY000002,O000002,Apple Pay,518.1,Failed
PAY000003,O000003,Apple Pay,1369.74,Paid
PAY000004,O000004,Google Pay,197.8,Paid
PAY000005,O000005,Card,1306.22,Paid
PAY000006,O000006,Card,952.96,Paid
PAY000007,O000007,Card,1610.97,Paid
PAY000008,O000008,Apple Pay,360.19,Failed
PAY000009,O000009,PayPal,461.38,Paid
PAY000010,O000010,Apple Pay,89.28,Paid
PAY000011,O000011,PayPal,0.0,Paid
PAY000012,O000012,Card,458.97,Paid
PAY000013,O000013,Card,253.65,Paid
PAY000014,O000014,Card,699.58,Paid
PAY000015,O000015,PayPal,336.18,Paid
PAY000016,O000016,Card,878.6,Paid
PAY000017,O000017,Card,296.4,Paid
PAY000018,O000018,Apple Pay,351.82,Paid
PAY000019,O000019,PayPal,799.63,Paid
PAY000020,O000020,Card,1478.82,Paid
PAY000021,O000021,PayPal,84.53,Paid
PAY000022,O000022,Google Pay,853.11,Paid
PAY000023,O000023,Apple Pay,885.85,Paid
PAY000024,O000024,Apple Pay,647.73,Paid
PAY000025,O000025,PayPal,221.32,Paid
PAY000026,O000026,PayPal,880.42,Paid
PAY000027,O000027,Google Pay,17.43,Paid
PAY000028,O000028,PayPal,1004.15,Paid
PAY000029,O000029,PayPal,1151.65,Paid
PAY000030,O000030,Google Pay,100.44,Paid
PAY000031,O000031,Card,2288.68,Paid
PAY000032,O000032,Apple Pay,309.12,Paid
PAY000033,O000033,Apple Pay,658.94,Paid
PAY000034,O000034,Apple Pay,713.68,Paid
PAY000035,O000035,Card,374.8,Paid
PAY000036,O000036,Card,1047.77,Paid
PAY000037,O000037,Card,408.5,Paid
PAY000038,O000038,Card,807.03,Paid
PAY000039,O000039,Card,646.44,Paid
PAY000040,O000040,PayPal,531.66,Paid
PAY000041,O000041,Card,21.96,Paid
PAY000042,O000042,Google Pay,416.68,Paid
PAY000043,O000043,Apple Pay,2580.23,Paid
PAY000044,O000044,Card,857.34,Paid
PAY000045,O000045,Apple Pay,567.93,Paid
PAY000046,O000046,Apple Pay,2185.29,Paid
PAY000047,O000047,Card,1310.74,Failed
PAY000048,O000048,Google Pay,142.66,Paid
PAY000049,O000049,PayPal,111.84,Paid
PAY000050,O000050,Apple Pay,96.84,Failed
PAY000051,O000051,PayPal,218.09,Paid
PAY000052,O000052,Apple Pay,716.8,Paid
PAY000053,O000053,PayPal,1301.25,Paid
PAY000054,O000054,Card,91.65,Paid
PAY000055,O000055,Card,952.28,Paid
PAY000056,O000056,PayPal,346.78,Paid
PAY000057,O000057,Card,314.94,Paid
PAY000058,O000058,Card,288.69,Paid
PAY000059,O000059,Google Pay,71.79,Paid
PAY000060,O000060,Apple Pay,509.09,Paid
PAY000061,O000061,PayPal,631.27,Paid
PAY000062,O000062,Card,695.23,Paid
PAY000063,O000063,Apple Pay,670.4,Paid
PAY000064,O000064,Apple Pay,45.11,Paid
PAY000065,O000065,Card,428.93,Paid
PAY000066,O000066,Card,215.8,Paid
PAY000067,O000067,Apple Pay,502.84,Paid
PAY000068,O000068,Apple Pay,539.33,Paid
PAY000069,O000069,Card,716.84,Paid
PAY000070,O000070,Card,927.34,Paid
PAY000071,O000071,PayPal,502.88,Paid
PAY000072,O000072,PayPal,72.55,Paid
PAY000073,O000073,Card,721.98,Paid
PAY000074,O000074,Google Pay,395.57,Paid
PAY000075,O000075,Card,1849.48,Paid
PAY000076,O000076,Card,718.57,Failed
PAY000077,O000077,Card,565.02,Paid
PAY000078,O000078,Card,175.76,Failed
PAY000079,O000079,Apple Pay,956.14,Paid
PAY000080,O000080,Apple Pay,762.27,Failed
PAY000081,O000081,Google Pay,193.85,Paid
PAY000082,O000082,PayPal,2293.03,Paid
PAY000083,O000083,Card,307.71,Paid
PAY000084,O000084,Card,687.79,Paid
PAY000085,O000085,Apple Pay,1885.9,Paid
PAY000086,O000086,Card,1609.6,Paid
PAY000087,O000087,Card,477.48,Failed
PAY000088,O000088,Card,653.76,Paid
PAY000089,O000089,Card,64.55,Paid
PAY000090,O000090,Card,342.2,Paid
PAY000091,O000091,Card,730.92,Paid
PAY000092,O000092,Google Pay,330.99,Paid
PAY000093,O000093,Apple Pay,1729.36,Paid
PAY000094,O000094,Google Pay,15.53,Paid
PAY000095,O000095,PayPal,228.46,Paid
PAY000096,O000096,PayPal,81.61,Paid
PAY000097,O000097,Apple Pay,220.07,Paid
PAY000098,O000098,PayPal,15.65,Paid
PAY000099,O000099,Apple Pay,544.35,Paid
PAY000100,O000100,PayPal,1397.4,Paid
PAY000101,O000101,PayPal,761.04,Paid
PAY000102,O000102,Apple Pay,273.76,Failed
PAY000103,O000103,Card,101.85,Paid
PAY000104,O000104,Card,373.32,Paid
PAY000105,O000105,Card,253.65,Paid
PAY000106,O000106,PayPal,560.57,Paid
PAY000107,O000107,Card,682.61,Paid
PAY000108,O000108,PayPal,459.15,Paid
PAY000109,O000109,Apple Pay,5.68,Paid
PAY000110,O000110,PayPal,1446.3,Paid
PAY000111,O000111,Card,793.74,Paid
PAY000112,O000112,Apple Pay,259.96,Paid
PAY000113,O000113,Google Pay,52.44,Paid
PAY000114,O000114,Card,246.82,Paid
PAY000115,O000115,PayPal,2296.64,Paid
PAY000116,O000116,Google Pay,394.04,Paid
PAY000117,O000117,PayPal,560.5,Paid
PAY000118,O000118,Google Pay,137.47,Paid
PAY000119,O000119,PayPal,518.0,Paid
PAY000120,O000120,Google Pay,548.06,Paid
PAY000121,O000121,Card,1729.87,Paid
PAY000122,O000122,Card,183.56,Paid
PAY000123,O000123,Card,297.27,Paid
PAY000124,O000124,Apple Pay,37.97,Paid
PAY000125,O000125,Google Pay,488.84,Paid
PAY000126,O000126,Card,238.64,Paid
PAY000127,O000127,PayPal,2449.92,Paid
PAY000128,O000128,Google Pay,223.65,Paid
PAY000129,O000129,Card,286.13,Paid
PAY000130,O000130,PayPal,336.23,Paid
PAY000131,O000131,PayPal,308.43,Paid
PAY000132,O000132,Apple Pay,923.39,Paid
PAY000133,O000133,Card,26.81,Paid
PAY000134,O000134,PayPal,432.25,Paid
PAY000135,O000135,PayPal,460.08,Failed
PAY000136,O000136,PayPal,105.86,Paid
PAY000137,O000137,PayPal,876.54,Paid
PAY000138,O000138,Google Pay,1310.42,Paid
PAY000139,O000139,PayPal,778.36,Paid
PAY000140,O000140,Google Pay,1625.19,Failed
PAY000141,O000141,Card,278.57,Paid
PAY000142,O000142,Card,1978.8,Paid
PAY000143,O000143,PayPal,167.68,Paid
PAY000144,O000144,Google Pay,981.88,Paid
PAY000145,O000145,Card,1055.65,Paid
PAY000146,O000146,Card,150.83,Paid
PAY000147,O000147,Card,14.46,Paid
PAY000148,O000148,Apple Pay,46.19,Paid
PAY000149,O000149,Card,998.66,Paid
PAY000150,O000150,Card,1239.62,Paid
PAY000151,O000151,Card,442.26,Paid
PAY000152,O000152,Card,352.05,Paid
PAY000153,O000153,Card,756.68,Paid
PAY000154,O000154,Card,1066.79,Paid
PAY000155,O000155,Card,128.09,Paid
PAY000156,O000156,Card,148.43,Refunded
PAY000157,O000157,Google Pay,129.96,Paid
PAY000158,O000158,Google Pay,977.57,Paid
PAY000159,O000159,Card,596.78,Paid
PAY000160,O000160,Card,399.16,Failed
PAY000161,O000161,PayPal,862.48,Paid
PAY000162,O000162,Google Pay,733.57,Paid
PAY000163,O000163,Apple Pay,441.17,Paid
PAY000164,O000164,Card,83.84,Failed
PAY000165,O000165,Google Pay,62.53,Paid
PAY000166,O000166,Card,30.86,Paid
PAY000167,O000167,Card,1328.08,Paid
PAY000168,O000168,Card,372.51,Paid
PAY000169,O000169,Apple Pay,652.52,Paid
PAY000170,O000170,Card,805.94,Paid
PAY000171,O000171,Card,656.98,Paid
PAY000172,O000172,Card,66.54,Paid
PAY000173,O000173,PayPal,741.35,Refunded
PAY000174,O000174,Card,337.4,Paid
PAY000175,O000175,Apple Pay,1380.59,Paid
PAY000176,O000176,Apple Pay,206.95,Paid
PAY000177,O000177,PayPal,650.67,Paid
PAY000178,O000178,Card,827.28,Failed
PAY000179,O000179,Google Pay,918.31,Paid
PAY000180,O000180,Card,522.28,Failed
PAY000181,O000181,Card,737.68,Failed
PAY000182,O000182,Card,140.06,Paid
PAY000183,O000183,Card,1756.24,Paid
PAY000184,O000184,Card,471.38,Failed
PAY000185,O000185,PayPal,149.29,Paid
PAY000186,O000186,Card,154.69,Paid
PAY000187,O000187,Card,321.6,Paid
PAY000188,O000188,Card,752.53,Paid
PAY000189,O000189,Card,329.28,Paid
PAY000190,O000190,Card,603.85,Paid
PAY000191,O000191,Card,621.19,Paid
PAY000192,O000192,Card,779.54,Paid
PAY000193,O000193,Card,842.36,Paid
PAY000194,O000194,Card,1053.09,Paid
PAY000195,O000195,PayPal,168.14,Paid
PAY000196,O000196,Google Pay,935.47,Paid
PAY000197,O000197,Card,27.7,Paid
PAY000198,O000198,PayPal,278.69,Paid
PAY000199,O000199,Apple Pay,167.46,Paid
PAY000200,O000200,Apple Pay,1721.32,Paid
PAY000201,O000201,PayPal,655.6,Paid
PAY000202,O000202,Google Pay,316.3,Paid
PAY000203,O000203,Card,1054.06,Paid
PAY000204,O000204,PayPal,646.74,Paid
PAY000205,O000205,Google Pay,106.94,Paid
PAY000206,O000206,Card,497.06,Paid
PAY000207,O000207,Apple Pay,1175.23,Paid
PAY000208,O000208,PayPal,345.24,Paid
PAY000209,O000209,Card,514.12,Paid
PAY000210,O000210,PayPal,1969.54,Failed
PAY000211,O000211,Google Pay,717.84,Paid
PAY000212,O000212,Card,596.67,Paid
PAY000213,O000213,Card,634.31,Paid
PAY000214,O000214,Card,2420.47,Paid
PAY000215,O000215,Card,1544.57,Failed
PAY000216,O000216,Apple Pay,5.65,Paid
PAY000217,O000217,Google Pay,1021.24,Paid
PAY000218,O000218,Apple Pay,684.6,Paid
PAY000219,O000219,PayPal,237.61,Paid
PAY000220,O000220,Apple Pay,2293.18,Paid
PAY000221,O000221,Card,216.86,Paid
PAY000222,O000222,Card,975.71,Paid
PAY000223,O000223,Card,542.74,Paid
PAY000224,O000224,Apple Pay,764.1,Paid
PAY000225,O000225,PayPal,519.45,Paid
PAY000226,O000226,Card,247.81,Paid
PAY000227,O000227,Google Pay,978.0,Paid
PAY000228,O000228,PayPal,35.86,Paid
PAY000229,O000229,Apple Pay,1976.18,Paid
PAY000230,O000230,Apple Pay,886.12,Failed
PAY000231,O000231,Apple Pay,159.82,Paid
PAY000232,O000232,Card,507.06,Paid
PAY000233,O000233,Card,670.29,Paid
PAY000234,O000234,Card,722.02,Paid
PAY000235,O000235,Apple Pay,386.95,Paid
PAY000236,O000236,Google Pay,43.41,Paid
PAY000237,O000237,Apple Pay,313.97,Paid
PAY000238,O000238,Card,273.36,Paid
PAY000239,O000239,Card,419.75,Paid
PAY000240,O000240,Card,395.95,Paid
PAY000241,O000241,PayPal,1609.41,Paid
PAY000242,O000242,PayPal,2443.37,Paid
PAY000243,O000243,Apple Pay,257.0,Refunded
PAY000244,O000244,Google Pay,64.19,Paid
PAY000245,O000245,Apple Pay,154.81,Paid
PAY000246,O000246,Card,741.42,Paid
PAY000247,O000247,Card,982.18,Paid
PAY000248,O000248,Apple Pay,308.71,Paid
PAY000249,O000249,Card,1791.16,Paid
PAY000250,O000250,Card,117.71,Paid
PAY000251,O000251,Card,527.13,Failed
PAY000252,O000252,Card,440.64,Paid
PAY000253,O000253,PayPal,193.12,Paid
PAY000254,O000254,PayPal,555.96,Paid
PAY000255,O000255,Apple Pay,201.08,Paid
PAY000256,O000256,Apple Pay,1486.19,Paid
PAY000257,O000257,Google Pay,2083.25,Paid
PAY000258,O000258,Apple Pay,727.84,Refunded
PAY000259,O000259,Apple Pay,205.49,Paid
PAY000260,O000260,Card,620.81,Refunded
PAY000261,O000261,Card,1778.5,Paid
PAY000262,O000262,Card,635.55,Paid
PAY000263,O000263,Card,736.61,Refunded
PAY000264,O000264,Card,493.8,Paid
PAY000265,O000265,Card,1120.83,Paid
PAY000266,O000266,Card,232.48,Paid
PAY000267,O000267,Google Pay,841.98,Paid
PAY000268,O000268,Card,842.48,Paid
PAY000269,O000269,PayPal,535.22,Paid
PAY000270,O000270,Card,39.72,Paid
PAY000271,O000271,Google Pay,271.54,Paid
PAY000272,O000272,PayPal,1122.23,Paid
PAY000273,O000273,Apple Pay,861.01,Paid
PAY000274,O000274,PayPal,933.63,Paid
PAY000275,O000275,Apple Pay,198.98,Paid
PAY000276,O000276,Apple Pay,570.06,Paid
PAY000277,O000277,PayPal,78.91,Failed
PAY000278,O000278,Apple Pay,105.44,Paid
PAY000279,O000279,PayPal,210.49,Paid
PAY000280,O000280,Apple Pay,33.89,Paid
PAY000281,O000281,PayPal,270.22,Paid
PAY000282,O000282,Card,455.24,Paid
PAY000283,O000283,Card,1168.37,Paid
PAY000284,O000284,Card,56.19,Paid
PAY000285,O000285,Card,1599.17,Paid
PAY000286,O000286,Apple Pay,17.43,Paid
PAY000287,O000287,PayPal,294.29,Paid
PAY000288,O000288,Card,1235.93,Paid
PAY000289,O000289,Card,661.05,Paid
PAY000290,O000290,Google Pay,931.08,Paid
PAY000291,O000291,Google Pay,229.1,Failed
PAY000292,O000292,Card,32.29,Paid
PAY000293,O000293,Google Pay,152.85,Paid
PAY000294,O000294,Card,277.3,Paid
PAY000295,O000295,Card,104.34,Paid
PAY000296,O000296,Card,232.02,Paid
PAY000297,O000297,PayPal,1806.72,Paid
PAY000298,O000298,PayPal,96.32,Paid
PAY000299,O000299,Card,203.56,Paid
PAY000300,O000300,Card,569.12,Paid
PAY000301,O000301,Google Pay,16.01,Paid
PAY000302,O000302,Card,1779.92,Paid
PAY000303,O000303,PayPal,313.1,Paid
PAY000304,O000304,PayPal,1036.2,Paid
PAY000305,O000305,Apple Pay,731.79,Paid
PAY000306,O000306,PayPal,364.74,Paid
PAY000307,O000307,Card,1794.21,Paid
PAY000308,O000308,Card,155.89,Paid
PAY000309,O000309,PayPal,230.14,Paid
PAY000310,O000310,PayPal,1115.36,Paid
PAY000311,O000311,PayPal,529.12,Paid
PAY000312,O000312,Google Pay,136.12,Paid
PAY000313,O000313,PayPal,70.42,Paid
PAY000314,O000314,Card,1138.76,Paid
PAY000315,O000315,Google Pay,863.68,Paid
PAY000316,O000316,Card,133.76,Paid
PAY000317,O000317,Card,771.91,Paid
PAY000318,O000318,Apple Pay,52.04,Paid
PAY000319,O000319,Google Pay,149.22,Paid
PAY000320,O000320,Apple Pay,236.84,Paid
PAY000321,O000321,PayPal,832.24,Paid
PAY000322,O000322,Card,734.02,Paid
PAY000323,O000323,Apple Pay,99.19,Paid
PAY000324,O000324,Apple Pay,1630.28,Paid
PAY000325,O000325,Card,52.04,Paid
PAY000326,O000326,Card,607.36,Paid
PAY000327,O000327,Card,2943.32,Paid
PAY000328,O000328,PayPal,601.34,Paid
PAY000329,O000329,Apple Pay,292.97,Paid
PAY000330,O000330,PayPal,1825.31,Paid
PAY000331,O000331,Card,528.34,Paid
PAY000332,O000332,Card,162.08,Paid
PAY000333,O000333,PayPal,884.44,Paid
PAY000334,O000334,Card,525.34,Paid
PAY000335,O000335,Google Pay,1089.97,Paid
PAY000336,O000336,PayPal,461.22,Paid
PAY000337,O000337,Apple Pay,537.24,Paid
PAY000338,O000338,Card,502.23,Paid
PAY000339,O000339,PayPal,576.55,Paid
PAY000340,O000340,Card,488.63,Paid
PAY000341,O000341,Apple Pay,133.45,Paid
PAY000342,O000342,Google Pay,860.89,Paid
PAY000343,O000343,Apple Pay,1718.96,Paid
PAY000344,O000344,Card,667.82,Paid
PAY000345,O000345,Card,27.56,Paid
PAY000346,O000346,Card,397.7,Failed
PAY000347,O000347,Card,598.1,Paid
PAY000348,O000348,Apple Pay,682.61,Paid
PAY000349,O000349,Card,696.47,Paid
PAY000350,O000350,PayPal,391.09,Paid
PAY000351,O000351,Apple Pay,761.78,Paid
PAY000352,O000352,Card,2213.83,Paid
PAY000353,O000353,Apple Pay,2594.48,Paid
PAY000354,O000354,Google Pay,181.96,Paid
PAY000355,O000355,Card,341.23,Refunded
PAY000356,O000356,Card,632.64,Paid
PAY000357,O000357,Card,496.92,Paid
PAY000358,O000358,Card,403.89,Failed
PAY000359,O000359,Card,721.04,Failed
PAY000360,O000360,Card,142.3,Paid
PAY000361,O000361,PayPal,718.87,Failed
PAY000362,O000362,PayPal,275.34,Paid
PAY000363,O000363,Card,378.42,Paid
PAY000364,O000364,PayPal,440.35,Paid
PAY000365,O000365,PayPal,168.3,Paid
PAY000366,O000366,Card,26.22,Paid
PAY000367,O000367,Apple Pay,93.13,Paid
PAY000368,O000368,Google Pay,279.43,Paid
PAY000369,O000369,Apple Pay,187.38,Paid
PAY000370,O000370,Google Pay,1124.01,Paid
PAY000371,O000371,Card,594.64,Paid
PAY000372,O000372,Card,301.4,Paid
PAY000373,O000373,Google Pay,137.13,Paid
PAY000374,O000374,Card,2021.3,Paid
PAY000375,O000375,Card,192.49,Paid
PAY000376,O000376,PayPal,377.35,Paid
PAY000377,O000377,Card,966.92,Paid
PAY000378,O000378,Card,587.9,Paid
PAY000379,O000379,Apple Pay,601.83,Paid
PAY000380,O000380,Card,144.38,Paid
PAY000381,O000381,Card,293.7,Paid
PAY000382,O000382,Card,214.04,Failed
PAY000383,O000383,Apple Pay,1206.79,Paid
PAY000384,O000384,Card,577.3,Paid
PAY000385,O000385,Card,927.93,Paid
PAY000386,O000386,Google Pay,523.29,Paid
PAY000387,O000387,Card,248.69,Paid
PAY000388,O000388,Card,1116.27,Paid
PAY000389,O000389,Google Pay,63.72,Paid
PAY000390,O000390,Apple Pay,1489.84,Paid
PAY000391,O000391,Card,71.0,Paid
PAY000392,O000392,Apple Pay,369.3,Paid
PAY000393,O000393,PayPal,1206.54,Paid
PAY000394,O000394,PayPal,384.9,Paid
PAY000395,O000395,Card,208.38,Paid
PAY000396,O000396,Apple Pay,1148.86,Paid
PAY000397,O000397,PayPal,770.73,Refunded
PAY000398,O000398,Card,407.96,Refunded
PAY000399,O000399,Google Pay,539.33,Paid
PAY000400,O000400,Card,145.75,Paid
PAY000401,O000401,Card,818.86,Paid
PAY000402,O000402,Card,1124.01,Paid
PAY000403,O000403,Google Pay,554.36,Paid
PAY000404,O000404,Card,741.04,Paid
PAY000405,O000405,PayPal,242.8,Paid
PAY000406,O000406,Card,877.62,Paid
PAY000407,O000407,Card,481.09,Paid
PAY000408,O000408,Card,328.76,Paid
PAY000409,O000409,Card,217.75,Paid
PAY000410,O000410,Card,1177.62,Paid
PAY000411,O000411,Apple Pay,359.81,Paid
PAY000412,O000412,Google Pay,116.82,Paid
PAY000413,O000413,Card,18.64,Paid
PAY000414,O000414,Google Pay,93.71,Failed
PAY000415,O000415,PayPal,293.59,Paid
PAY000416,O000416,Card,739.4,Paid
PAY000417,O000417,Card,203.78,Failed
PAY000418,O000418,Google Pay,320.99,Paid
PAY000419,O000419,Card,268.03,Paid
PAY000420,O000420,PayPal,232.48,Paid
PAY000421,O000421,Card,415.99,Paid
PAY000422,O000422,Card,353.04,Paid
PAY000423,O000423,Apple Pay,504.96,Paid
PAY000424,O000424,Apple Pay,465.28,Paid
PAY000425,O000425,PayPal,1398.11,Paid
PAY000426,O000426,Card,407.39,Paid
PAY000427,O000427,Google Pay,1105.73,Paid
PAY000428,O000428,Apple Pay,372.33,Paid
PAY000429,O000429,Apple Pay,1117.32,Failed
PAY000430,O000430,PayPal,1502.08,Paid
PAY000431,O000431,Card,1459.16,Failed
PAY000432,O000432,Card,245.04,Paid
PAY000433,O000433,Card,41.83,Failed
PAY000434,O000434,Card,265.15,Paid
PAY000435,O000435,Card,1724.08,Paid
PAY000436,O000436,Google Pay,304.94,Paid
PAY000437,O000437,Apple Pay,598.68,Failed
PAY000438,O000438,Apple Pay,62.34,Paid
PAY000439,O000439,Apple Pay,1325.87,Paid
PAY000440,O000440,Card,1400.48,Paid
PAY000441,O000441,Google Pay,330.99,Failed
PAY000442,O000442,PayPal,342.14,Paid
PAY000443,O000443,Card,624.95,Paid
PAY000444,O000444,PayPal,460.11,Paid
PAY000445,O000445,Apple Pay,1205.46,Paid
PAY000446,O000446,PayPal,1878.94,Paid
PAY000447,O000447,Card,810.76,Failed
PAY000448,O000448,PayPal,763.07,Paid
PAY000449,O000449,Card,460.08,Paid
PAY000450,O000450,Apple Pay,459.42,Paid
PAY000451,O000451,Card,205.44,Paid
PAY000452,O000452,Google Pay,219.16,Paid
PAY000453,O000453,PayPal,353.83,Paid
PAY000454,O000454,PayPal,563.23,Paid
PAY000455,O000455,Card,416.41,Paid
PAY000456,O000456,Card,111.84,Paid
PAY000457,O000457,PayPal,271.16,Failed
PAY000458,O000458,PayPal,812.77,Paid
PAY000459,O000459,PayPal,1233.39,Paid
PAY000460,O000460,Card,1006.32,Paid
PAY000461,O000461,Card,14.68,Paid
PAY000462,O000462,PayPal,299.29,Paid
PAY000463,O000463,PayPal,444.23,Paid
PAY000464,O000464,Google Pay,3759.61,Paid
PAY000465,O000465,Card,883.52,Paid
PAY000466,O000466,Card,507.3,Paid
PAY000467,O000467,Apple Pay,90.4,Paid
PAY000468,O000468,PayPal,192.0,Paid
PAY000469,O000469,Card,942.89,Paid
PAY000470,O000470,Card,707.37,Paid
PAY000471,O000471,Card,744.07,Paid
PAY000472,O000472,Card,1620.87,Paid
PAY000473,O000473,Card,208.26,Paid
PAY000474,O000474,Card,677.61,Paid
PAY000475,O000475,Apple Pay,1387.53,Paid
PAY000476,O000476,Google Pay,128.5,Paid
PAY000477,O000477,Google Pay,104.98,Paid
PAY000478,O000478,Card,224.16,Paid
PAY000479,O000479,Google Pay,273.87,Paid
PAY000480,O000480,Card,366.81,Paid
PAY000481,O000481,Card,935.16,Paid
PAY000482,O000482,PayPal,743.46,Paid
PAY000483,O000483,Card,42.63,Paid
PAY000484,O000484,Google Pay,19.06,Refunded
PAY000485,O000485,Card,874.86,Paid
PAY000486,O000486,PayPal,670.81,Paid
PAY000487,O000487,Card,552.89,Paid
PAY000488,O000488,Card,151.3,Paid
PAY000489,O000489,PayPal,94.19,Paid
PAY000490,O000490,Card,866.63,Paid
PAY000491,O000491,PayPal,479.97,Paid
PAY000492,O000492,Card,258.07,Paid
PAY000493,O000493,Card,522.74,Paid
PAY000494,O000494,Apple Pay,1035.63,Paid
PAY000495,O000495,Card,475.03,Paid
PAY000496,O000496,Card,35.5,Paid
PAY000497,O000497,Card,1182.72,Paid
PAY000498,O000498,Card,52.44,Paid
PAY000499,O000499,PayPal,113.86,Paid
PAY000500,O000500,Card,895.07,Paid
PAY000501,O000501,Card,73.14,Paid
PAY000502,O000502,Apple Pay,1704.08,Paid
PAY000503,O000503,Card,948.63,Paid
PAY000504,O000504,PayPal,148.8,Paid
PAY000505,O000505,Card,303.43,Paid
PAY000506,O000506,PayPal,320.16,Paid
PAY000507,O000507,Card,420.65,Paid
PAY000508,O000508,PayPal,43.83,Paid
PAY000509,O000509,Card,416.15,Refunded
PAY000510,O000510,Card,188.04,Refunded
PAY000511,O000511,PayPal,1007.55,Paid
PAY000512,O000512,Card,1060.45,Paid
PAY000513,O000513,Apple Pay,308.88,Paid
PAY000514,O000514,Card,322.57,Paid
PAY000515,O000515,PayPal,619.76,Paid
PAY000516,O000516,Card,1196.87,Paid
PAY000517,O000517,Card,519.81,Paid
PAY000518,O000518,Apple Pay,1414.75,Paid
PAY000519,O000519,Card,593.67,Paid
PAY000520,O000520,Card,2857.14,Paid
PAY000521,O000521,Card,571.2,Paid
PAY000522,O000522,Card,521.52,Failed
PAY000523,O000523,Card,312.72,Paid
PAY000524,O000524,PayPal,421.41,Paid
PAY000525,O000525,Google Pay,549.82,Paid
PAY000526,O000526,Card,323.2,Paid
PAY000527,O000527,Card,547.35,Paid
PAY000528,O000528,Card,1758.3,Paid
PAY000529,O000529,Google Pay,244.56,Paid
PAY000530,O000530,PayPal,496.37,Paid
PAY000531,O000531,Google Pay,1024.62,Paid
PAY000532,O000532,Apple Pay,91.74,Paid
PAY000533,O000533,Card,725.87,Paid
PAY000534,O000534,PayPal,597.67,Paid
PAY000535,O000535,Card,473.12,Paid
PAY000536,O000536,PayPal,34.52,Paid
PAY000537,O000537,Card,58.56,Paid
PAY000538,O000538,Card,1066.69,Paid
PAY000539,O000539,PayPal,250.33,Paid
PAY000540,O000540,Card,311.45,Paid
PAY000541,O000541,Apple Pay,23.83,Paid
PAY000542,O000542,PayPal,240.31,Paid
PAY000543,O000543,Card,443.01,Paid
PAY000544,O000544,Card,128.5,Paid
PAY000545,O000545,Google Pay,371.69,Paid
PAY000546,O000546,Card,627.94,Paid
PAY000547,O000547,Apple Pay,133.09,Paid
PAY000548,O000548,Card,898.16,Failed
PAY000549,O000549,PayPal,243.63,Paid
PAY000550,O000550,Card,1344.9,Paid
PAY000551,O000551,Apple Pay,257.02,Paid
PAY000552,O000552,Card,547.4,Paid
PAY000553,O000553,Apple Pay,677.55,Paid
PAY000554,O000554,Apple Pay,613.03,Paid
PAY000555,O000555,Card,240.33,Paid
PAY000556,O000556,Google Pay,352.0,Paid
PAY000557,O000557,Apple Pay,625.36,Paid
PAY000558,O000558,Card,141.94,Paid
PAY000559,O000559,PayPal,652.52,Paid
PAY000560,O000560,Card,1863.86,Paid
PAY000561,O000561,Card,105.77,Paid
PAY000562,O000562,Apple Pay,151.5,Paid
PAY000563,O000563,Apple Pay,133.51,Failed
PAY000564,O000564,Apple Pay,113.9,Paid
PAY000565,O000565,PayPal,95.44,Paid
PAY000566,O000566,Apple Pay,820.57,Paid
PAY000567,O000567,PayPal,450.39,Paid
PAY000568,O000568,Card,1654.74,Paid
PAY000569,O000569,Card,695.08,Paid
PAY000570,O000570,PayPal,795.02,Paid
PAY000571,O000571,Card,172.4,Paid
PAY000572,O000572,PayPal,174.98,Paid
PAY000573,O000573,Google Pay,1095.68,Paid
PAY000574,O000574,Card,17.32,Paid
PAY000575,O000575,PayPal,186.0,Paid
PAY000576,O000576,Google Pay,1071.2,Paid
PAY000577,O000577,Card,57.44,Paid
PAY000578,O000578,PayPal,1893.09,Paid
PAY000579,O000579,Card,242.22,Paid
PAY000580,O000580,PayPal,182.68,Paid
PAY000581,O000581,Card,85.94,Paid
PAY000582,O000582,Card,2526.56,Paid
PAY000583,O000583,Google Pay,76.68,Paid
PAY000584,O000584,Card,327.07,Paid
PAY000585,O000585,Card,175.74,Paid
PAY000586,O000586,PayPal,695.25,Paid
PAY000587,O000587,Card,261.15,Paid
PAY000588,O000588,Card,985.43,Paid
PAY000589,O000589,PayPal,343.39,Paid
PAY000590,O000590,Card,1117.88,Paid
PAY000591,O000591,Card,327.8,Paid
PAY000592,O000592,PayPal,436.8,Paid
PAY000593,O000593,Card,1219.92,Paid
PAY000594,O000594,PayPal,157.63,Paid
PAY000595,O000595,Google Pay,352.66,Paid
PAY000596,O000596,Google Pay,481.13,Paid
PAY000597,O000597,Card,76.31,Paid
PAY000598,O000598,Card,528.34,Paid
PAY000599,O000599,Apple Pay,1147.38,Paid
PAY000600,O000600,Card,336.7,Paid
PAY000601,O000601,Google Pay,962.12,Paid
PAY000602,O000602,Card,387.24,Paid
PAY000603,O000603,Apple Pay,519.94,Paid
PAY000604,O000604,Card,447.99,Paid
PAY000605,O000605,Card,25.82,Paid
PAY000606,O000606,Card,1545.46,Paid
PAY000607,O000607,Card,758.31,Paid
PAY000608,O000608,Apple Pay,1448.97,Paid
PAY000609,O000609,Apple Pay,2058.2,Paid
PAY000610,O000610,Google Pay,1073.48,Paid
PAY000611,O000611,Card,540.38,Paid
PAY000612,O000612,Card,260.84,Paid
PAY000613,O000613,Card,833.68,Paid
PAY000614,O000614,Card,679.9,Paid
PAY000615,O000615,PayPal,803.1,Failed
PAY000616,O000616,Card,646.04,Paid
PAY000617,O000617,Card,489.15,Paid
PAY000618,O000618,Card,951.55,Paid
PAY000619,O000619,PayPal,304.75,Paid
PAY000620,O000620,Apple Pay,34.72,Paid
PAY000621,O000621,Card,144.39,Paid
PAY000622,O000622,Card,1049.19,Paid
PAY000623,O000623,Apple Pay,177.82,Paid
PAY000624,O000624,Card,66.54,Paid
PAY000625,O000625,Google Pay,429.34,Failed
PAY000626,O000626,PayPal,603.97,Paid
PAY000627,O000627,PayPal,469.91,Paid
PAY000628,O000628,PayPal,522.9,Paid
PAY000629,O000629,PayPal,370.44,Paid
PAY000630,O000630,Card,543.9,Paid
PAY000631,O000631,PayPal,1315.45,Paid
PAY000632,O000632,Card,731.04,Paid
PAY000633,O000633,Card,12.15,Paid
PAY000634,O000634,PayPal,1674.72,Paid
PAY000635,O000635,Apple Pay,1897.78,Paid
PAY000636,O000636,Google Pay,856.89,Paid
PAY000637,O000637,Card,595.14,Paid
PAY000638,O000638,Card,406.85,Paid
PAY000639,O000639,Apple Pay,1469.88,Paid
PAY000640,O000640,Card,363.18,Paid
PAY000641,O000641,Card,637.3,Paid
PAY000642,O000642,Apple Pay,385.67,Paid
PAY000643,O000643,Card,150.48,Paid
PAY000644,O000644,Card,237.82,Paid
PAY000645,O000645,Card,687.48,Paid
PAY000646,O000646,Card,716.85,Paid
PAY000647,O000647,PayPal,476.67,Paid
PAY000648,O000648,Google Pay,12.15,Paid
PAY000649,O000649,Card,3086.64,Paid
PAY000650,O000650,Card,1075.71,Paid
PAY000651,O000651,PayPal,910.46,Paid
PAY000652,O000652,Card,880.77,Paid
PAY000653,O000653,Card,810.85,Refunded
PAY000654,O000654,Card,1199.95,Paid
PAY000655,O000655,Google Pay,168.3,Paid
PAY000656,O000656,Apple Pay,697.08,Paid
PAY000657,O000657,Apple Pay,50.98,Paid
PAY000658,O000658,PayPal,1724.19,Paid
PAY000659,O000659,PayPal,1583.08,Paid
PAY000660,O000660,PayPal,42.63,Paid
PAY000661,O000661,Apple Pay,489.46,Paid
PAY000662,O000662,Apple Pay,138.88,Paid
PAY000663,O000663,Google Pay,600.66,Paid
PAY000664,O000664,Google Pay,1132.04,Paid
PAY000665,O000665,Card,291.39,Paid
PAY000666,O000666,Google Pay,1196.71,Failed
PAY000667,O000667,Card,27.69,Paid
PAY000668,O000668,Card,453.12,Paid
PAY000669,O000669,PayPal,559.89,Paid
PAY000670,O000670,Card,654.65,Paid
PAY000671,O000671,Google Pay,1038.47,Paid
PAY000672,O000672,PayPal,3769.25,Paid
PAY000673,O000673,Card,669.1,Paid
PAY000674,O000674,Card,103.0,Paid
PAY000675,O000675,Apple Pay,232.99,Paid
PAY000676,O000676,Card,216.36,Paid
PAY000677,O000677,Apple Pay,678.65,Paid
PAY000678,O000678,Google Pay,126.67,Paid
PAY000679,O000679,Apple Pay,191.96,Paid
PAY000680,O000680,Apple Pay,184.65,Paid
PAY000681,O000681,Card,535.91,Paid
PAY000682,O000682,Card,120.77,Paid
PAY000683,O000683,Card,362.51,Paid
PAY000684,O000684,PayPal,360.19,Paid
PAY000685,O000685,Card,147.61,Paid
PAY000686,O000686,Google Pay,427.51,Failed
PAY000687,O000687,Card,140.19,Paid
PAY000688,O000688,Apple Pay,646.17,Paid
PAY000689,O000689,Card,2734.73,Failed
PAY000690,O000690,Card,2158.55,Paid
PAY000691,O000691,Card,117.34,Paid
PAY000692,O000692,Google Pay,1222.99,Paid
PAY000693,O000693,Apple Pay,313.97,Paid
PAY000694,O000694,Apple Pay,398.77,Paid
PAY000695,O000695,Apple Pay,455.08,Paid
PAY000696,O000696,Google Pay,418.42,Paid
PAY000697,O000697,Apple Pay,3.87,Paid
PAY000698,O000698,Card,679.7,Paid
PAY000699,O000699,Card,66.47,Paid
PAY000700,O000700,PayPal,254.93,Paid
PAY000701,O000701,Card,560.65,Paid
PAY000702,O000702,Apple Pay,87.88,Paid
PAY000703,O000703,Apple Pay,491.32,Paid
PAY000704,O000704,Card,1162.64,Paid
PAY000705,O000705,Card,779.71,Paid
PAY000706,O000706,Card,12.43,Paid
PAY000707,O000707,Google Pay,206.13,Paid
PAY000708,O000708,Card,997.88,Paid
PAY000709,O000709,Card,1993.24,Paid
PAY000710,O000710,Card,189.5,Paid
PAY000711,O000711,Card,869.99,Paid
PAY000712,O000712,Google Pay,1814.66,Paid
PAY000713,O000713,Card,21.01,Paid
PAY000714,O000714,Apple Pay,992.04,Paid
PAY000715,O000715,Card,689.72,Paid
PAY000716,O000716,Apple Pay,393.94,Paid
PAY000717,O000717,PayPal,678.69,Paid
PAY000718,O000718,Google Pay,662.91,Paid
PAY000719,O000719,Card,973.3,Paid
PAY000720,O000720,Card,808.67,Paid
PAY000721,O000721,Card,834.88,Paid
PAY000722,O000722,Card,481.38,Paid
PAY000723,O000723,Card,852.69,Paid
PAY000724,O000724,Card,1015.7,Paid
PAY000725,O000725,Card,279.6,Paid
PAY000726,O000726,Apple Pay,773.13,Paid
PAY000727,O000727,Card,13.18,Paid
PAY000728,O000728,Card,720.17,Paid
PAY000729,O000729,Card,141.8,Paid
PAY000730,O000730,Card,769.42,Paid
PAY000731,O000731,Apple Pay,288.69,Paid
PAY000732,O000732,Apple Pay,249.41,Paid
PAY000733,O000733,Google Pay,458.07,Paid
PAY000734,O000734,Card,2977.69,Paid
PAY000735,O000735,Card,939.12,Paid
PAY000736,O000736,PayPal,627.58,Paid
PAY000737,O000737,Card,606.91,Paid
PAY000738,O000738,Card,645.45,Failed
PAY000739,O000739,Card,405.63,Paid
PAY000740,O000740,Card,300.64,Paid
PAY000741,O000741,Card,2788.72,Paid
PAY000742,O000742,Card,99.73,Paid
PAY000743,O000743,Card,1119.88,Paid
PAY000744,O000744,Google Pay,57.44,Paid
PAY000745,O000745,Google Pay,246.94,Paid
PAY000746,O000746,Card,2083.74,Paid
PAY000747,O000747,Google Pay,2222.68,Paid
PAY000748,O000748,Card,966.35,Paid
PAY000749,O000749,PayPal,1492.61,Paid
PAY000750,O000750,Card,132.3,Paid
PAY000751,O000751,Apple Pay,221.5,Paid
PAY000752,O000752,Card,91.32,Paid
PAY000753,O000753,Apple Pay,1098.51,Paid
PAY000754,O000754,Card,1518.53,Failed
PAY000755,O000755,Google Pay,1314.64,Paid
PAY000756,O000756,Card,526.87,Failed
PAY000757,O000757,Apple Pay,97.45,Paid
PAY000758,O000758,PayPal,712.84,Failed
PAY000759,O000759,Card,1187.19,Paid
PAY000760,O000760,Card,1506.18,Paid
PAY000761,O000761,Apple Pay,145.25,Paid
PAY000762,O000762,Card,13.83,Paid
PAY000763,O000763,Card,580.91,Paid
PAY000764,O000764,PayPal,229.16,Paid
PAY000765,O000765,Apple Pay,221.13,Paid
PAY000766,O000766,PayPal,1105.44,Paid
PAY000767,O000767,Card,1550.46,Paid
PAY000768,O000768,Card,237.4,Paid
PAY000769,O000769,Apple Pay,1224.55,Paid
PAY000770,O000770,Card,233.56,Paid
PAY000771,O000771,PayPal,345.5,Paid
PAY000772,O000772,Card,1046.22,Paid
PAY000773,O000773,PayPal,17.43,Paid
PAY000774,O000774,Card,60.9,Paid
PAY000775,O000775,Card,235.33,Paid
PAY000776,O000776,PayPal,836.16,Paid
PAY000777,O000777,Card,803.72,Paid
PAY000778,O000778,Card,302.48,Paid
PAY000779,O000779,Card,26.81,Failed
PAY000780,O000780,PayPal,387.73,Paid
PAY000781,O000781,Card,275.3,Paid
PAY000782,O000782,PayPal,552.72,Paid
PAY000783,O000783,PayPal,632.7,Paid
PAY000784,O000784,Card,154.08,Paid
PAY000785,O000785,Apple Pay,1596.53,Paid
PAY000786,O000786,PayPal,462.8,Paid
PAY000787,O000787,Card,366.81,Paid
PAY000788,O000788,Apple Pay,765.26,Paid
PAY000789,O000789,Apple Pay,1290.7,Paid
PAY000790,O000790,Card,198.6,Paid
PAY000791,O000791,Card,578.8,Paid
PAY000792,O000792,Card,1058.91,Paid
PAY000793,O000793,Card,569.56,Paid
PAY000794,O000794,Card,901.81,Paid
PAY000795,O000795,Card,544.67,Paid
PAY000796,O000796,Card,1620.02,Paid
PAY000797,O000797,PayPal,838.5,Paid
PAY000798,O000798,Apple Pay,1550.72,Paid
PAY000799,O000799,PayPal,407.82,Paid
PAY000800,O000800,Apple Pay,772.59,Paid
PAY000801,O000801,Card,1212.52,Paid
PAY000802,O000802,Apple Pay,332.3,Paid
PAY000803,O000803,Card,1429.96,Paid
PAY000804,O000804,PayPal,1753.8,Paid
PAY000805,O000805,PayPal,255.47,Paid
PAY000806,O000806,PayPal,270.04,Paid
PAY000807,O000807,Apple Pay,973.15,Paid
PAY000808,O000808,PayPal,140.83,Paid
PAY000809,O000809,Apple Pay,927.43,Paid
PAY000810,O000810,Apple Pay,1839.05,Paid
PAY000811,O000811,PayPal,629.47,Paid
PAY000812,O000812,Card,396.4,Paid
PAY000813,O000813,PayPal,418.44,Paid
PAY000814,O000814,PayPal,126.55,Paid
PAY000815,O000815,Card,87.08,Paid
PAY000816,O000816,Google Pay,872.14,Paid
PAY000817,O000817,Card,666.01,Paid
PAY000818,O000818,Card,638.2,Paid
PAY000819,O000819,Card,837.36,Paid
PAY000820,O000820,Card,471.33,Paid
PAY000821,O000821,PayPal,465.52,Paid
PAY000822,O000822,Google Pay,1144.0,Paid
PAY000823,O000823,Apple Pay,1245.84,Failed
PAY000824,O000824,Card,701.56,Failed
PAY000825,O000825,Card,1418.32,Paid
PAY000826,O000826,Google Pay,2032.83,Paid
PAY000827,O000827,PayPal,1639.66,Paid
PAY000828,O000828,PayPal,1405.9,Paid
PAY000829,O000829,Card,151.18,Paid
PAY000830,O000830,Apple Pay,242.59,Paid
PAY000831,O000831,Card,534.81,Paid
PAY000832,O000832,Card,684.72,Paid
PAY000833,O000833,Apple Pay,1095.96,Paid
PAY000834,O000834,Card,525.9,Paid
PAY000835,O000835,PayPal,845.05,Paid
PAY000836,O000836,Card,273.69,Paid
PAY000837,O000837,PayPal,121.93,Paid
PAY000838,O000838,PayPal,388.03,Paid
PAY000839,O000839,Apple Pay,568.13,Paid
PAY000840,O000840,Card,680.85,Paid
PAY000841,O000841,Card,112.45,Paid
PAY000842,O000842,Card,2083.04,Paid
PAY000843,O000843,Card,915.74,Paid
PAY000844,O000844,Google Pay,344.29,Paid
PAY000845,O000845,Google Pay,475.47,Failed
PAY000846,O000846,Apple Pay,166.11,Paid
PAY000847,O000847,Google Pay,43.83,Paid
PAY000848,O000848,Google Pay,882.22,Paid
PAY000849,O000849,Card,770.26,Paid
PAY000850,O000850,Card,1469.23,Paid
PAY000851,O000851,Card,106.34,Paid
PAY000852,O000852,Google Pay,979.02,Paid
PAY000853,O000853,PayPal,474.2,Paid
PAY000854,O000854,Card,207.69,Paid
PAY000855,O000855,Card,216.32,Paid
PAY000856,O000856,PayPal,537.85,Paid
PAY000857,O000857,Card,968.75,Paid
PAY000858,O000858,Card,36.81,Paid
PAY000859,O000859,Card,967.84,Paid
PAY000860,O000860,Card,77.53,Paid
PAY000861,O000861,Card,664.58,Failed
PAY000862,O000862,Google Pay,490.29,Paid
PAY000863,O000863,Card,814.73,Paid
PAY000864,O000864,Card,129.19,Paid
PAY000865,O000865,Apple Pay,1927.26,Paid
PAY000866,O000866,Google Pay,1140.3,Paid
PAY000867,O000867,Card,810.25,Paid
PAY000868,O000868,Card,2215.32,Paid
PAY000869,O000869,Card,188.69,Paid
PAY000870,O000870,Card,1636.86,Paid
PAY000871,O000871,Apple Pay,131.32,Paid
PAY000872,O000872,Card,1518.75,Paid
PAY000873,O000873,PayPal,2042.28,Paid
PAY000874,O000874,PayPal,1219.77,Failed
PAY000875,O000875,Google Pay,197.94,Paid
PAY000876,O000876,Card,788.69,Paid
PAY000877,O000877,Apple Pay,441.89,Paid
PAY000878,O000878,Card,0.0,Paid
PAY000879,O000879,Apple Pay,412.71,Paid
PAY000880,O000880,PayPal,94.88,Paid
PAY000881,O000881,Card,201.08,Refunded
PAY000882,O000882,Card,216.22,Paid
PAY000883,O000883,Card,344.11,Paid
PAY000884,O000884,PayPal,141.8,Paid
PAY000885,O000885,Card,525.52,Paid
PAY000886,O000886,Card,1820.92,Paid
PAY000887,O000887,Card,744.44,Failed
PAY000888,O000888,Card,705.46,Paid
PAY000889,O000889,PayPal,1579.24,Paid
PAY000890,O000890,Card,425.6,Paid
PAY000891,O000891,Card,716.35,Paid
PAY000892,O000892,Card,115.19,Paid
PAY000893,O000893,Card,444.0,Paid
PAY000894,O000894,Card,516.26,Paid
PAY000895,O000895,Apple Pay,163.36,Paid
PAY000896,O000896,Card,556.2,Paid
PAY000897,O000897,Card,36.81,Paid
PAY000898,O000898,Apple Pay,283.1,Paid
PAY000899,O000899,Card,1159.28,Paid
PAY000900,O000900,Card,678.08,Paid
PAY000901,O000901,PayPal,2042.72,Paid
PAY000902,O000902,Card,257.5,Paid
PAY000903,O000903,Card,439.89,Paid
PAY000904,O000904,Card,857.22,Paid
PAY000905,O000905,Card,141.95,Paid
PAY000906,O000906,Card,1114.87,Paid
PAY000907,O000907,Card,405.58,Paid
PAY000908,O000908,Google Pay,515.89,Paid
PAY000909,O000909,Card,761.36,Paid
PAY000910,O000910,Card,851.98,Paid
PAY000911,O000911,Apple Pay,217.25,Paid
PAY000912,O000912,Card,466.22,Paid
PAY000913,O000913,Card,1400.98,Paid
PAY000914,O000914,Card,575.76,Paid
PAY000915,O000915,Apple Pay,392.19,Paid
PAY000916,O000916,Card,1519.06,Paid
PAY000917,O000917,Card,1360.22,Paid
PAY000918,O000918,PayPal,836.5,Paid
PAY000919,O000919,Apple Pay,34.86,Paid
PAY000920,O000920,Card,523.29,Paid
PAY000921,O000921,Card,280.19,Paid
PAY000922,O000922,Card,369.49,Paid
PAY000923,O000923,Card,98.74,Paid
PAY000924,O000924,Card,434.34,Paid
PAY000925,O000925,PayPal,1009.89,Paid
PAY000926,O000926,Card,1186.87,Paid
PAY000927,O000927,PayPal,139.5,Paid
PAY000928,O000928,Card,379.72,Paid
PAY000929,O000929,Google Pay,938.82,Paid
PAY000930,O000930,Card,1463.47,Paid
PAY000931,O000931,Google Pay,156.5,Paid
PAY000932,O000932,Google Pay,171.45,Paid
PAY000933,O000933,Card,87.55,Paid
PAY000934,O000934,Google Pay,283.63,Paid
PAY000935,O000935,PayPal,1209.77,Paid
PAY000936,O000936,Card,1350.62,Paid
PAY000937,O000937,PayPal,247.5,Paid
PAY000938,O000938,Apple Pay,750.72,Paid
PAY000939,O000939,Card,1425.02,Paid
PAY000940,O000940,PayPal,547.8,Paid
PAY000941,O000941,Apple Pay,106.37,Failed
PAY000942,O000942,Card,714.19,Paid
PAY000943,O000943,PayPal,1584.06,Paid
PAY000944,O000944,Apple Pay,1595.8,Paid
PAY000945,O000945,Card,1262.06,Paid
PAY000946,O000946,Card,1137.15,Paid
PAY000947,O000947,Google Pay,120.89,Paid
PAY000948,O000948,PayPal,837.0,Paid
PAY000949,O000949,Google Pay,893.68,Paid
PAY000950,O000950,Card,837.68,Paid
PAY000951,O000951,Card,138.08,Paid
PAY000952,O000952,Card,770.88,Paid
PAY000953,O000953,Card,460.69,Paid
PAY000954,O000954,Card,158.14,Paid
PAY000955,O000955,PayPal,579.3,Paid
PAY000956,O000956,Card,710.1,Paid
PAY000957,O000957,Card,691.01,Refunded
PAY000958,O000958,Card,598.93,Paid
PAY000959,O000959,Apple Pay,89.28,Paid
PAY000960,O000960,PayPal,213.47,Paid
PAY000961,O000961,Card,273.69,Paid
PAY000962,O000962,Card,225.29,Paid
PAY000963,O000963,Card,817.68,Paid
PAY000964,O000964,Apple Pay,340.5,Paid
PAY000965,O000965,Card,621.03,Paid
PAY000966,O000966,Card,529.46,Paid
PAY000967,O000967,Card,481.93,Paid
PAY000968,O000968,Apple Pay,214.27,Paid
PAY000969,O000969,Card,576.75,Paid
PAY000970,O000970,Card,452.25,Paid
PAY000971,O000971,Card,576.08,Paid
PAY000972,O000972,Card,1169.24,Paid
PAY000973,O000973,Card,954.04,Paid
PAY000974,O000974,Card,384.68,Paid
PAY000975,O000975,Card,1009.27,Paid
PAY000976,O000976,Card,430.33,Failed
PAY000977,O000977,Card,836.03,Paid
PAY000978,O000978,Card,1355.61,Paid
PAY000979,O000979,PayPal,596.81,Paid
PAY000980,O000980,PayPal,328.86,Paid
PAY000981,O000981,Google Pay,1123.9,Paid
PAY000982,O000982,Google Pay,351.01,Failed
PAY000983,O000983,Card,111.59,Paid
PAY000984,O000984,Apple Pay,142.85,Paid
PAY000985,O000985,Apple Pay,87.66,Paid
PAY000986,O000986,Card,331.41,Paid
PAY000987,O000987,PayPal,774.34,Paid
PAY000988,O000988,Apple Pay,794.02,Paid
PAY000989,O000989,Apple Pay,173.24,Paid
PAY000990,O000990,Google Pay,208.26,Paid
PAY000991,O000991,Apple Pay,225.87,Paid
PAY000992,O000992,Card,365.44,Paid
PAY000993,O000993,Apple Pay,1059.98,Paid
PAY000994,O000994,PayPal,599.26,Paid
PAY000995,O000995,Card,1758.27,Paid
PAY000996,O000996,Card,2030.14,Paid
PAY000997,O000997,Card,829.45,Paid
PAY000998,O000998,Card,426.9,Paid
PAY000999,O000999,Card,548.85,Paid
PAY001000,O001000,Apple Pay,452.28,Paid
PAY001001,O001001,PayPal,1276.51,Paid
PAY001002,O001002,PayPal,1008.79,Paid
PAY001003,O001003,Google Pay,273.69,Failed
PAY001004,O001004,PayPal,158.79,Paid
PAY001005,O001005,PayPal,192.02,Paid
PAY001006,O001006,PayPal,592.99,Paid
PAY001007,O001007,Card,9.52,Paid
PAY001008,O001008,Google Pay,2167.47,Paid
PAY001009,O001009,Google Pay,370.44,Failed
PAY001010,O001010,Apple Pay,38.83,Paid
PAY001011,O001011,Google Pay,1405.46,Paid
PAY001012,O001012,Google Pay,193.65,Paid
PAY001013,O001013,Apple Pay,320.11,Paid
PAY001014,O001014,Card,632.34,Paid
PAY001015,O001015,Card,3104.78,Paid
PAY001016,O001016,Card,247.5,Paid
PAY001017,O001017,Card,2692.3,Paid
PAY001018,O001018,PayPal,773.62,Paid
PAY001019,O001019,Apple Pay,588.62,Paid
PAY001020,O001020,PayPal,2243.8,Paid
PAY001021,O001021,Card,1304.84,Refunded
PAY001022,O001022,PayPal,281.3,Paid
PAY001023,O001023,Apple Pay,483.22,Paid
PAY001024,O001024,Card,116.84,Paid
PAY001025,O001025,Apple Pay,408.52,Paid
PAY001026,O001026,Card,707.33,Paid
PAY001027,O001027,Card,824.03,Paid
PAY001028,O001028,Card,672.46,Paid
PAY001029,O001029,PayPal,618.13,Paid
PAY001030,O001030,Apple Pay,409.74,Paid
PAY001031,O001031,Card,885.52,Paid
PAY001032,O001032,Card,266.16,Paid
PAY001033,O001033,Card,1003.54,Paid
PAY001034,O001034,Card,378.59,Refunded
PAY001035,O001035,Apple Pay,1506.54,Paid
PAY001036,O001036,Google Pay,320.62,Paid
PAY001037,O001037,Card,458.36,Paid
PAY001038,O001038,PayPal,200.19,Paid
PAY001039,O001039,Card,630.78,Paid
PAY001040,O001040,Apple Pay,843.26,Paid
PAY001041,O001041,Card,1515.3,Paid
PAY001042,O001042,PayPal,1202.86,Paid
PAY001043,O001043,PayPal,704.5,Paid
PAY001044,O001044,Card,691.12,Paid
PAY001045,O001045,Apple Pay,174.98,Paid
PAY001046,O001046,Card,3649.04,Paid
PAY001047,O001047,Card,243.69,Paid
PAY001048,O001048,Card,495.54,Paid
PAY001049,O001049,Apple Pay,229.44,Failed
PAY001050,O001050,Card,1305.04,Paid
PAY001051,O001051,Apple Pay,458.39,Paid
PAY001052,O001052,Card,635.06,Paid
PAY001053,O001053,Card,365.3,Paid
PAY001054,O001054,Card,1814.24,Paid
PAY001055,O001055,Google Pay,1223.78,Paid
PAY001056,O001056,Card,50.9,Paid
PAY001057,O001057,Card,35.0,Paid
PAY001058,O001058,Card,527.32,Paid
PAY001059,O001059,Google Pay,573.9,Failed
PAY001060,O001060,Google Pay,811.62,Paid
PAY001061,O001061,Google Pay,522.05,Paid
PAY001062,O001062,Google Pay,548.9,Paid
PAY001063,O001063,Google Pay,242.97,Paid
PAY001064,O001064,Card,381.81,Paid
PAY001065,O001065,Card,31.22,Paid
PAY001066,O001066,Card,598.96,Paid
PAY001067,O001067,Apple Pay,602.8,Paid
PAY001068,O001068,Card,823.6,Paid
PAY001069,O001069,Card,1029.23,Paid
PAY001070,O001070,PayPal,1114.49,Paid
PAY001071,O001071,Card,1778.98,Paid
PAY001072,O001072,Card,1211.99,Refunded
PAY001073,O001073,Card,1557.12,Paid
PAY001074,O001074,Apple Pay,1197.72,Paid
PAY001075,O001075,Google Pay,198.26,Failed
PAY001076,O001076,Card,883.68,Paid
PAY001077,O001077,Card,430.42,Paid
PAY001078,O001078,Card,96.56,Paid
PAY001079,O001079,Card,106.13,Failed
PAY001080,O001080,Card,684.24,Failed
PAY001081,O001081,Google Pay,1178.41,Paid
PAY001082,O001082,Google Pay,312.52,Paid
PAY001083,O001083,Card,1760.7,Paid
PAY001084,O001084,Google Pay,327.73,Paid
PAY001085,O001085,PayPal,896.16,Paid
PAY001086,O001086,Apple Pay,766.44,Paid
PAY001087,O001087,Google Pay,829.34,Paid
PAY001088,O001088,Google Pay,115.77,Paid
PAY001089,O001089,PayPal,468.33,Paid
PAY001090,O001090,Apple Pay,994.61,Paid
PAY001091,O001091,Card,134.81,Paid
PAY001092,O001092,Google Pay,304.58,Paid
PAY001093,O001093,Card,1396.36,Paid
PAY001094,O001094,PayPal,472.38,Paid
PAY001095,O001095,Card,748.31,Paid
PAY001096,O001096,Google Pay,1306.6,Paid
PAY001097,O001097,Card,377.96,Paid
PAY001098,O001098,Apple Pay,373.39,Paid
PAY001099,O001099,Card,936.27,Paid
PAY001100,O001100,Apple Pay,375.44,Paid
PAY001101,O001101,Apple Pay,785.41,Paid
PAY001102,O001102,Card,945.16,Paid
PAY001103,O001103,Google Pay,2.36,Paid
PAY001104,O001104,Card,651.62,Paid
PAY001105,O001105,PayPal,113.87,Failed
PAY001106,O001106,Apple Pay,627.94,Paid
PAY001107,O001107,Apple Pay,302.38,Paid
PAY001108,O001108,Card,349.41,Paid
PAY001109,O001109,Apple Pay,538.89,Paid
PAY001110,O001110,PayPal,129.98,Paid
PAY001111,O001111,Google Pay,56.19,Paid
PAY001112,O001112,Apple Pay,1435.48,Refunded
PAY001113,O001113,Card,1103.21,Paid
PAY001114,O001114,Card,582.86,Paid
PAY001115,O001115,PayPal,1609.56,Paid
PAY001116,O001116,Apple Pay,393.78,Paid
PAY001117,O001117,Google Pay,1104.95,Paid
PAY001118,O001118,PayPal,155.75,Paid
PAY001119,O001119,Card,203.93,Paid
PAY001120,O001120,Apple Pay,470.48,Paid
PAY001121,O001121,Card,825.42,Paid
PAY001122,O001122,Card,841.0,Paid
PAY001123,O001123,Card,178.04,Paid
PAY001124,O001124,PayPal,432.85,Paid
PAY001125,O001125,Card,110.22,Paid
PAY001126,O001126,Card,374.22,Paid
PAY001127,O001127,Card,187.71,Paid
PAY001128,O001128,Apple Pay,215.23,Paid
PAY001129,O001129,Card,229.26,Paid
PAY001130,O001130,Apple Pay,1095.76,Paid
PAY001131,O001131,Card,647.63,Paid
PAY001132,O001132,Card,552.28,Paid
PAY001133,O001133,PayPal,118.74,Paid
PAY001134,O001134,PayPal,796.5,Paid
PAY001135,O001135,Card,365.85,Paid
PAY001136,O001136,Card,0.53,Paid
PAY001137,O001137,PayPal,1166.22,Paid
PAY001138,O001138,Card,1071.65,Paid
PAY001139,O001139,Card,1632.91,Paid
PAY001140,O001140,Card,864.72,Paid
PAY001141,O001141,Apple Pay,687.48,Paid
PAY001142,O001142,Google Pay,63.16,Paid
PAY001143,O001143,Apple Pay,1818.79,Paid
PAY001144,O001144,Google Pay,145.13,Paid
PAY001145,O001145,Card,68.88,Paid
PAY001146,O001146,PayPal,131.22,Paid
PAY001147,O001147,Card,821.88,Paid
PAY001148,O001148,Card,884.52,Paid
PAY001149,O001149,PayPal,471.84,Paid
PAY001150,O001150,Card,51.83,Paid
PAY001151,O001151,Google Pay,251.28,Failed
PAY001152,O001152,Apple Pay,111.82,Paid
PAY001153,O001153,Google Pay,47.7,Paid
PAY001154,O001154,Card,216.9,Paid
PAY001155,O001155,PayPal,173.04,Paid
PAY001156,O001156,PayPal,723.35,Paid
PAY001157,O001157,Apple Pay,140.33,Paid
PAY001158,O001158,Card,15.68,Paid
PAY001159,O001159,PayPal,672.45,Paid
PAY001160,O001160,PayPal,1571.27,Paid
PAY001161,O001161,Card,465.08,Paid
PAY001162,O001162,Card,231.58,Paid
PAY001163,O001163,Card,107.17,Paid
PAY001164,O001164,Card,57.44,Paid
PAY001165,O001165,Card,88.53,Paid
PAY001166,O001166,Google Pay,2083.63,Paid
PAY001167,O001167,Card,211.87,Paid
PAY001168,O001168,PayPal,39.8,Paid
PAY001169,O001169,Apple Pay,250.74,Paid
PAY001170,O001170,Card,386.81,Paid
PAY001171,O001171,Card,557.87,Paid
PAY001172,O001172,PayPal,673.21,Paid
PAY001173,O001173,PayPal,701.0,Paid
PAY001174,O001174,Card,684.64,Paid
PAY001175,O001175,Card,402.22,Paid
PAY001176,O001176,Card,365.5,Paid
PAY001177,O001177,Card,639.6,Paid
PAY001178,O001178,Google Pay,228.33,Failed
PAY001179,O001179,Apple Pay,1303.84,Paid
PAY001180,O001180,PayPal,1121.7,Paid
PAY001181,O001181,Card,982.18,Paid
PAY001182,O001182,Apple Pay,188.65,Paid
PAY001183,O001183,Card,1538.74,Paid
PAY001184,O001184,Apple Pay,1225.27,Paid
PAY001185,O001185,Card,285.66,Paid
PAY001186,O001186,Google Pay,515.77,Paid
PAY001187,O001187,Apple Pay,916.24,Paid
PAY001188,O001188,Google Pay,924.3,Paid
PAY001189,O001189,Card,484.96,Paid
PAY001190,O001190,Card,633.33,Paid
PAY001191,O001191,Card,642.52,Paid
PAY001192,O001192,Google Pay,128.9,Paid
PAY001193,O001193,Card,1380.74,Paid
PAY001194,O001194,Card,75.0,Paid
PAY001195,O001195,PayPal,346.29,Paid
PAY001196,O001196,PayPal,0.0,Refunded
PAY001197,O001197,Google Pay,363.56,Paid
PAY001198,O001198,Apple Pay,791.73,Paid
PAY001199,O001199,Card,525.15,Paid
PAY001200,O001200,Card,544.06,Paid
PAY001201,O001201,Apple Pay,1395.57,Paid
PAY001202,O001202,Google Pay,41.74,Paid
PAY001203,O001203,PayPal,1082.72,Paid
PAY001204,O001204,Card,1804.09,Paid
PAY001205,O001205,PayPal,710.19,Paid
PAY001206,O001206,Card,423.98,Paid
PAY001207,O001207,Card,1180.26,Paid
PAY001208,O001208,PayPal,436.47,Paid
PAY001209,O001209,PayPal,497.06,Paid
PAY001210,O001210,Card,386.81,Paid
PAY001211,O001211,Google Pay,350.94,Paid
PAY001212,O001212,Google Pay,399.17,Paid
PAY001213,O001213,Card,677.61,Paid
PAY001214,O001214,Google Pay,496.43,Paid
PAY001215,O001215,PayPal,447.76,Paid
PAY001216,O001216,Apple Pay,234.6,Paid
PAY001217,O001217,Google Pay,33.83,Paid
PAY001218,O001218,Card,129.78,Paid
PAY001219,O001219,PayPal,304.57,Paid
PAY001220,O001220,PayPal,568.41,Paid
PAY001221,O001221,Apple Pay,426.22,Paid
PAY001222,O001222,Apple Pay,199.77,Paid
PAY001223,O001223,Apple Pay,533.24,Paid
PAY001224,O001224,Google Pay,14.68,Paid
PAY001225,O001225,PayPal,85.44,Paid
PAY001226,O001226,Card,1326.58,Paid
PAY001227,O001227,PayPal,100.86,Failed
PAY001228,O001228,Card,46.19,Paid
PAY001229,O001229,Card,656.55,Paid
PAY001230,O001230,Card,402.97,Paid
PAY001231,O001231,Google Pay,858.64,Paid
PAY001232,O001232,Card,1788.44,Paid
PAY001233,O001233,PayPal,1916.48,Paid
PAY001234,O001234,PayPal,693.1,Paid
PAY001235,O001235,Card,154.3,Paid
PAY001236,O001236,Card,891.03,Paid
PAY001237,O001237,Apple Pay,321.16,Paid
PAY001238,O001238,Apple Pay,585.23,Paid
PAY001239,O001239,Card,70.74,Paid
PAY001240,O001240,Card,208.65,Paid
PAY001241,O001241,Card,377.84,Paid
PAY001242,O001242,Card,679.41,Paid
PAY001243,O001243,PayPal,7.28,Paid
PAY001244,O001244,PayPal,80.75,Paid
PAY001245,O001245,Card,3173.39,Paid
PAY001246,O001246,Card,442.67,Paid
PAY001247,O001247,Google Pay,660.01,Paid
PAY001248,O001248,Google Pay,731.16,Paid
PAY001249,O001249,Card,184.65,Failed
PAY001250,O001250,Card,508.34,Paid
PAY001251,O001251,PayPal,515.47,Paid
PAY001252,O001252,Card,881.35,Paid
PAY001253,O001253,Card,410.98,Paid
PAY001254,O001254,Card,708.92,Paid
PAY001255,O001255,PayPal,177.38,Failed
PAY001256,O001256,PayPal,585.74,Paid
PAY001257,O001257,PayPal,121.46,Paid
PAY001258,O001258,Card,180.74,Paid
PAY001259,O001259,Card,526.59,Paid
PAY001260,O001260,PayPal,232.26,Paid
PAY001261,O001261,PayPal,1507.5,Paid
PAY001262,O001262,Google Pay,205.97,Paid
PAY001263,O001263,Card,132.13,Failed
PAY001264,O001264,PayPal,826.72,Paid
PAY001265,O001265,Card,685.64,Paid
PAY001266,O001266,Apple Pay,327.42,Paid
PAY001267,O001267,Card,217.5,Paid
PAY001268,O001268,PayPal,115.56,Paid
PAY001269,O001269,Apple Pay,889.96,Paid
PAY001270,O001270,Card,548.92,Failed
PAY001271,O001271,Card,477.48,Paid
PAY001272,O001272,Card,784.57,Paid
PAY001273,O001273,Apple Pay,251.84,Paid
PAY001274,O001274,Card,210.4,Paid
PAY001275,O001275,Apple Pay,379.54,Paid
PAY001276,O001276,Apple Pay,392.16,Paid
PAY001277,O001277,Card,582.21,Paid
PAY001278,O001278,Apple Pay,119.98,Paid
PAY001279,O001279,Card,669.41,Paid
PAY001280,O001280,Card,54.62,Paid
PAY001281,O001281,Card,426.21,Paid
PAY001282,O001282,Apple Pay,226.22,Paid
PAY001283,O001283,Apple Pay,672.28,Paid
PAY001284,O001284,Apple Pay,91.7,Paid
PAY001285,O001285,Card,471.15,Paid
PAY001286,O001286,Card,0.0,Paid
PAY001287,O001287,PayPal,672.46,Paid
PAY001288,O001288,Card,312.72,Paid
PAY001289,O001289,Card,712.02,Paid
PAY001290,O001290,Card,330.99,Paid
PAY001291,O001291,Card,1135.05,Paid
PAY001292,O001292,Card,2317.05,Paid
PAY001293,O001293,Google Pay,749.19,Paid
PAY001294,O001294,Card,255.86,Failed
PAY001295,O001295,Google Pay,416.92,Paid
PAY001296,O001296,PayPal,836.22,Paid
PAY001297,O001297,Card,561.29,Paid
PAY001298,O001298,PayPal,342.42,Paid
PAY001299,O001299,Card,1418.45,Paid
PAY001300,O001300,Card,1255.03,Paid
PAY001301,O001301,Card,65.74,Paid
PAY001302,O001302,PayPal,210.59,Paid
PAY001303,O001303,PayPal,206.13,Paid
PAY001304,O001304,PayPal,228.36,Paid
PAY001305,O001305,PayPal,1572.19,Paid
PAY001306,O001306,Card,452.39,Paid
PAY001307,O001307,Google Pay,1853.52,Paid
PAY001308,O001308,Card,184.98,Paid
PAY001309,O001309,Apple Pay,41.83,Refunded
PAY001310,O001310,PayPal,349.64,Paid
PAY001311,O001311,Apple Pay,1302.46,Paid
PAY001312,O001312,PayPal,1991.19,Paid
PAY001313,O001313,Card,589.26,Failed
PAY001314,O001314,Card,82.53,Paid
PAY001315,O001315,PayPal,320.2,Paid
PAY001316,O001316,Card,417.01,Paid
PAY001317,O001317,PayPal,735.44,Refunded
PAY001318,O001318,Card,411.34,Paid
PAY001319,O001319,PayPal,1361.51,Paid
PAY001320,O001320,Card,232.21,Paid
PAY001321,O001321,Apple Pay,50.2,Paid
PAY001322,O001322,Card,187.47,Paid
PAY001323,O001323,Apple Pay,520.0,Paid
PAY001324,O001324,Apple Pay,245.68,Paid
PAY001325,O001325,Card,445.24,Paid
PAY001326,O001326,Card,248.46,Paid
PAY001327,O001327,Card,377.33,Paid
PAY001328,O001328,Apple Pay,1187.86,Paid
PAY001329,O001329,Card,790.21,Paid
PAY001330,O001330,Google Pay,1055.89,Paid
PAY001331,O001331,Card,208.7,Paid
PAY001332,O001332,Card,72.34,Paid
PAY001333,O001333,Card,1743.28,Paid
PAY001334,O001334,Google Pay,275.19,Paid
PAY001335,O001335,Card,1313.24,Paid
PAY001336,O001336,PayPal,236.9,Failed
PAY001337,O001337,Card,1158.65,Paid
PAY001338,O001338,PayPal,369.23,Paid
PAY001339,O001339,Apple Pay,2049.02,Paid
PAY001340,O001340,Card,56.54,Paid
PAY001341,O001341,Apple Pay,879.19,Paid
PAY001342,O001342,PayPal,314.88,Paid
PAY001343,O001343,Card,648.37,Failed
PAY001344,O001344,Card,169.73,Paid
PAY001345,O001345,Apple Pay,523.86,Paid
PAY001346,O001346,Card,1000.21,Failed
PAY001347,O001347,Google Pay,738.28,Paid
PAY001348,O001348,Apple Pay,952.57,Paid
PAY001349,O001349,Card,53.12,Paid
PAY001350,O001350,Card,658.56,Paid
PAY001351,O001351,PayPal,1329.4,Paid
PAY001352,O001352,Apple Pay,822.66,Paid
PAY001353,O001353,Apple Pay,152.66,Paid
PAY001354,O001354,Card,1080.09,Paid
PAY001355,O001355,Google Pay,0.0,Paid
PAY001356,O001356,Card,300.15,Paid
PAY001357,O001357,Card,1143.42,Paid
PAY001358,O001358,Card,264.46,Paid
PAY001359,O001359,Card,302.23,Paid
PAY001360,O001360,Card,528.69,Paid
PAY001361,O001361,Card,77.88,Paid
PAY001362,O001362,Google Pay,306.41,Paid
PAY001363,O001363,Card,674.44,Paid
PAY001364,O001364,Card,234.83,Paid
PAY001365,O001365,Google Pay,1177.19,Paid
PAY001366,O001366,Card,109.72,Paid
PAY001367,O001367,Card,2887.05,Paid
PAY001368,O001368,Card,245.0,Paid
PAY001369,O001369,PayPal,69.01,Paid
PAY001370,O001370,Card,964.42,Paid
PAY001371,O001371,PayPal,1396.2,Paid
PAY001372,O001372,Card,252.19,Paid
PAY001373,O001373,Apple Pay,1914.19,Failed
PAY001374,O001374,Apple Pay,244.43,Paid
PAY001375,O001375,Card,315.99,Paid
PAY001376,O001376,Card,745.43,Paid
PAY001377,O001377,PayPal,1289.85,Paid
PAY001378,O001378,Google Pay,459.79,Paid
PAY001379,O001379,PayPal,709.03,Paid
PAY001380,O001380,Card,1240.34,Paid
PAY001381,O001381,Google Pay,167.32,Paid
PAY001382,O001382,Apple Pay,1185.54,Paid
PAY001383,O001383,Google Pay,889.79,Paid
PAY001384,O001384,PayPal,272.8,Paid
PAY001385,O001385,Card,527.41,Paid
PAY001386,O001386,PayPal,295.39,Paid
PAY001387,O001387,Card,78.62,Paid
PAY001388,O001388,Apple Pay,689.55,Paid
PAY001389,O001389,Card,759.83,Paid
PAY001390,O001390,Card,2184.45,Paid
PAY001391,O001391,Apple Pay,284.82,Paid
PAY001392,O001392,Apple Pay,325.48,Paid
PAY001393,O001393,Google Pay,906.44,Paid
PAY001394,O001394,Apple Pay,2454.5,Paid
PAY001395,O001395,Card,92.55,Paid
PAY001396,O001396,PayPal,953.76,Paid
PAY001397,O001397,Card,1139.67,Paid
PAY001398,O001398,PayPal,125.73,Failed
PAY001399,O001399,Apple Pay,370.44,Paid
PAY001400,O001400,Google Pay,597.75,Paid
PAY001401,O001401,Card,370.77,Paid
PAY001402,O001402,PayPal,1188.2,Paid
PAY001403,O001403,Apple Pay,436.84,Paid
PAY001404,O001404,PayPal,219.0,Paid
PAY001405,O001405,Card,660.4,Paid
PAY001406,O001406,Apple Pay,635.53,Paid
PAY001407,O001407,Card,236.9,Paid
PAY001408,O001408,Card,649.5,Paid
PAY001409,O001409,Card,54.55,Paid
PAY001410,O001410,Card,382.16,Paid
PAY001411,O001411,Card,1587.89,Paid
PAY001412,O001412,PayPal,70.9,Paid
PAY001413,O001413,Card,0.0,Paid
PAY001414,O001414,PayPal,431.75,Paid
PAY001415,O001415,Apple Pay,36.54,Paid
PAY001416,O001416,PayPal,1044.77,Paid
PAY001417,O001417,Google Pay,68.62,Paid
PAY001418,O001418,PayPal,56.54,Paid
PAY001419,O001419,Card,1487.57,Paid
PAY001420,O001420,Apple Pay,714.77,Paid
PAY001421,O001421,PayPal,285.32,Paid
PAY001422,O001422,Apple Pay,191.43,Paid
PAY001423,O001423,Card,654.27,Paid
PAY001424,O001424,Card,351.8,Paid
PAY001425,O001425,Card,950.0,Paid
PAY001426,O001426,PayPal,408.72,Paid
PAY001427,O001427,Card,113.37,Failed
PAY001428,O001428,Google Pay,241.71,Paid
PAY001429,O001429,Card,161.82,Paid
PAY001430,O001430,Card,738.29,Paid
PAY001431,O001431,Apple Pay,202.72,Paid
PAY001432,O001432,Card,649.4,Paid
PAY001433,O001433,Apple Pay,108.86,Paid
PAY001434,O001434,Card,1033.29,Paid
PAY001435,O001435,Card,238.46,Paid
PAY001436,O001436,Card,253.78,Paid
PAY001437,O001437,Card,467.05,Paid
PAY001438,O001438,Card,69.01,Paid
PAY001439,O001439,Card,362.59,Paid
PAY001440,O001440,Card,154.82,Paid
PAY001441,O001441,Apple Pay,1210.86,Paid
PAY001442,O001442,Apple Pay,933.7,Paid
PAY001443,O001443,Card,247.73,Paid
PAY001444,O001444,PayPal,312.34,Paid
PAY001445,O001445,Card,220.6,Paid
PAY001446,O001446,Card,381.5,Paid
PAY001447,O001447,Card,655.57,Paid
PAY001448,O001448,PayPal,1165.74,Paid
PAY001449,O001449,Card,218.02,Paid
PAY001450,O001450,PayPal,309.94,Failed
PAY001451,O001451,Apple Pay,606.71,Paid
PAY001452,O001452,PayPal,1538.5,Paid
PAY001453,O001453,Card,766.07,Paid
PAY001454,O001454,Card,1632.39,Paid
PAY001455,O001455,Apple Pay,357.45,Paid
PAY001456,O001456,Card,130.73,Paid
PAY001457,O001457,PayPal,592.56,Paid
PAY001458,O001458,Card,619.02,Paid
PAY001459,O001459,Card,1135.25,Failed
PAY001460,O001460,Google Pay,676.76,Paid
PAY001461,O001461,Card,15.65,Paid
PAY001462,O001462,Google Pay,1205.52,Paid
PAY001463,O001463,PayPal,210.4,Paid
PAY001464,O001464,Apple Pay,1688.18,Paid
PAY001465,O001465,PayPal,483.45,Paid
PAY001466,O001466,PayPal,899.2,Paid
PAY001467,O001467,Card,781.9,Paid
PAY001468,O001468,PayPal,550.05,Paid
PAY001469,O001469,PayPal,1485.86,Paid
PAY001470,O001470,Card,472.95,Paid
PAY001471,O001471,Card,128.8,Paid
PAY001472,O001472,Card,990.32,Paid
PAY001473,O001473,Card,431.67,Paid
PAY001474,O001474,Google Pay,594.75,Paid
PAY001475,O001475,Card,1772.85,Paid
PAY001476,O001476,Apple Pay,2079.0,Paid
PAY001477,O001477,PayPal,213.47,Paid
PAY001478,O001478,Apple Pay,903.88,Paid
PAY001479,O001479,PayPal,581.32,Paid
PAY001480,O001480,Card,150.89,Paid
PAY001481,O001481,Card,3170.99,Paid
PAY001482,O001482,PayPal,916.52,Paid
PAY001483,O001483,Card,62.55,Paid
PAY001484,O001484,Apple Pay,671.39,Paid
PAY001485,O001485,PayPal,262.29,Paid
PAY001486,O001486,Card,741.47,Paid
PAY001487,O001487,Card,198.14,Paid
PAY001488,O001488,Apple Pay,587.91,Paid
PAY001489,O001489,Card,293.92,Paid
PAY001490,O001490,Google Pay,36.74,Paid
PAY001491,O001491,Card,35.5,Paid
PAY001492,O001492,PayPal,1307.29,Paid
PAY001493,O001493,Card,1011.41,Paid
PAY001494,O001494,PayPal,157.48,Paid
PAY001495,O001495,Card,98.89,Paid
PAY001496,O001496,Card,808.12,Refunded
PAY001497,O001497,Card,1239.9,Paid
PAY001498,O001498,Apple Pay,1178.39,Paid
PAY001499,O001499,Card,355.58,Paid
PAY001500,O001500,Card,1219.95,Paid
PAY001501,O001501,Google Pay,825.94,Paid
PAY001502,O001502,Google Pay,154.72,Paid
PAY001503,O001503,Google Pay,1249.86,Paid
PAY001504,O001504,Google Pay,1027.24,Failed
PAY001505,O001505,Card,3639.63,Paid
PAY001506,O001506,Apple Pay,852.1,Paid
PAY001507,O001507,PayPal,341.7,Paid
PAY001508,O001508,PayPal,92.58,Paid
PAY001509,O001509,Card,493.86,Paid
PAY001510,O001510,Apple Pay,181.08,Paid
PAY001511,O001511,Google Pay,567.86,Paid
PAY001512,O001512,Card,697.44,Paid
PAY001513,O001513,Card,710.79,Paid
PAY001514,O001514,Card,1237.0,Paid
PAY001515,O001515,Apple Pay,1378.59,Paid
PAY001516,O001516,Card,27.28,Paid
PAY001517,O001517,Card,2457.26,Failed
PAY001518,O001518,Card,25.0,Paid
PAY001519,O001519,PayPal,724.46,Paid
PAY001520,O001520,Card,477.48,Paid
PAY001521,O001521,Card,976.32,Paid
PAY001522,O001522,Google Pay,944.33,Paid
PAY001523,O001523,Card,439.76,Paid
PAY001524,O001524,Apple Pay,1037.9,Paid
PAY001525,O001525,Apple Pay,2269.74,Paid
PAY001526,O001526,Card,738.78,Paid
PAY001527,O001527,Card,1432.17,Paid
PAY001528,O001528,Apple Pay,121.44,Paid
PAY001529,O001529,Apple Pay,300.59,Paid
PAY001530,O001530,Card,791.17,Paid
PAY001531,O001531,PayPal,87.88,Paid
PAY001532,O001532,Apple Pay,1209.78,Paid
PAY001533,O001533,Card,204.72,Paid
PAY001534,O001534,Google Pay,1774.03,Paid
PAY001535,O001535,Card,618.46,Paid
PAY001536,O001536,Google Pay,413.5,Paid
PAY001537,O001537,Card,119.76,Paid
PAY001538,O001538,Card,556.19,Paid
PAY001539,O001539,PayPal,109.6,Paid
PAY001540,O001540,PayPal,312.72,Paid
PAY001541,O001541,PayPal,769.04,Refunded
PAY001542,O001542,Google Pay,978.3,Paid
PAY001543,O001543,Card,585.09,Failed
PAY001544,O001544,Card,482.34,Paid
PAY001545,O001545,Google Pay,174.65,Paid
PAY001546,O001546,Google Pay,243.43,Paid
PAY001547,O001547,Apple Pay,624.5,Paid
PAY001548,O001548,Google Pay,58.16,Paid
PAY001549,O001549,PayPal,121.44,Paid
PAY001550,O001550,PayPal,293.63,Paid
PAY001551,O001551,Card,57.34,Paid
PAY001552,O001552,Apple Pay,1922.26,Paid
PAY001553,O001553,Apple Pay,771.16,Paid
PAY001554,O001554,PayPal,728.67,Paid
PAY001555,O001555,Card,539.59,Paid
PAY001556,O001556,Apple Pay,595.79,Paid
PAY001557,O001557,Card,244.32,Paid
PAY001558,O001558,Apple Pay,910.6,Paid
PAY001559,O001559,Apple Pay,764.77,Paid
PAY001560,O001560,PayPal,1612.01,Failed
PAY001561,O001561,Card,935.88,Paid
PAY001562,O001562,Card,2165.85,Paid
PAY001563,O001563,Card,354.41,Paid
PAY001564,O001564,PayPal,1314.07,Paid
PAY001565,O001565,Card,511.92,Paid
PAY001566,O001566,PayPal,281.19,Paid
PAY001567,O001567,Card,823.45,Paid
PAY001568,O001568,PayPal,301.13,Paid
PAY001569,O001569,Google Pay,138.86,Paid
PAY001570,O001570,Google Pay,415.6,Paid
PAY001571,O001571,Google Pay,460.08,Paid
PAY001572,O001572,Google Pay,1204.31,Paid
PAY001573,O001573,Card,216.22,Paid
PAY001574,O001574,PayPal,840.97,Paid
PAY001575,O001575,Card,291.9,Paid
PAY001576,O001576,Card,494.69,Paid
PAY001577,O001577,Card,553.94,Paid
PAY001578,O001578,Card,585.34,Paid
PAY001579,O001579,Google Pay,586.82,Paid
PAY001580,O001580,Apple Pay,232.48,Paid
PAY001581,O001581,Card,1221.96,Paid
PAY001582,O001582,Google Pay,621.17,Paid
PAY001583,O001583,Apple Pay,280.66,Paid
PAY001584,O001584,Google Pay,20.72,Failed
PAY001585,O001585,Card,78.62,Paid
PAY001586,O001586,Card,103.23,Paid
PAY001587,O001587,PayPal,724.52,Failed
PAY001588,O001588,Card,357.86,Paid
PAY001589,O001589,Google Pay,2136.61,Paid
PAY001590,O001590,Card,1156.9,Paid
PAY001591,O001591,Card,558.67,Paid
PAY001592,O001592,Card,117.99,Paid
PAY001593,O001593,Apple Pay,105.44,Paid
PAY001594,O001594,Apple Pay,0.0,Paid
PAY001595,O001595,PayPal,909.85,Paid
PAY001596,O001596,PayPal,213.71,Paid
PAY001597,O001597,Google Pay,714.99,Paid
PAY001598,O001598,Card,156.94,Paid
PAY001599,O001599,Apple Pay,565.79,Paid
PAY001600,O001600,PayPal,46.83,Failed
PAY001601,O001601,Card,758.97,Paid
PAY001602,O001602,Card,114.72,Paid
PAY001603,O001603,Card,60.97,Paid
PAY001604,O001604,Card,195.47,Paid
PAY001605,O001605,Card,555.19,Paid
PAY001606,O001606,Apple Pay,1205.54,Paid
PAY001607,O001607,Card,672.61,Paid
PAY001608,O001608,Apple Pay,184.7,Paid
PAY001609,O001609,Card,1592.46,Paid
PAY001610,O001610,Card,525.44,Paid
PAY001611,O001611,Card,1768.67,Failed
PAY001612,O001612,Card,278.84,Paid
PAY001613,O001613,Card,565.98,Paid
PAY001614,O001614,Card,620.33,Paid
PAY001615,O001615,PayPal,1293.61,Paid
PAY001616,O001616,Card,392.17,Paid
PAY001617,O001617,Card,207.8,Paid
PAY001618,O001618,PayPal,464.47,Paid
PAY001619,O001619,Card,1422.16,Paid
PAY001620,O001620,Card,367.86,Paid
PAY001621,O001621,PayPal,295.08,Paid
PAY001622,O001622,Card,107.64,Paid
PAY001623,O001623,Card,369.39,Paid
PAY001624,O001624,PayPal,120.89,Paid
PAY001625,O001625,Card,1345.23,Paid
PAY001626,O001626,Google Pay,653.61,Paid
PAY001627,O001627,Apple Pay,216.12,Paid
PAY001628,O001628,PayPal,281.4,Paid
PAY001629,O001629,Card,1713.57,Paid
PAY001630,O001630,Card,152.69,Paid
PAY001631,O001631,Apple Pay,718.23,Paid
PAY001632,O001632,Card,288.76,Paid
PAY001633,O001633,Card,321.03,Paid
PAY001634,O001634,Apple Pay,1617.11,Refunded
PAY001635,O001635,Card,465.88,Paid
PAY001636,O001636,Apple Pay,210.73,Paid
PAY001637,O001637,Card,1164.62,Paid
PAY001638,O001638,Google Pay,1771.66,Paid
PAY001639,O001639,Card,600.4,Paid
PAY001640,O001640,Card,294.88,Paid
PAY001641,O001641,PayPal,88.71,Paid
PAY001642,O001642,Apple Pay,730.95,Paid
PAY001643,O001643,Card,69.53,Paid
PAY001644,O001644,Card,57.34,Paid
PAY001645,O001645,Card,235.86,Failed
PAY001646,O001646,Apple Pay,1168.55,Paid
PAY001647,O001647,Card,14.52,Paid
PAY001648,O001648,Card,126.52,Paid
PAY001649,O001649,Apple Pay,1834.31,Paid
PAY001650,O001650,Card,310.29,Paid
PAY001651,O001651,Card,342.2,Paid
PAY001652,O001652,Card,726.67,Paid
PAY001653,O001653,Card,967.85,Paid
PAY001654,O001654,Apple Pay,34.86,Paid
PAY001655,O001655,Card,977.94,Paid
PAY001656,O001656,Apple Pay,509.81,Paid
PAY001657,O001657,Card,717.35,Paid
PAY001658,O001658,Google Pay,52.34,Paid
PAY001659,O001659,PayPal,507.23,Paid
PAY001660,O001660,Apple Pay,1027.06,Paid
PAY001661,O001661,Google Pay,1424.1,Paid
PAY001662,O001662,Google Pay,566.98,Paid
PAY001663,O001663,Apple Pay,1749.13,Paid
PAY001664,O001664,PayPal,845.05,Paid
PAY001665,O001665,Google Pay,658.52,Paid
PAY001666,O001666,Card,248.95,Paid
PAY001667,O001667,Google Pay,2199.95,Paid
PAY001668,O001668,Card,832.29,Paid
PAY001669,O001669,Card,135.06,Paid
PAY001670,O001670,Google Pay,283.83,Paid
PAY001671,O001671,Card,738.5,Paid
PAY001672,O001672,Card,63.96,Paid
PAY001673,O001673,Card,555.09,Paid
PAY001674,O001674,Card,246.9,Paid
PAY001675,O001675,Card,980.34,Paid
PAY001676,O001676,PayPal,356.01,Paid
PAY001677,O001677,Card,477.67,Paid
PAY001678,O001678,Card,1132.98,Paid
PAY001679,O001679,Card,1081.79,Paid
PAY001680,O001680,Google Pay,517.66,Paid
PAY001681,O001681,Apple Pay,1401.97,Paid
PAY001682,O001682,Apple Pay,1726.9,Paid
PAY001683,O001683,Card,212.8,Paid
PAY001684,O001684,Card,333.21,Paid
PAY001685,O001685,Card,416.52,Paid
PAY001686,O001686,Apple Pay,442.26,Paid
PAY001687,O001687,PayPal,556.19,Paid
PAY001688,O001688,PayPal,262.1,Paid
PAY001689,O001689,Card,489.26,Paid
PAY001690,O001690,Card,880.99,Paid
PAY001691,O001691,Card,1341.93,Failed
PAY001692,O001692,PayPal,1396.85,Paid
PAY001693,O001693,Card,437.87,Paid
PAY001694,O001694,PayPal,537.49,Paid
PAY001695,O001695,Apple Pay,86.74,Paid
PAY001696,O001696,Card,1888.95,Paid
PAY001697,O001697,Card,1183.78,Paid
PAY001698,O001698,PayPal,1497.18,Paid
PAY001699,O001699,Apple Pay,1333.21,Paid
PAY001700,O001700,PayPal,1221.99,Paid
PAY001701,O001701,Apple Pay,103.34,Paid
PAY001702,O001702,Card,244.41,Paid
PAY001703,O001703,Card,758.83,Paid
PAY001704,O001704,Card,1729.54,Failed
PAY001705,O001705,Card,538.29,Paid
PAY001706,O001706,Card,760.23,Paid
PAY001707,O001707,Apple Pay,3170.69,Paid
PAY001708,O001708,PayPal,122.3,Paid
PAY001709,O001709,PayPal,180.74,Refunded
PAY001710,O001710,Card,478.07,Paid
PAY001711,O001711,Apple Pay,15.65,Failed
PAY001712,O001712,Card,129.96,Paid
PAY001713,O001713,Google Pay,836.08,Paid
PAY001714,O001714,Card,1821.94,Paid
PAY001715,O001715,Apple Pay,732.72,Paid
PAY001716,O001716,Card,692.21,Paid
PAY001717,O001717,Card,645.4,Paid
PAY001718,O001718,Card,370.44,Paid
PAY001719,O001719,Card,864.18,Paid
PAY001720,O001720,PayPal,291.31,Paid
PAY001721,O001721,Apple Pay,280.22,Paid
PAY001722,O001722,PayPal,470.0,Paid
PAY001723,O001723,Google Pay,602.26,Paid
PAY001724,O001724,Apple Pay,1487.29,Paid
PAY001725,O001725,Google Pay,617.63,Paid
PAY001726,O001726,Apple Pay,989.22,Paid
PAY001727,O001727,Google Pay,270.03,Paid
PAY001728,O001728,Google Pay,471.81,Paid
PAY001729,O001729,Card,764.42,Paid
PAY001730,O001730,Google Pay,150.83,Paid
PAY001731,O001731,Card,501.25,Paid
PAY001732,O001732,PayPal,121.94,Paid
PAY001733,O001733,Card,143.21,Paid
PAY001734,O001734,Card,1105.32,Paid
PAY001735,O001735,Card,38.41,Paid
PAY001736,O001736,Card,514.07,Paid
PAY001737,O001737,Google Pay,422.75,Paid
PAY001738,O001738,Card,721.54,Paid
PAY001739,O001739,PayPal,1489.48,Paid
PAY001740,O001740,Card,90.89,Paid
PAY001741,O001741,PayPal,356.68,Paid
PAY001742,O001742,PayPal,539.59,Paid
PAY001743,O001743,Apple Pay,1640.28,Paid
PAY001744,O001744,PayPal,373.64,Paid
PAY001745,O001745,Card,858.95,Paid
PAY001746,O001746,Google Pay,4240.97,Paid
PAY001747,O001747,Apple Pay,2843.46,Failed
PAY001748,O001748,Google Pay,2238.12,Paid
PAY001749,O001749,Card,622.33,Paid
PAY001750,O001750,Card,693.5,Paid
PAY001751,O001751,Card,1303.98,Paid
PAY001752,O001752,Card,1423.29,Paid
PAY001753,O001753,Card,392.16,Paid
PAY001754,O001754,Card,1667.63,Paid
PAY001755,O001755,PayPal,1024.25,Paid
PAY001756,O001756,Card,26.74,Paid
PAY001757,O001757,Card,301.4,Paid
PAY001758,O001758,Google Pay,387.99,Paid
PAY001759,O001759,Apple Pay,89.88,Failed
PAY001760,O001760,Apple Pay,861.14,Paid
PAY001761,O001761,PayPal,235.38,Paid
PAY001762,O001762,Card,146.01,Paid
PAY001763,O001763,PayPal,847.58,Paid
PAY001764,O001764,Card,1820.61,Paid
PAY001765,O001765,Card,0.0,Paid
PAY001766,O001766,Card,452.43,Paid
PAY001767,O001767,PayPal,261.46,Paid
PAY001768,O001768,Card,416.41,Paid
PAY001769,O001769,Google Pay,641.12,Paid
PAY001770,O001770,Card,2326.42,Paid
PAY001771,O001771,PayPal,674.48,Paid
PAY001772,O001772,Card,256.46,Failed
PAY001773,O001773,PayPal,327.88,Paid
PAY001774,O001774,Apple Pay,1187.17,Paid
PAY001775,O001775,PayPal,115.19,Failed
PAY001776,O001776,Card,110.89,Paid
PAY001777,O001777,PayPal,648.51,Paid
PAY001778,O001778,Card,115.89,Paid
PAY001779,O001779,Apple Pay,1072.33,Paid
PAY001780,O001780,PayPal,758.62,Paid
PAY001781,O001781,Apple Pay,466.01,Paid
PAY001782,O001782,Card,358.05,Paid
PAY001783,O001783,Card,793.34,Paid
PAY001784,O001784,Card,126.48,Paid
PAY001785,O001785,Card,513.83,Paid
PAY001786,O001786,Google Pay,958.09,Paid
PAY001787,O001787,Card,1014.46,Paid
PAY001788,O001788,Apple Pay,162.66,Paid
PAY001789,O001789,Apple Pay,573.9,Paid
PAY001790,O001790,Card,427.31,Paid
PAY001791,O001791,Card,113.46,Failed
PAY001792,O001792,Google Pay,1421.91,Paid
PAY001793,O001793,Google Pay,1415.04,Paid
PAY001794,O001794,Card,193.75,Paid
PAY001795,O001795,Card,1126.18,Paid
PAY001796,O001796,PayPal,271.16,Refunded
PAY001797,O001797,PayPal,369.3,Paid
PAY001798,O001798,Apple Pay,422.24,Paid
PAY001799,O001799,PayPal,804.88,Paid
PAY001800,O001800,Card,486.08,Paid
PAY001801,O001801,Card,217.73,Paid
PAY001802,O001802,Card,1351.47,Paid
PAY001803,O001803,Card,274.79,Paid
PAY001804,O001804,Card,1046.26,Paid
PAY001805,O001805,Apple Pay,82.53,Paid
PAY001806,O001806,Card,805.79,Paid
PAY001807,O001807,Card,5.53,Paid
PAY001808,O001808,PayPal,2065.17,Paid
PAY001809,O001809,Card,509.26,Paid
PAY001810,O001810,Card,1180.05,Paid
PAY001811,O001811,PayPal,393.25,Paid
PAY001812,O001812,Card,1510.33,Paid
PAY001813,O001813,Card,3823.23,Paid
PAY001814,O001814,Card,192.64,Paid
PAY001815,O001815,Card,822.72,Paid
PAY001816,O001816,Card,401.41,Paid
PAY001817,O001817,Apple Pay,573.82,Paid
PAY001818,O001818,Card,952.33,Paid
PAY001819,O001819,Card,165.6,Paid
PAY001820,O001820,Apple Pay,224.92,Failed
PAY001821,O001821,Card,1195.11,Refunded
PAY001822,O001822,PayPal,329.16,Paid
PAY001823,O001823,Card,631.94,Paid
PAY001824,O001824,Apple Pay,828.25,Paid
PAY001825,O001825,PayPal,423.68,Paid
PAY001826,O001826,Card,1056.95,Paid
PAY001827,O001827,PayPal,940.34,Paid
PAY001828,O001828,Card,576.19,Paid
PAY001829,O001829,Apple Pay,1322.48,Paid
PAY001830,O001830,Google Pay,1027.39,Paid
PAY001831,O001831,Card,772.17,Paid
PAY001832,O001832,Apple Pay,423.66,Paid
PAY001833,O001833,Card,137.98,Paid
PAY001834,O001834,Card,639.49,Paid
PAY001835,O001835,PayPal,1388.46,Paid
PAY001836,O001836,Card,284.6,Paid
PAY001837,O001837,Card,418.05,Paid
PAY001838,O001838,Card,1085.15,Paid
PAY001839,O001839,Card,1153.59,Paid
PAY001840,O001840,Card,106.37,Paid
PAY001841,O001841,PayPal,470.84,Paid
PAY001842,O001842,PayPal,55.2,Paid
PAY001843,O001843,Card,55.53,Paid
PAY001844,O001844,PayPal,751.04,Paid
PAY001845,O001845,Google Pay,35.38,Paid
PAY001846,O001846,Card,833.76,Paid
PAY001847,O001847,PayPal,299.09,Paid
PAY001848,O001848,PayPal,53.41,Paid
PAY001849,O001849,Card,165.1,Paid
PAY001850,O001850,Apple Pay,1323.68,Paid
PAY001851,O001851,Card,716.76,Paid
PAY001852,O001852,PayPal,967.93,Paid
PAY001853,O001853,Google Pay,332.09,Paid
PAY001854,O001854,Google Pay,63.62,Failed
PAY001855,O001855,Apple Pay,994.69,Failed
PAY001856,O001856,Card,9.84,Paid
PAY001857,O001857,Card,332.12,Paid
PAY001858,O001858,Card,31.22,Paid
PAY001859,O001859,Card,120.89,Paid
PAY001860,O001860,Apple Pay,653.56,Paid
PAY001861,O001861,Card,104.4,Paid
PAY001862,O001862,Apple Pay,3517.6,Paid
PAY001863,O001863,PayPal,752.69,Paid
PAY001864,O001864,Apple Pay,513.32,Paid
PAY001865,O001865,Card,340.22,Paid
PAY001866,O001866,Card,971.44,Paid
PAY001867,O001867,Card,1362.79,Paid
PAY001868,O001868,Card,451.91,Paid
PAY001869,O001869,Card,216.22,Paid
PAY001870,O001870,Google Pay,136.94,Paid
PAY001871,O001871,PayPal,2081.68,Paid
PAY001872,O001872,Card,303.91,Paid
PAY001873,O001873,Card,7.24,Paid
PAY001874,O001874,Card,1769.6,Paid
PAY001875,O001875,Card,1056.12,Paid
PAY001876,O001876,Apple Pay,285.12,Paid
PAY001877,O001877,Card,797.38,Paid
PAY001878,O001878,PayPal,424.03,Paid
PAY001879,O001879,Google Pay,2206.47,Paid
PAY001880,O001880,Apple Pay,154.14,Paid
PAY001881,O001881,Card,318.26,Paid
PAY001882,O001882,Card,1497.78,Paid
PAY001883,O001883,Card,1692.3,Failed
PAY001884,O001884,PayPal,94.42,Paid
PAY001885,O001885,PayPal,1700.97,Paid
PAY001886,O001886,Card,237.21,Paid
PAY001887,O001887,Google Pay,398.61,Paid
PAY001888,O001888,Card,89.02,Paid
PAY001889,O001889,Card,989.15,Paid
PAY001890,O001890,Card,376.81,Paid
PAY001891,O001891,PayPal,2013.24,Paid
PAY001892,O001892,Google Pay,597.27,Paid
PAY001893,O001893,Google Pay,401.34,Paid
PAY001894,O001894,Card,818.72,Paid
PAY001895,O001895,Apple Pay,1476.83,Paid
PAY001896,O001896,Google Pay,356.7,Paid
PAY001897,O001897,Card,1682.74,Paid
PAY001898,O001898,PayPal,2542.08,Failed
PAY001899,O001899,PayPal,223.1,Paid
PAY001900,O001900,Apple Pay,1416.76,Failed
PAY001901,O001901,Card,435.99,Paid
PAY001902,O001902,PayPal,2010.16,Paid
PAY001903,O001903,Card,602.01,Paid
PAY001904,O001904,Card,610.3,Paid
PAY001905,O001905,Card,239.6,Paid
PAY001906,O001906,PayPal,695.79,Paid
PAY001907,O001907,Card,270.19,Paid
PAY001908,O001908,Apple Pay,111.85,Paid
PAY001909,O001909,Card,463.07,Paid
PAY001910,O001910,PayPal,1854.7,Paid
PAY001911,O001911,Google Pay,2550.15,Paid
PAY001912,O001912,Card,424.24,Failed
PAY001913,O001913,Google Pay,827.82,Paid
PAY001914,O001914,Google Pay,363.92,Paid
PAY001915,O001915,PayPal,147.61,Paid
PAY001916,O001916,Card,453.89,Paid
PAY001917,O001917,Card,255.88,Paid
PAY001918,O001918,PayPal,603.86,Paid
PAY001919,O001919,Apple Pay,1943.17,Paid
PAY001920,O001920,Apple Pay,346.53,Paid
PAY001921,O001921,PayPal,1112.83,Paid
PAY001922,O001922,PayPal,1493.07,Paid
PAY001923,O001923,Card,776.1,Paid
PAY001924,O001924,PayPal,302.68,Paid
PAY001925,O001925,Card,575.29,Paid
PAY001926,O001926,Card,390.41,Paid
PAY001927,O001927,PayPal,653.23,Paid
PAY001928,O001928,Card,732.98,Paid
PAY001929,O001929,Card,90.94,Paid
PAY001930,O001930,PayPal,994.12,Paid
PAY001931,O001931,Card,179.73,Paid
PAY001932,O001932,Google Pay,888.32,Refunded
PAY001933,O001933,PayPal,805.98,Paid
PAY001934,O001934,Google Pay,660.41,Paid
PAY001935,O001935,Card,461.15,Paid
PAY001936,O001936,Card,1090.1,Paid
PAY001937,O001937,Card,21.36,Paid
PAY001938,O001938,Card,409.17,Paid
PAY001939,O001939,Google Pay,341.57,Paid
PAY001940,O001940,Card,2025.23,Paid
PAY001941,O001941,Apple Pay,294.62,Paid
PAY001942,O001942,PayPal,1194.84,Paid
PAY001943,O001943,Card,50.47,Paid
PAY001944,O001944,Card,1262.97,Paid
PAY001945,O001945,PayPal,1466.88,Paid
PAY001946,O001946,Card,533.76,Paid
PAY001947,O001947,Google Pay,413.78,Failed
PAY001948,O001948,Card,1029.53,Paid
PAY001949,O001949,PayPal,593.93,Paid
PAY001950,O001950,Card,157.85,Paid
PAY001951,O001951,Apple Pay,716.64,Paid
PAY001952,O001952,Card,236.58,Paid
PAY001953,O001953,PayPal,870.93,Paid
PAY001954,O001954,PayPal,1608.61,Paid
PAY001955,O001955,Card,333.49,Paid
PAY001956,O001956,Apple Pay,241.32,Paid
PAY001957,O001957,Apple Pay,401.68,Paid
PAY001958,O001958,Google Pay,83.55,Paid
PAY001959,O001959,Google Pay,1594.26,Refunded
PAY001960,O001960,Apple Pay,605.52,Paid
PAY001961,O001961,Apple Pay,1090.57,Failed
PAY001962,O001962,Card,64.62,Paid
PAY001963,O001963,Card,1033.75,Paid
PAY001964,O001964,Card,1193.9,Paid
PAY001965,O001965,PayPal,602.1,Paid
PAY001966,O001966,Card,487.16,Failed
PAY001967,O001967,Card,512.44,Paid
PAY001968,O001968,Card,895.87,Failed
PAY001969,O001969,Card,260.66,Paid
PAY001970,O001970,Card,62.53,Failed
PAY001971,O001971,Card,65.98,Paid
PAY001972,O001972,Apple Pay,216.22,Paid
PAY001973,O001973,Apple Pay,1619.71,Paid
PAY001974,O001974,Card,324.28,Paid
PAY001975,O001975,Card,305.17,Paid
PAY001976,O001976,PayPal,775.13,Paid
PAY001977,O001977,Card,435.78,Paid
PAY001978,O001978,Card,90.44,Paid
PAY001979,O001979,PayPal,1187.7,Paid
PAY001980,O001980,Card,1423.5,Paid
PAY001981,O001981,Google Pay,811.29,Paid
PAY001982,O001982,Apple Pay,618.22,Refunded
PAY001983,O001983,Google Pay,612.01,Paid
PAY001984,O001984,Google Pay,280.19,Paid
PAY001985,O001985,PayPal,1120.11,Paid
PAY001986,O001986,Card,439.48,Paid
PAY001987,O001987,Card,770.23,Failed
PAY001988,O001988,Card,3667.26,Paid
PAY001989,O001989,Google Pay,140.36,Paid
PAY001990,O001990,PayPal,331.97,Paid
PAY001991,O001991,Google Pay,1010.98,Paid
PAY001992,O001992,Google Pay,378.02,Paid
PAY001993,O001993,Google Pay,221.5,Paid
PAY001994,O001994,PayPal,775.23,Paid
PAY001995,O001995,Apple Pay,507.92,Paid
PAY001996,O001996,Card,1076.68,Paid
PAY001997,O001997,Card,68.53,Paid
PAY001998,O001998,PayPal,420.44,Paid
PAY001999,O001999,Card,440.26,Failed
PAY002000,O002000,Google Pay,209.44,Paid
PAY002001,O002001,PayPal,1526.83,Paid
PAY002002,O002002,Card,474.99,Paid
PAY002003,O002003,Apple Pay,288.76,Paid
PAY002004,O002004,Card,191.92,Paid
PAY002005,O002005,Card,814.55,Paid
PAY002006,O002006,Google Pay,1024.62,Paid
PAY002007,O002007,Card,818.27,Paid
PAY002008,O002008,PayPal,1238.37,Paid
PAY002009,O002009,PayPal,774.42,Paid
PAY002010,O002010,Card,586.34,Paid
PAY002011,O002011,Card,518.12,Paid
PAY002012,O002012,Card,399.85,Paid
PAY002013,O002013,Card,100.94,Paid
PAY002014,O002014,PayPal,341.25,Paid
PAY002015,O002015,Card,2743.17,Paid
PAY002016,O002016,Google Pay,32.97,Paid
PAY002017,O002017,Card,477.48,Paid
PAY002018,O002018,Card,563.74,Paid
PAY002019,O002019,Google Pay,19.68,Paid
PAY002020,O002020,Apple Pay,507.83,Paid
PAY002021,O002021,Apple Pay,509.63,Paid
PAY002022,O002022,Google Pay,22.36,Paid
PAY002023,O002023,PayPal,439.54,Paid
PAY002024,O002024,Card,336.18,Paid
PAY002025,O002025,PayPal,442.26,Paid
PAY002026,O002026,Google Pay,50.98,Paid
PAY002027,O002027,Card,124.67,Paid
PAY002028,O002028,Card,332.4,Paid
PAY002029,O002029,PayPal,200.8,Refunded
PAY002030,O002030,Card,302.8,Paid
PAY002031,O002031,Google Pay,675.19,Paid
PAY002032,O002032,Google Pay,618.38,Paid
PAY002033,O002033,PayPal,173.25,Paid
PAY002034,O002034,Card,440.26,Paid
PAY002035,O002035,Card,678.97,Paid
PAY002036,O002036,PayPal,242.0,Paid
PAY002037,O002037,Card,411.55,Paid
PAY002038,O002038,Google Pay,120.83,Paid
PAY002039,O002039,PayPal,1566.67,Paid
PAY002040,O002040,Card,511.59,Paid
PAY002041,O002041,PayPal,103.74,Paid
PAY002042,O002042,Apple Pay,138.09,Paid
PAY002043,O002043,Google Pay,136.4,Paid
PAY002044,O002044,Card,36.83,Paid
PAY002045,O002045,Card,1451.36,Paid
PAY002046,O002046,Apple Pay,549.06,Paid
PAY002047,O002047,PayPal,1472.36,Paid
PAY002048,O002048,Card,860.93,Failed
PAY002049,O002049,Card,2807.76,Paid
PAY002050,O002050,Google Pay,2457.42,Paid
PAY002051,O002051,Card,17.69,Paid
PAY002052,O002052,PayPal,600.64,Paid
PAY002053,O002053,PayPal,1165.09,Paid
PAY002054,O002054,Card,204.34,Paid
PAY002055,O002055,Card,956.03,Paid
PAY002056,O002056,PayPal,9.52,Refunded
PAY002057,O002057,Card,40.2,Paid
PAY002058,O002058,Card,191.08,Paid
PAY002059,O002059,Card,479.97,Paid
PAY002060,O002060,Google Pay,36.81,Paid
PAY002061,O002061,PayPal,381.48,Paid
PAY002062,O002062,Card,908.81,Paid
PAY002063,O002063,PayPal,179.65,Paid
PAY002064,O002064,Apple Pay,131.85,Paid
PAY002065,O002065,Apple Pay,95.94,Paid
PAY002066,O002066,Apple Pay,168.3,Paid
PAY002067,O002067,Google Pay,638.05,Failed
PAY002068,O002068,Card,864.03,Paid
PAY002069,O002069,Google Pay,537.33,Paid
PAY002070,O002070,Google Pay,238.49,Paid
PAY002071,O002071,PayPal,588.3,Paid
PAY002072,O002072,PayPal,1232.09,Paid
PAY002073,O002073,Card,374.64,Paid
PAY002074,O002074,PayPal,268.15,Paid
PAY002075,O002075,Card,1046.45,Paid
PAY002076,O002076,PayPal,229.69,Paid
PAY002077,O002077,PayPal,587.82,Paid
PAY002078,O002078,Card,839.98,Paid
PAY002079,O002079,Card,120.73,Paid
PAY002080,O002080,Card,333.26,Paid
PAY002081,O002081,Card,348.19,Paid
PAY002082,O002082,PayPal,210.49,Paid
PAY002083,O002083,PayPal,813.91,Paid
PAY002084,O002084,Card,426.61,Paid
PAY002085,O002085,Card,594.32,Paid
PAY002086,O002086,Card,274.67,Paid
PAY002087,O002087,Card,184.27,Paid
PAY002088,O002088,Card,647.9,Paid
PAY002089,O002089,Card,243.97,Paid
PAY002090,O002090,PayPal,421.81,Paid
PAY002091,O002091,Card,514.46,Paid
PAY002092,O002092,Card,276.99,Paid
PAY002093,O002093,Apple Pay,211.5,Paid
PAY002094,O002094,Card,405.54,Paid
PAY002095,O002095,Google Pay,694.22,Paid
PAY002096,O002096,Card,356.09,Paid
PAY002097,O002097,Card,686.31,Paid
PAY002098,O002098,Card,1930.95,Paid
PAY002099,O002099,Card,2033.84,Paid
PAY002100,O002100,Card,157.85,Paid
PAY002101,O002101,Card,12.36,Paid
PAY002102,O002102,Card,257.19,Paid
PAY002103,O002103,Card,83.53,Paid
PAY002104,O002104,Google Pay,294.76,Paid
PAY002105,O002105,Card,848.08,Paid
PAY002106,O002106,Apple Pay,755.08,Paid
PAY002107,O002107,PayPal,1708.77,Paid
PAY002108,O002108,Card,286.9,Paid
PAY002109,O002109,Card,527.02,Failed
PAY002110,O002110,Card,920.23,Paid
PAY002111,O002111,Card,298.97,Paid
PAY002112,O002112,Card,271.58,Paid
PAY002113,O002113,Card,755.26,Paid
PAY002114,O002114,Card,708.14,Paid
PAY002115,O002115,PayPal,331.18,Paid
PAY002116,O002116,Card,1617.86,Paid
PAY002117,O002117,Card,864.76,Paid
PAY002118,O002118,Apple Pay,360.56,Paid
PAY002119,O002119,Apple Pay,520.5,Paid
PAY002120,O002120,Card,604.88,Paid
PAY002121,O002121,Google Pay,191.43,Paid
PAY002122,O002122,Google Pay,284.33,Paid
PAY002123,O002123,Card,1148.46,Paid
PAY002124,O002124,Apple Pay,683.54,Paid
PAY002125,O002125,Card,17.32,Paid
PAY002126,O002126,PayPal,276.48,Paid
PAY002127,O002127,Card,572.23,Paid
PAY002128,O002128,PayPal,242.76,Paid
PAY002129,O002129,Apple Pay,292.72,Paid
PAY002130,O002130,Card,78.72,Paid
PAY002131,O002131,PayPal,331.8,Paid
PAY002132,O002132,Apple Pay,1487.08,Paid
PAY002133,O002133,Card,196.25,Paid
PAY002134,O002134,Card,794.03,Paid
PAY002135,O002135,Card,224.55,Paid
PAY002136,O002136,Card,321.36,Paid
PAY002137,O002137,Card,781.84,Paid
PAY002138,O002138,Google Pay,201.85,Paid
PAY002139,O002139,PayPal,387.7,Paid
PAY002140,O002140,Apple Pay,539.61,Failed
PAY002141,O002141,Apple Pay,763.62,Paid
PAY002142,O002142,Card,848.12,Paid
PAY002143,O002143,Card,254.56,Paid
PAY002144,O002144,Google Pay,979.78,Paid
PAY002145,O002145,Card,1248.11,Paid
PAY002146,O002146,PayPal,1020.1,Paid
PAY002147,O002147,Card,219.35,Paid
PAY002148,O002148,Google Pay,622.9,Paid
PAY002149,O002149,PayPal,1099.2,Paid
PAY002150,O002150,Card,1776.72,Refunded
PAY002151,O002151,Google Pay,835.65,Paid
PAY002152,O002152,Google Pay,12.15,Paid
PAY002153,O002153,Card,392.26,Paid
PAY002154,O002154,PayPal,1346.06,Paid
PAY002155,O002155,Card,901.81,Paid
PAY002156,O002156,Card,357.96,Paid
PAY002157,O002157,Apple Pay,1877.08,Paid
PAY002158,O002158,Apple Pay,440.42,Paid
PAY002159,O002159,PayPal,754.51,Paid
PAY002160,O002160,Google Pay,106.3,Paid
PAY002161,O002161,Card,225.88,Paid
PAY002162,O002162,PayPal,572.79,Paid
PAY002163,O002163,PayPal,580.81,Paid
PAY002164,O002164,Card,262.65,Paid
PAY002165,O002165,Card,479.97,Paid
PAY002166,O002166,Card,777.71,Paid
PAY002167,O002167,Card,622.23,Paid
PAY002168,O002168,PayPal,653.67,Paid
PAY002169,O002169,Apple Pay,341.25,Paid
PAY002170,O002170,Google Pay,750.57,Paid
PAY002171,O002171,PayPal,673.38,Failed
PAY002172,O002172,Apple Pay,1451.29,Paid
PAY002173,O002173,Card,620.34,Paid
PAY002174,O002174,Card,1456.75,Refunded
PAY002175,O002175,Apple Pay,0.0,Paid
PAY002176,O002176,PayPal,1446.7,Paid
PAY002177,O002177,Apple Pay,726.21,Paid
PAY002178,O002178,Card,623.37,Paid
PAY002179,O002179,PayPal,305.23,Paid
PAY002180,O002180,Card,516.45,Paid
PAY002181,O002181,Card,203.68,Paid
PAY002182,O002182,Card,410.37,Paid
PAY002183,O002183,Card,198.71,Paid
PAY002184,O002184,Card,617.22,Paid
PAY002185,O002185,Card,1152.12,Paid
PAY002186,O002186,Apple Pay,521.7,Paid
PAY002187,O002187,Google Pay,515.0,Paid
PAY002188,O002188,Google Pay,198.98,Refunded
PAY002189,O002189,Card,1816.15,Paid
PAY002190,O002190,Google Pay,1189.72,Failed
PAY002191,O002191,Card,322.2,Paid
PAY002192,O002192,Card,941.13,Paid
PAY002193,O002193,Card,239.6,Paid
PAY002194,O002194,Card,521.0,Paid
PAY002195,O002195,Card,424.08,Paid
PAY002196,O002196,Apple Pay,1288.64,Paid
PAY002197,O002197,Card,1373.61,Paid
PAY002198,O002198,Card,50.09,Failed
PAY002199,O002199,Google Pay,170.89,Paid
PAY002200,O002200,Card,510.41,Paid
PAY002201,O002201,Google Pay,1884.9,Paid
PAY002202,O002202,Card,889.14,Paid
PAY002203,O002203,Google Pay,623.09,Failed
PAY002204,O002204,Google Pay,634.39,Failed
PAY002205,O002205,PayPal,1126.28,Paid
PAY002206,O002206,PayPal,1097.09,Paid
PAY002207,O002207,Card,934.09,Paid
PAY002208,O002208,PayPal,209.45,Paid
PAY002209,O002209,Card,96.32,Paid
PAY002210,O002210,Apple Pay,1838.78,Paid
PAY002211,O002211,Card,542.77,Paid
PAY002212,O002212,Card,34.52,Paid
PAY002213,O002213,Card,850.58,Paid
PAY002214,O002214,Card,709.85,Paid
PAY002215,O002215,PayPal,24.52,Paid
PAY002216,O002216,PayPal,132.3,Paid
PAY002217,O002217,Card,1324.07,Paid
PAY002218,O002218,Apple Pay,1345.9,Failed
PAY002219,O002219,PayPal,1610.96,Paid
PAY002220,O002220,Card,869.49,Failed
PAY002221,O002221,Google Pay,770.72,Paid
PAY002222,O002222,Apple Pay,828.86,Paid
PAY002223,O002223,Apple Pay,305.33,Paid
PAY002224,O002224,Card,1118.08,Paid
PAY002225,O002225,Card,859.88,Paid
PAY002226,O002226,Card,675.99,Paid
PAY002227,O002227,Google Pay,329.94,Paid
PAY002228,O002228,Card,169.82,Paid
PAY002229,O002229,Apple Pay,174.82,Paid
PAY002230,O002230,PayPal,418.18,Paid
PAY002231,O002231,Card,302.48,Paid
PAY002232,O002232,PayPal,205.67,Paid
PAY002233,O002233,Card,753.03,Paid
PAY002234,O002234,PayPal,301.52,Paid
PAY002235,O002235,Google Pay,201.62,Paid
PAY002236,O002236,Card,54.8,Failed
PAY002237,O002237,Card,1218.76,Paid
PAY002238,O002238,Google Pay,1260.5,Paid
PAY002239,O002239,Apple Pay,1315.79,Failed
PAY002240,O002240,Card,1698.56,Paid
PAY002241,O002241,Apple Pay,194.34,Paid
PAY002242,O002242,Card,1574.0,Paid
PAY002243,O002243,Card,1562.57,Paid
PAY002244,O002244,Apple Pay,773.35,Paid
PAY002245,O002245,Card,615.06,Paid
PAY002246,O002246,Card,1547.67,Paid
PAY002247,O002247,PayPal,92.46,Paid
PAY002248,O002248,Card,1306.79,Failed
PAY002249,O002249,Card,788.12,Refunded
PAY002250,O002250,PayPal,641.84,Paid
PAY002251,O002251,PayPal,95.86,Paid
PAY002252,O002252,Card,597.84,Paid
PAY002253,O002253,Card,452.64,Paid
PAY002254,O002254,Card,331.5,Paid
PAY002255,O002255,Apple Pay,1101.95,Paid
PAY002256,O002256,Card,163.22,Paid
PAY002257,O002257,Card,263.64,Paid
PAY002258,O002258,Apple Pay,1135.29,Failed
PAY002259,O002259,PayPal,1657.67,Paid
PAY002260,O002260,Card,1568.49,Paid
PAY002261,O002261,Card,397.96,Paid
PAY002262,O002262,Card,500.41,Paid
PAY002263,O002263,PayPal,2081.98,Paid
PAY002264,O002264,PayPal,16.81,Paid
PAY002265,O002265,PayPal,1269.95,Paid
PAY002266,O002266,Apple Pay,553.66,Paid
PAY002267,O002267,Card,450.26,Refunded
PAY002268,O002268,PayPal,461.15,Paid
PAY002269,O002269,Card,455.26,Paid
PAY002270,O002270,Card,322.86,Paid
PAY002271,O002271,PayPal,163.24,Paid
PAY002272,O002272,Apple Pay,362.59,Paid
PAY002273,O002273,Apple Pay,345.97,Paid
PAY002274,O002274,Google Pay,313.97,Paid
PAY002275,O002275,Card,1009.15,Paid
PAY002276,O002276,PayPal,71.65,Paid
PAY002277,O002277,Apple Pay,308.8,Paid
PAY002278,O002278,PayPal,30.5,Paid
PAY002279,O002279,Card,719.43,Paid
PAY002280,O002280,Apple Pay,450.08,Paid
PAY002281,O002281,Card,163.14,Paid
PAY002282,O002282,Card,1317.33,Paid
PAY002283,O002283,Google Pay,642.58,Paid
PAY002284,O002284,Apple Pay,115.89,Paid
PAY002285,O002285,Card,1270.52,Paid
PAY002286,O002286,Card,499.32,Paid
PAY002287,O002287,Google Pay,2085.42,Paid
PAY002288,O002288,Card,657.65,Paid
PAY002289,O002289,Apple Pay,941.7,Paid
PAY002290,O002290,Card,598.37,Paid
PAY002291,O002291,Card,1047.29,Paid
PAY002292,O002292,Card,472.03,Paid
PAY002293,O002293,PayPal,750.3,Paid
PAY002294,O002294,PayPal,350.17,Paid
PAY002295,O002295,Google Pay,275.22,Paid
PAY002296,O002296,Google Pay,83.38,Paid
PAY002297,O002297,Google Pay,861.75,Paid
PAY002298,O002298,Apple Pay,162.63,Paid
PAY002299,O002299,Card,273.92,Paid
PAY002300,O002300,Card,209.92,Paid
PAY002301,O002301,Card,647.52,Paid
PAY002302,O002302,Card,505.89,Paid
PAY002303,O002303,PayPal,227.72,Paid
PAY002304,O002304,Card,1511.04,Paid
PAY002305,O002305,PayPal,1495.22,Paid
PAY002306,O002306,Card,406.34,Paid
PAY002307,O002307,Card,710.79,Paid
PAY002308,O002308,Google Pay,509.62,Paid
PAY002309,O002309,PayPal,1738.38,Paid
PAY002310,O002310,Apple Pay,542.84,Paid
PAY002311,O002311,Apple Pay,491.94,Paid
PAY002312,O002312,Card,1008.97,Paid
PAY002313,O002313,Apple Pay,618.16,Paid
PAY002314,O002314,Card,613.24,Paid
PAY002315,O002315,Card,1016.51,Paid
PAY002316,O002316,Card,774.54,Paid
PAY002317,O002317,PayPal,344.7,Paid
PAY002318,O002318,Card,19.68,Failed
PAY002319,O002319,Card,180.49,Paid
PAY002320,O002320,Apple Pay,131.85,Paid
PAY002321,O002321,Card,497.01,Paid
PAY002322,O002322,Apple Pay,963.3,Paid
PAY002323,O002323,Card,109.4,Failed
PAY002324,O002324,Card,472.48,Paid
PAY002325,O002325,Card,564.37,Paid
PAY002326,O002326,Card,0.0,Paid
PAY002327,O002327,Card,313.97,Paid
PAY002328,O002328,PayPal,331.3,Paid
PAY002329,O002329,PayPal,2065.99,Paid
PAY002330,O002330,Apple Pay,350.85,Paid
PAY002331,O002331,Apple Pay,234.78,Paid
PAY002332,O002332,Card,1225.6,Paid
PAY002333,O002333,Card,323.26,Paid
PAY002334,O002334,Google Pay,854.02,Paid
PAY002335,O002335,Google Pay,229.26,Paid
PAY002336,O002336,Apple Pay,1189.0,Paid
PAY002337,O002337,Card,168.73,Paid
PAY002338,O002338,Card,746.72,Paid
PAY002339,O002339,Card,693.35,Paid
PAY002340,O002340,Card,88.37,Paid
PAY002341,O002341,Card,2035.51,Paid
PAY002342,O002342,Apple Pay,1347.25,Paid
PAY002343,O002343,Google Pay,1192.87,Failed
PAY002344,O002344,Google Pay,473.8,Paid
PAY002345,O002345,Card,799.14,Paid
PAY002346,O002346,Apple Pay,365.44,Paid
PAY002347,O002347,Card,327.46,Paid
PAY002348,O002348,Card,120.89,Paid
PAY002349,O002349,Card,2349.21,Paid
PAY002350,O002350,PayPal,691.02,Paid
PAY002351,O002351,Google Pay,1295.31,Failed
PAY002352,O002352,Apple Pay,786.41,Paid
PAY002353,O002353,Apple Pay,821.86,Refunded
PAY002354,O002354,Apple Pay,970.58,Paid
PAY002355,O002355,Card,2529.46,Paid
PAY002356,O002356,Apple Pay,1041.2,Paid
PAY002357,O002357,PayPal,16.13,Paid
PAY002358,O002358,Card,296.9,Paid
PAY002359,O002359,Card,921.68,Refunded
PAY002360,O002360,PayPal,835.42,Paid
PAY002361,O002361,Card,483.58,Paid
PAY002362,O002362,Card,1653.18,Paid
PAY002363,O002363,Card,1238.97,Paid
PAY002364,O002364,Apple Pay,548.2,Paid
PAY002365,O002365,Card,354.18,Paid
PAY002366,O002366,Card,385.44,Paid
PAY002367,O002367,Card,22.63,Paid
PAY002368,O002368,Card,168.1,Paid
PAY002369,O002369,Google Pay,628.26,Paid
PAY002370,O002370,Google Pay,248.64,Paid
PAY002371,O002371,Card,863.15,Failed
PAY002372,O002372,Card,899.31,Paid
PAY002373,O002373,Google Pay,1856.18,Paid
PAY002374,O002374,Card,124.98,Paid
PAY002375,O002375,Card,1055.64,Paid
PAY002376,O002376,Apple Pay,404.9,Paid
PAY002377,O002377,Card,713.07,Paid
PAY002378,O002378,Google Pay,1266.47,Paid
PAY002379,O002379,Apple Pay,745.66,Failed
PAY002380,O002380,Apple Pay,41.83,Paid
PAY002381,O002381,PayPal,1417.2,Paid
PAY002382,O002382,Card,842.06,Paid
PAY002383,O002383,Apple Pay,1733.78,Failed
PAY002384,O002384,Apple Pay,530.19,Paid
PAY002385,O002385,PayPal,498.41,Paid
PAY002386,O002386,Card,666.8,Paid
PAY002387,O002387,Card,279.0,Paid
PAY002388,O002388,Card,311.03,Failed
PAY002389,O002389,Card,175.74,Paid
PAY002390,O002390,Google Pay,755.88,Paid
PAY002391,O002391,Card,357.71,Paid
PAY002392,O002392,PayPal,693.9,Paid
PAY002393,O002393,Card,252.18,Paid
PAY002394,O002394,PayPal,1269.17,Paid
PAY002395,O002395,Card,1000.34,Paid
PAY002396,O002396,Card,15.53,Paid
PAY002397,O002397,Card,221.36,Paid
PAY002398,O002398,Apple Pay,379.52,Paid
PAY002399,O002399,PayPal,221.13,Paid
PAY002400,O002400,PayPal,0.0,Failed
PAY002401,O002401,Card,926.02,Paid
PAY002402,O002402,Card,545.75,Paid
PAY002403,O002403,Card,206.75,Paid
PAY002404,O002404,Card,1291.93,Failed
PAY002405,O002405,Google Pay,140.6,Paid
PAY002406,O002406,Apple Pay,1042.92,Refunded
PAY002407,O002407,Google Pay,2088.44,Paid
PAY002408,O002408,Card,1519.04,Paid
PAY002409,O002409,Card,457.79,Paid
PAY002410,O002410,PayPal,572.24,Paid
PAY002411,O002411,Apple Pay,85.44,Failed
PAY002412,O002412,Card,247.32,Paid
PAY002413,O002413,Card,318.26,Paid
PAY002414,O002414,Card,432.49,Failed
PAY002415,O002415,Apple Pay,1451.58,Paid
PAY002416,O002416,Apple Pay,213.7,Paid
PAY002417,O002417,Apple Pay,963.63,Paid
PAY002418,O002418,Card,565.06,Paid
PAY002419,O002419,Apple Pay,784.94,Paid
PAY002420,O002420,Apple Pay,363.66,Paid
PAY002421,O002421,Card,119.2,Paid
PAY002422,O002422,Apple Pay,538.8,Paid
PAY002423,O002423,Card,664.24,Paid
PAY002424,O002424,Apple Pay,353.77,Paid
PAY002425,O002425,Google Pay,234.6,Paid
PAY002426,O002426,PayPal,631.03,Paid
PAY002427,O002427,Apple Pay,249.43,Paid
PAY002428,O002428,PayPal,483.34,Paid
PAY002429,O002429,Card,781.76,Paid
PAY002430,O002430,Card,105.56,Paid
PAY002431,O002431,Google Pay,1012.2,Paid
PAY002432,O002432,Card,83.53,Paid
PAY002433,O002433,PayPal,1728.37,Paid
PAY002434,O002434,Card,528.66,Paid
PAY002435,O002435,PayPal,151.59,Paid
PAY002436,O002436,Card,121.44,Paid
PAY002437,O002437,Card,1505.1,Paid
PAY002438,O002438,PayPal,1344.92,Paid
PAY002439,O002439,Apple Pay,201.08,Failed
PAY002440,O002440,Apple Pay,520.99,Paid
PAY002441,O002441,PayPal,144.5,Paid
PAY002442,O002442,Google Pay,710.61,Paid
PAY002443,O002443,Card,211.08,Paid
PAY002444,O002444,Apple Pay,250.33,Paid
PAY002445,O002445,PayPal,271.16,Paid
PAY002446,O002446,Apple Pay,140.75,Paid
PAY002447,O002447,PayPal,474.8,Paid
PAY002448,O002448,Card,1547.45,Paid
PAY002449,O002449,Google Pay,312.69,Paid
PAY002450,O002450,Card,111.44,Paid
PAY002451,O002451,Card,1375.29,Paid
PAY002452,O002452,Google Pay,2657.71,Paid
PAY002453,O002453,Card,451.98,Paid
PAY002454,O002454,Google Pay,456.58,Failed
PAY002455,O002455,Card,35.5,Paid
PAY002456,O002456,Card,317.06,Paid
PAY002457,O002457,Google Pay,1472.86,Paid
PAY002458,O002458,Card,1253.29,Paid
PAY002459,O002459,Card,739.31,Paid
PAY002460,O002460,PayPal,388.75,Paid
PAY002461,O002461,PayPal,2350.3,Paid
PAY002462,O002462,PayPal,236.63,Paid
PAY002463,O002463,Card,2964.67,Failed
PAY002464,O002464,Card,936.57,Paid
PAY002465,O002465,Card,441.56,Paid
PAY002466,O002466,Card,652.79,Paid
PAY002467,O002467,Card,422.16,Paid
PAY002468,O002468,Google Pay,1049.77,Failed
PAY002469,O002469,PayPal,5.65,Paid
PAY002470,O002470,Apple Pay,1584.78,Paid
PAY002471,O002471,Card,735.46,Paid
PAY002472,O002472,PayPal,477.83,Paid
PAY002473,O002473,Card,1098.59,Paid
PAY002474,O002474,PayPal,1497.08,Paid
PAY002475,O002475,Apple Pay,13.83,Paid
PAY002476,O002476,Card,167.07,Paid
PAY002477,O002477,Card,1691.97,Paid
PAY002478,O002478,Card,199.12,Paid
PAY002479,O002479,Google Pay,73.62,Paid
PAY002480,O002480,Apple Pay,1057.39,Paid
PAY002481,O002481,Card,361.89,Paid
PAY002482,O002482,Card,1138.48,Paid
PAY002483,O002483,Google Pay,338.43,Paid
PAY002484,O002484,Apple Pay,237.74,Paid
PAY002485,O002485,Card,332.22,Paid
PAY002486,O002486,Apple Pay,378.42,Paid
PAY002487,O002487,Google Pay,121.46,Paid
PAY002488,O002488,Google Pay,1077.74,Paid
PAY002489,O002489,Google Pay,375.9,Failed
PAY002490,O002490,Card,381.39,Paid
PAY002491,O002491,Card,1174.02,Paid
PAY002492,O002492,PayPal,236.58,Paid
PAY002493,O002493,PayPal,232.91,Paid
PAY002494,O002494,Card,1957.19,Paid
PAY002495,O002495,Card,1019.2,Paid
PAY002496,O002496,PayPal,385.12,Paid
PAY002497,O002497,Apple Pay,275.66,Paid
PAY002498,O002498,Card,2995.03,Paid
PAY002499,O002499,Card,1970.63,Paid
PAY002500,O002500,Google Pay,446.84,Paid
PAY002501,O002501,Apple Pay,795.85,Paid
PAY002502,O002502,Card,145.6,Paid
PAY002503,O002503,Apple Pay,778.26,Paid
PAY002504,O002504,PayPal,1382.37,Paid
PAY002505,O002505,Card,1668.63,Paid
PAY002506,O002506,Card,974.7,Paid
PAY002507,O002507,Card,426.29,Paid
PAY002508,O002508,Card,148.8,Paid
PAY002509,O002509,Card,422.0,Paid
PAY002510,O002510,Card,523.1,Paid
PAY002511,O002511,Apple Pay,158.73,Paid
PAY002512,O002512,Card,618.93,Failed
PAY002513,O002513,Apple Pay,628.94,Paid
PAY002514,O002514,Card,456.22,Paid
PAY002515,O002515,Card,129.98,Paid
PAY002516,O002516,Card,26.19,Paid
PAY002517,O002517,Card,364.97,Paid
PAY002518,O002518,Card,1426.33,Paid
PAY002519,O002519,PayPal,303.88,Paid
PAY002520,O002520,Card,2691.29,Paid
PAY002521,O002521,Apple Pay,354.3,Paid
PAY002522,O002522,Google Pay,806.91,Paid
PAY002523,O002523,Card,610.71,Paid
PAY002524,O002524,Card,169.82,Paid
PAY002525,O002525,Apple Pay,198.92,Paid
PAY002526,O002526,Card,244.83,Paid
PAY002527,O002527,Card,233.26,Paid
PAY002528,O002528,Card,351.8,Paid
PAY002529,O002529,Card,610.53,Paid
PAY002530,O002530,Card,696.55,Paid
PAY002531,O002531,Card,936.3,Failed
PAY002532,O002532,Apple Pay,1311.19,Paid
PAY002533,O002533,Card,2254.12,Paid
PAY002534,O002534,Google Pay,1257.9,Paid
PAY002535,O002535,PayPal,575.5,Paid
PAY002536,O002536,Card,458.32,Paid
PAY002537,O002537,Card,252.42,Paid
PAY002538,O002538,Card,504.32,Paid
PAY002539,O002539,Apple Pay,940.94,Paid
PAY002540,O002540,Google Pay,149.61,Paid
PAY002541,O002541,Card,1956.99,Paid
PAY002542,O002542,PayPal,352.98,Refunded
PAY002543,O002543,Apple Pay,547.3,Paid
PAY002544,O002544,Apple Pay,119.78,Paid
PAY002545,O002545,Card,17.36,Paid
PAY002546,O002546,Card,887.52,Paid
PAY002547,O002547,Google Pay,251.46,Paid
PAY002548,O002548,Card,4.52,Paid
PAY002549,O002549,PayPal,697.34,Paid
PAY002550,O002550,PayPal,1800.17,Paid
PAY002551,O002551,PayPal,1152.98,Paid
PAY002552,O002552,Card,404.43,Paid
PAY002553,O002553,Google Pay,1224.58,Paid
PAY002554,O002554,Apple Pay,1015.33,Paid
PAY002555,O002555,PayPal,234.56,Paid
PAY002556,O002556,Apple Pay,2268.49,Paid
PAY002557,O002557,Card,246.9,Paid
PAY002558,O002558,Apple Pay,1067.61,Paid
PAY002559,O002559,PayPal,1231.41,Paid
PAY002560,O002560,Card,316.6,Paid
PAY002561,O002561,PayPal,840.05,Paid
PAY002562,O002562,Apple Pay,1439.87,Paid
PAY002563,O002563,PayPal,2121.49,Paid
PAY002564,O002564,PayPal,123.37,Paid
PAY002565,O002565,Card,844.36,Paid
PAY002566,O002566,PayPal,740.31,Paid
PAY002567,O002567,Card,341.25,Paid
PAY002568,O002568,Card,904.27,Paid
PAY002569,O002569,Card,238.04,Paid
PAY002570,O002570,Card,471.3,Paid
PAY002571,O002571,Apple Pay,1080.92,Paid
PAY002572,O002572,PayPal,1035.08,Failed
PAY002573,O002573,Card,273.66,Paid
PAY002574,O002574,Card,1200.21,Paid
PAY002575,O002575,PayPal,77.78,Paid
PAY002576,O002576,Apple Pay,401.08,Paid
PAY002577,O002577,Card,26.74,Paid
PAY002578,O002578,Google Pay,496.76,Paid
PAY002579,O002579,PayPal,454.14,Paid
PAY002580,O002580,PayPal,555.19,Paid
PAY002581,O002581,Apple Pay,461.91,Paid
PAY002582,O002582,Card,1569.3,Paid
PAY002583,O002583,PayPal,1832.49,Failed
PAY002584,O002584,Card,1281.18,Paid
PAY002585,O002585,Google Pay,667.61,Paid
PAY002586,O002586,Card,1669.95,Paid
PAY002587,O002587,Apple Pay,740.7,Paid
PAY002588,O002588,Card,54.62,Paid
PAY002589,O002589,PayPal,263.28,Paid
PAY002590,O002590,Card,212.7,Paid
PAY002591,O002591,Card,203.98,Paid
PAY002592,O002592,Card,71.72,Failed
PAY002593,O002593,PayPal,713.7,Paid
PAY002594,O002594,Card,2175.3,Paid
PAY002595,O002595,Card,745.02,Paid
PAY002596,O002596,Google Pay,447.2,Paid
PAY002597,O002597,Card,700.57,Paid
PAY002598,O002598,PayPal,960.81,Failed
PAY002599,O002599,Apple Pay,1680.57,Paid
PAY002600,O002600,PayPal,744.01,Refunded
PAY002601,O002601,Card,191.91,Paid
PAY002602,O002602,Card,482.85,Paid
PAY002603,O002603,Google Pay,385.5,Paid
PAY002604,O002604,Apple Pay,652.81,Paid
PAY002605,O002605,Google Pay,515.08,Paid
PAY002606,O002606,Card,337.79,Paid
PAY002607,O002607,Card,724.74,Paid
PAY002608,O002608,Apple Pay,507.5,Paid
PAY002609,O002609,Google Pay,317.65,Paid
PAY002610,O002610,Card,933.45,Paid
PAY002611,O002611,Card,1836.03,Paid
PAY002612,O002612,Apple Pay,964.12,Paid
PAY002613,O002613,Card,2047.83,Paid
PAY002614,O002614,Google Pay,837.8,Paid
PAY002615,O002615,Card,100.44,Paid
PAY002616,O002616,Apple Pay,1272.79,Paid
PAY002617,O002617,Card,436.84,Paid
PAY002618,O002618,Google Pay,3374.04,Paid
PAY002619,O002619,Card,371.03,Paid
PAY002620,O002620,PayPal,336.6,Paid
PAY002621,O002621,Card,755.75,Paid
PAY002622,O002622,PayPal,311.74,Paid
PAY002623,O002623,Card,422.96,Paid
PAY002624,O002624,PayPal,744.46,Paid
PAY002625,O002625,Card,518.91,Paid
PAY002626,O002626,Card,0.0,Paid
PAY002627,O002627,Card,703.08,Refunded
PAY002628,O002628,PayPal,256.99,Paid
PAY002629,O002629,Card,135.83,Paid
PAY002630,O002630,Card,705.46,Paid
PAY002631,O002631,Apple Pay,167.94,Paid
PAY002632,O002632,Card,706.03,Paid
PAY002633,O002633,Card,1620.47,Failed
PAY002634,O002634,PayPal,525.39,Paid
PAY002635,O002635,PayPal,14.06,Failed
PAY002636,O002636,Google Pay,834.09,Paid
PAY002637,O002637,Apple Pay,451.15,Paid
PAY002638,O002638,Card,248.97,Paid
PAY002639,O002639,Google Pay,982.18,Paid
PAY002640,O002640,Card,97.36,Paid
PAY002641,O002641,Card,111.96,Paid
PAY002642,O002642,Apple Pay,306.03,Paid
PAY002643,O002643,PayPal,286.51,Paid
PAY002644,O002644,PayPal,243.68,Failed
PAY002645,O002645,Card,592.02,Paid
PAY002646,O002646,Card,647.4,Paid
PAY002647,O002647,Google Pay,288.32,Paid
PAY002648,O002648,Apple Pay,405.16,Paid
PAY002649,O002649,Apple Pay,2255.22,Paid
PAY002650,O002650,PayPal,167.63,Paid
PAY002651,O002651,Card,605.4,Paid
PAY002652,O002652,Card,996.9,Paid
PAY002653,O002653,Google Pay,153.3,Paid
PAY002654,O002654,Card,383.94,Paid
PAY002655,O002655,PayPal,672.45,Paid
PAY002656,O002656,Card,714.89,Paid
PAY002657,O002657,Card,2501.11,Paid
PAY002658,O002658,Apple Pay,210.01,Paid
PAY002659,O002659,Card,266.75,Failed
PAY002660,O002660,Card,846.66,Paid
PAY002661,O002661,Card,520.77,Paid
PAY002662,O002662,Apple Pay,562.38,Paid
PAY002663,O002663,Card,43.83,Paid
PAY002664,O002664,Google Pay,437.67,Paid
PAY002665,O002665,Card,46.54,Paid
PAY002666,O002666,Apple Pay,125.77,Failed
PAY002667,O002667,Google Pay,918.39,Paid
PAY002668,O002668,Card,359.96,Failed
PAY002669,O002669,PayPal,417.31,Paid
PAY002670,O002670,Google Pay,619.0,Paid
PAY002671,O002671,Card,896.71,Paid
PAY002672,O002672,Apple Pay,196.75,Paid
PAY002673,O002673,Google Pay,16.01,Failed
PAY002674,O002674,PayPal,24.27,Paid
PAY002675,O002675,Google Pay,1072.06,Paid
PAY002676,O002676,Apple Pay,58.96,Paid
PAY002677,O002677,Card,16.22,Paid
PAY002678,O002678,Apple Pay,1203.85,Paid
PAY002679,O002679,Google Pay,286.75,Paid
PAY002680,O002680,Apple Pay,329.11,Paid
PAY002681,O002681,Card,528.75,Paid
PAY002682,O002682,Apple Pay,119.78,Paid
PAY002683,O002683,Google Pay,1573.69,Paid
PAY002684,O002684,Apple Pay,941.04,Paid
PAY002685,O002685,Apple Pay,478.52,Paid
PAY002686,O002686,Card,119.79,Paid
PAY002687,O002687,Card,1356.25,Paid
PAY002688,O002688,Google Pay,553.66,Paid
PAY002689,O002689,Card,504.9,Paid
PAY002690,O002690,Apple Pay,1568.53,Paid
PAY002691,O002691,Card,398.7,Paid
PAY002692,O002692,Card,851.56,Paid
PAY002693,O002693,Card,187.66,Paid
PAY002694,O002694,Card,1384.13,Paid
PAY002695,O002695,PayPal,1203.15,Paid
PAY002696,O002696,Card,219.92,Paid
PAY002697,O002697,Apple Pay,1742.11,Paid
PAY002698,O002698,Apple Pay,466.22,Paid
PAY002699,O002699,Card,511.59,Refunded
PAY002700,O002700,Card,1210.65,Paid
PAY002701,O002701,Google Pay,968.94,Paid
PAY002702,O002702,Apple Pay,54.8,Paid
PAY002703,O002703,Card,641.61,Paid
PAY002704,O002704,Card,2.36,Failed
PAY002705,O002705,Apple Pay,254.56,Paid
PAY002706,O002706,PayPal,481.09,Paid
PAY002707,O002707,Apple Pay,21.06,Failed
PAY002708,O002708,PayPal,753.5,Paid
PAY002709,O002709,Card,279.68,Paid
PAY002710,O002710,Card,441.95,Paid
PAY002711,O002711,Card,1681.62,Paid
PAY002712,O002712,PayPal,577.86,Paid
PAY002713,O002713,Card,350.64,Paid
PAY002714,O002714,Card,1679.41,Paid
PAY002715,O002715,PayPal,303.37,Paid
PAY002716,O002716,Google Pay,1.16,Paid
PAY002717,O002717,Apple Pay,1137.38,Paid
PAY002718,O002718,Card,2214.58,Paid
PAY002719,O002719,PayPal,285.94,Paid
PAY002720,O002720,Card,215.84,Paid
PAY002721,O002721,Apple Pay,612.01,Paid
PAY002722,O002722,Card,1319.92,Paid
PAY002723,O002723,Card,143.8,Failed
PAY002724,O002724,Google Pay,111.12,Paid
PAY002725,O002725,Apple Pay,234.74,Paid
PAY002726,O002726,PayPal,994.73,Paid
PAY002727,O002727,Card,535.23,Paid
PAY002728,O002728,Apple Pay,293.85,Failed
PAY002729,O002729,Google Pay,665.15,Paid
PAY002730,O002730,Apple Pay,464.62,Paid
PAY002731,O002731,Apple Pay,765.26,Paid
PAY002732,O002732,PayPal,146.58,Paid
PAY002733,O002733,PayPal,313.05,Paid
PAY002734,O002734,Card,62.44,Paid
PAY002735,O002735,PayPal,2698.21,Paid
PAY002736,O002736,PayPal,458.26,Paid
PAY002737,O002737,Card,151.72,Paid
PAY002738,O002738,Card,217.34,Paid
PAY002739,O002739,Apple Pay,1111.62,Paid
PAY002740,O002740,Card,1253.98,Paid
PAY002741,O002741,Google Pay,750.99,Paid
PAY002742,O002742,PayPal,387.63,Paid
PAY002743,O002743,Card,458.07,Paid
PAY002744,O002744,Card,1055.42,Paid
PAY002745,O002745,PayPal,325.93,Paid
PAY002746,O002746,Card,863.58,Paid
PAY002747,O002747,PayPal,1308.59,Paid
PAY002748,O002748,Card,504.14,Failed
PAY002749,O002749,Card,120.77,Paid
PAY002750,O002750,Apple Pay,251.01,Paid
PAY002751,O002751,PayPal,383.46,Paid
PAY002752,O002752,Google Pay,1175.62,Paid
PAY002753,O002753,Card,707.82,Paid
PAY002754,O002754,Apple Pay,844.37,Paid
PAY002755,O002755,Apple Pay,307.02,Paid
PAY002756,O002756,Google Pay,715.32,Paid
PAY002757,O002757,PayPal,1402.49,Paid
PAY002758,O002758,Card,511.97,Paid
PAY002759,O002759,PayPal,43.83,Failed
PAY002760,O002760,Card,122.3,Paid
PAY002761,O002761,Card,331.98,Paid
PAY002762,O002762,Google Pay,1478.89,Paid
PAY002763,O002763,PayPal,111.82,Paid
PAY002764,O002764,Card,1223.27,Paid
PAY002765,O002765,Card,502.01,Paid
PAY002766,O002766,Google Pay,303.19,Paid
PAY002767,O002767,Card,107.99,Paid
PAY002768,O002768,Google Pay,138.09,Paid
PAY002769,O002769,Apple Pay,243.28,Paid
PAY002770,O002770,Apple Pay,1122.67,Paid
PAY002771,O002771,Card,306.13,Paid
PAY002772,O002772,Apple Pay,814.57,Paid
PAY002773,O002773,PayPal,1698.55,Paid
PAY002774,O002774,Apple Pay,309.28,Paid
PAY002775,O002775,Apple Pay,2762.81,Paid
PAY002776,O002776,Card,618.03,Refunded
PAY002777,O002777,Card,689.89,Paid
PAY002778,O002778,Card,922.44,Paid
PAY002779,O002779,Google Pay,248.46,Paid
PAY002780,O002780,Card,84.46,Paid
PAY002781,O002781,Card,168.95,Paid
PAY002782,O002782,PayPal,139.81,Paid
PAY002783,O002783,Card,585.24,Paid
PAY002784,O002784,PayPal,1974.46,Paid
PAY002785,O002785,Card,302.54,Paid
PAY002786,O002786,Card,678.53,Paid
PAY002787,O002787,Card,553.81,Paid
PAY002788,O002788,Card,1454.34,Paid
PAY002789,O002789,Apple Pay,659.5,Paid
PAY002790,O002790,Google Pay,226.58,Paid
PAY002791,O002791,Apple Pay,110.98,Paid
PAY002792,O002792,PayPal,78.72,Paid
PAY002793,O002793,Apple Pay,83.13,Paid
PAY002794,O002794,Card,47.44,Paid
PAY002795,O002795,Card,1492.64,Paid
PAY002796,O002796,Card,844.37,Paid
PAY002797,O002797,PayPal,1153.06,Paid
PAY002798,O002798,Card,63.96,Refunded
PAY002799,O002799,Google Pay,1250.34,Paid
PAY002800,O002800,Card,1103.82,Paid
PAY002801,O002801,Card,165.49,Paid
PAY002802,O002802,Apple Pay,248.64,Paid
PAY002803,O002803,Apple Pay,564.06,Paid
PAY002804,O002804,Card,193.98,Failed
PAY002805,O002805,Card,11.3,Paid
PAY002806,O002806,Card,169.82,Paid
PAY002807,O002807,Card,1497.79,Paid
PAY002808,O002808,Card,248.46,Paid
PAY002809,O002809,PayPal,411.14,Paid
PAY002810,O002810,PayPal,730.07,Paid
PAY002811,O002811,Card,1445.17,Paid
PAY002812,O002812,PayPal,234.33,Paid
PAY002813,O002813,Apple Pay,47.7,Paid
PAY002814,O002814,Google Pay,502.89,Paid
PAY002815,O002815,Google Pay,1594.71,Paid
PAY002816,O002816,Google Pay,951.63,Paid
PAY002817,O002817,Apple Pay,33.89,Paid
PAY002818,O002818,Google Pay,782.93,Paid
PAY002819,O002819,Card,276.15,Paid
PAY002820,O002820,Card,1293.24,Paid
PAY002821,O002821,Card,924.64,Paid
PAY002822,O002822,PayPal,260.73,Paid
PAY002823,O002823,Apple Pay,1046.35,Paid
PAY002824,O002824,Card,102.17,Paid
PAY002825,O002825,PayPal,969.81,Paid
PAY002826,O002826,Apple Pay,208.26,Paid
PAY002827,O002827,Apple Pay,652.95,Paid
PAY002828,O002828,Card,1721.96,Paid
PAY002829,O002829,Google Pay,606.81,Paid
PAY002830,O002830,Apple Pay,871.43,Paid
PAY002831,O002831,Google Pay,628.78,Paid
PAY002832,O002832,PayPal,642.52,Paid
PAY002833,O002833,Card,557.63,Paid
PAY002834,O002834,Apple Pay,344.21,Paid
PAY002835,O002835,Card,280.26,Paid
PAY002836,O002836,Google Pay,24.52,Failed
PAY002837,O002837,PayPal,672.78,Paid
PAY002838,O002838,Apple Pay,744.35,Paid
PAY002839,O002839,PayPal,250.65,Paid
PAY002840,O002840,Card,668.08,Refunded
PAY002841,O002841,Apple Pay,298.97,Paid
PAY002842,O002842,Card,652.82,Failed
PAY002843,O002843,Card,401.34,Paid
PAY002844,O002844,Card,12.15,Paid
PAY002845,O002845,Card,233.46,Paid
PAY002846,O002846,PayPal,1974.7,Paid
PAY002847,O002847,Card,1903.4,Paid
PAY002848,O002848,PayPal,502.09,Paid
PAY002849,O002849,Card,634.87,Paid
PAY002850,O002850,Card,1801.28,Paid
PAY002851,O002851,Google Pay,465.78,Paid
PAY002852,O002852,PayPal,1034.08,Paid
PAY002853,O002853,Card,1032.77,Refunded
PAY002854,O002854,Card,855.05,Paid
PAY002855,O002855,Card,521.08,Paid
PAY002856,O002856,Card,478.07,Paid
PAY002857,O002857,PayPal,167.32,Paid
PAY002858,O002858,Card,235.65,Paid
PAY002859,O002859,Apple Pay,54.8,Paid
PAY002860,O002860,Apple Pay,268.92,Paid
PAY002861,O002861,Card,536.03,Paid
PAY002862,O002862,Card,136.55,Paid
PAY002863,O002863,Card,282.23,Refunded
PAY002864,O002864,Card,302.51,Paid
PAY002865,O002865,Google Pay,273.69,Paid
PAY002866,O002866,Card,1319.15,Paid
PAY002867,O002867,Card,197.02,Paid
PAY002868,O002868,Card,14.27,Paid
PAY002869,O002869,Card,293.2,Paid
PAY002870,O002870,Card,249.76,Paid
PAY002871,O002871,Card,590.65,Paid
PAY002872,O002872,Card,930.36,Paid
PAY002873,O002873,Apple Pay,1132.58,Paid
PAY002874,O002874,Card,132.3,Paid
PAY002875,O002875,PayPal,770.26,Paid
PAY002876,O002876,Card,1420.06,Paid
PAY002877,O002877,Card,377.86,Paid
PAY002878,O002878,PayPal,182.15,Paid
PAY002879,O002879,Card,435.42,Paid
PAY002880,O002880,PayPal,2148.02,Paid
PAY002881,O002881,Google Pay,928.04,Paid
PAY002882,O002882,Card,219.92,Paid
PAY002883,O002883,Card,688.45,Paid
PAY002884,O002884,Google Pay,823.45,Refunded
PAY002885,O002885,Card,1741.32,Paid
PAY002886,O002886,Card,1341.68,Paid
PAY002887,O002887,Google Pay,509.81,Paid
PAY002888,O002888,Card,693.11,Paid
PAY002889,O002889,PayPal,128.9,Paid
PAY002890,O002890,Google Pay,53.16,Paid
PAY002891,O002891,Card,25.86,Paid
PAY002892,O002892,PayPal,617.17,Paid
PAY002893,O002893,Apple Pay,1265.17,Paid
PAY002894,O002894,Apple Pay,372.7,Paid
PAY002895,O002895,Card,207.32,Paid
PAY002896,O002896,Card,1282.59,Paid
PAY002897,O002897,Google Pay,460.74,Paid
PAY002898,O002898,Card,274.63,Paid
PAY002899,O002899,Card,722.33,Paid
PAY002900,O002900,Apple Pay,1166.41,Paid
PAY002901,O002901,Card,684.24,Paid
PAY002902,O002902,Apple Pay,32.28,Paid
PAY002903,O002903,Google Pay,163.25,Paid
PAY002904,O002904,Card,1355.59,Paid
PAY002905,O002905,Card,421.89,Paid
PAY002906,O002906,Card,111.8,Paid
PAY002907,O002907,Card,663.07,Paid
PAY002908,O002908,Apple Pay,139.06,Paid
PAY002909,O002909,PayPal,470.08,Paid
PAY002910,O002910,Apple Pay,694.22,Paid
PAY002911,O002911,Card,619.82,Paid
PAY002912,O002912,PayPal,193.47,Failed
PAY002913,O002913,Card,2357.15,Refunded
PAY002914,O002914,Card,446.84,Paid
PAY002915,O002915,Card,1320.72,Paid
PAY002916,O002916,Card,97.17,Paid
PAY002917,O002917,Card,151.55,Paid
PAY002918,O002918,PayPal,342.96,Paid
PAY002919,O002919,Apple Pay,1391.3,Paid
PAY002920,O002920,PayPal,1268.01,Paid
PAY002921,O002921,Apple Pay,151.55,Paid
PAY002922,O002922,Google Pay,1166.48,Paid
PAY002923,O002923,PayPal,907.57,Paid
PAY002924,O002924,Card,459.55,Paid
PAY002925,O002925,Card,2702.75,Paid
PAY002926,O002926,Card,663.39,Paid
PAY002927,O002927,Card,683.6,Paid
PAY002928,O002928,Apple Pay,930.62,Paid
PAY002929,O002929,Apple Pay,770.26,Paid
PAY002930,O002930,Card,196.75,Paid
PAY002931,O002931,Card,582.9,Paid
PAY002932,O002932,Google Pay,2324.21,Paid
PAY002933,O002933,Google Pay,571.19,Paid
PAY002934,O002934,Card,1365.59,Paid
PAY002935,O002935,Card,489.26,Paid
PAY002936,O002936,Card,851.67,Paid
PAY002937,O002937,PayPal,200.8,Paid
PAY002938,O002938,Apple Pay,190.66,Paid
PAY002939,O002939,Card,312.19,Paid
PAY002940,O002940,PayPal,549.89,Paid
PAY002941,O002941,Card,1198.52,Paid
PAY002942,O002942,Card,257.37,Paid
PAY002943,O002943,Apple Pay,1929.45,Paid
PAY002944,O002944,Google Pay,336.28,Paid
PAY002945,O002945,Apple Pay,775.23,Paid
PAY002946,O002946,Card,1987.97,Paid
PAY002947,O002947,Card,109.72,Paid
PAY002948,O002948,Apple Pay,337.2,Paid
PAY002949,O002949,Card,459.97,Paid
PAY002950,O002950,Card,326.39,Paid
PAY002951,O002951,PayPal,1192.25,Paid
PAY002952,O002952,Card,429.39,Paid
PAY002953,O002953,Apple Pay,1151.66,Paid
PAY002954,O002954,Apple Pay,1550.46,Paid
PAY002955,O002955,Card,65.98,Failed
PAY002956,O002956,Google Pay,412.7,Paid
PAY002957,O002957,Apple Pay,504.04,Paid
PAY002958,O002958,PayPal,63.84,Paid
PAY002959,O002959,PayPal,1296.99,Paid
PAY002960,O002960,PayPal,544.11,Paid
PAY002961,O002961,PayPal,644.76,Failed
PAY002962,O002962,PayPal,1115.38,Paid
PAY002963,O002963,Card,931.91,Paid
PAY002964,O002964,Apple Pay,351.8,Paid
PAY002965,O002965,Apple Pay,703.06,Paid
PAY002966,O002966,PayPal,1023.68,Paid
PAY002967,O002967,Google Pay,604.46,Paid
PAY002968,O002968,Card,90.81,Paid
PAY002969,O002969,Google Pay,1057.46,Paid
PAY002970,O002970,Google Pay,185.74,Paid
PAY002971,O002971,PayPal,536.03,Paid
PAY002972,O002972,PayPal,479.15,Paid
PAY002973,O002973,Card,144.38,Paid
PAY002974,O002974,Card,637.26,Paid
PAY002975,O002975,PayPal,982.97,Paid
PAY002976,O002976,Card,1058.92,Paid
PAY002977,O002977,Apple Pay,781.5,Paid
PAY002978,O002978,Card,13.87,Paid
PAY002979,O002979,Card,644.24,Paid
PAY002980,O002980,Card,218.68,Paid
PAY002981,O002981,Card,1208.18,Paid
PAY002982,O002982,Card,687.14,Paid
PAY002983,O002983,Card,312.95,Paid
PAY002984,O002984,Card,187.79,Paid
PAY002985,O002985,Card,1218.7,Paid
PAY002986,O002986,Apple Pay,288.92,Paid
PAY002987,O002987,Card,813.48,Paid
PAY002988,O002988,Card,469.8,Paid
PAY002989,O002989,Card,443.12,Paid
PAY002990,O002990,Apple Pay,942.76,Paid
PAY002991,O002991,Card,1363.27,Paid
PAY002992,O002992,Card,355.91,Paid
PAY002993,O002993,Card,39.48,Paid
PAY002994,O002994,Apple Pay,512.27,Paid
PAY002995,O002995,Card,1435.04,Paid
PAY002996,O002996,Card,250.34,Paid
PAY002997,O002997,PayPal,497.3,Paid
PAY002998,O002998,Apple Pay,360.43,Paid
PAY002999,O002999,Card,751.85,Paid
PAY003000,O003000,PayPal,316.35,Paid
PAY003001,O003001,Google Pay,60.74,Paid
PAY003002,O003002,Google Pay,563.73,Paid
PAY003003,O003003,Google Pay,417.96,Paid
PAY003004,O003004,Card,1764.15,Paid
PAY003005,O003005,Card,34.06,Paid
PAY003006,O003006,Card,843.34,Paid
PAY003007,O003007,Card,648.62,Refunded
PAY003008,O003008,PayPal,722.33,Paid
PAY003009,O003009,Card,143.51,Paid
PAY003010,O003010,Card,21.22,Paid
PAY003011,O003011,Apple Pay,69.69,Paid
PAY003012,O003012,Card,603.95,Paid
PAY003013,O003013,Card,445.28,Paid
PAY003014,O003014,Card,1504.85,Paid
PAY003015,O003015,PayPal,993.49,Paid
PAY003016,O003016,Google Pay,397.16,Paid
PAY003017,O003017,Card,235.86,Paid
PAY003018,O003018,Card,239.43,Paid
PAY003019,O003019,Card,1503.06,Paid
PAY003020,O003020,PayPal,186.02,Paid
PAY003021,O003021,Card,128.56,Paid
PAY003022,O003022,Card,173.04,Paid
PAY003023,O003023,Card,1998.68,Paid
PAY003024,O003024,Google Pay,85.04,Paid
PAY003025,O003025,Google Pay,49.55,Paid
PAY003026,O003026,Card,1088.13,Paid
PAY003027,O003027,Card,225.42,Paid
PAY003028,O003028,Card,284.64,Paid
PAY003029,O003029,Card,714.12,Paid
PAY003030,O003030,Card,770.58,Paid
PAY003031,O003031,Card,288.52,Paid
PAY003032,O003032,Card,236.63,Paid
PAY003033,O003033,Card,368.16,Paid
PAY003034,O003034,Card,765.23,Paid
PAY003035,O003035,Card,1367.46,Paid
PAY003036,O003036,Card,782.53,Paid
PAY003037,O003037,Card,337.4,Paid
PAY003038,O003038,Card,503.1,Paid
PAY003039,O003039,Google Pay,796.24,Paid
PAY003040,O003040,Google Pay,872.55,Paid
PAY003041,O003041,PayPal,738.55,Paid
PAY003042,O003042,Card,1430.61,Paid
PAY003043,O003043,Apple Pay,98.86,Paid
PAY003044,O003044,Card,1352.9,Paid
PAY003045,O003045,Card,677.61,Paid
PAY003046,O003046,PayPal,264.81,Paid
PAY003047,O003047,Card,544.79,Paid
PAY003048,O003048,Google Pay,1646.07,Paid
PAY003049,O003049,Apple Pay,98.71,Paid
PAY003050,O003050,Card,997.28,Paid
PAY003051,O003051,Card,639.01,Failed
PAY003052,O003052,PayPal,902.62,Paid
PAY003053,O003053,PayPal,1064.22,Paid
PAY003054,O003054,Card,338.92,Paid
PAY003055,O003055,Apple Pay,554.77,Paid
PAY003056,O003056,PayPal,5485.81,Paid
PAY003057,O003057,Card,727.82,Paid
PAY003058,O003058,Card,751.48,Paid
PAY003059,O003059,Google Pay,236.58,Paid
PAY003060,O003060,Apple Pay,342.13,Paid
PAY003061,O003061,Card,21.72,Paid
PAY003062,O003062,Apple Pay,1217.46,Paid
PAY003063,O003063,Card,1812.61,Paid
PAY003064,O003064,PayPal,301.4,Failed
PAY003065,O003065,Apple Pay,722.83,Paid
PAY003066,O003066,Card,372.84,Paid
PAY003067,O003067,Card,214.16,Paid
PAY003068,O003068,Card,915.45,Paid
PAY003069,O003069,Google Pay,743.58,Paid
PAY003070,O003070,Card,249.95,Paid
PAY003071,O003071,Card,2523.38,Paid
PAY003072,O003072,Card,27.69,Paid
PAY003073,O003073,Apple Pay,703.64,Paid
PAY003074,O003074,Google Pay,215.46,Paid
PAY003075,O003075,Apple Pay,456.83,Paid
PAY003076,O003076,PayPal,322.67,Paid
PAY003077,O003077,Card,1443.71,Paid
PAY003078,O003078,Card,707.01,Paid
PAY003079,O003079,PayPal,841.6,Paid
PAY003080,O003080,Card,1666.89,Paid
PAY003081,O003081,Card,767.24,Paid
PAY003082,O003082,Apple Pay,15.65,Paid
PAY003083,O003083,Card,311.3,Failed
PAY003084,O003084,PayPal,326.1,Paid
PAY003085,O003085,Card,655.06,Paid
PAY003086,O003086,Google Pay,212.7,Paid
PAY003087,O003087,Apple Pay,637.52,Paid
PAY003088,O003088,Card,935.36,Paid
PAY003089,O003089,Card,1257.33,Paid
PAY003090,O003090,Card,542.45,Paid
PAY003091,O003091,Apple Pay,401.41,Paid
PAY003092,O003092,Card,385.47,Refunded
PAY003093,O003093,Google Pay,202.7,Paid
PAY003094,O003094,PayPal,438.82,Paid
PAY003095,O003095,Card,327.59,Paid
PAY003096,O003096,Card,377.86,Paid
PAY003097,O003097,Apple Pay,711.92,Paid
PAY003098,O003098,Google Pay,1213.55,Paid
PAY003099,O003099,Card,11.01,Paid
PAY003100,O003100,PayPal,1242.07,Failed
PAY003101,O003101,Card,376.7,Paid
PAY003102,O003102,Card,660.74,Paid
PAY003103,O003103,Apple Pay,1356.46,Paid
PAY003104,O003104,Card,1065.77,Paid
PAY003105,O003105,Card,527.89,Paid
PAY003106,O003106,Card,845.84,Paid
PAY003107,O003107,Card,120.83,Paid
PAY003108,O003108,Apple Pay,27.69,Paid
PAY003109,O003109,Card,360.16,Paid
PAY003110,O003110,PayPal,2297.22,Paid
PAY003111,O003111,Card,2044.87,Paid
PAY003112,O003112,Card,40.74,Paid
PAY003113,O003113,Card,1008.61,Paid
PAY003114,O003114,Card,387.19,Paid
PAY003115,O003115,PayPal,734.66,Paid
PAY003116,O003116,Card,243.64,Paid
PAY003117,O003117,Google Pay,1421.91,Paid
PAY003118,O003118,Card,60.9,Paid
PAY003119,O003119,Card,487.65,Failed
PAY003120,O003120,PayPal,416.98,Paid
PAY003121,O003121,PayPal,299.17,Paid
PAY003122,O003122,Card,116.85,Paid
PAY003123,O003123,Apple Pay,22.32,Paid
PAY003124,O003124,Card,1512.77,Paid
PAY003125,O003125,Apple Pay,76.79,Paid
PAY003126,O003126,Card,277.29,Paid
PAY003127,O003127,Card,2660.14,Paid
PAY003128,O003128,Card,993.92,Paid
PAY003129,O003129,Card,546.03,Paid
PAY003130,O003130,Card,1628.37,Paid
PAY003131,O003131,Card,450.26,Paid
PAY003132,O003132,Card,91.74,Failed
PAY003133,O003133,Apple Pay,2381.5,Paid
PAY003134,O003134,Card,624.03,Failed
PAY003135,O003135,Apple Pay,805.48,Paid
PAY003136,O003136,Apple Pay,523.95,Paid
PAY003137,O003137,Card,183.56,Paid
PAY003138,O003138,Card,777.42,Paid
PAY003139,O003139,Card,1040.1,Paid
PAY003140,O003140,Card,614.76,Paid
PAY003141,O003141,Card,1003.62,Paid
PAY003142,O003142,Card,1148.14,Paid
PAY003143,O003143,PayPal,1608.09,Paid
PAY003144,O003144,Card,96.85,Paid
PAY003145,O003145,Card,647.08,Paid
PAY003146,O003146,Card,120.92,Paid
PAY003147,O003147,Card,606.67,Paid
PAY003148,O003148,Apple Pay,1055.4,Paid
PAY003149,O003149,Apple Pay,898.44,Failed
PAY003150,O003150,Google Pay,2199.37,Paid
PAY003151,O003151,PayPal,1288.35,Paid
PAY003152,O003152,Google Pay,1213.86,Paid
PAY003153,O003153,Card,284.88,Paid
PAY003154,O003154,Card,1729.48,Paid
PAY003155,O003155,Card,1341.76,Paid
PAY003156,O003156,Card,611.11,Paid
PAY003157,O003157,Card,633.41,Paid
PAY003158,O003158,PayPal,150.19,Paid
PAY003159,O003159,Google Pay,651.55,Paid
PAY003160,O003160,PayPal,789.88,Paid
PAY003161,O003161,PayPal,73.91,Paid
PAY003162,O003162,Apple Pay,471.09,Paid
PAY003163,O003163,Google Pay,1066.73,Paid
PAY003164,O003164,Card,116.84,Paid
PAY003165,O003165,Apple Pay,92.55,Paid
PAY003166,O003166,Card,939.26,Failed
PAY003167,O003167,Card,1406.69,Paid
PAY003168,O003168,Apple Pay,385.26,Paid
PAY003169,O003169,Card,1029.62,Paid
PAY003170,O003170,PayPal,2120.55,Paid
PAY003171,O003171,Card,656.62,Paid
PAY003172,O003172,Apple Pay,665.68,Paid
PAY003173,O003173,Card,1381.11,Failed
PAY003174,O003174,PayPal,506.27,Paid
PAY003175,O003175,Google Pay,1357.35,Paid
PAY003176,O003176,Card,470.08,Paid
PAY003177,O003177,Card,1398.89,Failed
PAY003178,O003178,Apple Pay,831.8,Paid
PAY003179,O003179,Apple Pay,358.74,Paid
PAY003180,O003180,Card,348.85,Paid
PAY003181,O003181,PayPal,74.53,Failed
PAY003182,O003182,Card,2648.74,Paid
PAY003183,O003183,Card,482.05,Paid
PAY003184,O003184,Card,525.49,Paid
PAY003185,O003185,PayPal,948.63,Paid
PAY003186,O003186,Card,1188.66,Paid
PAY003187,O003187,Card,811.09,Paid
PAY003188,O003188,Google Pay,662.06,Paid
PAY003189,O003189,Card,352.66,Paid
PAY003190,O003190,PayPal,290.36,Paid
PAY003191,O003191,Apple Pay,1587.45,Paid
PAY003192,O003192,Google Pay,761.1,Paid
PAY003193,O003193,Google Pay,249.8,Paid
PAY003194,O003194,Card,493.8,Paid
PAY003195,O003195,Card,285.38,Paid
PAY003196,O003196,PayPal,1174.12,Paid
PAY003197,O003197,PayPal,9.52,Paid
PAY003198,O003198,Card,275.33,Paid
PAY003199,O003199,Card,229.16,Paid
PAY003200,O003200,Card,668.67,Paid
PAY003201,O003201,PayPal,984.14,Paid
PAY003202,O003202,Apple Pay,145.19,Paid
PAY003203,O003203,Card,138.02,Paid
PAY003204,O003204,PayPal,252.14,Paid
PAY003205,O003205,Apple Pay,218.17,Paid
PAY003206,O003206,PayPal,307.41,Paid
PAY003207,O003207,Apple Pay,1929.25,Paid
PAY003208,O003208,Apple Pay,197.02,Paid
PAY003209,O003209,Card,2148.15,Paid
PAY003210,O003210,Card,59.19,Paid
PAY003211,O003211,Card,133.32,Paid
PAY003212,O003212,Card,301.4,Paid
PAY003213,O003213,Card,545.08,Paid
PAY003214,O003214,Card,235.99,Paid
PAY003215,O003215,Apple Pay,628.89,Paid
PAY003216,O003216,PayPal,874.15,Paid
PAY003217,O003217,Apple Pay,1036.37,Paid
PAY003218,O003218,Apple Pay,304.52,Paid
PAY003219,O003219,Card,963.63,Paid
PAY003220,O003220,Card,505.33,Paid
PAY003221,O003221,Card,218.7,Paid
PAY003222,O003222,Card,828.41,Paid
PAY003223,O003223,Google Pay,1326.21,Paid
PAY003224,O003224,Card,239.6,Paid
PAY003225,O003225,Card,158.14,Paid
PAY003226,O003226,Card,308.93,Paid
PAY003227,O003227,Apple Pay,219.94,Paid
PAY003228,O003228,PayPal,1062.16,Paid
PAY003229,O003229,Card,1818.6,Paid
PAY003230,O003230,Card,1029.83,Paid
PAY003231,O003231,Apple Pay,831.37,Paid
PAY003232,O003232,Card,144.25,Paid
PAY003233,O003233,Card,1270.29,Paid
PAY003234,O003234,Card,927.48,Paid
PAY003235,O003235,PayPal,352.33,Paid
PAY003236,O003236,PayPal,273.4,Paid
PAY003237,O003237,Card,54.01,Paid
PAY003238,O003238,Card,119.19,Paid
PAY003239,O003239,Card,346.7,Paid
PAY003240,O003240,Apple Pay,468.34,Paid
PAY003241,O003241,PayPal,1190.16,Paid
PAY003242,O003242,Apple Pay,747.99,Paid
PAY003243,O003243,Apple Pay,2043.03,Paid
PAY003244,O003244,Google Pay,1667.05,Paid
PAY003245,O003245,PayPal,483.19,Paid
PAY003246,O003246,PayPal,466.22,Paid
PAY003247,O003247,Google Pay,832.36,Paid
PAY003248,O003248,Card,642.11,Paid
PAY003249,O003249,PayPal,232.4,Paid
PAY003250,O003250,PayPal,283.69,Paid
PAY003251,O003251,Google Pay,58.92,Paid
PAY003252,O003252,Card,444.9,Paid
PAY003253,O003253,Card,1416.0,Paid
PAY003254,O003254,Google Pay,1256.02,Paid
PAY003255,O003255,Card,874.98,Paid
PAY003256,O003256,Apple Pay,321.03,Paid
PAY003257,O003257,PayPal,662.54,Failed
PAY003258,O003258,Card,687.83,Paid
PAY003259,O003259,Card,201.95,Paid
PAY003260,O003260,Card,474.2,Paid
PAY003261,O003261,PayPal,1057.66,Paid
PAY003262,O003262,Card,11.01,Paid
PAY003263,O003263,Card,902.86,Paid
PAY003264,O003264,PayPal,104.19,Paid
PAY003265,O003265,PayPal,81.79,Paid
PAY003266,O003266,Apple Pay,387.19,Paid
PAY003267,O003267,PayPal,129.98,Paid
PAY003268,O003268,Google Pay,801.42,Paid
PAY003269,O003269,Google Pay,128.58,Paid
PAY003270,O003270,Apple Pay,464.7,Paid
PAY003271,O003271,Card,405.28,Paid
PAY003272,O003272,Google Pay,304.06,Paid
PAY003273,O003273,Apple Pay,174.06,Paid
PAY003274,O003274,Apple Pay,217.04,Paid
PAY003275,O003275,Card,31.33,Paid
PAY003276,O003276,Card,42.04,Paid
PAY003277,O003277,Card,538.9,Paid
PAY003278,O003278,Card,666.35,Paid
PAY003279,O003279,Card,1116.34,Paid
PAY003280,O003280,Card,109.1,Paid
PAY003281,O003281,Card,265.62,Paid
PAY003282,O003282,Card,620.25,Refunded
PAY003283,O003283,Card,587.91,Paid
PAY003284,O003284,Card,296.61,Paid
PAY003285,O003285,PayPal,144.38,Paid
PAY003286,O003286,Card,1913.57,Paid
PAY003287,O003287,Apple Pay,992.11,Refunded
PAY003288,O003288,Card,113.86,Paid
PAY003289,O003289,Card,64.52,Paid
PAY003290,O003290,Card,78.75,Paid
PAY003291,O003291,Card,1368.7,Paid
PAY003292,O003292,Apple Pay,1251.29,Failed
PAY003293,O003293,PayPal,1136.0,Paid
PAY003294,O003294,PayPal,2011.53,Paid
PAY003295,O003295,Google Pay,2890.89,Paid
PAY003296,O003296,Apple Pay,724.24,Paid
PAY003297,O003297,Card,359.38,Paid
PAY003298,O003298,Card,202.42,Paid
PAY003299,O003299,Card,1869.11,Paid
PAY003300,O003300,Card,709.15,Paid
PAY003301,O003301,Card,356.12,Paid
PAY003302,O003302,Card,322.4,Paid
PAY003303,O003303,Card,1371.32,Paid
PAY003304,O003304,Apple Pay,626.62,Failed
PAY003305,O003305,Card,1357.42,Paid
PAY003306,O003306,Card,211.88,Paid
PAY003307,O003307,Card,648.3,Paid
PAY003308,O003308,PayPal,949.96,Paid
PAY003309,O003309,Card,381.06,Paid
PAY003310,O003310,Apple Pay,1880.21,Paid
PAY003311,O003311,Card,1148.42,Paid
PAY003312,O003312,Apple Pay,1114.76,Paid
PAY003313,O003313,PayPal,1090.92,Paid
PAY003314,O003314,Card,199.3,Refunded
PAY003315,O003315,Card,980.98,Paid
PAY003316,O003316,Card,591.54,Paid
PAY003317,O003317,Google Pay,386.81,Paid
PAY003318,O003318,Card,879.53,Paid
PAY003319,O003319,PayPal,1545.9,Paid
PAY003320,O003320,Card,722.02,Paid
PAY003321,O003321,PayPal,1009.42,Paid
PAY003322,O003322,Card,143.1,Paid
PAY003323,O003323,PayPal,165.0,Paid
PAY003324,O003324,Card,974.35,Paid
PAY003325,O003325,Card,195.97,Paid
PAY003326,O003326,Card,1033.06,Refunded
PAY003327,O003327,Card,194.62,Paid
PAY003328,O003328,Google Pay,930.66,Paid
PAY003329,O003329,Apple Pay,106.84,Paid
PAY003330,O003330,Card,514.37,Paid
PAY003331,O003331,Card,688.44,Paid
PAY003332,O003332,PayPal,326.2,Paid
PAY003333,O003333,PayPal,423.59,Paid
PAY003334,O003334,Card,856.45,Paid
PAY003335,O003335,Card,720.1,Paid
PAY003336,O003336,Card,426.84,Paid
PAY003337,O003337,PayPal,92.45,Paid
PAY003338,O003338,Card,1817.43,Paid
PAY003339,O003339,Card,1465.22,Paid
PAY003340,O003340,Apple Pay,334.26,Paid
PAY003341,O003341,Apple Pay,223.09,Paid
PAY003342,O003342,PayPal,823.07,Paid
PAY003343,O003343,Apple Pay,475.23,Paid
PAY003344,O003344,Card,1303.24,Paid
PAY003345,O003345,Google Pay,383.8,Paid
PAY003346,O003346,Card,626.03,Paid
PAY003347,O003347,Card,108.32,Paid
PAY003348,O003348,Card,624.36,Paid
PAY003349,O003349,Card,231.32,Paid
PAY003350,O003350,Card,495.74,Paid
PAY003351,O003351,Card,149.06,Paid
PAY003352,O003352,Apple Pay,1656.47,Paid
PAY003353,O003353,PayPal,408.28,Paid
PAY003354,O003354,Google Pay,210.49,Paid
PAY003355,O003355,Card,724.01,Paid
PAY003356,O003356,Card,2361.03,Paid
PAY003357,O003357,Card,1952.39,Paid
PAY003358,O003358,PayPal,2352.88,Paid
PAY003359,O003359,Google Pay,2396.34,Paid
PAY003360,O003360,Card,296.4,Paid
PAY003361,O003361,Apple Pay,278.69,Refunded
PAY003362,O003362,Card,929.12,Paid
PAY003363,O003363,Card,309.94,Paid
PAY003364,O003364,Apple Pay,98.75,Paid
PAY003365,O003365,PayPal,800.88,Paid
PAY003366,O003366,PayPal,305.96,Paid
PAY003367,O003367,Google Pay,760.23,Paid
PAY003368,O003368,Card,347.43,Paid
PAY003369,O003369,Card,351.24,Paid
PAY003370,O003370,Apple Pay,2044.78,Paid
PAY003371,O003371,PayPal,850.1,Paid
PAY003372,O003372,Card,154.82,Failed
PAY003373,O003373,Card,2467.14,Paid
PAY003374,O003374,Apple Pay,1305.04,Paid
PAY003375,O003375,Google Pay,549.79,Paid
PAY003376,O003376,Apple Pay,1496.53,Paid
PAY003377,O003377,Card,269.65,Paid
PAY003378,O003378,Google Pay,1519.59,Failed
PAY003379,O003379,PayPal,101.09,Paid
PAY003380,O003380,Card,101.46,Paid
PAY003381,O003381,PayPal,43.83,Paid
PAY003382,O003382,Card,1481.7,Paid
PAY003383,O003383,PayPal,669.82,Paid
PAY003384,O003384,Card,293.43,Paid
PAY003385,O003385,Card,896.17,Paid
PAY003386,O003386,Apple Pay,2688.48,Paid
PAY003387,O003387,Apple Pay,285.66,Paid
PAY003388,O003388,Card,564.22,Paid
PAY003389,O003389,Apple Pay,113.37,Paid
PAY003390,O003390,Card,1382.3,Paid
PAY003391,O003391,Card,27.56,Paid
PAY003392,O003392,Google Pay,436.96,Paid
PAY003393,O003393,Card,167.63,Paid
PAY003394,O003394,PayPal,1406.16,Paid
PAY003395,O003395,Google Pay,1198.29,Paid
PAY003396,O003396,PayPal,320.85,Paid
PAY003397,O003397,Card,1670.98,Paid
PAY003398,O003398,PayPal,860.17,Paid
PAY003399,O003399,Card,111.22,Paid
PAY003400,O003400,Card,368.6,Paid
PAY003401,O003401,Card,959.12,Paid
PAY003402,O003402,Card,519.15,Paid
PAY003403,O003403,Apple Pay,806.79,Paid
PAY003404,O003404,Card,267.62,Paid
PAY003405,O003405,PayPal,440.81,Paid
PAY003406,O003406,PayPal,20.86,Paid
PAY003407,O003407,PayPal,365.19,Paid
PAY003408,O003408,Google Pay,1171.1,Paid
PAY003409,O003409,Card,808.16,Paid
PAY003410,O003410,Card,1389.2,Paid
PAY003411,O003411,PayPal,340.86,Paid
PAY003412,O003412,PayPal,167.5,Paid
PAY003413,O003413,Card,786.57,Paid
PAY003414,O003414,Apple Pay,607.01,Failed
PAY003415,O003415,Google Pay,542.76,Paid
PAY003416,O003416,Card,671.83,Paid
PAY003417,O003417,Card,420.42,Paid
PAY003418,O003418,Apple Pay,963.63,Paid
PAY003419,O003419,Card,764.23,Failed
PAY003420,O003420,Card,174.98,Paid
PAY003421,O003421,PayPal,97.17,Paid
PAY003422,O003422,Apple Pay,1020.59,Paid
PAY003423,O003423,Apple Pay,199.72,Paid
PAY003424,O003424,Apple Pay,395.39,Paid
PAY003425,O003425,Card,1438.63,Paid
PAY003426,O003426,Card,500.31,Paid
PAY003427,O003427,Card,548.61,Failed
PAY003428,O003428,PayPal,485.0,Paid
PAY003429,O003429,PayPal,226.44,Paid
PAY003430,O003430,Card,393.42,Paid
PAY003431,O003431,Google Pay,552.4,Paid
PAY003432,O003432,Google Pay,730.7,Paid
PAY003433,O003433,Card,740.38,Paid
PAY003434,O003434,Card,336.18,Paid
PAY003435,O003435,PayPal,437.87,Paid
PAY003436,O003436,Google Pay,232.92,Paid
PAY003437,O003437,Apple Pay,933.77,Paid
PAY003438,O003438,Apple Pay,538.03,Paid
PAY003439,O003439,Apple Pay,377.98,Paid
PAY003440,O003440,Card,884.72,Paid
PAY003441,O003441,Card,94.19,Paid
PAY003442,O003442,Card,1898.46,Paid
PAY003443,O003443,PayPal,307.8,Paid
PAY003444,O003444,Apple Pay,50.82,Paid
PAY003445,O003445,Google Pay,843.97,Paid
PAY003446,O003446,Card,408.86,Paid
PAY003447,O003447,Card,690.25,Paid
PAY003448,O003448,Card,107.92,Paid
PAY003449,O003449,Apple Pay,1499.48,Paid
PAY003450,O003450,Apple Pay,1169.54,Paid
PAY003451,O003451,Card,786.84,Paid
PAY003452,O003452,Google Pay,103.04,Paid
PAY003453,O003453,PayPal,191.92,Paid
PAY003454,O003454,Card,709.89,Paid
PAY003455,O003455,Apple Pay,2212.57,Failed
PAY003456,O003456,Card,1143.15,Failed
PAY003457,O003457,Card,565.2,Paid
PAY003458,O003458,Card,555.92,Paid
PAY003459,O003459,PayPal,341.8,Paid
PAY003460,O003460,Google Pay,761.54,Paid
PAY003461,O003461,Card,507.98,Failed
PAY003462,O003462,Google Pay,246.9,Paid
PAY003463,O003463,Google Pay,646.53,Paid
PAY003464,O003464,Card,1414.65,Paid
PAY003465,O003465,PayPal,2034.41,Failed
PAY003466,O003466,PayPal,363.52,Paid
PAY003467,O003467,Apple Pay,980.04,Paid
PAY003468,O003468,Card,311.32,Refunded
PAY003469,O003469,Card,2509.38,Paid
PAY003470,O003470,Google Pay,113.3,Paid
PAY003471,O003471,Card,145.83,Paid
PAY003472,O003472,Card,78.14,Paid
PAY003473,O003473,PayPal,614.29,Paid
PAY003474,O003474,Card,673.21,Paid
PAY003475,O003475,Card,1805.43,Paid
PAY003476,O003476,Google Pay,53.56,Paid
PAY003477,O003477,Card,173.91,Paid
PAY003478,O003478,Card,1098.63,Paid
PAY003479,O003479,Card,234.6,Paid
PAY003480,O003480,Google Pay,400.44,Paid
PAY003481,O003481,Card,1507.94,Paid
PAY003482,O003482,Card,599.52,Paid
PAY003483,O003483,PayPal,109.6,Paid
PAY003484,O003484,Card,569.83,Failed
PAY003485,O003485,PayPal,1117.29,Paid
PAY003486,O003486,Card,431.6,Paid
PAY003487,O003487,PayPal,232.88,Paid
PAY003488,O003488,Card,519.12,Paid
PAY003489,O003489,Card,930.29,Paid
PAY003490,O003490,Google Pay,218.53,Paid
PAY003491,O003491,PayPal,649.62,Paid
PAY003492,O003492,Card,602.14,Paid
PAY003493,O003493,Card,1433.74,Paid
PAY003494,O003494,PayPal,1735.41,Paid
PAY003495,O003495,Card,309.38,Paid
PAY003496,O003496,Card,438.92,Paid
PAY003497,O003497,Apple Pay,270.66,Paid
PAY003498,O003498,Google Pay,93.84,Failed
PAY003499,O003499,Google Pay,1067.22,Paid
PAY003500,O003500,Apple Pay,436.34,Paid
PAY003501,O003501,Card,1446.74,Paid
PAY003502,O003502,PayPal,667.45,Paid
PAY003503,O003503,Apple Pay,1617.64,Paid
PAY003504,O003504,Google Pay,278.76,Paid
PAY003505,O003505,Google Pay,687.73,Paid
PAY003506,O003506,Google Pay,561.29,Paid
PAY003507,O003507,Card,1263.56,Paid
PAY003508,O003508,Apple Pay,1404.64,Paid
PAY003509,O003509,Card,189.64,Paid
PAY003510,O003510,Card,600.11,Paid
PAY003511,O003511,Apple Pay,484.92,Paid
PAY003512,O003512,Card,1145.55,Paid
PAY003513,O003513,Card,875.44,Paid
PAY003514,O003514,Card,406.35,Paid
PAY003515,O003515,Apple Pay,460.26,Paid
PAY003516,O003516,Card,208.45,Failed
PAY003517,O003517,Google Pay,479.77,Paid
PAY003518,O003518,Google Pay,23.18,Paid
PAY003519,O003519,PayPal,726.41,Paid
PAY003520,O003520,Card,1482.36,Paid
PAY003521,O003521,Apple Pay,595.21,Paid
PAY003522,O003522,PayPal,503.07,Paid
PAY003523,O003523,Card,3327.0,Paid
PAY003524,O003524,Apple Pay,1016.78,Paid
PAY003525,O003525,Card,680.97,Paid
PAY003526,O003526,Apple Pay,904.2,Paid
PAY003527,O003527,PayPal,466.38,Paid
PAY003528,O003528,Card,296.9,Paid
PAY003529,O003529,Card,334.44,Paid
PAY003530,O003530,Card,779.95,Paid
PAY003531,O003531,Card,159.72,Paid
PAY003532,O003532,Card,574.86,Paid
PAY003533,O003533,Card,679.15,Paid
PAY003534,O003534,Google Pay,1406.26,Paid
PAY003535,O003535,Card,551.9,Paid
PAY003536,O003536,Google Pay,1918.96,Paid
PAY003537,O003537,Card,340.42,Paid
PAY003538,O003538,Card,907.3,Paid
PAY003539,O003539,Card,1605.47,Failed
PAY003540,O003540,Card,2527.08,Paid
PAY003541,O003541,PayPal,862.74,Paid
PAY003542,O003542,Card,59.62,Paid
PAY003543,O003543,PayPal,112.17,Paid
PAY003544,O003544,Card,181.62,Paid
PAY003545,O003545,Google Pay,108.55,Paid
PAY003546,O003546,Card,413.57,Paid
PAY003547,O003547,Google Pay,1331.78,Paid
PAY003548,O003548,Apple Pay,548.66,Paid
PAY003549,O003549,Google Pay,467.11,Paid
PAY003550,O003550,PayPal,65.98,Paid
PAY003551,O003551,Card,462.12,Paid
PAY003552,O003552,Card,164.43,Paid
PAY003553,O003553,Card,18.64,Paid
PAY003554,O003554,PayPal,2978.0,Paid
PAY003555,O003555,PayPal,1123.52,Paid
PAY003556,O003556,Apple Pay,1215.84,Paid
PAY003557,O003557,Card,118.86,Failed
PAY003558,O003558,Card,642.52,Paid
PAY003559,O003559,PayPal,3141.69,Paid
PAY003560,O003560,PayPal,337.96,Paid
PAY003561,O003561,Card,1029.13,Paid
PAY003562,O003562,Apple Pay,576.21,Paid
PAY003563,O003563,Card,164.43,Paid
PAY003564,O003564,Google Pay,241.32,Paid
PAY003565,O003565,Card,954.94,Paid
PAY003566,O003566,Card,947.94,Paid
PAY003567,O003567,Card,125.77,Paid
PAY003568,O003568,PayPal,1648.58,Paid
PAY003569,O003569,Apple Pay,976.15,Paid
PAY003570,O003570,PayPal,136.76,Paid
PAY003571,O003571,Google Pay,140.75,Paid
PAY003572,O003572,Apple Pay,1357.26,Paid
PAY003573,O003573,Card,789.11,Paid
PAY003574,O003574,Card,532.26,Paid
PAY003575,O003575,Card,266.16,Paid
PAY003576,O003576,PayPal,1387.18,Paid
PAY003577,O003577,Card,224.92,Paid
PAY003578,O003578,PayPal,3180.62,Paid
PAY003579,O003579,Google Pay,687.11,Paid
PAY003580,O003580,Google Pay,903.82,Paid
PAY003581,O003581,Card,1420.25,Paid
PAY003582,O003582,Google Pay,814.2,Paid
PAY003583,O003583,Card,2967.96,Paid
PAY003584,O003584,PayPal,231.63,Paid
PAY003585,O003585,Card,911.47,Paid
PAY003586,O003586,Card,1254.45,Paid
PAY003587,O003587,Card,782.16,Paid
PAY003588,O003588,Card,328.19,Paid
PAY003589,O003589,Apple Pay,976.85,Paid
PAY003590,O003590,Card,1907.73,Paid
PAY003591,O003591,PayPal,415.04,Paid
PAY003592,O003592,Card,207.02,Paid
PAY003593,O003593,Card,66.79,Paid
PAY003594,O003594,Card,228.8,Paid
PAY003595,O003595,Card,767.22,Paid
PAY003596,O003596,Apple Pay,3880.11,Paid
PAY003597,O003597,Card,485.92,Failed
PAY003598,O003598,Card,419.07,Paid
PAY003599,O003599,PayPal,780.94,Paid
PAY003600,O003600,Card,589.8,Failed
PAY003601,O003601,Apple Pay,509.12,Paid
PAY003602,O003602,Card,762.21,Paid
PAY003603,O003603,Apple Pay,232.19,Paid
PAY003604,O003604,Card,263.6,Paid
PAY003605,O003605,Google Pay,526.27,Paid
PAY003606,O003606,PayPal,471.38,Failed
PAY003607,O003607,Google Pay,399.32,Paid
PAY003608,O003608,Apple Pay,836.24,Paid
PAY003609,O003609,Apple Pay,0.0,Paid
PAY003610,O003610,Card,355.05,Paid
PAY003611,O003611,PayPal,22.69,Paid
PAY003612,O003612,PayPal,139.38,Paid
PAY003613,O003613,PayPal,431.47,Paid
PAY003614,O003614,Card,226.35,Paid
PAY003615,O003615,Apple Pay,1418.71,Paid
PAY003616,O003616,Card,627.94,Paid
PAY003617,O003617,Card,770.53,Paid
PAY003618,O003618,PayPal,1009.26,Paid
PAY003619,O003619,PayPal,672.45,Paid
PAY003620,O003620,Card,1531.5,Paid
PAY003621,O003621,PayPal,1013.52,Paid
PAY003622,O003622,Google Pay,372.46,Paid
PAY003623,O003623,Card,980.64,Paid
PAY003624,O003624,Card,1266.32,Paid
PAY003625,O003625,PayPal,1068.08,Paid
PAY003626,O003626,Card,140.98,Paid
PAY003627,O003627,Card,195.67,Paid
PAY003628,O003628,Card,465.51,Paid
PAY003629,O003629,Google Pay,307.47,Paid
PAY003630,O003630,Card,536.29,Failed
PAY003631,O003631,Card,663.76,Paid
PAY003632,O003632,Card,316.46,Paid
PAY003633,O003633,Card,928.69,Paid
PAY003634,O003634,PayPal,225.3,Paid
PAY003635,O003635,PayPal,1391.45,Paid
PAY003636,O003636,Google Pay,76.78,Paid
PAY003637,O003637,Card,732.74,Paid
PAY003638,O003638,PayPal,252.8,Paid
PAY003639,O003639,Apple Pay,430.96,Paid
PAY003640,O003640,Apple Pay,750.87,Paid
PAY003641,O003641,PayPal,501.63,Paid
PAY003642,O003642,PayPal,577.26,Paid
PAY003643,O003643,Card,229.16,Paid
PAY003644,O003644,Card,349.59,Paid
PAY003645,O003645,Card,0.0,Paid
PAY003646,O003646,Apple Pay,1074.0,Paid
PAY003647,O003647,Google Pay,114.4,Paid
PAY003648,O003648,Card,236.58,Paid
PAY003649,O003649,Card,216.22,Paid
PAY003650,O003650,Card,209.9,Paid
PAY003651,O003651,Google Pay,474.97,Failed
PAY003652,O003652,Card,282.23,Paid
PAY003653,O003653,Google Pay,2070.48,Paid
PAY003654,O003654,PayPal,1898.41,Paid
PAY003655,O003655,Card,517.13,Paid
PAY003656,O003656,Card,245.98,Paid
PAY003657,O003657,Google Pay,93.66,Paid
PAY003658,O003658,Google Pay,1885.86,Paid
PAY003659,O003659,Card,501.92,Paid
PAY003660,O003660,PayPal,307.65,Paid
PAY003661,O003661,Card,66.15,Paid
PAY003662,O003662,Card,1168.49,Paid
PAY003663,O003663,PayPal,692.82,Paid
PAY003664,O003664,Card,294.24,Paid
PAY003665,O003665,PayPal,872.14,Paid
PAY003666,O003666,PayPal,491.49,Paid
PAY003667,O003667,PayPal,1804.39,Paid
PAY003668,O003668,Card,417.15,Paid
PAY003669,O003669,Apple Pay,36.95,Paid
PAY003670,O003670,Card,229.42,Paid
PAY003671,O003671,Card,1977.84,Paid
PAY003672,O003672,Apple Pay,674.3,Paid
PAY003673,O003673,Card,2327.27,Paid
PAY003674,O003674,Card,51.19,Paid
PAY003675,O003675,Google Pay,237.93,Paid
PAY003676,O003676,PayPal,571.19,Paid
PAY003677,O003677,Card,1602.61,Refunded
PAY003678,O003678,Card,526.14,Paid
PAY003679,O003679,Card,1914.69,Paid
PAY003680,O003680,Card,311.35,Failed
PAY003681,O003681,Card,95.22,Paid
PAY003682,O003682,Card,410.92,Paid
PAY003683,O003683,Apple Pay,1010.32,Paid
PAY003684,O003684,Apple Pay,498.17,Paid
PAY003685,O003685,Card,211.08,Paid
PAY003686,O003686,Google Pay,49.8,Paid
PAY003687,O003687,Google Pay,1243.7,Paid
PAY003688,O003688,PayPal,154.16,Paid
PAY003689,O003689,Apple Pay,210.76,Paid
PAY003690,O003690,PayPal,871.76,Failed
PAY003691,O003691,Card,546.61,Paid
PAY003692,O003692,Apple Pay,61.79,Paid
PAY003693,O003693,Card,128.63,Paid
PAY003694,O003694,Card,220.07,Paid
PAY003695,O003695,Card,367.51,Paid
PAY003696,O003696,Google Pay,1405.24,Paid
PAY003697,O003697,Card,271.61,Paid
PAY003698,O003698,Google Pay,608.21,Paid
PAY003699,O003699,PayPal,15.86,Paid
PAY003700,O003700,Card,517.57,Paid
PAY003701,O003701,Card,479.05,Paid
PAY003702,O003702,PayPal,47.04,Paid
PAY003703,O003703,Apple Pay,1115.38,Paid
PAY003704,O003704,Card,328.69,Paid
PAY003705,O003705,Card,561.19,Paid
PAY003706,O003706,PayPal,891.88,Paid
PAY003707,O003707,Card,238.64,Paid
PAY003708,O003708,Card,265.91,Paid
PAY003709,O003709,Google Pay,659.01,Paid
PAY003710,O003710,Card,506.5,Paid
PAY003711,O003711,Card,229.16,Paid
PAY003712,O003712,Card,12.15,Paid
PAY003713,O003713,PayPal,277.19,Paid
PAY003714,O003714,PayPal,796.17,Paid
PAY003715,O003715,Card,747.09,Paid
PAY003716,O003716,PayPal,91.65,Paid
PAY003717,O003717,Card,1716.72,Paid
PAY003718,O003718,Apple Pay,624.76,Paid
PAY003719,O003719,Apple Pay,86.56,Paid
PAY003720,O003720,Card,798.33,Paid
PAY003721,O003721,PayPal,57.44,Paid
PAY003722,O003722,Apple Pay,800.84,Paid
PAY003723,O003723,Card,219.16,Paid
PAY003724,O003724,Card,696.55,Paid
PAY003725,O003725,Google Pay,835.35,Paid
PAY003726,O003726,Card,125.77,Paid
PAY003727,O003727,Card,455.68,Failed
PAY003728,O003728,Apple Pay,684.72,Paid
PAY003729,O003729,Card,320.48,Paid
PAY003730,O003730,PayPal,947.32,Paid
PAY003731,O003731,PayPal,276.15,Failed
PAY003732,O003732,PayPal,69.53,Paid
PAY003733,O003733,Card,138.8,Paid
PAY003734,O003734,Apple Pay,295.04,Paid
PAY003735,O003735,PayPal,18.87,Paid
PAY003736,O003736,PayPal,3766.31,Paid
PAY003737,O003737,Apple Pay,833.09,Paid
PAY003738,O003738,Card,597.21,Paid
PAY003739,O003739,Google Pay,1094.65,Failed
PAY003740,O003740,PayPal,981.52,Paid
PAY003741,O003741,Card,145.13,Paid
PAY003742,O003742,Card,1740.73,Paid
PAY003743,O003743,Card,218.67,Paid
PAY003744,O003744,Card,420.79,Paid
PAY003745,O003745,Card,91.0,Paid
PAY003746,O003746,Apple Pay,239.43,Paid
PAY003747,O003747,Card,221.32,Paid
PAY003748,O003748,Google Pay,430.42,Paid
PAY003749,O003749,Apple Pay,1152.1,Paid
PAY003750,O003750,Google Pay,140.7,Paid
PAY003751,O003751,PayPal,2321.54,Paid
PAY003752,O003752,PayPal,467.04,Paid
PAY003753,O003753,Card,69.15,Paid
PAY003754,O003754,PayPal,1081.16,Paid
PAY003755,O003755,Apple Pay,610.52,Paid
PAY003756,O003756,Card,229.42,Paid
PAY003757,O003757,Apple Pay,657.42,Paid
PAY003758,O003758,PayPal,2354.18,Failed
PAY003759,O003759,Card,901.6,Paid
PAY003760,O003760,Card,387.16,Paid
PAY003761,O003761,PayPal,259.93,Paid
PAY003762,O003762,Apple Pay,344.86,Paid
PAY003763,O003763,Card,969.19,Paid
PAY003764,O003764,Apple Pay,1027.86,Paid
PAY003765,O003765,Apple Pay,1394.93,Paid
PAY003766,O003766,Card,209.16,Paid
PAY003767,O003767,PayPal,292.72,Paid
PAY003768,O003768,Card,1612.31,Paid
PAY003769,O003769,Google Pay,621.63,Paid
PAY003770,O003770,Google Pay,190.32,Paid
PAY003771,O003771,Card,3314.82,Paid
PAY003772,O003772,Card,655.16,Paid
PAY003773,O003773,PayPal,1577.52,Paid
PAY003774,O003774,Card,290.33,Paid
PAY003775,O003775,Card,646.62,Refunded
PAY003776,O003776,Card,895.23,Paid
PAY003777,O003777,Google Pay,125.37,Paid
PAY003778,O003778,PayPal,38.41,Paid
PAY003779,O003779,PayPal,1026.78,Paid
PAY003780,O003780,Google Pay,519.33,Paid
PAY003781,O003781,Google Pay,63.87,Paid
PAY003782,O003782,Apple Pay,698.68,Paid
PAY003783,O003783,Card,170.91,Paid
PAY003784,O003784,Google Pay,603.2,Paid
PAY003785,O003785,Card,403.84,Paid
PAY003786,O003786,Card,137.3,Paid
PAY003787,O003787,Card,204.89,Paid
PAY003788,O003788,Card,980.18,Paid
PAY003789,O003789,Apple Pay,465.82,Paid
PAY003790,O003790,PayPal,1206.91,Paid
PAY003791,O003791,Apple Pay,1031.78,Paid
PAY003792,O003792,Card,87.88,Paid
PAY003793,O003793,Apple Pay,774.42,Paid
PAY003794,O003794,PayPal,1251.63,Paid
PAY003795,O003795,Card,322.46,Paid
PAY003796,O003796,Card,165.57,Refunded
PAY003797,O003797,PayPal,576.63,Paid
PAY003798,O003798,Card,222.78,Paid
PAY003799,O003799,Card,2205.5,Paid
PAY003800,O003800,Card,747.19,Paid
PAY003801,O003801,Apple Pay,188.98,Paid
PAY003802,O003802,Card,540.13,Paid
PAY003803,O003803,Card,618.93,Paid
PAY003804,O003804,PayPal,151.5,Paid
PAY003805,O003805,PayPal,1024.24,Paid
PAY003806,O003806,Apple Pay,485.0,Paid
PAY003807,O003807,Apple Pay,1014.75,Paid
PAY003808,O003808,Google Pay,1095.75,Paid
PAY003809,O003809,PayPal,2399.49,Paid
PAY003810,O003810,Card,129.96,Paid
PAY003811,O003811,PayPal,1370.76,Paid
PAY003812,O003812,Card,275.33,Paid
PAY003813,O003813,Card,248.64,Paid
PAY003814,O003814,PayPal,546.19,Paid
PAY003815,O003815,PayPal,172.91,Paid
PAY003816,O003816,Google Pay,1022.27,Paid
PAY003817,O003817,Apple Pay,1002.56,Paid
PAY003818,O003818,Card,1146.56,Paid
PAY003819,O003819,Apple Pay,1173.49,Paid
PAY003820,O003820,Card,2166.05,Paid
PAY003821,O003821,PayPal,86.74,Paid
PAY003822,O003822,Card,690.82,Paid
PAY003823,O003823,Apple Pay,722.85,Paid
PAY003824,O003824,Google Pay,632.4,Paid
PAY003825,O003825,Card,682.15,Paid
PAY003826,O003826,Apple Pay,163.58,Paid
PAY003827,O003827,PayPal,415.8,Paid
PAY003828,O003828,Card,422.57,Failed
PAY003829,O003829,Google Pay,869.78,Paid
PAY003830,O003830,PayPal,910.78,Paid
PAY003831,O003831,Card,1514.6,Paid
PAY003832,O003832,PayPal,613.22,Paid
PAY003833,O003833,Apple Pay,470.03,Paid
PAY003834,O003834,Card,232.19,Paid
PAY003835,O003835,PayPal,1783.31,Paid
PAY003836,O003836,Card,428.28,Paid
PAY003837,O003837,Card,1299.64,Paid
PAY003838,O003838,Apple Pay,5.68,Paid
PAY003839,O003839,PayPal,782.02,Paid
PAY003840,O003840,Card,283.09,Paid
PAY003841,O003841,Card,2854.56,Paid
PAY003842,O003842,Apple Pay,0.0,Paid
PAY003843,O003843,Card,975.18,Failed
PAY003844,O003844,Card,478.86,Paid
PAY003845,O003845,PayPal,640.58,Paid
PAY003846,O003846,Card,912.33,Paid
PAY003847,O003847,Apple Pay,211.74,Paid
PAY003848,O003848,Card,154.8,Paid
PAY003849,O003849,Card,1435.59,Paid
PAY003850,O003850,PayPal,808.48,Paid
PAY003851,O003851,Google Pay,89.42,Failed
PAY003852,O003852,Card,1620.43,Paid
PAY003853,O003853,Apple Pay,899.21,Failed
PAY003854,O003854,PayPal,2025.84,Paid
PAY003855,O003855,PayPal,330.99,Paid
PAY003856,O003856,PayPal,488.58,Paid
PAY003857,O003857,Apple Pay,428.92,Paid
PAY003858,O003858,Apple Pay,280.12,Paid
PAY003859,O003859,Card,1176.43,Paid
PAY003860,O003860,Apple Pay,720.06,Paid
PAY003861,O003861,PayPal,2166.9,Paid
PAY003862,O003862,Card,159.73,Paid
PAY003863,O003863,Card,1159.39,Paid
PAY003864,O003864,Card,1787.53,Paid
PAY003865,O003865,PayPal,814.32,Paid
PAY003866,O003866,Card,271.68,Paid
PAY003867,O003867,Card,1129.6,Paid
PAY003868,O003868,Google Pay,41.74,Paid
PAY003869,O003869,Apple Pay,289.78,Paid
PAY003870,O003870,Apple Pay,290.21,Paid
PAY003871,O003871,Card,399.92,Paid
PAY003872,O003872,Card,1236.87,Refunded
PAY003873,O003873,Google Pay,801.57,Paid
PAY003874,O003874,Google Pay,131.85,Paid
PAY003875,O003875,Card,1232.42,Failed
PAY003876,O003876,Apple Pay,521.24,Paid
PAY003877,O003877,Apple Pay,1034.62,Paid
PAY003878,O003878,Apple Pay,2872.58,Paid
PAY003879,O003879,Card,1515.1,Paid
PAY003880,O003880,PayPal,49.49,Paid
PAY003881,O003881,Card,183.24,Paid
PAY003882,O003882,PayPal,1357.09,Paid
PAY003883,O003883,Apple Pay,474.52,Paid
PAY003884,O003884,Google Pay,622.33,Paid
PAY003885,O003885,Card,3336.15,Failed
PAY003886,O003886,Google Pay,440.35,Paid
PAY003887,O003887,Card,503.34,Paid
PAY003888,O003888,Apple Pay,241.25,Paid
PAY003889,O003889,Card,9.46,Paid
PAY003890,O003890,Card,670.04,Failed
PAY003891,O003891,Apple Pay,1199.35,Paid
PAY003892,O003892,Card,467.48,Paid
PAY003893,O003893,Card,150.19,Paid
PAY003894,O003894,Card,949.58,Paid
PAY003895,O003895,Apple Pay,1192.03,Paid
PAY003896,O003896,Card,364.85,Paid
PAY003897,O003897,PayPal,777.4,Paid
PAY003898,O003898,PayPal,610.3,Paid
PAY003899,O003899,Card,132.3,Paid
PAY003900,O003900,Apple Pay,621.7,Paid
PAY003901,O003901,PayPal,122.37,Paid
PAY003902,O003902,Card,1470.88,Paid
PAY003903,O003903,Card,922.44,Paid
PAY003904,O003904,Google Pay,1036.27,Paid
PAY003905,O003905,Card,119.72,Paid
PAY003906,O003906,PayPal,1778.7,Paid
PAY003907,O003907,Apple Pay,205.67,Paid
PAY003908,O003908,Card,802.11,Paid
PAY003909,O003909,Card,331.23,Paid
PAY003910,O003910,Apple Pay,681.92,Paid
PAY003911,O003911,PayPal,2132.46,Paid
PAY003912,O003912,PayPal,982.52,Paid
PAY003913,O003913,PayPal,171.72,Paid
PAY003914,O003914,Apple Pay,408.45,Paid
PAY003915,O003915,Card,1512.19,Failed
PAY003916,O003916,Google Pay,517.62,Paid
PAY003917,O003917,Card,168.19,Paid
PAY003918,O003918,PayPal,1282.18,Paid
PAY003919,O003919,Card,760.26,Failed
PAY003920,O003920,Card,34.86,Paid
PAY003921,O003921,Card,1848.94,Paid
PAY003922,O003922,Card,1498.78,Paid
PAY003923,O003923,Card,278.63,Paid
PAY003924,O003924,Card,890.88,Paid
PAY003925,O003925,Card,667.68,Paid
PAY003926,O003926,Card,458.26,Paid
PAY003927,O003927,Google Pay,335.26,Paid
PAY003928,O003928,Apple Pay,649.48,Refunded
PAY003929,O003929,Card,847.36,Failed
PAY003930,O003930,Google Pay,396.32,Paid
PAY003931,O003931,Card,88.87,Paid
PAY003932,O003932,PayPal,411.99,Paid
PAY003933,O003933,Apple Pay,557.44,Paid
PAY003934,O003934,PayPal,631.14,Paid
PAY003935,O003935,Card,845.25,Paid
PAY003936,O003936,Card,380.37,Paid
PAY003937,O003937,Card,292.74,Paid
PAY003938,O003938,PayPal,88.04,Paid
PAY003939,O003939,Apple Pay,198.98,Paid
PAY003940,O003940,Apple Pay,309.94,Paid
PAY003941,O003941,Card,123.09,Paid
PAY003942,O003942,Card,24.6,Paid
PAY003943,O003943,Google Pay,612.83,Paid
PAY003944,O003944,PayPal,939.61,Paid
PAY003945,O003945,PayPal,224.0,Paid
PAY003946,O003946,Google Pay,302.2,Paid
PAY003947,O003947,PayPal,742.06,Paid
PAY003948,O003948,Card,219.56,Paid
PAY003949,O003949,PayPal,378.9,Paid
PAY003950,O003950,Card,0.53,Paid
PAY003951,O003951,Card,468.05,Paid
PAY003952,O003952,PayPal,224.16,Paid
PAY003953,O003953,Apple Pay,980.67,Paid
PAY003954,O003954,Card,771.37,Paid
PAY003955,O003955,Apple Pay,869.21,Paid
PAY003956,O003956,Card,276.5,Paid
PAY003957,O003957,Card,1836.56,Paid
PAY003958,O003958,Card,723.55,Paid
PAY003959,O003959,Card,311.36,Paid
PAY003960,O003960,Apple Pay,932.93,Paid
PAY003961,O003961,Google Pay,110.99,Paid
PAY003962,O003962,Apple Pay,1020.3,Paid
PAY003963,O003963,Card,276.15,Paid
PAY003964,O003964,PayPal,221.63,Paid
PAY003965,O003965,Card,1152.89,Paid
PAY003966,O003966,Apple Pay,535.95,Paid
PAY003967,O003967,Google Pay,183.85,Paid
PAY003968,O003968,Card,823.3,Paid
PAY003969,O003969,Card,582.91,Paid
PAY003970,O003970,Card,280.27,Failed
PAY003971,O003971,Card,742.2,Paid
PAY003972,O003972,PayPal,943.63,Paid
PAY003973,O003973,Apple Pay,1077.97,Paid
PAY003974,O003974,Apple Pay,1094.34,Refunded
PAY003975,O003975,Card,684.72,Paid
PAY003976,O003976,Card,621.03,Paid
PAY003977,O003977,Card,127.61,Paid
PAY003978,O003978,Card,533.25,Paid
PAY003979,O003979,Card,719.74,Paid
PAY003980,O003980,Card,14.52,Refunded
PAY003981,O003981,Card,620.22,Paid
PAY003982,O003982,Card,1475.5,Paid
PAY003983,O003983,PayPal,5.36,Paid
PAY003984,O003984,Card,688.95,Paid
PAY003985,O003985,PayPal,1122.08,Paid
PAY003986,O003986,Card,108.71,Paid
PAY003987,O003987,PayPal,871.07,Paid
PAY003988,O003988,Google Pay,1943.06,Failed
PAY003989,O003989,PayPal,571.32,Paid
PAY003990,O003990,Card,747.47,Paid
PAY003991,O003991,Card,709.28,Paid
PAY003992,O003992,Google Pay,621.75,Paid
PAY003993,O003993,Apple Pay,844.69,Paid
PAY003994,O003994,Apple Pay,1433.44,Paid
PAY003995,O003995,Google Pay,265.19,Paid
PAY003996,O003996,Apple Pay,107.35,Paid
PAY003997,O003997,Apple Pay,864.57,Paid
PAY003998,O003998,Card,425.44,Paid
PAY003999,O003999,Apple Pay,1264.28,Paid
PAY004000,O004000,Card,968.01,Paid
PAY004001,O004001,Apple Pay,1594.43,Paid
PAY004002,O004002,PayPal,446.15,Paid
PAY004003,O004003,Apple Pay,577.91,Paid
PAY004004,O004004,Card,497.06,Paid
PAY004005,O004005,Apple Pay,503.82,Paid
PAY004006,O004006,PayPal,1370.3,Paid
PAY004007,O004007,Card,890.44,Paid
PAY004008,O004008,Card,87.83,Paid
PAY004009,O004009,Card,118.9,Paid
PAY004010,O004010,Card,164.43,Failed
PAY004011,O004011,Apple Pay,558.56,Paid
PAY004012,O004012,Apple Pay,126.85,Paid
PAY004013,O004013,Google Pay,256.1,Failed
PAY004014,O004014,PayPal,939.58,Paid
PAY004015,O004015,Card,1493.13,Paid
PAY004016,O004016,Card,271.62,Paid
PAY004017,O004017,Apple Pay,150.24,Paid
PAY004018,O004018,Card,196.72,Paid
PAY004019,O004019,PayPal,226.63,Paid
PAY004020,O004020,Apple Pay,1965.37,Paid
PAY004021,O004021,Card,1612.83,Paid
PAY004022,O004022,Apple Pay,721.87,Paid
PAY004023,O004023,Card,619.22,Paid
PAY004024,O004024,PayPal,829.87,Paid
PAY004025,O004025,PayPal,205.35,Paid
PAY004026,O004026,Card,443.39,Paid
PAY004027,O004027,Apple Pay,976.41,Paid
PAY004028,O004028,Card,88.53,Paid
PAY004029,O004029,Card,113.55,Paid
PAY004030,O004030,Google Pay,118.5,Paid
PAY004031,O004031,Google Pay,218.48,Paid
PAY004032,O004032,Apple Pay,347.26,Paid
PAY004033,O004033,Card,1413.12,Paid
PAY004034,O004034,Apple Pay,596.7,Paid
PAY004035,O004035,PayPal,858.47,Paid
PAY004036,O004036,PayPal,1287.09,Refunded
PAY004037,O004037,Google Pay,8.64,Paid
PAY004038,O004038,Card,346.96,Paid
PAY004039,O004039,Google Pay,1338.13,Paid
PAY004040,O004040,Google Pay,661.53,Paid
PAY004041,O004041,Card,944.96,Failed
PAY004042,O004042,PayPal,210.64,Paid
PAY004043,O004043,Google Pay,135.19,Paid
PAY004044,O004044,Google Pay,350.19,Failed
PAY004045,O004045,Card,216.0,Refunded
PAY004046,O004046,PayPal,589.62,Failed
PAY004047,O004047,PayPal,399.43,Paid
PAY004048,O004048,Apple Pay,242.61,Paid
PAY004049,O004049,Card,958.6,Paid
PAY004050,O004050,Google Pay,92.58,Paid
PAY004051,O004051,PayPal,609.75,Paid
PAY004052,O004052,PayPal,83.75,Paid
PAY004053,O004053,Apple Pay,768.14,Paid
PAY004054,O004054,Apple Pay,555.19,Paid
PAY004055,O004055,Card,193.47,Paid
PAY004056,O004056,Apple Pay,604.4,Paid
PAY004057,O004057,Card,217.51,Paid
PAY004058,O004058,Card,972.63,Paid
PAY004059,O004059,PayPal,893.62,Paid
PAY004060,O004060,Card,358.95,Paid
PAY004061,O004061,Card,845.93,Failed
PAY004062,O004062,Card,675.38,Paid
PAY004063,O004063,Card,1392.49,Paid
PAY004064,O004064,PayPal,201.75,Paid
PAY004065,O004065,Apple Pay,585.32,Paid
PAY004066,O004066,Google Pay,355.93,Paid
PAY004067,O004067,Card,603.59,Paid
PAY004068,O004068,Apple Pay,2239.33,Paid
PAY004069,O004069,Card,616.18,Failed
PAY004070,O004070,Google Pay,190.94,Paid
PAY004071,O004071,Card,152.85,Paid
PAY004072,O004072,Apple Pay,1005.8,Paid
PAY004073,O004073,Apple Pay,917.3,Paid
PAY004074,O004074,Card,1423.18,Paid
PAY004075,O004075,Card,456.22,Paid
PAY004076,O004076,Card,51.67,Paid
PAY004077,O004077,PayPal,120.62,Paid
PAY004078,O004078,PayPal,1337.25,Paid
PAY004079,O004079,Card,684.24,Paid
PAY004080,O004080,Card,255.13,Paid
PAY004081,O004081,Card,446.12,Paid
PAY004082,O004082,Google Pay,2088.71,Paid
PAY004083,O004083,Apple Pay,686.84,Paid
PAY004084,O004084,Card,110.89,Paid
PAY004085,O004085,Google Pay,1120.96,Paid
PAY004086,O004086,Apple Pay,436.29,Paid
PAY004087,O004087,Google Pay,2036.49,Paid
PAY004088,O004088,Card,467.48,Paid
PAY004089,O004089,Apple Pay,227.5,Paid
PAY004090,O004090,PayPal,671.37,Failed
PAY004091,O004091,Card,329.22,Paid
PAY004092,O004092,Card,1763.73,Refunded
PAY004093,O004093,PayPal,456.23,Paid
PAY004094,O004094,Card,219.26,Paid
PAY004095,O004095,Apple Pay,221.13,Failed
PAY004096,O004096,Card,216.87,Paid
PAY004097,O004097,Card,1438.19,Paid
PAY004098,O004098,Apple Pay,545.16,Paid
PAY004099,O004099,Google Pay,18.18,Paid
PAY004100,O004100,PayPal,480.65,Paid
PAY004101,O004101,Card,575.39,Paid
PAY004102,O004102,Card,928.36,Paid
PAY004103,O004103,PayPal,392.16,Paid
PAY004104,O004104,Apple Pay,122.92,Paid
PAY004105,O004105,Google Pay,334.64,Paid
PAY004106,O004106,Apple Pay,390.55,Paid
PAY004107,O004107,Apple Pay,175.9,Failed
PAY004108,O004108,Apple Pay,823.67,Failed
PAY004109,O004109,Card,281.9,Paid
PAY004110,O004110,PayPal,708.2,Paid
PAY004111,O004111,Google Pay,217.9,Paid
PAY004112,O004112,Apple Pay,2166.84,Paid
PAY004113,O004113,PayPal,337.72,Paid
PAY004114,O004114,Card,256.4,Paid
PAY004115,O004115,Apple Pay,571.7,Paid
PAY004116,O004116,Google Pay,379.98,Paid
PAY004117,O004117,Google Pay,1159.65,Paid
PAY004118,O004118,Apple Pay,554.06,Paid
PAY004119,O004119,PayPal,230.0,Paid
PAY004120,O004120,PayPal,1953.05,Paid
PAY004121,O004121,Card,315.14,Paid
PAY004122,O004122,Card,675.23,Paid
PAY004123,O004123,Card,342.17,Paid
PAY004124,O004124,Card,28.48,Paid
PAY004125,O004125,Card,195.94,Paid
PAY004126,O004126,Card,669.72,Paid
PAY004127,O004127,Apple Pay,1130.26,Paid
PAY004128,O004128,Card,771.8,Paid
PAY004129,O004129,PayPal,923.63,Paid
PAY004130,O004130,Google Pay,345.19,Paid
PAY004131,O004131,PayPal,1086.45,Paid
PAY004132,O004132,PayPal,0.0,Paid
PAY004133,O004133,Card,113.66,Paid
PAY004134,O004134,PayPal,494.07,Paid
PAY004135,O004135,Card,161.6,Paid
PAY004136,O004136,Card,153.3,Paid
PAY004137,O004137,Google Pay,543.07,Paid
PAY004138,O004138,Card,18.18,Paid
PAY004139,O004139,PayPal,715.79,Paid
PAY004140,O004140,Apple Pay,1066.32,Paid
PAY004141,O004141,Card,85.94,Paid
PAY004142,O004142,PayPal,70.9,Paid
PAY004143,O004143,PayPal,658.15,Paid
PAY004144,O004144,Card,1016.2,Paid
PAY004145,O004145,PayPal,129.96,Paid
PAY004146,O004146,Google Pay,1257.58,Paid
PAY004147,O004147,Google Pay,493.09,Paid
PAY004148,O004148,Card,203.98,Paid
PAY004149,O004149,Google Pay,221.13,Paid
PAY004150,O004150,PayPal,458.98,Paid
PAY004151,O004151,Apple Pay,502.23,Paid
PAY004152,O004152,PayPal,0.0,Paid
PAY004153,O004153,Card,244.95,Paid
PAY004154,O004154,Card,252.76,Paid
PAY004155,O004155,PayPal,628.0,Paid
PAY004156,O004156,Card,243.79,Paid
PAY004157,O004157,PayPal,293.43,Paid
PAY004158,O004158,Card,150.06,Paid
PAY004159,O004159,Card,926.97,Paid
PAY004160,O004160,PayPal,731.28,Paid
PAY004161,O004161,PayPal,559.06,Paid
PAY004162,O004162,Google Pay,472.44,Paid
PAY004163,O004163,Apple Pay,509.26,Paid
PAY004164,O004164,PayPal,276.13,Refunded
PAY004165,O004165,Card,755.39,Paid
PAY004166,O004166,Card,12.15,Paid
PAY004167,O004167,Card,115.92,Paid
PAY004168,O004168,Card,641.91,Paid
PAY004169,O004169,Card,104.98,Paid
PAY004170,O004170,Card,577.98,Paid
PAY004171,O004171,Google Pay,1176.83,Paid
PAY004172,O004172,Apple Pay,263.34,Paid
PAY004173,O004173,Apple Pay,2076.83,Paid
PAY004174,O004174,Apple Pay,1613.84,Paid
PAY004175,O004175,PayPal,364.23,Failed
PAY004176,O004176,Google Pay,267.93,Paid
PAY004177,O004177,Google Pay,496.92,Paid
PAY004178,O004178,Google Pay,501.3,Paid
PAY004179,O004179,Apple Pay,425.72,Paid
PAY004180,O004180,Card,1250.4,Paid
PAY004181,O004181,Card,327.4,Paid
PAY004182,O004182,PayPal,537.32,Paid
PAY004183,O004183,PayPal,112.45,Paid
PAY004184,O004184,Card,336.42,Failed
PAY004185,O004185,Card,544.35,Paid
PAY004186,O004186,Apple Pay,1277.88,Paid
PAY004187,O004187,Card,2512.85,Paid
PAY004188,O004188,PayPal,402.0,Paid
PAY004189,O004189,Card,146.38,Paid
PAY004190,O004190,PayPal,414.43,Paid
PAY004191,O004191,Apple Pay,1118.8,Paid
PAY004192,O004192,Card,187.51,Paid
PAY004193,O004193,Card,505.89,Paid
PAY004194,O004194,Google Pay,663.13,Paid
PAY004195,O004195,Apple Pay,103.74,Paid
PAY004196,O004196,Google Pay,168.55,Paid
PAY004197,O004197,Apple Pay,553.66,Paid
PAY004198,O004198,Apple Pay,655.7,Paid
PAY004199,O004199,Card,768.62,Paid
PAY004200,O004200,Card,1065.85,Paid
PAY004201,O004201,Card,1695.6,Paid
PAY004202,O004202,Card,1131.29,Paid
PAY004203,O004203,Card,1148.57,Paid
PAY004204,O004204,Apple Pay,92.95,Paid
PAY004205,O004205,Card,174.57,Paid
PAY004206,O004206,PayPal,198.6,Failed
PAY004207,O004207,Apple Pay,68.16,Paid
PAY004208,O004208,Card,814.9,Paid
PAY004209,O004209,Apple Pay,1590.01,Paid
PAY004210,O004210,Card,2381.32,Paid
PAY004211,O004211,Card,296.35,Paid
PAY004212,O004212,Google Pay,328.39,Paid
PAY004213,O004213,Card,2761.23,Paid
PAY004214,O004214,PayPal,284.94,Paid
PAY004215,O004215,Card,209.67,Paid
PAY004216,O004216,Card,83.87,Paid
PAY004217,O004217,Apple Pay,301.45,Failed
PAY004218,O004218,PayPal,515.89,Paid
PAY004219,O004219,Card,932.93,Refunded
PAY004220,O004220,Card,727.64,Paid
PAY004221,O004221,PayPal,490.75,Paid
PAY004222,O004222,Google Pay,1826.98,Paid
PAY004223,O004223,Card,129.96,Paid
PAY004224,O004224,Card,210.34,Paid
PAY004225,O004225,PayPal,1535.52,Paid
PAY004226,O004226,Card,1141.78,Paid
PAY004227,O004227,Google Pay,1014.89,Failed
PAY004228,O004228,Card,620.47,Paid
PAY004229,O004229,Card,798.84,Paid
PAY004230,O004230,Apple Pay,164.98,Paid
PAY004231,O004231,PayPal,874.8,Paid
PAY004232,O004232,Apple Pay,845.92,Paid
PAY004233,O004233,Google Pay,183.47,Failed
PAY004234,O004234,Apple Pay,326.5,Paid
PAY004235,O004235,Google Pay,64.55,Paid
PAY004236,O004236,Card,216.28,Paid
PAY004237,O004237,Card,449.11,Paid
PAY004238,O004238,Card,24.27,Paid
PAY004239,O004239,Card,276.79,Paid
PAY004240,O004240,Card,543.7,Paid
PAY004241,O004241,Card,934.82,Paid
PAY004242,O004242,Card,554.55,Paid
PAY004243,O004243,PayPal,1588.92,Paid
PAY004244,O004244,PayPal,722.02,Refunded
PAY004245,O004245,Card,384.38,Paid
PAY004246,O004246,Card,69.55,Paid
PAY004247,O004247,Google Pay,488.57,Paid
PAY004248,O004248,Card,1124.37,Paid
PAY004249,O004249,Card,71.33,Paid
PAY004250,O004250,PayPal,738.16,Paid
PAY004251,O004251,PayPal,753.86,Paid
PAY004252,O004252,Apple Pay,425.24,Paid
PAY004253,O004253,Google Pay,610.37,Paid
PAY004254,O004254,Card,117.99,Paid
PAY004255,O004255,Card,1108.8,Paid
PAY004256,O004256,Apple Pay,792.56,Paid
PAY004257,O004257,Apple Pay,291.54,Paid
PAY004258,O004258,PayPal,336.93,Paid
PAY004259,O004259,Apple Pay,169.31,Paid
PAY004260,O004260,Apple Pay,218.68,Paid
PAY004261,O004261,PayPal,418.84,Paid
PAY004262,O004262,Google Pay,1119.24,Paid
PAY004263,O004263,Apple Pay,672.39,Paid
PAY004264,O004264,PayPal,1612.51,Paid
PAY004265,O004265,Card,809.32,Paid
PAY004266,O004266,Apple Pay,54.62,Paid
PAY004267,O004267,Card,203.26,Paid
PAY004268,O004268,Apple Pay,1207.6,Paid
PAY004269,O004269,Apple Pay,742.05,Paid
PAY004270,O004270,Apple Pay,193.98,Paid
PAY004271,O004271,Google Pay,1317.94,Paid
PAY004272,O004272,Google Pay,499.61,Paid
PAY004273,O004273,Google Pay,923.36,Paid
PAY004274,O004274,Card,44.8,Paid
PAY004275,O004275,PayPal,3293.76,Paid
PAY004276,O004276,Google Pay,768.91,Paid
PAY004277,O004277,Card,157.67,Paid
PAY004278,O004278,Apple Pay,81.79,Paid
PAY004279,O004279,Apple Pay,103.71,Paid
PAY004280,O004280,PayPal,999.46,Paid
PAY004281,O004281,PayPal,37.97,Paid
PAY004282,O004282,Card,162.92,Paid
PAY004283,O004283,Card,922.51,Paid
PAY004284,O004284,Card,186.92,Paid
PAY004285,O004285,Card,2840.52,Paid
PAY004286,O004286,PayPal,1250.83,Paid
PAY004287,O004287,Google Pay,607.76,Paid
PAY004288,O004288,PayPal,1062.29,Failed
PAY004289,O004289,Card,511.3,Failed
PAY004290,O004290,Card,74.88,Failed
PAY004291,O004291,Card,516.86,Paid
PAY004292,O004292,Google Pay,1025.52,Paid
PAY004293,O004293,Card,711.87,Paid
PAY004294,O004294,PayPal,927.06,Paid
PAY004295,O004295,Apple Pay,89.62,Refunded
PAY004296,O004296,Apple Pay,573.43,Paid
PAY004297,O004297,Card,179.76,Paid
PAY004298,O004298,Apple Pay,635.21,Paid
PAY004299,O004299,Apple Pay,249.43,Paid
PAY004300,O004300,PayPal,661.82,Paid
PAY004301,O004301,Card,1466.85,Paid
PAY004302,O004302,PayPal,708.27,Paid
PAY004303,O004303,Google Pay,499.57,Paid
PAY004304,O004304,PayPal,139.4,Paid
PAY004305,O004305,PayPal,482.46,Paid
PAY004306,O004306,Card,1247.73,Paid
PAY004307,O004307,Card,326.25,Paid
PAY004308,O004308,Card,2294.55,Paid
PAY004309,O004309,Google Pay,365.4,Paid
PAY004310,O004310,Google Pay,91.65,Paid
PAY004311,O004311,Card,576.49,Paid
PAY004312,O004312,Card,270.3,Paid
PAY004313,O004313,PayPal,788.76,Paid
PAY004314,O004314,Card,144.03,Paid
PAY004315,O004315,Card,1042.01,Paid
PAY004316,O004316,PayPal,154.98,Paid
PAY004317,O004317,Google Pay,963.2,Paid
PAY004318,O004318,Google Pay,2192.62,Paid
PAY004319,O004319,Card,1029.93,Paid
PAY004320,O004320,Card,1221.13,Paid
PAY004321,O004321,Card,580.57,Paid
PAY004322,O004322,PayPal,1147.33,Paid
PAY004323,O004323,Google Pay,440.7,Failed
PAY004324,O004324,PayPal,637.54,Paid
PAY004325,O004325,Apple Pay,2424.46,Paid
PAY004326,O004326,PayPal,83.53,Paid
PAY004327,O004327,Apple Pay,298.11,Paid
PAY004328,O004328,Card,1153.02,Paid
PAY004329,O004329,Card,262.29,Paid
PAY004330,O004330,Card,463.9,Paid
PAY004331,O004331,Card,565.24,Paid
PAY004332,O004332,PayPal,452.8,Paid
PAY004333,O004333,Card,3873.97,Paid
PAY004334,O004334,Apple Pay,517.12,Paid
PAY004335,O004335,PayPal,511.18,Failed
PAY004336,O004336,Card,1631.53,Paid
PAY004337,O004337,PayPal,600.72,Paid
PAY004338,O004338,PayPal,696.28,Paid
PAY004339,O004339,Apple Pay,576.61,Paid
PAY004340,O004340,Card,1582.98,Paid
PAY004341,O004341,Apple Pay,2545.13,Paid
PAY004342,O004342,Card,1209.06,Paid
PAY004343,O004343,Card,221.24,Paid
PAY004344,O004344,Apple Pay,1096.29,Paid
PAY004345,O004345,PayPal,520.69,Refunded
PAY004346,O004346,Card,287.73,Paid
PAY004347,O004347,Card,618.45,Paid
PAY004348,O004348,Card,774.11,Paid
PAY004349,O004349,Card,1024.91,Paid
PAY004350,O004350,Apple Pay,244.04,Paid
PAY004351,O004351,PayPal,144.38,Paid
PAY004352,O004352,PayPal,718.48,Paid
PAY004353,O004353,Apple Pay,84.08,Paid
PAY004354,O004354,Card,1706.82,Paid
PAY004355,O004355,Card,832.95,Paid
PAY004356,O004356,Google Pay,482.96,Paid
PAY004357,O004357,Card,268.52,Paid
PAY004358,O004358,Card,958.8,Paid
PAY004359,O004359,Card,646.76,Paid
PAY004360,O004360,PayPal,578.41,Paid
PAY004361,O004361,PayPal,587.84,Paid
PAY004362,O004362,Card,11.16,Paid
PAY004363,O004363,Card,81.74,Failed
PAY004364,O004364,Card,355.99,Paid
PAY004365,O004365,Card,1389.37,Paid
PAY004366,O004366,PayPal,66.96,Failed
PAY004367,O004367,Apple Pay,423.15,Paid
PAY004368,O004368,Card,828.92,Paid
PAY004369,O004369,Card,360.57,Paid
PAY004370,O004370,Google Pay,70.0,Paid
PAY004371,O004371,Apple Pay,287.23,Paid
PAY004372,O004372,PayPal,1795.05,Paid
PAY004373,O004373,Apple Pay,473.98,Failed
PAY004374,O004374,Card,986.24,Paid
PAY004375,O004375,Apple Pay,442.29,Paid
PAY004376,O004376,Card,1250.27,Paid
PAY004377,O004377,PayPal,160.89,Paid
PAY004378,O004378,Card,232.92,Paid
PAY004379,O004379,PayPal,129.38,Paid
PAY004380,O004380,Card,10.65,Failed
PAY004381,O004381,Card,442.95,Paid
PAY004382,O004382,Google Pay,475.54,Paid
PAY004383,O004383,Card,257.32,Paid
PAY004384,O004384,Card,2090.17,Paid
PAY004385,O004385,Apple Pay,537.57,Paid
PAY004386,O004386,Apple Pay,325.44,Paid
PAY004387,O004387,Card,44.8,Failed
PAY004388,O004388,PayPal,179.98,Paid
PAY004389,O004389,Google Pay,823.86,Paid
PAY004390,O004390,PayPal,1680.47,Paid
PAY004391,O004391,Card,1391.0,Paid
PAY004392,O004392,Card,118.86,Paid
PAY004393,O004393,Apple Pay,1642.83,Paid
PAY004394,O004394,Card,1712.26,Paid
PAY004395,O004395,Google Pay,17.43,Paid
PAY004396,O004396,Card,27.69,Paid
PAY004397,O004397,Google Pay,378.27,Paid
PAY004398,O004398,PayPal,1080.73,Paid
PAY004399,O004399,Card,1176.44,Paid
PAY004400,O004400,Card,186.96,Paid
PAY004401,O004401,Card,212.73,Paid
PAY004402,O004402,Apple Pay,878.11,Paid
PAY004403,O004403,Apple Pay,1150.27,Paid
PAY004404,O004404,Card,42.7,Paid
PAY004405,O004405,Card,40.38,Failed
PAY004406,O004406,Card,513.29,Paid
PAY004407,O004407,Apple Pay,637.48,Paid
PAY004408,O004408,PayPal,632.7,Paid
PAY004409,O004409,Apple Pay,128.61,Paid
PAY004410,O004410,Apple Pay,550.44,Paid
PAY004411,O004411,Apple Pay,308.85,Paid
PAY004412,O004412,Card,482.7,Paid
PAY004413,O004413,Card,1057.65,Paid
PAY004414,O004414,Google Pay,457.87,Paid
PAY004415,O004415,PayPal,1054.82,Paid
PAY004416,O004416,Card,1278.89,Paid
PAY004417,O004417,Card,66.06,Paid
PAY004418,O004418,Apple Pay,701.63,Paid
PAY004419,O004419,Card,363.11,Paid
PAY004420,O004420,Card,818.18,Paid
PAY004421,O004421,Card,481.38,Failed
PAY004422,O004422,PayPal,804.98,Paid
PAY004423,O004423,PayPal,1122.54,Paid
PAY004424,O004424,Google Pay,1450.02,Paid
PAY004425,O004425,Card,412.1,Paid
PAY004426,O004426,PayPal,1853.05,Paid
PAY004427,O004427,Card,246.1,Paid
PAY004428,O004428,Card,42.04,Paid
PAY004429,O004429,Google Pay,968.14,Paid
PAY004430,O004430,Card,539.59,Paid
PAY004431,O004431,Apple Pay,645.49,Paid
PAY004432,O004432,Apple Pay,121.46,Paid
PAY004433,O004433,Card,27.69,Paid
PAY004434,O004434,PayPal,792.76,Paid
PAY004435,O004435,Card,452.4,Paid
PAY004436,O004436,Card,290.78,Paid
PAY004437,O004437,Card,923.98,Paid
PAY004438,O004438,Card,1334.7,Paid
PAY004439,O004439,PayPal,1959.86,Paid
PAY004440,O004440,Card,391.3,Paid
PAY004441,O004441,Apple Pay,597.85,Paid
PAY004442,O004442,PayPal,413.5,Paid
PAY004443,O004443,Card,1033.48,Paid
PAY004444,O004444,Apple Pay,417.96,Paid
PAY004445,O004445,Apple Pay,806.78,Failed
PAY004446,O004446,Card,309.01,Paid
PAY004447,O004447,Google Pay,267.89,Paid
PAY004448,O004448,PayPal,364.07,Paid
PAY004449,O004449,Google Pay,10.72,Paid
PAY004450,O004450,Google Pay,101.82,Paid
PAY004451,O004451,PayPal,351.66,Paid
PAY004452,O004452,Google Pay,503.31,Paid
PAY004453,O004453,PayPal,578.41,Paid
PAY004454,O004454,Card,288.3,Paid
PAY004455,O004455,Card,820.84,Paid
PAY004456,O004456,Card,103.01,Paid
PAY004457,O004457,PayPal,77.88,Paid
PAY004458,O004458,Card,314.88,Paid
PAY004459,O004459,Apple Pay,1119.11,Paid
PAY004460,O004460,Card,635.96,Paid
PAY004461,O004461,Google Pay,1062.22,Paid
PAY004462,O004462,Apple Pay,21.06,Paid
PAY004463,O004463,Apple Pay,134.1,Paid
PAY004464,O004464,Card,39.04,Paid
PAY004465,O004465,Card,253.59,Paid
PAY004466,O004466,Apple Pay,175.39,Paid
PAY004467,O004467,Google Pay,498.68,Paid
PAY004468,O004468,Card,823.59,Paid
PAY004469,O004469,Google Pay,226.58,Paid
PAY004470,O004470,Apple Pay,192.02,Paid
PAY004471,O004471,PayPal,337.3,Paid
PAY004472,O004472,PayPal,677.22,Paid
PAY004473,O004473,Apple Pay,107.95,Paid
PAY004474,O004474,Card,73.13,Paid
PAY004475,O004475,PayPal,198.38,Paid
PAY004476,O004476,Card,173.39,Paid
PAY004477,O004477,Card,120.92,Paid
PAY004478,O004478,Card,203.26,Paid
PAY004479,O004479,PayPal,875.55,Paid
PAY004480,O004480,Card,602.01,Paid
PAY004481,O004481,Google Pay,585.45,Paid
PAY004482,O004482,Google Pay,1841.66,Paid
PAY004483,O004483,Card,612.08,Paid
PAY004484,O004484,Card,485.06,Paid
PAY004485,O004485,Card,64.91,Paid
PAY004486,O004486,Card,424.89,Paid
PAY004487,O004487,Card,137.46,Paid
PAY004488,O004488,Card,889.2,Paid
PAY004489,O004489,Card,2300.78,Paid
PAY004490,O004490,Card,199.43,Paid
PAY004491,O004491,Card,645.82,Paid
PAY004492,O004492,Apple Pay,597.76,Paid
PAY004493,O004493,Card,167.63,Paid
PAY004494,O004494,Card,1063.44,Paid
PAY004495,O004495,Apple Pay,924.64,Paid
PAY004496,O004496,Apple Pay,27.44,Paid
PAY004497,O004497,Card,206.62,Paid
PAY004498,O004498,Card,78.91,Paid
PAY004499,O004499,PayPal,370.47,Paid
PAY004500,O004500,PayPal,321.21,Paid
PAY004501,O004501,Card,1634.92,Paid
PAY004502,O004502,Card,483.8,Paid
PAY004503,O004503,Apple Pay,107.95,Failed
PAY004504,O004504,Card,990.12,Paid
PAY004505,O004505,Apple Pay,44.72,Paid
PAY004506,O004506,Apple Pay,1341.08,Paid
PAY004507,O004507,Card,454.2,Paid
PAY004508,O004508,Card,1834.71,Paid
PAY004509,O004509,PayPal,188.93,Paid
PAY004510,O004510,PayPal,163.24,Paid
PAY004511,O004511,Card,71.79,Paid
PAY004512,O004512,Card,785.4,Paid
PAY004513,O004513,Card,586.48,Paid
PAY004514,O004514,Apple Pay,1297.27,Paid
PAY004515,O004515,PayPal,139.43,Paid
PAY004516,O004516,PayPal,1024.36,Paid
PAY004517,O004517,Apple Pay,1027.59,Paid
PAY004518,O004518,Apple Pay,2792.32,Paid
PAY004519,O004519,PayPal,2745.02,Paid
PAY004520,O004520,Card,2928.09,Paid
PAY004521,O004521,Card,937.74,Failed
PAY004522,O004522,Card,34.19,Paid
PAY004523,O004523,Google Pay,334.78,Paid
PAY004524,O004524,PayPal,125.8,Paid
PAY004525,O004525,Card,1079.03,Paid
PAY004526,O004526,Card,2554.7,Paid
PAY004527,O004527,Apple Pay,1355.59,Paid
PAY004528,O004528,PayPal,228.8,Paid
PAY004529,O004529,PayPal,789.96,Paid
PAY004530,O004530,PayPal,369.12,Paid
PAY004531,O004531,PayPal,1072.95,Paid
PAY004532,O004532,Card,143.54,Paid
PAY004533,O004533,Card,1183.21,Paid
PAY004534,O004534,Google Pay,993.54,Paid
PAY004535,O004535,Card,1360.1,Paid
PAY004536,O004536,Card,1026.6,Paid
PAY004537,O004537,Card,2070.29,Paid
PAY004538,O004538,Card,1796.42,Paid
PAY004539,O004539,Apple Pay,61.54,Paid
PAY004540,O004540,Apple Pay,552.9,Paid
PAY004541,O004541,Apple Pay,552.23,Paid
PAY004542,O004542,Card,991.82,Paid
PAY004543,O004543,Card,620.59,Paid
PAY004544,O004544,PayPal,499.73,Failed
PAY004545,O004545,Google Pay,1023.59,Paid
PAY004546,O004546,Card,389.59,Paid
PAY004547,O004547,Card,114.4,Paid
PAY004548,O004548,Card,497.23,Failed
PAY004549,O004549,PayPal,1411.5,Paid
PAY004550,O004550,PayPal,353.01,Paid
PAY004551,O004551,Card,327.3,Failed
PAY004552,O004552,PayPal,862.95,Paid
PAY004553,O004553,Card,34.72,Paid
PAY004554,O004554,PayPal,154.4,Paid
PAY004555,O004555,Apple Pay,635.77,Paid
PAY004556,O004556,Card,72.53,Paid
PAY004557,O004557,Google Pay,600.76,Paid
PAY004558,O004558,Card,26.22,Paid
PAY004559,O004559,Apple Pay,124.14,Paid
PAY004560,O004560,Apple Pay,864.68,Paid
PAY004561,O004561,Card,854.97,Refunded
PAY004562,O004562,Card,436.84,Paid
PAY004563,O004563,Card,548.73,Paid
PAY004564,O004564,Card,207.8,Paid
PAY004565,O004565,PayPal,613.17,Paid
PAY004566,O004566,Apple Pay,300.77,Failed
PAY004567,O004567,Card,709.28,Paid
PAY004568,O004568,Card,236.32,Paid
PAY004569,O004569,PayPal,208.26,Paid
PAY004570,O004570,Card,188.98,Paid
PAY004571,O004571,Card,786.11,Paid
PAY004572,O004572,Card,301.56,Failed
PAY004573,O004573,Google Pay,605.19,Paid
PAY004574,O004574,Google Pay,1092.33,Paid
PAY004575,O004575,Google Pay,294.25,Failed
PAY004576,O004576,PayPal,1550.46,Paid
PAY004577,O004577,Card,94.88,Paid
PAY004578,O004578,Card,2263.12,Paid
PAY004579,O004579,Card,1877.53,Paid
PAY004580,O004580,Google Pay,308.37,Paid
PAY004581,O004581,Apple Pay,215.86,Paid
PAY004582,O004582,Card,311.03,Failed
PAY004583,O004583,Card,2248.71,Paid
PAY004584,O004584,Apple Pay,1273.73,Paid
PAY004585,O004585,Card,270.66,Paid
PAY004586,O004586,Google Pay,392.16,Paid
PAY004587,O004587,Card,506.18,Paid
PAY004588,O004588,Card,6.16,Paid
PAY004589,O004589,PayPal,521.51,Paid
PAY004590,O004590,Card,956.81,Paid
PAY004591,O004591,PayPal,301.39,Paid
PAY004592,O004592,Card,2267.07,Paid
PAY004593,O004593,Card,1056.16,Paid
PAY004594,O004594,PayPal,853.83,Paid
PAY004595,O004595,Apple Pay,524.46,Paid
PAY004596,O004596,Google Pay,550.19,Paid
PAY004597,O004597,Apple Pay,1150.16,Paid
PAY004598,O004598,Card,590.8,Paid
PAY004599,O004599,Card,672.61,Paid
PAY004600,O004600,Apple Pay,190.4,Paid
PAY004601,O004601,Card,426.48,Failed
PAY004602,O004602,PayPal,2454.66,Paid
PAY004603,O004603,Apple Pay,996.1,Paid
PAY004604,O004604,Google Pay,1012.79,Paid
PAY004605,O004605,Apple Pay,1796.92,Paid
PAY004606,O004606,PayPal,99.78,Paid
PAY004607,O004607,Apple Pay,91.65,Paid
PAY004608,O004608,Apple Pay,737.52,Paid
PAY004609,O004609,PayPal,48.91,Paid
PAY004610,O004610,Apple Pay,1199.83,Paid
PAY004611,O004611,Card,152.28,Failed
PAY004612,O004612,Card,341.25,Paid
PAY004613,O004613,Card,1079.53,Paid
PAY004614,O004614,Apple Pay,1050.52,Paid
PAY004615,O004615,Apple Pay,313.43,Paid
PAY004616,O004616,Card,12.32,Paid
PAY004617,O004617,Apple Pay,405.26,Paid
PAY004618,O004618,Card,599.82,Paid
PAY004619,O004619,Apple Pay,1042.68,Paid
PAY004620,O004620,Apple Pay,149.73,Paid
PAY004621,O004621,PayPal,115.22,Paid
PAY004622,O004622,Card,2103.32,Paid
PAY004623,O004623,Google Pay,200.49,Paid
PAY004624,O004624,PayPal,760.07,Paid
PAY004625,O004625,Apple Pay,1609.52,Failed
PAY004626,O004626,Card,98.75,Paid
PAY004627,O004627,Apple Pay,589.13,Refunded
PAY004628,O004628,Card,619.35,Paid
PAY004629,O004629,PayPal,2311.53,Paid
PAY004630,O004630,Card,228.94,Paid
PAY004631,O004631,Apple Pay,126.96,Paid
PAY004632,O004632,Google Pay,1194.41,Failed
PAY004633,O004633,Card,73.04,Paid
PAY004634,O004634,Apple Pay,979.62,Paid
PAY004635,O004635,Card,1316.76,Paid
PAY004636,O004636,PayPal,577.56,Paid
PAY004637,O004637,Card,765.23,Paid
PAY004638,O004638,PayPal,123.9,Paid
PAY004639,O004639,Apple Pay,687.62,Paid
PAY004640,O004640,Card,1304.74,Paid
PAY004641,O004641,Card,332.3,Paid
PAY004642,O004642,Card,297.32,Paid
PAY004643,O004643,Card,494.32,Paid
PAY004644,O004644,Apple Pay,63.14,Paid
PAY004645,O004645,Card,664.07,Paid
PAY004646,O004646,Card,1101.7,Paid
PAY004647,O004647,Google Pay,980.36,Paid
PAY004648,O004648,Card,418.42,Paid
PAY004649,O004649,Apple Pay,46.75,Paid
PAY004650,O004650,Card,81.61,Failed
PAY004651,O004651,Card,1523.9,Paid
PAY004652,O004652,Google Pay,219.41,Paid
PAY004653,O004653,Card,429.71,Paid
PAY004654,O004654,Google Pay,1058.16,Paid
PAY004655,O004655,Apple Pay,1166.03,Paid
PAY004656,O004656,Card,420.6,Paid
PAY004657,O004657,Card,481.27,Failed
PAY004658,O004658,Card,901.67,Paid
PAY004659,O004659,Apple Pay,992.01,Paid
PAY004660,O004660,Card,751.04,Paid
PAY004661,O004661,Card,1725.77,Paid
PAY004662,O004662,Card,1626.08,Paid
PAY004663,O004663,Card,1742.54,Paid
PAY004664,O004664,PayPal,1175.16,Paid
PAY004665,O004665,Apple Pay,768.54,Paid
PAY004666,O004666,Google Pay,151.4,Paid
PAY004667,O004667,Card,615.38,Paid
PAY004668,O004668,Card,1446.33,Paid
PAY004669,O004669,PayPal,1364.31,Paid
PAY004670,O004670,Google Pay,592.23,Paid
PAY004671,O004671,Card,577.0,Paid
PAY004672,O004672,Card,562.16,Paid
PAY004673,O004673,Card,3330.66,Paid
PAY004674,O004674,Card,93.76,Paid
PAY004675,O004675,Card,66.54,Paid
PAY004676,O004676,Apple Pay,621.37,Paid
PAY004677,O004677,Card,130.14,Paid
PAY004678,O004678,Card,43.96,Paid
PAY004679,O004679,PayPal,1082.25,Paid
PAY004680,O004680,PayPal,332.3,Paid
PAY004681,O004681,Card,822.68,Paid
PAY004682,O004682,Google Pay,748.36,Paid
PAY004683,O004683,PayPal,600.28,Paid
PAY004684,O004684,Google Pay,755.87,Failed
PAY004685,O004685,Card,214.69,Paid
PAY004686,O004686,Card,169.43,Failed
PAY004687,O004687,Apple Pay,169.43,Paid
PAY004688,O004688,PayPal,448.8,Paid
PAY004689,O004689,PayPal,221.36,Paid
PAY004690,O004690,Google Pay,680.58,Paid
PAY004691,O004691,Card,285.33,Paid
PAY004692,O004692,Card,406.0,Paid
PAY004693,O004693,Card,434.5,Refunded
PAY004694,O004694,Card,356.7,Paid
PAY004695,O004695,Card,986.68,Paid
PAY004696,O004696,PayPal,270.03,Paid
PAY004697,O004697,Card,304.88,Failed
PAY004698,O004698,Apple Pay,148.43,Paid
PAY004699,O004699,Card,1183.46,Paid
PAY004700,O004700,PayPal,362.66,Paid
PAY004701,O004701,Card,1673.53,Paid
PAY004702,O004702,PayPal,1141.08,Failed
PAY004703,O004703,Apple Pay,374.95,Paid
PAY004704,O004704,Google Pay,1315.9,Paid
PAY004705,O004705,Card,460.18,Paid
PAY004706,O004706,PayPal,22.36,Paid
PAY004707,O004707,Card,963.83,Paid
PAY004708,O004708,Card,363.68,Paid
PAY004709,O004709,PayPal,293.63,Paid
PAY004710,O004710,Google Pay,1424.5,Paid
PAY004711,O004711,Apple Pay,262.99,Paid
PAY004712,O004712,Card,689.76,Paid
PAY004713,O004713,Card,262.38,Paid
PAY004714,O004714,Card,63.16,Paid
PAY004715,O004715,Card,397.42,Paid
PAY004716,O004716,Card,664.6,Paid
PAY004717,O004717,Card,914.7,Paid
PAY004718,O004718,Apple Pay,168.14,Paid
PAY004719,O004719,Card,664.99,Paid
PAY004720,O004720,Card,1326.71,Paid
PAY004721,O004721,Card,91.78,Paid
PAY004722,O004722,Google Pay,339.53,Paid
PAY004723,O004723,Apple Pay,491.09,Failed
PAY004724,O004724,Apple Pay,1266.28,Paid
PAY004725,O004725,Card,1028.95,Paid
PAY004726,O004726,Card,1847.02,Paid
PAY004727,O004727,Card,1733.5,Paid
PAY004728,O004728,Card,389.4,Paid
PAY004729,O004729,Apple Pay,97.36,Paid
PAY004730,O004730,Card,48.41,Paid
PAY004731,O004731,Apple Pay,702.17,Paid
PAY004732,O004732,Card,224.26,Paid
PAY004733,O004733,Card,166.74,Paid
PAY004734,O004734,Card,952.32,Paid
PAY004735,O004735,PayPal,2210.85,Paid
PAY004736,O004736,Card,612.52,Failed
PAY004737,O004737,Card,877.74,Paid
PAY004738,O004738,Card,1961.86,Paid
PAY004739,O004739,Card,920.98,Paid
PAY004740,O004740,Card,45.97,Paid
PAY004741,O004741,Card,869.1,Paid
PAY004742,O004742,Card,168.73,Paid
PAY004743,O004743,PayPal,2742.47,Paid
PAY004744,O004744,Card,222.36,Paid
PAY004745,O004745,Card,651.15,Paid
PAY004746,O004746,Card,1110.28,Paid
PAY004747,O004747,PayPal,690.38,Paid
PAY004748,O004748,Google Pay,271.97,Paid
PAY004749,O004749,Card,949.24,Paid
PAY004750,O004750,PayPal,33.83,Paid
PAY004751,O004751,PayPal,1396.9,Refunded
PAY004752,O004752,Google Pay,56.54,Paid
PAY004753,O004753,Card,546.89,Paid
PAY004754,O004754,Apple Pay,111.85,Paid
PAY004755,O004755,PayPal,934.35,Paid
PAY004756,O004756,Card,256.22,Paid
PAY004757,O004757,Card,73.13,Paid
PAY004758,O004758,Card,1281.66,Paid
PAY004759,O004759,Card,315.55,Paid
PAY004760,O004760,PayPal,314.46,Paid
PAY004761,O004761,Card,768.64,Paid
PAY004762,O004762,Card,221.5,Paid
PAY004763,O004763,PayPal,262.8,Paid
PAY004764,O004764,Card,71.79,Paid
PAY004765,O004765,Apple Pay,379.22,Paid
PAY004766,O004766,Apple Pay,589.37,Paid
PAY004767,O004767,Card,728.58,Paid
PAY004768,O004768,Apple Pay,54.8,Paid
PAY004769,O004769,PayPal,394.67,Failed
PAY004770,O004770,Google Pay,262.03,Paid
PAY004771,O004771,Card,1035.86,Paid
PAY004772,O004772,PayPal,262.92,Paid
PAY004773,O004773,PayPal,61.54,Paid
PAY004774,O004774,PayPal,1099.1,Paid
PAY004775,O004775,Card,293.63,Paid
PAY004776,O004776,Card,811.84,Paid
PAY004777,O004777,Card,221.32,Paid
PAY004778,O004778,PayPal,680.59,Paid
PAY004779,O004779,PayPal,184.98,Paid
PAY004780,O004780,PayPal,327.3,Failed
PAY004781,O004781,PayPal,437.71,Paid
PAY004782,O004782,PayPal,275.19,Paid
PAY004783,O004783,Card,441.19,Paid
PAY004784,O004784,Google Pay,799.16,Paid
PAY004785,O004785,Card,850.09,Paid
PAY004786,O004786,Card,1108.32,Paid
PAY004787,O004787,Card,730.48,Paid
PAY004788,O004788,Card,82.53,Failed
PAY004789,O004789,Card,2705.21,Paid
PAY004790,O004790,Card,1.22,Paid
PAY004791,O004791,Card,466.5,Paid
PAY004792,O004792,Google Pay,46.36,Paid
PAY004793,O004793,Card,1087.46,Paid
PAY004794,O004794,Card,83.84,Failed
PAY004795,O004795,Card,271.81,Paid
PAY004796,O004796,Card,497.3,Paid
PAY004797,O004797,Card,396.52,Paid
PAY004798,O004798,PayPal,12.15,Paid
PAY004799,O004799,Apple Pay,610.39,Paid
PAY004800,O004800,Apple Pay,66.33,Paid
PAY004801,O004801,Card,301.4,Paid
PAY004802,O004802,Card,1175.82,Paid
PAY004803,O004803,Card,1250.02,Failed
PAY004804,O004804,PayPal,312.79,Failed
PAY004805,O004805,Card,214.16,Paid
PAY004806,O004806,Apple Pay,529.35,Paid
PAY004807,O004807,Card,221.63,Paid
PAY004808,O004808,PayPal,2177.37,Paid
PAY004809,O004809,PayPal,1097.5,Paid
PAY004810,O004810,Card,210.8,Paid
PAY004811,O004811,PayPal,36.74,Paid
PAY004812,O004812,PayPal,572.91,Paid
PAY004813,O004813,Card,351.7,Paid
PAY004814,O004814,Apple Pay,169.82,Paid
PAY004815,O004815,Card,385.55,Paid
PAY004816,O004816,Card,261.87,Paid
PAY004817,O004817,Card,1555.88,Paid
PAY004818,O004818,Card,500.69,Paid
PAY004819,O004819,Google Pay,211.08,Paid
PAY004820,O004820,Card,442.26,Paid
PAY004821,O004821,Card,248.46,Failed
PAY004822,O004822,Google Pay,312.15,Paid
PAY004823,O004823,Card,676.25,Paid
PAY004824,O004824,Apple Pay,212.59,Paid
PAY004825,O004825,Google Pay,617.9,Paid
PAY004826,O004826,Card,1163.38,Paid
PAY004827,O004827,Apple Pay,2097.07,Paid
PAY004828,O004828,Card,527.99,Failed
PAY004829,O004829,PayPal,923.77,Paid
PAY004830,O004830,Card,624.62,Paid
PAY004831,O004831,Apple Pay,63.62,Paid
PAY004832,O004832,Card,715.71,Paid
PAY004833,O004833,Card,173.07,Failed
PAY004834,O004834,PayPal,17.36,Paid
PAY004835,O004835,Google Pay,211.32,Paid
PAY004836,O004836,Card,233.46,Paid
PAY004837,O004837,PayPal,467.48,Paid
PAY004838,O004838,Apple Pay,232.4,Paid
PAY004839,O004839,Card,439.77,Failed
PAY004840,O004840,Card,1290.26,Paid
PAY004841,O004841,Card,393.72,Paid
PAY004842,O004842,Card,1635.02,Paid
PAY004843,O004843,Google Pay,1360.93,Refunded
PAY004844,O004844,Card,461.91,Paid
PAY004845,O004845,PayPal,78.62,Paid
PAY004846,O004846,Apple Pay,602.76,Paid
PAY004847,O004847,Card,810.55,Paid
PAY004848,O004848,Apple Pay,309.2,Paid
PAY004849,O004849,Card,1692.52,Refunded
PAY004850,O004850,Card,858.11,Paid
PAY004851,O004851,Card,81.61,Paid
PAY004852,O004852,PayPal,357.71,Paid
PAY004853,O004853,Card,234.45,Paid
PAY004854,O004854,Card,341.7,Paid
PAY004855,O004855,PayPal,191.96,Paid
PAY004856,O004856,Apple Pay,679.91,Paid
PAY004857,O004857,Google Pay,78.87,Paid
PAY004858,O004858,Card,227.83,Failed
PAY004859,O004859,Card,1043.27,Paid
PAY004860,O004860,Card,1198.52,Failed
PAY004861,O004861,Apple Pay,752.03,Paid
PAY004862,O004862,PayPal,1244.23,Paid
PAY004863,O004863,PayPal,523.92,Paid
PAY004864,O004864,Google Pay,831.13,Paid
PAY004865,O004865,Apple Pay,1087.29,Paid
PAY004866,O004866,PayPal,254.93,Paid
PAY004867,O004867,Card,479.97,Paid
PAY004868,O004868,PayPal,1437.49,Paid
PAY004869,O004869,Google Pay,376.48,Failed
PAY004870,O004870,Google Pay,2036.5,Paid
PAY004871,O004871,Card,174.82,Paid
PAY004872,O004872,Card,664.05,Paid
PAY004873,O004873,Google Pay,365.19,Paid
PAY004874,O004874,PayPal,1071.66,Failed
PAY004875,O004875,PayPal,983.58,Paid
PAY004876,O004876,Card,424.2,Paid
PAY004877,O004877,Google Pay,1531.53,Paid
PAY004878,O004878,Card,93.87,Paid
PAY004879,O004879,Card,426.84,Paid
PAY004880,O004880,PayPal,44.49,Paid
PAY004881,O004881,Card,1277.28,Paid
PAY004882,O004882,PayPal,439.6,Failed
PAY004883,O004883,Apple Pay,788.33,Paid
PAY004884,O004884,Card,395.76,Paid
PAY004885,O004885,Card,580.71,Paid
PAY004886,O004886,Card,245.84,Paid
PAY004887,O004887,PayPal,216.63,Paid
PAY004888,O004888,PayPal,294.62,Paid
PAY004889,O004889,Apple Pay,444.84,Paid
PAY004890,O004890,PayPal,394.59,Paid
PAY004891,O004891,Google Pay,399.8,Paid
PAY004892,O004892,Google Pay,1038.18,Paid
PAY004893,O004893,PayPal,1637.94,Paid
PAY004894,O004894,PayPal,338.31,Paid
PAY004895,O004895,Card,115.56,Paid
PAY004896,O004896,PayPal,456.91,Paid
PAY004897,O004897,Card,104.08,Paid
PAY004898,O004898,Card,851.91,Paid
PAY004899,O004899,PayPal,239.6,Paid
PAY004900,O004900,Apple Pay,508.1,Paid
PAY004901,O004901,PayPal,3410.13,Paid
PAY004902,O004902,Card,196.39,Paid
PAY004903,O004903,Card,667.36,Paid
PAY004904,O004904,Card,558.45,Paid
PAY004905,O004905,PayPal,616.03,Paid
PAY004906,O004906,Apple Pay,21.72,Paid
PAY004907,O004907,Card,990.28,Paid
PAY004908,O004908,Google Pay,564.03,Paid
PAY004909,O004909,Card,157.18,Paid
PAY004910,O004910,PayPal,1227.72,Paid
PAY004911,O004911,PayPal,1386.62,Failed
PAY004912,O004912,PayPal,317.49,Paid
PAY004913,O004913,Apple Pay,693.6,Paid
PAY004914,O004914,Card,116.08,Paid
PAY004915,O004915,Card,2089.63,Paid
PAY004916,O004916,Card,78.91,Paid
PAY004917,O004917,PayPal,1337.03,Paid
PAY004918,O004918,Google Pay,1296.23,Refunded
PAY004919,O004919,Card,751.04,Paid
PAY004920,O004920,PayPal,1181.42,Paid
PAY004921,O004921,Apple Pay,280.22,Paid
PAY004922,O004922,Card,155.1,Paid
PAY004923,O004923,Card,996.06,Paid
PAY004924,O004924,Card,420.67,Paid
PAY004925,O004925,Card,97.4,Paid
PAY004926,O004926,Apple Pay,1045.7,Paid
PAY004927,O004927,Google Pay,768.26,Paid
PAY004928,O004928,Card,746.91,Paid
PAY004929,O004929,Apple Pay,908.82,Failed
PAY004930,O004930,Card,296.28,Refunded
PAY004931,O004931,Card,572.86,Paid
PAY004932,O004932,Apple Pay,82.45,Paid
PAY004933,O004933,Google Pay,1349.13,Paid
PAY004934,O004934,Apple Pay,612.56,Paid
PAY004935,O004935,Card,1220.31,Paid
PAY004936,O004936,Apple Pay,443.07,Paid
PAY004937,O004937,Apple Pay,501.73,Paid
PAY004938,O004938,Card,1580.02,Paid
PAY004939,O004939,Apple Pay,150.89,Paid
PAY004940,O004940,Google Pay,980.97,Paid
PAY004941,O004941,Card,516.13,Refunded
PAY004942,O004942,Card,300.33,Paid
PAY004943,O004943,Card,270.03,Paid
PAY004944,O004944,Apple Pay,159.43,Paid
PAY004945,O004945,Card,25.86,Paid
PAY004946,O004946,Card,42.04,Paid
PAY004947,O004947,Google Pay,420.57,Paid
PAY004948,O004948,PayPal,2818.79,Paid
PAY004949,O004949,PayPal,365.44,Paid
PAY004950,O004950,Google Pay,874.09,Paid
PAY004951,O004951,Card,35.0,Paid
PAY004952,O004952,Card,275.04,Paid
PAY004953,O004953,Apple Pay,278.63,Paid
PAY004954,O004954,PayPal,962.18,Paid
PAY004955,O004955,Card,399.43,Failed
PAY004956,O004956,Card,742.92,Failed
PAY004957,O004957,Card,145.19,Paid
PAY004958,O004958,PayPal,168.25,Paid
PAY004959,O004959,Card,46.83,Paid
PAY004960,O004960,Google Pay,1002.12,Failed
PAY004961,O004961,Card,824.81,Paid
PAY004962,O004962,PayPal,1048.71,Paid
PAY004963,O004963,Card,631.32,Paid
PAY004964,O004964,Google Pay,299.94,Paid
PAY004965,O004965,Card,352.14,Paid
PAY004966,O004966,Google Pay,218.7,Paid
PAY004967,O004967,Apple Pay,1139.77,Failed
PAY004968,O004968,Card,1088.06,Paid
PAY004969,O004969,Card,714.3,Paid
PAY004970,O004970,Google Pay,250.33,Paid
PAY004971,O004971,Card,104.08,Paid
PAY004972,O004972,Card,463.36,Paid
PAY004973,O004973,PayPal,275.8,Paid
PAY004974,O004974,Apple Pay,1243.13,Failed
PAY004975,O004975,Card,1068.45,Paid
PAY004976,O004976,Card,722.02,Paid
PAY004977,O004977,Card,1414.37,Paid
PAY004978,O004978,Card,956.99,Paid
PAY004979,O004979,Card,1391.08,Paid
PAY004980,O004980,Card,207.7,Paid
PAY004981,O004981,Card,952.18,Paid
PAY004982,O004982,Card,495.81,Paid
PAY004983,O004983,Apple Pay,99.88,Paid
PAY004984,O004984,Card,31.06,Paid
PAY004985,O004985,Apple Pay,735.02,Paid
PAY004986,O004986,Card,233.69,Paid
PAY004987,O004987,PayPal,756.78,Paid
PAY004988,O004988,Google Pay,74.04,Paid
PAY004989,O004989,Apple Pay,119.16,Paid
PAY004990,O004990,Google Pay,1001.47,Paid
PAY004991,O004991,Card,507.38,Paid
PAY004992,O004992,Card,284.86,Paid
PAY004993,O004993,Apple Pay,311.54,Paid
PAY004994,O004994,Card,72.78,Paid
PAY004995,O004995,PayPal,810.58,Paid
PAY004996,O004996,Card,578.57,Paid
PAY004997,O004997,Card,141.48,Paid
PAY004998,O004998,PayPal,521.35,Paid
PAY004999,O004999,Card,1300.86,Paid
PAY005000,O005000,Card,1431.92,Paid
PAY005001,O005001,Card,590.16,Failed
PAY005002,O005002,Card,174.33,Paid
PAY005003,O005003,Apple Pay,463.8,Paid
PAY005004,O005004,Card,317.1,Paid
PAY005005,O005005,Card,1262.06,Paid
PAY005006,O005006,PayPal,667.45,Paid
PAY005007,O005007,PayPal,818.58,Paid
PAY005008,O005008,Card,1188.07,Paid
PAY005009,O005009,Card,1014.96,Paid
PAY005010,O005010,Apple Pay,603.44,Paid
PAY005011,O005011,PayPal,499.81,Paid
PAY005012,O005012,PayPal,331.28,Paid
PAY005013,O005013,Card,89.88,Paid
PAY005014,O005014,Google Pay,112.17,Paid
PAY005015,O005015,PayPal,866.31,Paid
PAY005016,O005016,Card,981.36,Paid
PAY005017,O005017,Card,19.27,Failed
PAY005018,O005018,Card,1666.28,Paid
PAY005019,O005019,Card,447.5,Paid
PAY005020,O005020,Apple Pay,150.83,Paid
PAY005021,O005021,Card,197.83,Paid
PAY005022,O005022,Card,572.02,Paid
PAY005023,O005023,Card,54.8,Paid
PAY005024,O005024,PayPal,330.99,Paid
PAY005025,O005025,Google Pay,15.53,Paid
PAY005026,O005026,Card,327.84,Paid
PAY005027,O005027,Card,38.89,Paid
PAY005028,O005028,Google Pay,127.61,Paid
PAY005029,O005029,Card,466.46,Paid
PAY005030,O005030,Card,3108.86,Paid
PAY005031,O005031,Apple Pay,413.81,Paid
PAY005032,O005032,Card,1219.82,Paid
PAY005033,O005033,Apple Pay,1756.42,Paid
PAY005034,O005034,Card,3356.34,Paid
PAY005035,O005035,PayPal,1589.34,Paid
PAY005036,O005036,PayPal,1061.38,Paid
PAY005037,O005037,Apple Pay,36.19,Paid
PAY005038,O005038,Card,431.8,Paid
PAY005039,O005039,Card,16.83,Paid
PAY005040,O005040,Card,472.97,Paid
PAY005041,O005041,Apple Pay,226.32,Paid
PAY005042,O005042,Card,403.08,Paid
PAY005043,O005043,Google Pay,128.9,Paid
PAY005044,O005044,Apple Pay,81.33,Paid
PAY005045,O005045,PayPal,1224.84,Refunded
PAY005046,O005046,Card,430.07,Paid
PAY005047,O005047,PayPal,254.56,Paid
PAY005048,O005048,Card,157.85,Failed
PAY005049,O005049,Google Pay,287.65,Paid
PAY005050,O005050,Google Pay,966.79,Paid
PAY005051,O005051,Card,1888.72,Paid
PAY005052,O005052,Card,411.57,Paid
PAY005053,O005053,PayPal,1040.38,Paid
PAY005054,O005054,Apple Pay,170.89,Failed
PAY005055,O005055,Card,1434.01,Refunded
PAY005056,O005056,Card,657.9,Paid
PAY005057,O005057,PayPal,2536.34,Paid
PAY005058,O005058,PayPal,107.17,Paid
PAY005059,O005059,PayPal,331.97,Paid
PAY005060,O005060,Apple Pay,1656.0,Paid
PAY005061,O005061,Google Pay,233.65,Paid
PAY005062,O005062,Google Pay,218.75,Paid
PAY005063,O005063,PayPal,1765.06,Paid
PAY005064,O005064,Card,3200.17,Paid
PAY005065,O005065,Apple Pay,296.4,Paid
PAY005066,O005066,Apple Pay,94.4,Paid
PAY005067,O005067,Apple Pay,233.65,Paid
PAY005068,O005068,PayPal,349.51,Paid
PAY005069,O005069,Apple Pay,570.97,Paid
PAY005070,O005070,Card,961.44,Paid
PAY005071,O005071,Card,1719.68,Paid
PAY005072,O005072,Google Pay,1334.29,Paid
PAY005073,O005073,Card,361.24,Paid
PAY005074,O005074,PayPal,288.63,Paid
PAY005075,O005075,Card,10.36,Paid
PAY005076,O005076,Card,650.28,Paid
PAY005077,O005077,Card,452.49,Paid
PAY005078,O005078,Card,802.98,Paid
PAY005079,O005079,Card,1016.69,Paid
PAY005080,O005080,PayPal,84.04,Paid
PAY005081,O005081,Apple Pay,619.53,Paid
PAY005082,O005082,Google Pay,672.36,Paid
PAY005083,O005083,Apple Pay,746.42,Paid
PAY005084,O005084,Apple Pay,524.59,Failed
PAY005085,O005085,Card,232.92,Paid
PAY005086,O005086,Card,670.43,Paid
PAY005087,O005087,Card,318.23,Refunded
PAY005088,O005088,Apple Pay,986.81,Paid
PAY005089,O005089,Apple Pay,103.86,Paid
PAY005090,O005090,Card,1461.64,Failed
PAY005091,O005091,Card,506.45,Paid
PAY005092,O005092,PayPal,1039.05,Paid
PAY005093,O005093,Apple Pay,157.85,Paid
PAY005094,O005094,Google Pay,283.43,Paid
PAY005095,O005095,PayPal,348.33,Paid
PAY005096,O005096,PayPal,823.83,Paid
PAY005097,O005097,Card,242.25,Paid
PAY005098,O005098,Card,1265.56,Paid
PAY005099,O005099,Card,1181.36,Paid
PAY005100,O005100,Card,74.53,Paid
PAY005101,O005101,Card,1728.57,Paid
PAY005102,O005102,PayPal,41.0,Paid
PAY005103,O005103,Apple Pay,734.18,Paid
PAY005104,O005104,Google Pay,153.91,Paid
PAY005105,O005105,Card,1349.56,Paid
PAY005106,O005106,Card,494.14,Paid
PAY005107,O005107,Apple Pay,93.13,Paid
PAY005108,O005108,Google Pay,828.11,Failed
PAY005109,O005109,Card,696.16,Failed
PAY005110,O005110,PayPal,573.69,Paid
PAY005111,O005111,Apple Pay,528.36,Paid
PAY005112,O005112,Apple Pay,2828.79,Paid
PAY005113,O005113,PayPal,770.94,Paid
PAY005114,O005114,Card,129.98,Paid
PAY005115,O005115,Apple Pay,499.18,Paid
PAY005116,O005116,Apple Pay,466.42,Paid
PAY005117,O005117,Google Pay,904.89,Failed
PAY005118,O005118,Card,95.04,Paid
PAY005119,O005119,Apple Pay,360.13,Paid
PAY005120,O005120,Card,2976.28,Paid
PAY005121,O005121,Card,91.56,Paid
PAY005122,O005122,Card,280.58,Paid
PAY005123,O005123,PayPal,716.33,Paid
PAY005124,O005124,Card,507.3,Paid
PAY005125,O005125,PayPal,534.59,Paid
PAY005126,O005126,Google Pay,351.03,Paid
PAY005127,O005127,Card,1123.45,Paid
PAY005128,O005128,Google Pay,109.09,Paid
PAY005129,O005129,Card,108.74,Paid
PAY005130,O005130,Card,237.4,Paid
PAY005131,O005131,PayPal,353.53,Paid
PAY005132,O005132,Card,212.58,Paid
PAY005133,O005133,Apple Pay,361.01,Paid
PAY005134,O005134,PayPal,65.04,Paid
PAY005135,O005135,Card,109.42,Paid
PAY005136,O005136,Card,544.61,Paid
PAY005137,O005137,Apple Pay,260.12,Paid
PAY005138,O005138,Google Pay,1383.45,Paid
PAY005139,O005139,PayPal,1343.79,Paid
PAY005140,O005140,Card,1318.66,Paid
PAY005141,O005141,Card,218.41,Paid
PAY005142,O005142,PayPal,476.38,Paid
PAY005143,O005143,Card,389.92,Paid
PAY005144,O005144,Card,213.06,Paid
PAY005145,O005145,Google Pay,959.94,Paid
PAY005146,O005146,PayPal,1564.98,Paid
PAY005147,O005147,Apple Pay,967.28,Paid
PAY005148,O005148,Apple Pay,1339.59,Paid
PAY005149,O005149,Card,431.91,Paid
PAY005150,O005150,Card,42.56,Paid
PAY005151,O005151,Card,317.78,Paid
PAY005152,O005152,PayPal,1306.44,Paid
PAY005153,O005153,Apple Pay,541.58,Paid
PAY005154,O005154,Apple Pay,2690.24,Paid
PAY005155,O005155,Card,707.42,Paid
PAY005156,O005156,Card,151.4,Paid
PAY005157,O005157,Card,1131.91,Paid
PAY005158,O005158,PayPal,168.3,Paid
PAY005159,O005159,Google Pay,1489.31,Paid
PAY005160,O005160,Card,213.47,Paid
PAY005161,O005161,PayPal,1379.04,Paid
PAY005162,O005162,Card,602.73,Paid
PAY005163,O005163,PayPal,1155.7,Paid
PAY005164,O005164,Google Pay,123.08,Paid
PAY005165,O005165,Card,298.43,Refunded
PAY005166,O005166,Card,246.94,Paid
PAY005167,O005167,Apple Pay,149.28,Paid
PAY005168,O005168,Card,570.44,Paid
PAY005169,O005169,Card,705.9,Refunded
PAY005170,O005170,Card,434.34,Paid
PAY005171,O005171,Apple Pay,1941.28,Paid
PAY005172,O005172,Apple Pay,107.45,Paid
PAY005173,O005173,PayPal,979.31,Failed
PAY005174,O005174,Card,792.34,Paid
PAY005175,O005175,Google Pay,34.62,Paid
PAY005176,O005176,Apple Pay,741.46,Paid
PAY005177,O005177,Card,777.5,Paid
PAY005178,O005178,Apple Pay,249.43,Paid
PAY005179,O005179,Card,825.43,Paid
PAY005180,O005180,PayPal,1187.37,Paid
PAY005181,O005181,Card,617.0,Paid
PAY005182,O005182,Card,321.03,Paid
PAY005183,O005183,Card,125.77,Paid
PAY005184,O005184,Card,1494.18,Refunded
PAY005185,O005185,Card,211.22,Paid
PAY005186,O005186,Card,60.9,Paid
PAY005187,O005187,Google Pay,109.4,Paid
PAY005188,O005188,Card,685.23,Paid
PAY005189,O005189,PayPal,715.79,Paid
PAY005190,O005190,PayPal,542.37,Paid
PAY005191,O005191,Card,787.64,Paid
PAY005192,O005192,Card,109.98,Paid
PAY005193,O005193,Card,685.38,Paid
PAY005194,O005194,Card,618.66,Paid
PAY005195,O005195,PayPal,827.11,Paid
PAY005196,O005196,PayPal,62.34,Paid
PAY005197,O005197,Card,1053.82,Paid
PAY005198,O005198,Card,1378.65,Paid
PAY005199,O005199,Card,834.23,Paid
PAY005200,O005200,Apple Pay,506.39,Paid
PAY005201,O005201,Apple Pay,379.83,Paid
PAY005202,O005202,Card,87.88,Paid
PAY005203,O005203,Apple Pay,17.36,Paid
PAY005204,O005204,PayPal,882.96,Paid
PAY005205,O005205,Card,1208.42,Paid
PAY005206,O005206,Google Pay,636.29,Paid
PAY005207,O005207,Google Pay,118.9,Paid
PAY005208,O005208,Card,344.5,Paid
PAY005209,O005209,Apple Pay,1044.93,Paid
PAY005210,O005210,Google Pay,688.14,Paid
PAY005211,O005211,Card,941.6,Paid
PAY005212,O005212,Apple Pay,1692.68,Paid
PAY005213,O005213,Card,963.23,Paid
PAY005214,O005214,PayPal,143.51,Paid
PAY005215,O005215,Card,107.62,Paid
PAY005216,O005216,Card,399.43,Paid
PAY005217,O005217,Card,111.64,Paid
PAY005218,O005218,Google Pay,643.99,Paid
PAY005219,O005219,Card,179.73,Paid
PAY005220,O005220,Apple Pay,227.4,Paid
PAY005221,O005221,PayPal,737.93,Paid
PAY005222,O005222,PayPal,1015.3,Paid
PAY005223,O005223,Card,696.27,Paid
PAY005224,O005224,Google Pay,960.58,Paid
PAY005225,O005225,Apple Pay,1331.16,Paid
PAY005226,O005226,Card,372.33,Paid
PAY005227,O005227,Card,674.6,Paid
PAY005228,O005228,Card,777.15,Paid
PAY005229,O005229,Card,496.79,Paid
PAY005230,O005230,Card,410.39,Paid
PAY005231,O005231,Card,612.89,Failed
PAY005232,O005232,Card,1022.14,Paid
PAY005233,O005233,PayPal,502.49,Paid
PAY005234,O005234,Card,1451.58,Paid
PAY005235,O005235,Card,85.04,Paid
PAY005236,O005236,Apple Pay,2531.6,Paid
PAY005237,O005237,PayPal,1035.11,Paid
PAY005238,O005238,PayPal,665.17,Paid
PAY005239,O005239,Card,1409.1,Paid
PAY005240,O005240,Google Pay,835.91,Paid
PAY005241,O005241,Card,1961.86,Paid
PAY005242,O005242,PayPal,828.54,Paid
PAY005243,O005243,Card,1893.09,Paid
PAY005244,O005244,Card,319.96,Paid
PAY005245,O005245,Card,1138.94,Paid
PAY005246,O005246,Card,1260.32,Paid
PAY005247,O005247,Card,314.94,Paid
PAY005248,O005248,Apple Pay,934.41,Paid
PAY005249,O005249,Card,219.67,Paid
PAY005250,O005250,Apple Pay,241.69,Failed
PAY005251,O005251,Card,420.63,Paid
PAY005252,O005252,Google Pay,1107.5,Paid
PAY005253,O005253,PayPal,1592.32,Refunded
PAY005254,O005254,Apple Pay,617.31,Paid
PAY005255,O005255,Card,247.5,Paid
PAY005256,O005256,Apple Pay,69.55,Paid
PAY005257,O005257,PayPal,626.77,Paid
PAY005258,O005258,Card,513.05,Paid
PAY005259,O005259,PayPal,1055.4,Paid
PAY005260,O005260,Card,486.52,Paid
PAY005261,O005261,Google Pay,2114.82,Paid
PAY005262,O005262,Card,694.38,Paid
PAY005263,O005263,Card,484.62,Paid
PAY005264,O005264,Apple Pay,1031.0,Paid
PAY005265,O005265,Card,154.81,Paid
PAY005266,O005266,Card,1065.36,Paid
PAY005267,O005267,Google Pay,1163.79,Paid
PAY005268,O005268,Card,578.93,Paid
PAY005269,O005269,Card,589.26,Paid
PAY005270,O005270,Card,73.91,Paid
PAY005271,O005271,Google Pay,1301.76,Paid
PAY005272,O005272,Card,228.97,Failed
PAY005273,O005273,Card,513.1,Paid
PAY005274,O005274,Card,865.4,Paid
PAY005275,O005275,Card,741.67,Paid
PAY005276,O005276,Google Pay,314.88,Paid
PAY005277,O005277,Card,418.47,Paid
PAY005278,O005278,Card,491.09,Paid
PAY005279,O005279,Card,863.97,Paid
PAY005280,O005280,Apple Pay,539.19,Paid
PAY005281,O005281,Card,1101.74,Paid
PAY005282,O005282,PayPal,17.36,Paid
PAY005283,O005283,Card,519.56,Paid
PAY005284,O005284,Google Pay,1416.5,Paid
PAY005285,O005285,Card,2240.1,Paid
PAY005286,O005286,PayPal,237.52,Paid
PAY005287,O005287,PayPal,158.15,Paid
PAY005288,O005288,Apple Pay,731.29,Paid
PAY005289,O005289,Card,656.44,Paid
PAY005290,O005290,Card,201.08,Paid
PAY005291,O005291,PayPal,254.56,Paid
PAY005292,O005292,Apple Pay,570.06,Paid
PAY005293,O005293,PayPal,66.61,Paid
PAY005294,O005294,Apple Pay,684.72,Paid
PAY005295,O005295,PayPal,862.08,Paid
PAY005296,O005296,Apple Pay,296.9,Paid
PAY005297,O005297,Google Pay,440.97,Paid
PAY005298,O005298,Card,42.97,Paid
PAY005299,O005299,Card,387.7,Paid
PAY005300,O005300,PayPal,296.9,Paid
PAY005301,O005301,PayPal,1487.08,Paid
PAY005302,O005302,Card,909.95,Failed
PAY005303,O005303,Card,64.62,Paid
PAY005304,O005304,PayPal,56.6,Paid
PAY005305,O005305,Card,1560.65,Paid
PAY005306,O005306,Card,436.53,Paid
PAY005307,O005307,Apple Pay,629.83,Paid
PAY005308,O005308,Card,832.36,Paid
PAY005309,O005309,PayPal,182.52,Paid
PAY005310,O005310,Card,777.38,Paid
PAY005311,O005311,PayPal,219.26,Paid
PAY005312,O005312,Card,1987.5,Paid
PAY005313,O005313,PayPal,124.49,Paid
PAY005314,O005314,Google Pay,956.92,Paid
PAY005315,O005315,Apple Pay,659.01,Paid
PAY005316,O005316,Card,456.16,Paid
PAY005317,O005317,Apple Pay,1270.56,Paid
PAY005318,O005318,Google Pay,763.86,Paid
PAY005319,O005319,Card,1046.9,Failed
PAY005320,O005320,Card,1693.87,Paid
PAY005321,O005321,PayPal,1018.91,Paid
PAY005322,O005322,Card,298.33,Paid
PAY005323,O005323,Google Pay,383.1,Paid
PAY005324,O005324,PayPal,1945.85,Paid
PAY005325,O005325,Apple Pay,543.68,Paid
PAY005326,O005326,PayPal,273.28,Paid
PAY005327,O005327,Apple Pay,877.51,Paid
PAY005328,O005328,Card,893.68,Paid
PAY005329,O005329,Card,450.26,Paid
PAY005330,O005330,Apple Pay,339.05,Paid
PAY005331,O005331,Google Pay,244.43,Paid
PAY005332,O005332,Card,1063.92,Paid
PAY005333,O005333,Card,973.3,Paid
PAY005334,O005334,Card,1360.73,Paid
PAY005335,O005335,Card,862.14,Paid
PAY005336,O005336,Apple Pay,357.76,Paid
PAY005337,O005337,Card,478.07,Paid
PAY005338,O005338,PayPal,2032.62,Paid
PAY005339,O005339,Apple Pay,791.58,Paid
PAY005340,O005340,PayPal,547.42,Paid
PAY005341,O005341,Card,123.38,Paid
PAY005342,O005342,PayPal,1013.41,Paid
PAY005343,O005343,Apple Pay,218.82,Paid
PAY005344,O005344,Google Pay,336.5,Failed
PAY005345,O005345,Card,637.52,Paid
PAY005346,O005346,Card,774.42,Refunded
PAY005347,O005347,Card,1003.62,Paid
PAY005348,O005348,PayPal,1299.22,Paid
PAY005349,O005349,PayPal,199.5,Paid
PAY005350,O005350,Card,224.92,Paid
PAY005351,O005351,Apple Pay,1274.3,Paid
PAY005352,O005352,Apple Pay,561.05,Paid
PAY005353,O005353,Card,566.19,Paid
PAY005354,O005354,PayPal,864.46,Paid
PAY005355,O005355,PayPal,656.74,Paid
PAY005356,O005356,Google Pay,1042.92,Paid
PAY005357,O005357,Card,264.11,Paid
PAY005358,O005358,Card,203.98,Paid
PAY005359,O005359,Card,573.02,Paid
PAY005360,O005360,PayPal,507.06,Paid
PAY005361,O005361,Apple Pay,18.89,Paid
PAY005362,O005362,Card,114.96,Paid
PAY005363,O005363,PayPal,23.89,Paid
PAY005364,O005364,PayPal,301.6,Paid
PAY005365,O005365,Card,687.28,Paid
PAY005366,O005366,Card,1470.13,Paid
PAY005367,O005367,Google Pay,1320.05,Paid
PAY005368,O005368,Card,1083.03,Paid
PAY005369,O005369,Card,1568.25,Paid
PAY005370,O005370,Card,224.43,Paid
PAY005371,O005371,Card,483.66,Refunded
PAY005372,O005372,Card,252.5,Paid
PAY005373,O005373,PayPal,2377.84,Paid
PAY005374,O005374,PayPal,148.94,Paid
PAY005375,O005375,Card,634.71,Paid
PAY005376,O005376,Google Pay,1479.15,Failed
PAY005377,O005377,Apple Pay,218.03,Paid
PAY005378,O005378,PayPal,651.33,Paid
PAY005379,O005379,Card,97.18,Refunded
PAY005380,O005380,Card,748.1,Paid
PAY005381,O005381,Card,2141.74,Paid
PAY005382,O005382,PayPal,907.49,Paid
PAY005383,O005383,Card,787.76,Paid
PAY005384,O005384,Card,2290.78,Paid
PAY005385,O005385,PayPal,85.94,Paid
PAY005386,O005386,Card,477.02,Refunded
PAY005387,O005387,Card,661.84,Paid
PAY005388,O005388,Card,27.7,Failed
PAY005389,O005389,Card,440.86,Paid
PAY005390,O005390,Card,80.12,Paid
PAY005391,O005391,Card,771.05,Paid
PAY005392,O005392,Card,375.57,Paid
PAY005393,O005393,PayPal,759.94,Paid
PAY005394,O005394,Card,104.4,Paid
PAY005395,O005395,PayPal,330.55,Paid
PAY005396,O005396,Card,169.65,Failed
PAY005397,O005397,Apple Pay,895.74,Paid
PAY005398,O005398,Card,199.24,Paid
PAY005399,O005399,Apple Pay,237.4,Paid
PAY005400,O005400,Apple Pay,689.72,Paid
PAY005401,O005401,Card,63.12,Paid
PAY005402,O005402,Card,584.74,Paid
PAY005403,O005403,Apple Pay,381.98,Paid
PAY005404,O005404,Apple Pay,288.69,Paid
PAY005405,O005405,Card,459.56,Paid
PAY005406,O005406,Google Pay,751.97,Failed
PAY005407,O005407,Card,679.05,Paid
PAY005408,O005408,Google Pay,107.95,Paid
PAY005409,O005409,Card,1065.54,Paid
PAY005410,O005410,Card,335.02,Paid
PAY005411,O005411,PayPal,824.16,Paid
PAY005412,O005412,Card,243.65,Paid
PAY005413,O005413,PayPal,1288.23,Failed
PAY005414,O005414,Card,1247.59,Paid
PAY005415,O005415,PayPal,702.78,Paid
PAY005416,O005416,Apple Pay,438.44,Failed
PAY005417,O005417,Card,95.86,Paid
PAY005418,O005418,Apple Pay,381.69,Failed
PAY005419,O005419,Google Pay,681.69,Paid
PAY005420,O005420,Google Pay,290.74,Paid
PAY005421,O005421,Card,476.27,Failed
PAY005422,O005422,Card,668.14,Paid
PAY005423,O005423,Card,154.98,Paid
PAY005424,O005424,Card,627.7,Paid
PAY005425,O005425,PayPal,103.37,Paid
PAY005426,O005426,PayPal,1777.97,Paid
PAY005427,O005427,Card,927.07,Refunded
PAY005428,O005428,Apple Pay,238.64,Paid
PAY005429,O005429,Card,282.87,Paid
PAY005430,O005430,Card,497.45,Failed
PAY005431,O005431,PayPal,183.85,Paid
PAY005432,O005432,Card,204.95,Failed
PAY005433,O005433,PayPal,76.37,Paid
PAY005434,O005434,Card,545.89,Paid
PAY005435,O005435,Card,266.24,Paid
PAY005436,O005436,Card,1399.28,Paid
PAY005437,O005437,Apple Pay,303.12,Paid
PAY005438,O005438,Card,296.9,Paid
PAY005439,O005439,Apple Pay,473.45,Refunded
PAY005440,O005440,PayPal,977.18,Paid
PAY005441,O005441,Card,329.98,Paid
PAY005442,O005442,Card,327.2,Paid
PAY005443,O005443,PayPal,445.37,Paid
PAY005444,O005444,Apple Pay,2434.94,Paid
PAY005445,O005445,Card,103.56,Paid
PAY005446,O005446,Google Pay,1127.72,Paid
PAY005447,O005447,Apple Pay,519.85,Paid
PAY005448,O005448,Card,113.37,Paid
PAY005449,O005449,Apple Pay,1153.39,Paid
PAY005450,O005450,Card,643.25,Paid
PAY005451,O005451,Card,1347.7,Paid
PAY005452,O005452,Apple Pay,336.02,Failed
PAY005453,O005453,PayPal,1287.9,Paid
PAY005454,O005454,Card,1055.92,Paid
PAY005455,O005455,Card,810.79,Paid
PAY005456,O005456,PayPal,408.47,Paid
PAY005457,O005457,Card,372.16,Paid
PAY005458,O005458,PayPal,543.66,Paid
PAY005459,O005459,PayPal,283.92,Paid
PAY005460,O005460,Card,91.37,Paid
PAY005461,O005461,Apple Pay,308.43,Paid
PAY005462,O005462,Google Pay,597.47,Paid
PAY005463,O005463,Card,717.27,Paid
PAY005464,O005464,Card,708.32,Refunded
PAY005465,O005465,Card,526.03,Paid
PAY005466,O005466,Card,180.1,Paid
PAY005467,O005467,PayPal,1213.75,Paid
PAY005468,O005468,Card,403.18,Paid
PAY005469,O005469,Card,1633.91,Failed
PAY005470,O005470,Card,251.84,Paid
PAY005471,O005471,Google Pay,508.41,Paid
PAY005472,O005472,PayPal,452.39,Paid
PAY005473,O005473,Card,645.47,Paid
PAY005474,O005474,Card,27.69,Paid
PAY005475,O005475,PayPal,625.07,Paid
PAY005476,O005476,Card,231.46,Paid
PAY005477,O005477,Card,602.8,Failed
PAY005478,O005478,Apple Pay,1230.73,Failed
PAY005479,O005479,Card,1922.26,Paid
PAY005480,O005480,Card,277.29,Paid
PAY005481,O005481,Card,24.27,Paid
PAY005482,O005482,Card,487.96,Paid
PAY005483,O005483,Apple Pay,1718.57,Paid
PAY005484,O005484,Card,198.98,Paid
PAY005485,O005485,Card,576.19,Paid
PAY005486,O005486,Apple Pay,1114.25,Paid
PAY005487,O005487,Card,3463.95,Paid
PAY005488,O005488,Card,296.5,Paid
PAY005489,O005489,Card,561.93,Paid
PAY005490,O005490,PayPal,35.86,Paid
PAY005491,O005491,Google Pay,72.55,Paid
PAY005492,O005492,Card,1264.23,Paid
PAY005493,O005493,Card,380.44,Paid
PAY005494,O005494,PayPal,1151.76,Paid
PAY005495,O005495,PayPal,823.86,Paid
PAY005496,O005496,Apple Pay,495.42,Paid
PAY005497,O005497,Card,1019.6,Paid
PAY005498,O005498,Apple Pay,842.14,Paid
PAY005499,O005499,Apple Pay,102.95,Paid
PAY005500,O005500,Apple Pay,427.04,Paid
PAY005501,O005501,Card,315.98,Paid
PAY005502,O005502,PayPal,116.57,Paid
PAY005503,O005503,PayPal,1566.87,Paid
PAY005504,O005504,PayPal,593.71,Paid
PAY005505,O005505,Card,582.16,Refunded
PAY005506,O005506,Card,1986.08,Failed
PAY005507,O005507,Card,448.07,Paid
PAY005508,O005508,Apple Pay,121.44,Paid
PAY005509,O005509,Card,937.24,Paid
PAY005510,O005510,PayPal,1894.44,Paid
PAY005511,O005511,Card,200.4,Paid
PAY005512,O005512,Card,1794.6,Paid
PAY005513,O005513,Card,1307.95,Paid
PAY005514,O005514,Apple Pay,1578.44,Paid
PAY005515,O005515,Card,42.44,Paid
PAY005516,O005516,PayPal,220.33,Paid
PAY005517,O005517,PayPal,500.27,Paid
PAY005518,O005518,Apple Pay,86.32,Paid
PAY005519,O005519,Card,461.85,Paid
PAY005520,O005520,PayPal,339.95,Paid
PAY005521,O005521,Card,1578.27,Paid
PAY005522,O005522,PayPal,1764.04,Paid
PAY005523,O005523,Google Pay,435.42,Paid
PAY005524,O005524,Google Pay,682.44,Paid
PAY005525,O005525,Card,106.17,Paid
PAY005526,O005526,Google Pay,313.41,Paid
PAY005527,O005527,Google Pay,252.8,Paid
PAY005528,O005528,PayPal,612.82,Paid
PAY005529,O005529,Card,1284.73,Paid
PAY005530,O005530,Card,457.44,Paid
PAY005531,O005531,Card,323.85,Paid
PAY005532,O005532,Apple Pay,429.95,Paid
PAY005533,O005533,Card,486.09,Paid
PAY005534,O005534,Card,181.96,Paid
PAY005535,O005535,Card,2251.29,Paid
PAY005536,O005536,Card,2382.23,Failed
PAY005537,O005537,Google Pay,73.62,Paid
PAY005538,O005538,PayPal,1391.53,Failed
PAY005539,O005539,Card,478.56,Paid
PAY005540,O005540,Card,1035.95,Paid
PAY005541,O005541,Google Pay,87.88,Paid
PAY005542,O005542,PayPal,829.9,Paid
PAY005543,O005543,Card,150.06,Paid
PAY005544,O005544,Card,772.01,Paid
PAY005545,O005545,PayPal,672.45,Paid
PAY005546,O005546,Card,568.88,Paid
PAY005547,O005547,Card,1037.62,Paid
PAY005548,O005548,Card,829.92,Paid
PAY005549,O005549,Google Pay,233.68,Paid
PAY005550,O005550,Card,97.95,Paid
PAY005551,O005551,Card,433.13,Paid
PAY005552,O005552,Apple Pay,560.19,Paid
PAY005553,O005553,Apple Pay,390.98,Paid
PAY005554,O005554,PayPal,201.95,Paid
PAY005555,O005555,PayPal,728.63,Paid
PAY005556,O005556,Card,455.2,Paid
PAY005557,O005557,Card,420.11,Paid
PAY005558,O005558,Card,943.15,Paid
PAY005559,O005559,Card,1307.39,Paid
PAY005560,O005560,Apple Pay,1152.83,Paid
PAY005561,O005561,PayPal,203.26,Paid
PAY005562,O005562,Google Pay,476.36,Paid
PAY005563,O005563,Card,1515.64,Paid
PAY005564,O005564,Google Pay,1505.1,Paid
PAY005565,O005565,PayPal,539.32,Paid
PAY005566,O005566,Card,495.89,Paid
PAY005567,O005567,Card,1509.12,Paid
PAY005568,O005568,PayPal,266.57,Paid
PAY005569,O005569,PayPal,652.52,Paid
PAY005570,O005570,Card,79.53,Paid
PAY005571,O005571,PayPal,599.25,Paid
PAY005572,O005572,Card,1660.03,Paid
PAY005573,O005573,PayPal,311.45,Paid
PAY005574,O005574,Apple Pay,1210.9,Paid
PAY005575,O005575,Card,925.08,Paid
PAY005576,O005576,Card,430.51,Failed
PAY005577,O005577,Card,1780.29,Paid
PAY005578,O005578,Apple Pay,143.87,Failed
PAY005579,O005579,Card,1429.33,Paid
PAY005580,O005580,Card,871.04,Failed
PAY005581,O005581,Apple Pay,137.71,Paid
PAY005582,O005582,Apple Pay,1766.68,Paid
PAY005583,O005583,PayPal,151.4,Paid
PAY005584,O005584,Google Pay,1313.24,Failed
PAY005585,O005585,PayPal,747.2,Paid
PAY005586,O005586,Card,15.72,Paid
PAY005587,O005587,Card,1445.88,Paid
PAY005588,O005588,Card,433.52,Failed
PAY005589,O005589,Card,50.82,Failed
PAY005590,O005590,Card,1378.59,Paid
PAY005591,O005591,Google Pay,1359.44,Paid
PAY005592,O005592,Card,679.83,Paid
PAY005593,O005593,Apple Pay,2206.97,Paid
PAY005594,O005594,Card,651.6,Paid
PAY005595,O005595,Apple Pay,233.68,Paid
PAY005596,O005596,Card,2310.78,Paid
PAY005597,O005597,Card,83.13,Paid
PAY005598,O005598,Card,475.34,Failed
PAY005599,O005599,Apple Pay,985.92,Paid
PAY005600,O005600,Card,774.32,Paid
PAY005601,O005601,Apple Pay,571.19,Refunded
PAY005602,O005602,Google Pay,245.0,Paid
PAY005603,O005603,Card,35.92,Paid
PAY005604,O005604,Card,762.17,Paid
PAY005605,O005605,Card,88.84,Paid
PAY005606,O005606,Card,1138.94,Paid
PAY005607,O005607,PayPal,956.14,Paid
PAY005608,O005608,Card,302.22,Paid
PAY005609,O005609,Card,956.64,Paid
PAY005610,O005610,Card,786.4,Paid
PAY005611,O005611,Google Pay,90.04,Paid
PAY005612,O005612,Apple Pay,342.83,Paid
PAY005613,O005613,Apple Pay,1362.4,Paid
PAY005614,O005614,Card,226.32,Paid
PAY005615,O005615,Apple Pay,684.38,Paid
PAY005616,O005616,PayPal,202.62,Failed
PAY005617,O005617,Apple Pay,444.65,Paid
PAY005618,O005618,PayPal,108.5,Paid
PAY005619,O005619,Card,651.68,Paid
PAY005620,O005620,Card,1245.77,Paid
PAY005621,O005621,PayPal,333.87,Paid
PAY005622,O005622,Google Pay,1284.09,Paid
PAY005623,O005623,PayPal,730.62,Paid
PAY005624,O005624,Card,735.92,Paid
PAY005625,O005625,Apple Pay,209.96,Paid
PAY005626,O005626,PayPal,539.59,Refunded
PAY005627,O005627,Card,25.86,Paid
PAY005628,O005628,Card,476.09,Paid
PAY005629,O005629,Card,207.31,Paid
PAY005630,O005630,Card,779.86,Paid
PAY005631,O005631,PayPal,870.18,Paid
PAY005632,O005632,Card,234.92,Paid
PAY005633,O005633,Card,296.4,Paid
PAY005634,O005634,PayPal,683.63,Paid
PAY005635,O005635,Card,847.01,Paid
PAY005636,O005636,PayPal,1864.65,Paid
PAY005637,O005637,Apple Pay,299.74,Paid
PAY005638,O005638,Card,623.55,Paid
PAY005639,O005639,PayPal,82.53,Failed
PAY005640,O005640,PayPal,1232.41,Paid
PAY005641,O005641,Apple Pay,301.4,Paid
PAY005642,O005642,PayPal,201.27,Paid
PAY005643,O005643,Apple Pay,339.43,Paid
PAY005644,O005644,Card,1338.17,Paid
PAY005645,O005645,Card,655.22,Paid
PAY005646,O005646,PayPal,697.78,Paid
PAY005647,O005647,Card,544.1,Paid
PAY005648,O005648,Card,0.0,Paid
PAY005649,O005649,Google Pay,820.42,Paid
PAY005650,O005650,PayPal,679.72,Paid
PAY005651,O005651,Apple Pay,880.89,Paid
PAY005652,O005652,PayPal,230.97,Paid
PAY005653,O005653,Google Pay,88.84,Paid
PAY005654,O005654,Card,765.64,Paid
PAY005655,O005655,Card,1167.39,Paid
PAY005656,O005656,Card,1918.75,Paid
PAY005657,O005657,Card,1653.16,Paid
PAY005658,O005658,PayPal,868.42,Paid
PAY005659,O005659,Apple Pay,141.44,Paid
PAY005660,O005660,Card,728.34,Paid
PAY005661,O005661,PayPal,819.78,Paid
PAY005662,O005662,PayPal,755.96,Paid
PAY005663,O005663,Card,1932.52,Paid
PAY005664,O005664,Card,1742.04,Paid
PAY005665,O005665,Card,105.86,Paid
PAY005666,O005666,Card,1734.4,Paid
PAY005667,O005667,Card,428.45,Paid
PAY005668,O005668,Card,652.77,Paid
PAY005669,O005669,Apple Pay,394.8,Paid
PAY005670,O005670,PayPal,466.55,Paid
PAY005671,O005671,Card,366.08,Paid
PAY005672,O005672,Google Pay,322.62,Paid
PAY005673,O005673,Google Pay,664.4,Paid
PAY005674,O005674,Card,3424.16,Paid
PAY005675,O005675,Card,266.57,Paid
PAY005676,O005676,Card,1984.37,Refunded
PAY005677,O005677,Google Pay,1117.97,Paid
PAY005678,O005678,Google Pay,128.09,Paid
PAY005679,O005679,Card,1530.28,Paid
PAY005680,O005680,Card,381.44,Paid
PAY005681,O005681,Google Pay,321.51,Failed
PAY005682,O005682,Google Pay,642.52,Paid
PAY005683,O005683,PayPal,93.04,Paid
PAY005684,O005684,Card,521.09,Paid
PAY005685,O005685,PayPal,582.91,Paid
PAY005686,O005686,Card,349.2,Paid
PAY005687,O005687,Card,77.78,Failed
PAY005688,O005688,PayPal,135.01,Paid
PAY005689,O005689,Card,183.48,Paid
PAY005690,O005690,Google Pay,92.55,Paid
PAY005691,O005691,PayPal,377.76,Paid
PAY005692,O005692,PayPal,292.77,Refunded
PAY005693,O005693,Card,353.84,Paid
PAY005694,O005694,PayPal,373.13,Paid
PAY005695,O005695,Card,109.72,Paid
PAY005696,O005696,Card,246.54,Paid
PAY005697,O005697,Card,50.74,Paid
PAY005698,O005698,Apple Pay,1679.01,Paid
PAY005699,O005699,Apple Pay,1692.32,Paid
PAY005700,O005700,Apple Pay,312.72,Paid
PAY005701,O005701,PayPal,677.46,Paid
PAY005702,O005702,PayPal,693.26,Paid
PAY005703,O005703,Card,492.04,Paid
PAY005704,O005704,Apple Pay,803.02,Paid
PAY005705,O005705,PayPal,169.43,Paid
PAY005706,O005706,Google Pay,644.96,Paid
PAY005707,O005707,Card,162.66,Paid
PAY005708,O005708,Apple Pay,723.54,Paid
PAY005709,O005709,Card,75.04,Paid
PAY005710,O005710,PayPal,1029.62,Failed
PAY005711,O005711,Apple Pay,1035.46,Paid
PAY005712,O005712,Card,1426.93,Paid
PAY005713,O005713,Card,136.22,Paid
PAY005714,O005714,Card,91.65,Paid
PAY005715,O005715,Card,2095.59,Paid
PAY005716,O005716,Card,212.92,Refunded
PAY005717,O005717,Apple Pay,446.22,Paid
PAY005718,O005718,Card,596.18,Paid
PAY005719,O005719,Card,644.5,Paid
PAY005720,O005720,Apple Pay,252.5,Paid
PAY005721,O005721,Card,134.98,Paid
PAY005722,O005722,Card,367.1,Paid
PAY005723,O005723,Apple Pay,53.96,Paid
PAY005724,O005724,Card,960.08,Paid
PAY005725,O005725,Card,863.76,Paid
PAY005726,O005726,Apple Pay,1388.5,Failed
PAY005727,O005727,PayPal,684.72,Paid
PAY005728,O005728,PayPal,105.19,Paid
PAY005729,O005729,Card,328.12,Paid
PAY005730,O005730,Card,851.59,Paid
PAY005731,O005731,Card,1174.18,Paid
PAY005732,O005732,Apple Pay,72.34,Paid
PAY005733,O005733,Card,236.9,Paid
PAY005734,O005734,Google Pay,388.96,Paid
PAY005735,O005735,Card,247.28,Paid
PAY005736,O005736,Card,566.36,Paid
PAY005737,O005737,Apple Pay,138.87,Paid
PAY005738,O005738,Card,480.66,Paid
PAY005739,O005739,Apple Pay,97.95,Paid
PAY005740,O005740,Card,245.48,Paid
PAY005741,O005741,Card,345.48,Failed
PAY005742,O005742,Google Pay,1257.69,Paid
PAY005743,O005743,Apple Pay,83.46,Paid
PAY005744,O005744,Card,560.11,Paid
PAY005745,O005745,Apple Pay,1056.51,Failed
PAY005746,O005746,Apple Pay,317.03,Paid
PAY005747,O005747,Card,408.2,Paid
PAY005748,O005748,Apple Pay,1150.51,Paid
PAY005749,O005749,Card,181.96,Paid
PAY005750,O005750,Google Pay,226.39,Paid
PAY005751,O005751,PayPal,300.38,Paid
PAY005752,O005752,Apple Pay,201.95,Paid
PAY005753,O005753,Card,683.49,Paid
PAY005754,O005754,PayPal,343.07,Paid
PAY005755,O005755,PayPal,1316.57,Paid
PAY005756,O005756,PayPal,1665.98,Paid
PAY005757,O005757,PayPal,1021.59,Paid
PAY005758,O005758,Card,416.35,Paid
PAY005759,O005759,Apple Pay,662.12,Paid
PAY005760,O005760,Apple Pay,394.27,Paid
PAY005761,O005761,Card,1059.03,Paid
PAY005762,O005762,Card,72.43,Paid
PAY005763,O005763,Google Pay,331.28,Paid
PAY005764,O005764,PayPal,261.92,Paid
PAY005765,O005765,Google Pay,1115.25,Paid
PAY005766,O005766,Apple Pay,83.53,Paid
PAY005767,O005767,Google Pay,1281.86,Paid
PAY005768,O005768,Card,1732.85,Paid
PAY005769,O005769,Apple Pay,753.19,Paid
PAY005770,O005770,Google Pay,555.19,Paid
PAY005771,O005771,Card,232.99,Paid
PAY005772,O005772,Card,350.19,Paid
PAY005773,O005773,Card,206.13,Paid
PAY005774,O005774,PayPal,1013.95,Paid
PAY005775,O005775,PayPal,2311.44,Paid
PAY005776,O005776,Card,387.16,Paid
PAY005777,O005777,Apple Pay,758.12,Paid
PAY005778,O005778,PayPal,657.45,Paid
PAY005779,O005779,Apple Pay,267.29,Paid
PAY005780,O005780,Card,2324.35,Paid
PAY005781,O005781,Card,493.06,Paid
PAY005782,O005782,Apple Pay,915.8,Paid
PAY005783,O005783,PayPal,326.78,Paid
PAY005784,O005784,Apple Pay,1240.7,Paid
PAY005785,O005785,PayPal,237.07,Paid
PAY005786,O005786,Card,319.43,Paid
PAY005787,O005787,Card,953.63,Paid
PAY005788,O005788,Google Pay,515.89,Paid
PAY005789,O005789,Card,665.28,Paid
PAY005790,O005790,Google Pay,174.82,Paid
PAY005791,O005791,Apple Pay,989.84,Paid
PAY005792,O005792,PayPal,434.81,Failed
PAY005793,O005793,Card,181.82,Paid
PAY005794,O005794,Google Pay,895.38,Paid
PAY005795,O005795,Apple Pay,225.04,Paid
PAY005796,O005796,Apple Pay,1840.84,Paid
PAY005797,O005797,Apple Pay,150.83,Paid
PAY005798,O005798,Card,566.19,Paid
PAY005799,O005799,Card,1182.77,Refunded
PAY005800,O005800,Card,1034.76,Failed
PAY005801,O005801,Apple Pay,239.47,Paid
PAY005802,O005802,Apple Pay,275.34,Paid
PAY005803,O005803,PayPal,182.02,Paid
PAY005804,O005804,Card,624.35,Paid
PAY005805,O005805,Card,416.84,Paid
PAY005806,O005806,Card,311.35,Paid
PAY005807,O005807,PayPal,786.14,Paid
PAY005808,O005808,Apple Pay,1211.43,Paid
PAY005809,O005809,Apple Pay,969.83,Paid
PAY005810,O005810,Card,221.63,Paid
PAY005811,O005811,Google Pay,121.94,Paid
PAY005812,O005812,PayPal,185.17,Paid
PAY005813,O005813,Apple Pay,144.38,Paid
PAY005814,O005814,Card,69.55,Paid
PAY005815,O005815,Apple Pay,266.15,Paid
PAY005816,O005816,PayPal,544.25,Paid
PAY005817,O005817,Google Pay,650.84,Paid
PAY005818,O005818,Card,213.11,Paid
PAY005819,O005819,Apple Pay,306.62,Paid
PAY005820,O005820,Card,619.35,Failed
PAY005821,O005821,Card,440.42,Paid
PAY005822,O005822,Card,412.44,Paid
PAY005823,O005823,Card,752.76,Paid
PAY005824,O005824,Card,1704.31,Paid
PAY005825,O005825,Google Pay,1233.01,Paid
PAY005826,O005826,Card,894.42,Paid
PAY005827,O005827,Apple Pay,2137.5,Paid
PAY005828,O005828,Apple Pay,108.55,Paid
PAY005829,O005829,Card,455.06,Paid
PAY005830,O005830,Apple Pay,105.56,Paid
PAY005831,O005831,Apple Pay,1080.51,Paid
PAY005832,O005832,PayPal,373.65,Failed
PAY005833,O005833,Card,237.16,Paid
PAY005834,O005834,Google Pay,1991.65,Paid
PAY005835,O005835,Apple Pay,520.6,Paid
PAY005836,O005836,Card,1277.62,Paid
PAY005837,O005837,Card,206.02,Paid
PAY005838,O005838,Card,2295.68,Paid
PAY005839,O005839,PayPal,416.18,Paid
PAY005840,O005840,PayPal,22.56,Failed
PAY005841,O005841,Google Pay,452.52,Paid
PAY005842,O005842,PayPal,408.84,Paid
PAY005843,O005843,PayPal,491.52,Paid
PAY005844,O005844,Card,657.23,Paid
PAY005845,O005845,Apple Pay,357.99,Paid
PAY005846,O005846,PayPal,696.34,Refunded
PAY005847,O005847,Card,837.68,Paid
PAY005848,O005848,PayPal,161.5,Paid
PAY005849,O005849,Apple Pay,295.33,Paid
PAY005850,O005850,Apple Pay,527.8,Paid
PAY005851,O005851,Card,720.71,Paid
PAY005852,O005852,Card,365.3,Paid
PAY005853,O005853,Google Pay,955.85,Paid
PAY005854,O005854,Card,893.74,Paid
PAY005855,O005855,PayPal,24.46,Paid
PAY005856,O005856,Apple Pay,98.86,Paid
PAY005857,O005857,Card,1023.88,Paid
PAY005858,O005858,PayPal,443.39,Paid
PAY005859,O005859,Card,305.33,Paid
PAY005860,O005860,Apple Pay,73.14,Paid
PAY005861,O005861,PayPal,722.06,Paid
PAY005862,O005862,PayPal,788.12,Refunded
PAY005863,O005863,Apple Pay,550.19,Paid
PAY005864,O005864,Card,88.13,Paid
PAY005865,O005865,Card,214.92,Paid
PAY005866,O005866,Card,846.46,Paid
PAY005867,O005867,PayPal,135.95,Paid
PAY005868,O005868,Card,751.64,Paid
PAY005869,O005869,Google Pay,1265.77,Paid
PAY005870,O005870,Card,1972.55,Paid
PAY005871,O005871,Card,822.95,Paid
PAY005872,O005872,Card,426.94,Paid
PAY005873,O005873,PayPal,424.62,Paid
PAY005874,O005874,Card,368.91,Paid
PAY005875,O005875,Apple Pay,258.15,Paid
PAY005876,O005876,Card,1298.48,Paid
PAY005877,O005877,Card,976.3,Failed
PAY005878,O005878,Google Pay,676.9,Paid
PAY005879,O005879,PayPal,2126.96,Paid
PAY005880,O005880,Card,1198.52,Paid
PAY005881,O005881,Apple Pay,636.65,Paid
PAY005882,O005882,Card,178.24,Paid
PAY005883,O005883,Card,952.67,Paid
PAY005884,O005884,Card,315.89,Paid
PAY005885,O005885,PayPal,1090.33,Paid
PAY005886,O005886,PayPal,653.75,Paid
PAY005887,O005887,Apple Pay,321.03,Paid
PAY005888,O005888,Apple Pay,280.98,Paid
PAY005889,O005889,Card,1261.64,Paid
PAY005890,O005890,Apple Pay,914.82,Paid
PAY005891,O005891,Apple Pay,1246.5,Paid
PAY005892,O005892,Card,1035.28,Paid
PAY005893,O005893,Card,619.66,Paid
PAY005894,O005894,Card,1695.2,Paid
PAY005895,O005895,Card,637.52,Paid
PAY005896,O005896,Google Pay,469.7,Refunded
PAY005897,O005897,Card,41.74,Paid
PAY005898,O005898,Apple Pay,402.11,Paid
PAY005899,O005899,PayPal,699.06,Paid
PAY005900,O005900,PayPal,1081.02,Paid
PAY005901,O005901,Card,485.18,Failed
PAY005902,O005902,Card,209.96,Paid
PAY005903,O005903,Card,105.89,Paid
PAY005904,O005904,Card,808.39,Failed
PAY005905,O005905,Card,202.17,Failed
PAY005906,O005906,Google Pay,1942.02,Paid
PAY005907,O005907,PayPal,337.81,Failed
PAY005908,O005908,Apple Pay,159.82,Paid
PAY005909,O005909,PayPal,239.87,Paid
PAY005910,O005910,Card,258.68,Paid
PAY005911,O005911,Card,520.7,Paid
PAY005912,O005912,PayPal,87.88,Paid
PAY005913,O005913,Card,1053.74,Paid
PAY005914,O005914,Card,458.07,Paid
PAY005915,O005915,Card,280.38,Paid
PAY005916,O005916,Apple Pay,677.16,Paid
PAY005917,O005917,Card,771.02,Paid
PAY005918,O005918,PayPal,153.25,Paid
PAY005919,O005919,Card,321.03,Paid
PAY005920,O005920,Card,480.52,Paid
PAY005921,O005921,Apple Pay,200.37,Failed
PAY005922,O005922,Card,212.8,Paid
PAY005923,O005923,PayPal,1298.33,Paid
PAY005924,O005924,PayPal,453.45,Paid
PAY005925,O005925,PayPal,1213.57,Paid
PAY005926,O005926,PayPal,473.55,Failed
PAY005927,O005927,PayPal,846.85,Paid
PAY005928,O005928,Card,68.12,Paid
PAY005929,O005929,Card,204.53,Paid
PAY005930,O005930,Card,1076.61,Refunded
PAY005931,O005931,Card,1340.75,Paid
PAY005932,O005932,Card,459.64,Paid
PAY005933,O005933,PayPal,459.72,Paid
PAY005934,O005934,PayPal,163.25,Paid
PAY005935,O005935,PayPal,46.54,Refunded
PAY005936,O005936,Card,46.42,Paid
PAY005937,O005937,PayPal,208.68,Paid
PAY005938,O005938,PayPal,447.57,Paid
PAY005939,O005939,Apple Pay,193.12,Paid
PAY005940,O005940,PayPal,989.63,Paid
PAY005941,O005941,Card,480.07,Paid
PAY005942,O005942,PayPal,219.76,Paid
PAY005943,O005943,Apple Pay,398.84,Paid
PAY005944,O005944,PayPal,730.39,Paid
PAY005945,O005945,Card,94.09,Paid
PAY005946,O005946,Card,1251.84,Paid
PAY005947,O005947,Card,1363.83,Paid
PAY005948,O005948,Apple Pay,813.63,Paid
PAY005949,O005949,Card,868.71,Paid
PAY005950,O005950,Google Pay,1657.09,Paid
PAY005951,O005951,PayPal,562.48,Paid
PAY005952,O005952,Card,772.6,Paid
PAY005953,O005953,Apple Pay,544.72,Paid
PAY005954,O005954,Google Pay,515.66,Failed
PAY005955,O005955,PayPal,724.01,Paid
PAY005956,O005956,Card,106.84,Paid
PAY005957,O005957,Apple Pay,95.94,Paid
PAY005958,O005958,Card,99.19,Paid
PAY005959,O005959,Apple Pay,564.58,Paid
PAY005960,O005960,Apple Pay,766.8,Paid
PAY005961,O005961,Google Pay,480.41,Paid
PAY005962,O005962,Card,618.97,Paid
PAY005963,O005963,Apple Pay,88.53,Paid
PAY005964,O005964,Card,480.42,Paid
PAY005965,O005965,Apple Pay,1133.78,Paid
PAY005966,O005966,Card,554.26,Paid
PAY005967,O005967,Google Pay,493.76,Paid
PAY005968,O005968,PayPal,224.44,Paid
PAY005969,O005969,Card,149.99,Paid
PAY005970,O005970,Card,1369.86,Paid
PAY005971,O005971,Apple Pay,298.97,Paid
PAY005972,O005972,Card,344.38,Paid
PAY005973,O005973,Card,586.52,Paid
PAY005974,O005974,Card,1606.85,Paid
PAY005975,O005975,Card,1065.93,Paid
PAY005976,O005976,Card,336.7,Paid
PAY005977,O005977,Apple Pay,2391.03,Paid
PAY005978,O005978,Card,549.81,Paid
PAY005979,O005979,Card,1726.84,Refunded
PAY005980,O005980,PayPal,82.25,Paid
PAY005981,O005981,Google Pay,820.44,Paid
PAY005982,O005982,PayPal,636.31,Paid
PAY005983,O005983,Card,362.86,Paid
PAY005984,O005984,PayPal,1564.43,Paid
PAY005985,O005985,PayPal,754.66,Paid
PAY005986,O005986,Card,613.46,Paid
PAY005987,O005987,Google Pay,2065.84,Paid
PAY005988,O005988,Card,69.55,Paid
PAY005989,O005989,Card,679.02,Paid
PAY005990,O005990,Apple Pay,258.57,Paid
PAY005991,O005991,PayPal,283.32,Paid
PAY005992,O005992,Card,994.23,Paid
PAY005993,O005993,Apple Pay,707.85,Failed
PAY005994,O005994,Apple Pay,0.0,Paid
PAY005995,O005995,Card,273.75,Paid
PAY005996,O005996,Card,307.02,Paid
PAY005997,O005997,Google Pay,973.76,Paid
PAY005998,O005998,Card,266.85,Paid
PAY005999,O005999,Apple Pay,2349.83,Paid
PAY006000,O006000,Google Pay,750.77,Paid
PAY006001,O006001,Card,420.89,Paid
PAY006002,O006002,Card,39.8,Paid
PAY006003,O006003,Card,960.29,Paid
PAY006004,O006004,PayPal,418.84,Paid
PAY006005,O006005,Apple Pay,145.75,Paid
PAY006006,O006006,PayPal,1248.79,Paid
PAY006007,O006007,PayPal,201.13,Paid
PAY006008,O006008,Apple Pay,89.04,Paid
PAY006009,O006009,Google Pay,2190.44,Failed
PAY006010,O006010,Card,73.04,Paid
PAY006011,O006011,Card,2446.38,Paid
PAY006012,O006012,Card,499.43,Paid
PAY006013,O006013,PayPal,751.04,Paid
PAY006014,O006014,Apple Pay,91.78,Paid
PAY006015,O006015,Card,184.44,Paid
PAY006016,O006016,PayPal,142.05,Paid
PAY006017,O006017,Card,1658.72,Refunded
PAY006018,O006018,Card,203.98,Paid
PAY006019,O006019,Google Pay,74.61,Paid
PAY006020,O006020,Card,821.59,Paid
PAY006021,O006021,Card,463.7,Paid
PAY006022,O006022,Card,157.82,Paid
PAY006023,O006023,Card,267.24,Paid
PAY006024,O006024,Apple Pay,624.07,Failed
PAY006025,O006025,Google Pay,1379.29,Paid
PAY006026,O006026,Card,169.43,Paid
PAY006027,O006027,PayPal,2140.94,Paid
PAY006028,O006028,Apple Pay,956.97,Paid
PAY006029,O006029,Card,1118.58,Paid
PAY006030,O006030,Card,305.66,Paid
PAY006031,O006031,Card,1053.12,Paid
PAY006032,O006032,Card,304.88,Paid
PAY006033,O006033,Card,942.19,Paid
PAY006034,O006034,Card,15.68,Paid
PAY006035,O006035,Card,637.28,Paid
PAY006036,O006036,PayPal,867.37,Paid
PAY006037,O006037,Apple Pay,495.31,Paid
PAY006038,O006038,Card,713.31,Paid
PAY006039,O006039,Apple Pay,179.65,Paid
PAY006040,O006040,Card,1557.28,Paid
PAY006041,O006041,Google Pay,175.15,Paid
PAY006042,O006042,Card,868.07,Paid
PAY006043,O006043,Card,305.33,Paid
PAY006044,O006044,Card,591.17,Paid
PAY006045,O006045,Card,103.71,Paid
PAY006046,O006046,PayPal,1284.75,Paid
PAY006047,O006047,Apple Pay,1023.91,Paid
PAY006048,O006048,Card,481.06,Paid
PAY006049,O006049,Card,509.48,Paid
PAY006050,O006050,Card,828.86,Paid
PAY006051,O006051,Card,1358.65,Paid
PAY006052,O006052,PayPal,560.92,Paid
PAY006053,O006053,Card,1496.64,Paid
PAY006054,O006054,Apple Pay,150.06,Paid
PAY006055,O006055,PayPal,614.76,Paid
PAY006056,O006056,Apple Pay,323.85,Paid
PAY006057,O006057,Card,1479.35,Paid
PAY006058,O006058,Google Pay,34.62,Paid
PAY006059,O006059,PayPal,80.94,Paid
PAY006060,O006060,Apple Pay,131.53,Paid
PAY006061,O006061,PayPal,582.91,Paid
PAY006062,O006062,PayPal,1014.46,Paid
PAY006063,O006063,PayPal,1266.71,Paid
PAY006064,O006064,Apple Pay,375.97,Paid
PAY006065,O006065,Apple Pay,489.99,Paid
PAY006066,O006066,Card,620.85,Failed
PAY006067,O006067,Card,730.07,Paid
PAY006068,O006068,Apple Pay,823.18,Paid
PAY006069,O006069,Card,184.65,Paid
PAY006070,O006070,Apple Pay,545.67,Paid
PAY006071,O006071,Card,866.76,Paid
PAY006072,O006072,PayPal,534.84,Paid
PAY006073,O006073,Card,715.34,Paid
PAY006074,O006074,Card,341.8,Paid
PAY006075,O006075,PayPal,538.24,Paid
PAY006076,O006076,PayPal,836.55,Paid
PAY006077,O006077,Card,955.12,Paid
PAY006078,O006078,Google Pay,346.8,Paid
PAY006079,O006079,Apple Pay,61.33,Paid
PAY006080,O006080,PayPal,540.19,Paid
PAY006081,O006081,Card,809.91,Paid
PAY006082,O006082,Card,1986.43,Paid
PAY006083,O006083,Card,797.82,Paid
PAY006084,O006084,Google Pay,81.61,Paid
PAY006085,O006085,Card,2279.61,Failed
PAY006086,O006086,Card,1756.66,Paid
PAY006087,O006087,Card,613.29,Paid
PAY006088,O006088,PayPal,671.79,Paid
PAY006089,O006089,Google Pay,114.4,Paid
PAY006090,O006090,PayPal,25.2,Paid
PAY006091,O006091,Card,937.16,Paid
PAY006092,O006092,PayPal,14.48,Failed
PAY006093,O006093,Apple Pay,824.98,Paid
PAY006094,O006094,Card,151.94,Failed
PAY006095,O006095,Google Pay,720.43,Paid
PAY006096,O006096,Card,409.43,Failed
PAY006097,O006097,Card,855.01,Paid
PAY006098,O006098,Google Pay,1853.51,Paid
PAY006099,O006099,PayPal,323.31,Paid
PAY006100,O006100,Card,203.47,Paid
PAY006101,O006101,Card,178.22,Paid
PAY006102,O006102,Card,995.04,Paid
PAY006103,O006103,Card,1023.84,Paid
PAY006104,O006104,Apple Pay,499.26,Paid
PAY006105,O006105,Google Pay,109.6,Paid
PAY006106,O006106,Card,1279.01,Paid
PAY006107,O006107,Card,491.71,Paid
PAY006108,O006108,Apple Pay,464.09,Paid
PAY006109,O006109,PayPal,104.78,Paid
PAY006110,O006110,Card,512.58,Paid
PAY006111,O006111,Card,573.84,Failed
PAY006112,O006112,Google Pay,479.15,Paid
PAY006113,O006113,Card,1571.48,Paid
PAY006114,O006114,PayPal,427.06,Paid
PAY006115,O006115,Card,258.66,Paid
PAY006116,O006116,Card,260.36,Paid
PAY006117,O006117,Card,133.51,Paid
PAY006118,O006118,Card,377.33,Paid
PAY006119,O006119,Card,332.2,Paid
PAY006120,O006120,PayPal,215.73,Paid
PAY006121,O006121,Card,951.6,Paid
PAY006122,O006122,Apple Pay,789.4,Failed
PAY006123,O006123,Card,944.94,Paid
PAY006124,O006124,Apple Pay,94.88,Paid
PAY006125,O006125,Google Pay,603.38,Paid
PAY006126,O006126,Apple Pay,224.79,Paid
PAY006127,O006127,Card,172.51,Paid
PAY006128,O006128,Card,775.93,Paid
PAY006129,O006129,Card,332.34,Paid
PAY006130,O006130,Card,1169.79,Paid
PAY006131,O006131,Card,429.44,Paid
PAY006132,O006132,PayPal,427.96,Paid
PAY006133,O006133,PayPal,465.88,Paid
PAY006134,O006134,Card,788.15,Paid
PAY006135,O006135,Card,490.92,Paid
PAY006136,O006136,PayPal,876.19,Failed
PAY006137,O006137,Card,3.18,Paid
PAY006138,O006138,Google Pay,77.66,Paid
PAY006139,O006139,Card,958.09,Paid
PAY006140,O006140,Card,453.08,Paid
PAY006141,O006141,Card,586.48,Failed
PAY006142,O006142,Card,79.6,Paid
PAY006143,O006143,Card,502.55,Paid
PAY006144,O006144,Apple Pay,471.35,Paid
PAY006145,O006145,Card,2255.16,Paid
PAY006146,O006146,Card,782.61,Paid
PAY006147,O006147,Card,786.56,Paid
PAY006148,O006148,Card,377.86,Paid
PAY006149,O006149,PayPal,1006.91,Paid
PAY006150,O006150,Card,101.85,Paid
PAY006151,O006151,Card,659.72,Paid
PAY006152,O006152,Card,206.95,Paid
PAY006153,O006153,Apple Pay,1320.31,Paid
PAY006154,O006154,Card,320.22,Paid
PAY006155,O006155,Google Pay,349.32,Paid
PAY006156,O006156,Apple Pay,348.2,Paid
PAY006157,O006157,Card,851.98,Paid
PAY006158,O006158,Card,1080.34,Paid
PAY006159,O006159,Card,337.29,Paid
PAY006160,O006160,Card,361.33,Paid
PAY006161,O006161,Google Pay,25.5,Paid
PAY006162,O006162,Card,275.13,Paid
PAY006163,O006163,PayPal,694.28,Paid
PAY006164,O006164,PayPal,326.58,Paid
PAY006165,O006165,Card,113.74,Refunded
PAY006166,O006166,Card,60.97,Paid
PAY006167,O006167,Apple Pay,72.66,Paid
PAY006168,O006168,Apple Pay,436.74,Paid
PAY006169,O006169,Google Pay,485.14,Paid
PAY006170,O006170,Card,305.26,Paid
PAY006171,O006171,Apple Pay,701.83,Paid
PAY006172,O006172,PayPal,768.06,Paid
PAY006173,O006173,Apple Pay,2368.19,Paid
PAY006174,O006174,Google Pay,135.83,Paid
PAY006175,O006175,Card,510.89,Paid
PAY006176,O006176,Card,56.19,Paid
PAY006177,O006177,Apple Pay,1417.42,Paid
PAY006178,O006178,Apple Pay,716.65,Paid
PAY006179,O006179,Card,374.88,Paid
PAY006180,O006180,Card,86.37,Paid
PAY006181,O006181,Card,421.42,Failed
PAY006182,O006182,PayPal,615.53,Paid
PAY006183,O006183,PayPal,496.59,Paid
PAY006184,O006184,Card,51.54,Paid
PAY006185,O006185,Card,819.68,Paid
PAY006186,O006186,Apple Pay,575.44,Paid
PAY006187,O006187,Card,646.62,Paid
PAY006188,O006188,PayPal,435.26,Refunded
PAY006189,O006189,Card,958.72,Paid
PAY006190,O006190,Card,927.08,Paid
PAY006191,O006191,Apple Pay,880.89,Paid
PAY006192,O006192,Google Pay,702.67,Paid
PAY006193,O006193,PayPal,1234.38,Paid
PAY006194,O006194,PayPal,549.71,Paid
PAY006195,O006195,Card,1143.06,Paid
PAY006196,O006196,Card,352.42,Paid
PAY006197,O006197,Card,385.5,Paid
PAY006198,O006198,Apple Pay,360.87,Paid
PAY006199,O006199,PayPal,533.4,Paid
PAY006200,O006200,Card,119.98,Paid
PAY006201,O006201,Google Pay,482.77,Paid
PAY006202,O006202,PayPal,333.38,Paid
PAY006203,O006203,Apple Pay,198.98,Paid
PAY006204,O006204,Google Pay,676.65,Paid
PAY006205,O006205,PayPal,112.45,Paid
PAY006206,O006206,Card,128.5,Paid
PAY006207,O006207,Card,81.61,Failed
PAY006208,O006208,Card,829.51,Paid
PAY006209,O006209,Card,88.53,Paid
PAY006210,O006210,Card,241.22,Paid
PAY006211,O006211,Card,11.01,Failed
PAY006212,O006212,Google Pay,42.74,Refunded
PAY006213,O006213,Google Pay,710.65,Paid
PAY006214,O006214,Card,32.04,Paid
PAY006215,O006215,Card,1493.98,Paid
PAY006216,O006216,PayPal,31.3,Refunded
PAY006217,O006217,Card,751.95,Paid
PAY006218,O006218,Apple Pay,536.81,Paid
PAY006219,O006219,Card,157.85,Paid
PAY006220,O006220,Card,312.72,Paid
PAY006221,O006221,Card,1646.33,Paid
PAY006222,O006222,PayPal,647.24,Paid
PAY006223,O006223,Card,509.85,Failed
PAY006224,O006224,Card,1174.53,Paid
PAY006225,O006225,Card,601.93,Paid
PAY006226,O006226,Card,206.75,Paid
PAY006227,O006227,PayPal,1498.11,Paid
PAY006228,O006228,Card,822.02,Paid
PAY006229,O006229,Card,296.9,Paid
PAY006230,O006230,Card,323.88,Paid
PAY006231,O006231,Card,1031.78,Paid
PAY006232,O006232,Apple Pay,412.41,Paid
PAY006233,O006233,Card,478.36,Paid
PAY006234,O006234,Card,91.02,Paid
PAY006235,O006235,PayPal,1246.73,Paid
PAY006236,O006236,Card,474.2,Failed
PAY006237,O006237,Google Pay,1186.53,Paid
PAY006238,O006238,Google Pay,93.71,Paid
PAY006239,O006239,Card,225.97,Paid
PAY006240,O006240,Google Pay,12.36,Paid
PAY006241,O006241,Apple Pay,753.61,Paid
PAY006242,O006242,Card,145.83,Paid
PAY006243,O006243,Card,519.81,Paid
PAY006244,O006244,Apple Pay,0.36,Paid
PAY006245,O006245,Apple Pay,293.92,Paid
PAY006246,O006246,Apple Pay,1642.34,Paid
PAY006247,O006247,Card,829.42,Paid
PAY006248,O006248,Card,462.48,Paid
PAY006249,O006249,Apple Pay,806.26,Paid
PAY006250,O006250,Card,346.8,Paid
PAY006251,O006251,Card,145.13,Paid
PAY006252,O006252,Card,575.8,Paid
PAY006253,O006253,Card,109.98,Paid
PAY006254,O006254,PayPal,183.24,Paid
PAY006255,O006255,Card,969.12,Paid
PAY006256,O006256,Card,219.67,Paid
PAY006257,O006257,Card,2167.29,Paid
PAY006258,O006258,Card,1427.44,Paid
PAY006259,O006259,Card,93.66,Paid
PAY006260,O006260,Card,635.39,Paid
PAY006261,O006261,Card,678.88,Paid
PAY006262,O006262,Card,223.69,Paid
PAY006263,O006263,Card,3089.98,Paid
PAY006264,O006264,Card,728.91,Paid
PAY006265,O006265,Apple Pay,501.26,Paid
PAY006266,O006266,PayPal,118.86,Paid
PAY006267,O006267,Card,1755.15,Refunded
PAY006268,O006268,PayPal,248.46,Paid
PAY006269,O006269,Card,927.34,Paid
PAY006270,O006270,PayPal,1248.88,Paid
PAY006271,O006271,Card,157.11,Paid
PAY006272,O006272,Apple Pay,1147.73,Paid
PAY006273,O006273,Card,1497.66,Paid
PAY006274,O006274,Apple Pay,987.17,Refunded
PAY006275,O006275,PayPal,201.95,Paid
PAY006276,O006276,Google Pay,1227.14,Paid
PAY006277,O006277,PayPal,232.21,Paid
PAY006278,O006278,Apple Pay,122.6,Paid
PAY006279,O006279,PayPal,1069.68,Paid
PAY006280,O006280,Apple Pay,918.8,Paid
PAY006281,O006281,Apple Pay,682.61,Paid
PAY006282,O006282,Card,464.56,Paid
PAY006283,O006283,Google Pay,1169.69,Paid
PAY006284,O006284,Card,156.55,Refunded
PAY006285,O006285,Card,314.84,Paid
PAY006286,O006286,Card,571.95,Paid
PAY006287,O006287,PayPal,730.33,Paid
PAY006288,O006288,Card,976.82,Paid
PAY006289,O006289,PayPal,30.5,Paid
PAY006290,O006290,Google Pay,341.12,Paid
PAY006291,O006291,Apple Pay,353.51,Paid
PAY006292,O006292,Apple Pay,1770.23,Paid
PAY006293,O006293,Google Pay,1072.33,Paid
PAY006294,O006294,Card,1501.36,Paid
PAY006295,O006295,Card,563.62,Paid
PAY006296,O006296,Card,2361.57,Paid
PAY006297,O006297,Apple Pay,1802.17,Paid
PAY006298,O006298,Card,25.5,Paid
PAY006299,O006299,Card,1403.69,Failed
PAY006300,O006300,Card,193.85,Paid
PAY006301,O006301,Card,2205.6,Paid
PAY006302,O006302,PayPal,12.69,Paid
PAY006303,O006303,Apple Pay,3217.64,Paid
PAY006304,O006304,Card,532.15,Paid
PAY006305,O006305,Card,44.8,Paid
PAY006306,O006306,Card,738.1,Paid
PAY006307,O006307,Card,29.52,Paid
PAY006308,O006308,Apple Pay,2958.1,Paid
PAY006309,O006309,Apple Pay,1122.58,Paid
PAY006310,O006310,Apple Pay,806.76,Paid
PAY006311,O006311,PayPal,119.98,Paid
PAY006312,O006312,Card,491.07,Paid
PAY006313,O006313,Card,210.31,Paid
PAY006314,O006314,Apple Pay,311.45,Paid
PAY006315,O006315,Card,310.49,Paid
PAY006316,O006316,Apple Pay,1073.03,Paid
PAY006317,O006317,Google Pay,377.86,Paid
PAY006318,O006318,Card,868.24,Paid
PAY006319,O006319,Card,289.01,Paid
PAY006320,O006320,PayPal,957.05,Paid
PAY006321,O006321,Card,441.4,Failed
PAY006322,O006322,Card,271.15,Paid
PAY006323,O006323,Google Pay,80.0,Paid
PAY006324,O006324,Google Pay,540.25,Paid
PAY006325,O006325,Apple Pay,553.46,Paid
PAY006326,O006326,PayPal,1092.07,Paid
PAY006327,O006327,Apple Pay,518.34,Paid
PAY006328,O006328,Google Pay,1300.37,Paid
PAY006329,O006329,Card,165.1,Paid
PAY006330,O006330,Card,341.85,Paid
PAY006331,O006331,PayPal,303.1,Paid
PAY006332,O006332,Card,376.23,Paid
PAY006333,O006333,Google Pay,689.72,Failed
PAY006334,O006334,Apple Pay,2067.94,Paid
PAY006335,O006335,Card,631.12,Paid
PAY006336,O006336,PayPal,811.21,Paid
PAY006337,O006337,Google Pay,1705.18,Paid
PAY006338,O006338,Card,871.22,Paid
PAY006339,O006339,Card,826.47,Paid
PAY006340,O006340,Google Pay,420.98,Failed
PAY006341,O006341,Card,1403.06,Paid
PAY006342,O006342,Card,991.2,Paid
PAY006343,O006343,Card,153.73,Failed
PAY006344,O006344,PayPal,1110.74,Paid
PAY006345,O006345,Card,743.75,Paid
PAY006346,O006346,Google Pay,847.44,Paid
PAY006347,O006347,Card,1791.3,Paid
PAY006348,O006348,Card,46.19,Paid
PAY006349,O006349,Card,1222.35,Paid
PAY006350,O006350,Apple Pay,914.04,Paid
PAY006351,O006351,Card,231.58,Paid
PAY006352,O006352,PayPal,311.53,Paid
PAY006353,O006353,Card,1218.84,Paid
PAY006354,O006354,Google Pay,378.92,Paid
PAY006355,O006355,Card,1199.64,Paid
PAY006356,O006356,Card,932.4,Paid
PAY006357,O006357,PayPal,181.03,Paid
PAY006358,O006358,PayPal,2188.58,Paid
PAY006359,O006359,Card,684.24,Paid
PAY006360,O006360,Card,1591.92,Paid
PAY006361,O006361,Card,83.04,Paid
PAY006362,O006362,PayPal,367.76,Paid
PAY006363,O006363,Card,157.44,Paid
PAY006364,O006364,Card,337.29,Paid
PAY006365,O006365,PayPal,113.55,Paid
PAY006366,O006366,PayPal,1120.04,Paid
PAY006367,O006367,PayPal,582.88,Paid
PAY006368,O006368,Card,206.08,Paid
PAY006369,O006369,Card,556.86,Paid
PAY006370,O006370,Apple Pay,460.08,Paid
PAY006371,O006371,Card,54.19,Paid
PAY006372,O006372,PayPal,252.5,Paid
PAY006373,O006373,Card,810.95,Paid
PAY006374,O006374,PayPal,659.34,Paid
PAY006375,O006375,Card,850.35,Paid
PAY006376,O006376,Card,1831.04,Paid
PAY006377,O006377,PayPal,233.39,Paid
PAY006378,O006378,PayPal,348.94,Paid
PAY006379,O006379,Card,590.08,Paid
PAY006380,O006380,PayPal,212.83,Paid
PAY006381,O006381,Card,1255.95,Paid
PAY006382,O006382,Apple Pay,398.9,Paid
PAY006383,O006383,Card,1139.17,Paid
PAY006384,O006384,PayPal,510.15,Paid
PAY006385,O006385,Google Pay,582.57,Paid
PAY006386,O006386,PayPal,812.55,Paid
PAY006387,O006387,Card,47.7,Paid
PAY006388,O006388,PayPal,480.55,Failed
PAY006389,O006389,Card,254.96,Paid
PAY006390,O006390,Card,105.56,Paid
PAY006391,O006391,PayPal,425.23,Paid
PAY006392,O006392,Google Pay,240.33,Paid
PAY006393,O006393,Google Pay,748.2,Failed
PAY006394,O006394,Card,1428.65,Paid
PAY006395,O006395,Apple Pay,392.16,Paid
PAY006396,O006396,Card,363.13,Paid
PAY006397,O006397,Card,88.88,Paid
PAY006398,O006398,PayPal,591.36,Paid
PAY006399,O006399,Card,115.89,Paid
PAY006400,O006400,PayPal,913.82,Paid
PAY006401,O006401,Apple Pay,538.24,Paid
PAY006402,O006402,Google Pay,1194.33,Paid
PAY006403,O006403,Google Pay,140.37,Paid
PAY006404,O006404,Google Pay,439.34,Paid
PAY006405,O006405,Card,159.43,Paid
PAY006406,O006406,Apple Pay,1560.29,Paid
PAY006407,O006407,Apple Pay,1438.2,Paid
PAY006408,O006408,Card,73.87,Paid
PAY006409,O006409,PayPal,1313.37,Paid
PAY006410,O006410,Card,341.23,Paid
PAY006411,O006411,PayPal,717.11,Paid
PAY006412,O006412,Card,924.72,Paid
PAY006413,O006413,Google Pay,151.4,Paid
PAY006414,O006414,Google Pay,1016.01,Paid
PAY006415,O006415,PayPal,1035.4,Paid
PAY006416,O006416,PayPal,1254.4,Paid
PAY006417,O006417,Google Pay,1014.81,Paid
PAY006418,O006418,Card,616.28,Failed
PAY006419,O006419,Apple Pay,823.09,Paid
PAY006420,O006420,PayPal,616.83,Paid
PAY006421,O006421,Card,465.3,Paid
PAY006422,O006422,Apple Pay,414.82,Paid
PAY006423,O006423,Apple Pay,78.62,Paid
PAY006424,O006424,Card,120.19,Paid
PAY006425,O006425,Card,279.48,Paid
PAY006426,O006426,Apple Pay,224.04,Paid
PAY006427,O006427,Card,1264.42,Paid
PAY006428,O006428,Card,359.55,Paid
PAY006429,O006429,Apple Pay,279.6,Paid
PAY006430,O006430,PayPal,2412.16,Paid
PAY006431,O006431,Apple Pay,644.77,Paid
PAY006432,O006432,Google Pay,169.42,Paid
PAY006433,O006433,Card,281.42,Paid
PAY006434,O006434,Google Pay,141.4,Paid
PAY006435,O006435,Card,393.91,Paid
PAY006436,O006436,Card,1323.16,Paid
PAY006437,O006437,PayPal,484.26,Failed
PAY006438,O006438,PayPal,726.56,Paid
PAY006439,O006439,Card,169.82,Paid
PAY006440,O006440,Card,282.44,Paid
PAY006441,O006441,Card,675.38,Paid
PAY006442,O006442,PayPal,484.76,Paid
PAY006443,O006443,Apple Pay,248.97,Paid
PAY006444,O006444,Card,434.42,Paid
PAY006445,O006445,Apple Pay,1013.52,Paid
PAY006446,O006446,Apple Pay,287.6,Paid
PAY006447,O006447,Apple Pay,893.49,Paid
PAY006448,O006448,PayPal,572.14,Paid
PAY006449,O006449,PayPal,840.2,Paid
PAY006450,O006450,Card,1175.98,Paid
PAY006451,O006451,Card,289.46,Paid
PAY006452,O006452,Card,507.67,Paid
PAY006453,O006453,Card,514.76,Paid
PAY006454,O006454,Card,295.13,Paid
PAY006455,O006455,Card,366.48,Paid
PAY006456,O006456,Card,776.7,Paid
PAY006457,O006457,PayPal,53.96,Paid
PAY006458,O006458,Card,229.6,Paid
PAY006459,O006459,Card,564.98,Paid
PAY006460,O006460,Card,78.91,Paid
PAY006461,O006461,Card,2042.72,Paid
PAY006462,O006462,Card,465.81,Paid
PAY006463,O006463,Apple Pay,674.04,Paid
PAY006464,O006464,PayPal,228.64,Paid
PAY006465,O006465,Apple Pay,380.61,Paid
PAY006466,O006466,Apple Pay,459.56,Paid
PAY006467,O006467,PayPal,658.29,Paid
PAY006468,O006468,Google Pay,14.46,Paid
PAY006469,O006469,Card,424.9,Paid
PAY006470,O006470,Apple Pay,40.2,Paid
PAY006471,O006471,Card,126.11,Paid
PAY006472,O006472,Apple Pay,622.9,Paid
PAY006473,O006473,PayPal,484.33,Paid
PAY006474,O006474,Card,308.43,Paid
PAY006475,O006475,Apple Pay,28.16,Paid
PAY006476,O006476,Apple Pay,729.31,Failed
PAY006477,O006477,Card,202.38,Paid
PAY006478,O006478,Apple Pay,758.44,Paid
PAY006479,O006479,Google Pay,283.65,Paid
PAY006480,O006480,PayPal,1079.4,Paid
PAY006481,O006481,Card,145.51,Paid
PAY006482,O006482,Card,582.7,Paid
PAY006483,O006483,Card,1417.84,Paid
PAY006484,O006484,Google Pay,447.92,Paid
PAY006485,O006485,Card,271.28,Paid
PAY006486,O006486,Card,1698.54,Paid
PAY006487,O006487,Card,387.01,Paid
PAY006488,O006488,Apple Pay,77.88,Failed
PAY006489,O006489,PayPal,443.61,Failed
PAY006490,O006490,Card,985.5,Paid
PAY006491,O006491,Card,393.99,Paid
PAY006492,O006492,Google Pay,1051.08,Paid
PAY006493,O006493,PayPal,420.6,Paid
PAY006494,O006494,Apple Pay,249.79,Paid
PAY006495,O006495,Card,273.66,Paid
PAY006496,O006496,Apple Pay,1225.12,Paid
PAY006497,O006497,Google Pay,42.7,Paid
PAY006498,O006498,Card,921.59,Paid
PAY006499,O006499,Apple Pay,610.86,Paid
PAY006500,O006500,Card,95.94,Paid
PAY006501,O006501,Apple Pay,752.03,Paid
PAY006502,O006502,Apple Pay,298.84,Paid
PAY006503,O006503,Card,612.26,Paid
PAY006504,O006504,Card,159.82,Failed
PAY006505,O006505,Apple Pay,574.66,Paid
PAY006506,O006506,Card,545.65,Paid
PAY006507,O006507,PayPal,507.66,Failed
PAY006508,O006508,Google Pay,557.91,Paid
PAY006509,O006509,Card,346.65,Paid
PAY006510,O006510,Card,608.34,Paid
PAY006511,O006511,Google Pay,36.67,Failed
PAY006512,O006512,Card,1494.79,Paid
PAY006513,O006513,Google Pay,1014.06,Paid
PAY006514,O006514,PayPal,697.84,Paid
PAY006515,O006515,PayPal,465.08,Paid
PAY006516,O006516,Card,1948.25,Paid
PAY006517,O006517,Card,126.96,Paid
PAY006518,O006518,Card,2285.64,Paid
PAY006519,O006519,Card,78.91,Paid
PAY006520,O006520,PayPal,1122.38,Paid
PAY006521,O006521,PayPal,926.91,Paid
PAY006522,O006522,Card,121.14,Paid
PAY006523,O006523,PayPal,1074.54,Paid
PAY006524,O006524,Card,780.89,Paid
PAY006525,O006525,Card,21.74,Paid
PAY006526,O006526,Card,453.63,Failed
PAY006527,O006527,Card,148.14,Paid
PAY006528,O006528,Card,860.96,Paid
PAY006529,O006529,Google Pay,71.33,Paid
PAY006530,O006530,PayPal,559.18,Paid
PAY006531,O006531,Card,382.9,Paid
PAY006532,O006532,Google Pay,1364.52,Paid
PAY006533,O006533,Card,1016.94,Paid
PAY006534,O006534,PayPal,960.45,Paid
PAY006535,O006535,Apple Pay,315.7,Paid
PAY006536,O006536,Card,996.8,Paid
PAY006537,O006537,Google Pay,34.93,Paid
PAY006538,O006538,Card,42.63,Paid
PAY006539,O006539,Card,47.04,Paid
PAY006540,O006540,Card,1251.11,Paid
PAY006541,O006541,Card,1237.56,Paid
PAY006542,O006542,PayPal,341.23,Paid
PAY006543,O006543,Card,1142.24,Paid
PAY006544,O006544,Card,336.34,Paid
PAY006545,O006545,Apple Pay,156.94,Paid
PAY006546,O006546,PayPal,48.91,Paid
PAY006547,O006547,PayPal,470.56,Paid
PAY006548,O006548,Card,452.08,Paid
PAY006549,O006549,Card,1242.52,Paid
PAY006550,O006550,PayPal,1709.31,Failed
PAY006551,O006551,Apple Pay,51.67,Paid
PAY006552,O006552,Card,125.73,Paid
PAY006553,O006553,Google Pay,78.75,Paid
PAY006554,O006554,PayPal,273.66,Paid
PAY006555,O006555,PayPal,121.11,Paid
PAY006556,O006556,PayPal,143.5,Paid
PAY006557,O006557,PayPal,582.53,Paid
PAY006558,O006558,Card,1206.81,Paid
PAY006559,O006559,Google Pay,292.33,Paid
PAY006560,O006560,Apple Pay,681.37,Paid
PAY006561,O006561,Apple Pay,1187.01,Paid
PAY006562,O006562,Apple Pay,2208.63,Failed
PAY006563,O006563,Card,891.05,Paid
PAY006564,O006564,Card,465.79,Paid
PAY006565,O006565,PayPal,522.38,Failed
PAY006566,O006566,PayPal,422.45,Paid
PAY006567,O006567,Google Pay,412.25,Failed
PAY006568,O006568,Card,254.56,Paid
PAY006569,O006569,Card,1069.01,Paid
PAY006570,O006570,PayPal,485.66,Paid
PAY006571,O006571,Card,77.53,Paid
PAY006572,O006572,PayPal,563.73,Paid
PAY006573,O006573,Card,579.33,Paid
PAY006574,O006574,Card,551.3,Paid
PAY006575,O006575,Google Pay,1697.07,Paid
PAY006576,O006576,Card,2644.75,Paid
PAY006577,O006577,Card,390.29,Paid
PAY006578,O006578,Card,2041.38,Failed
PAY006579,O006579,Card,852.5,Paid
PAY006580,O006580,Apple Pay,1354.4,Paid
PAY006581,O006581,Google Pay,751.97,Paid
PAY006582,O006582,Apple Pay,1432.89,Failed
PAY006583,O006583,Card,217.25,Paid
PAY006584,O006584,Card,150.69,Paid
PAY006585,O006585,Google Pay,824.35,Paid
PAY006586,O006586,Card,1877.46,Failed
PAY006587,O006587,Google Pay,985.29,Refunded
PAY006588,O006588,PayPal,112.17,Paid
PAY006589,O006589,PayPal,52.44,Paid
PAY006590,O006590,Card,179.42,Paid
PAY006591,O006591,Card,383.84,Paid
PAY006592,O006592,Apple Pay,747.88,Paid
PAY006593,O006593,Card,1838.3,Paid
PAY006594,O006594,Google Pay,251.51,Paid
PAY006595,O006595,Google Pay,2162.31,Paid
PAY006596,O006596,Card,766.84,Failed
PAY006597,O006597,Apple Pay,856.98,Paid
PAY006598,O006598,Apple Pay,1058.09,Paid
PAY006599,O006599,PayPal,366.81,Paid
PAY006600,O006600,PayPal,1186.89,Paid
PAY006601,O006601,Card,238.76,Paid
PAY006602,O006602,Card,756.7,Paid
PAY006603,O006603,Card,845.05,Paid
PAY006604,O006604,Google Pay,1576.51,Paid
PAY006605,O006605,Card,177.57,Paid
PAY006606,O006606,Apple Pay,225.44,Paid
PAY006607,O006607,PayPal,672.08,Paid
PAY006608,O006608,Apple Pay,787.01,Paid
PAY006609,O006609,Apple Pay,114.23,Paid
PAY006610,O006610,Apple Pay,1053.18,Paid
PAY006611,O006611,Card,78.53,Paid
PAY006612,O006612,PayPal,190.73,Paid
PAY006613,O006613,Apple Pay,521.73,Paid
PAY006614,O006614,Card,288.76,Paid
PAY006615,O006615,Apple Pay,0.0,Paid
PAY006616,O006616,Card,168.3,Paid
PAY006617,O006617,Card,111.84,Paid
PAY006618,O006618,Google Pay,219.92,Paid
PAY006619,O006619,Apple Pay,353.33,Paid
PAY006620,O006620,Card,558.71,Paid
PAY006621,O006621,Apple Pay,496.78,Paid
PAY006622,O006622,Card,386.0,Paid
PAY006623,O006623,Apple Pay,1915.22,Paid
PAY006624,O006624,PayPal,473.07,Paid
PAY006625,O006625,Google Pay,801.55,Paid
PAY006626,O006626,Google Pay,807.46,Paid
PAY006627,O006627,Card,586.35,Paid
PAY006628,O006628,Apple Pay,87.88,Paid
PAY006629,O006629,Card,1246.3,Failed
PAY006630,O006630,Card,95.94,Refunded
PAY006631,O006631,Google Pay,469.56,Paid
PAY006632,O006632,Apple Pay,1267.57,Failed
PAY006633,O006633,PayPal,121.8,Paid
PAY006634,O006634,Card,607.93,Paid
PAY006635,O006635,Card,123.73,Paid
PAY006636,O006636,Card,12.69,Paid
PAY006637,O006637,PayPal,758.49,Paid
PAY006638,O006638,Card,68.62,Paid
PAY006639,O006639,Card,40.74,Paid
PAY006640,O006640,Card,31.22,Paid
PAY006641,O006641,PayPal,364.23,Paid
PAY006642,O006642,Apple Pay,106.37,Failed
PAY006643,O006643,Card,64.19,Paid
PAY006644,O006644,PayPal,1151.47,Paid
PAY006645,O006645,PayPal,1243.7,Paid
PAY006646,O006646,Apple Pay,682.61,Paid
PAY006647,O006647,Card,296.4,Paid
PAY006648,O006648,Card,1383.03,Refunded
PAY006649,O006649,Card,1015.73,Paid
PAY006650,O006650,Apple Pay,425.28,Paid
PAY006651,O006651,Card,153.67,Paid
PAY006652,O006652,PayPal,107.36,Paid
PAY006653,O006653,Card,624.0,Paid
PAY006654,O006654,Card,1090.12,Paid
PAY006655,O006655,Card,1112.08,Paid
PAY006656,O006656,Card,529.6,Failed
PAY006657,O006657,Card,552.99,Paid
PAY006658,O006658,Card,1323.61,Paid
PAY006659,O006659,Card,115.89,Paid
PAY006660,O006660,Card,656.21,Paid
PAY006661,O006661,Card,108.75,Paid
PAY006662,O006662,PayPal,71.47,Paid
PAY006663,O006663,Card,346.7,Paid
PAY006664,O006664,PayPal,369.06,Paid
PAY006665,O006665,PayPal,979.6,Paid
PAY006666,O006666,Card,64.55,Paid
PAY006667,O006667,Apple Pay,1279.5,Paid
PAY006668,O006668,Card,632.18,Paid
PAY006669,O006669,Card,87.88,Paid
PAY006670,O006670,Apple Pay,244.24,Paid
PAY006671,O006671,Card,467.93,Paid
PAY006672,O006672,PayPal,295.33,Paid
PAY006673,O006673,Apple Pay,120.89,Paid
PAY006674,O006674,PayPal,372.16,Paid
PAY006675,O006675,Apple Pay,651.49,Paid
PAY006676,O006676,PayPal,756.1,Paid
PAY006677,O006677,Apple Pay,260.03,Paid
PAY006678,O006678,Card,226.58,Paid
PAY006679,O006679,Google Pay,1588.01,Paid
PAY006680,O006680,PayPal,122.99,Paid
PAY006681,O006681,Apple Pay,839.99,Paid
PAY006682,O006682,Card,426.38,Paid
PAY006683,O006683,Google Pay,98.89,Paid
PAY006684,O006684,PayPal,1091.96,Paid
PAY006685,O006685,Card,372.35,Paid
PAY006686,O006686,Card,0.68,Paid
PAY006687,O006687,PayPal,550.91,Paid
PAY006688,O006688,PayPal,110.56,Paid
PAY006689,O006689,Apple Pay,518.58,Paid
PAY006690,O006690,Card,544.12,Paid
PAY006691,O006691,Card,307.11,Paid
PAY006692,O006692,PayPal,728.46,Paid
PAY006693,O006693,Apple Pay,351.8,Paid
PAY006694,O006694,PayPal,931.11,Paid
PAY006695,O006695,PayPal,1464.47,Paid
PAY006696,O006696,Card,1810.89,Paid
PAY006697,O006697,Card,441.97,Paid
PAY006698,O006698,Apple Pay,33.83,Paid
PAY006699,O006699,PayPal,443.53,Paid
PAY006700,O006700,Card,242.88,Paid
PAY006701,O006701,Card,1001.73,Paid
PAY006702,O006702,PayPal,419.73,Paid
PAY006703,O006703,Apple Pay,1614.79,Paid
PAY006704,O006704,Apple Pay,323.96,Paid
PAY006705,O006705,Card,1395.08,Paid
PAY006706,O006706,Apple Pay,721.5,Paid
PAY006707,O006707,Card,2098.49,Paid
PAY006708,O006708,Google Pay,292.24,Paid
PAY006709,O006709,PayPal,882.21,Paid
PAY006710,O006710,Card,315.85,Paid
PAY006711,O006711,Card,863.39,Paid
PAY006712,O006712,Google Pay,41.67,Paid
PAY006713,O006713,PayPal,576.31,Paid
PAY006714,O006714,PayPal,541.06,Paid
PAY006715,O006715,Card,113.69,Paid
PAY006716,O006716,Apple Pay,68.12,Paid
PAY006717,O006717,PayPal,191.08,Paid
PAY006718,O006718,Apple Pay,121.11,Paid
PAY006719,O006719,Apple Pay,770.26,Paid
PAY006720,O006720,Card,256.64,Paid
PAY006721,O006721,Card,1241.05,Paid
PAY006722,O006722,Card,812.38,Paid
PAY006723,O006723,Apple Pay,72.88,Paid
PAY006724,O006724,PayPal,1022.01,Paid
PAY006725,O006725,Card,506.89,Paid
PAY006726,O006726,Card,2283.94,Paid
PAY006727,O006727,PayPal,726.97,Paid
PAY006728,O006728,Card,285.15,Refunded
PAY006729,O006729,PayPal,275.24,Paid
PAY006730,O006730,Card,1598.56,Paid
PAY006731,O006731,Google Pay,813.59,Refunded
PAY006732,O006732,PayPal,821.77,Paid
PAY006733,O006733,Apple Pay,814.97,Paid
PAY006734,O006734,Apple Pay,838.25,Paid
PAY006735,O006735,Card,456.09,Paid
PAY006736,O006736,PayPal,1383.11,Paid
PAY006737,O006737,Card,335.26,Paid
PAY006738,O006738,Card,32.7,Paid
PAY006739,O006739,Apple Pay,66.54,Paid
PAY006740,O006740,Card,463.54,Paid
PAY006741,O006741,PayPal,784.32,Paid
PAY006742,O006742,Card,206.75,Paid
PAY006743,O006743,PayPal,489.18,Paid
PAY006744,O006744,Card,163.04,Paid
PAY006745,O006745,Card,489.15,Paid
PAY006746,O006746,Card,2155.91,Paid
PAY006747,O006747,Google Pay,843.75,Paid
PAY006748,O006748,Card,113.55,Paid
PAY006749,O006749,Apple Pay,295.87,Paid
PAY006750,O006750,PayPal,57.44,Paid
PAY006751,O006751,Card,637.07,Paid
PAY006752,O006752,Google Pay,1503.44,Paid
PAY006753,O006753,Apple Pay,536.29,Paid
PAY006754,O006754,Card,664.45,Paid
PAY006755,O006755,Card,602.5,Paid
PAY006756,O006756,Google Pay,608.74,Paid
PAY006757,O006757,PayPal,367.0,Paid
PAY006758,O006758,PayPal,351.78,Paid
PAY006759,O006759,PayPal,228.28,Paid
PAY006760,O006760,Card,1042.03,Paid
PAY006761,O006761,Card,262.02,Paid
PAY006762,O006762,Card,207.72,Paid
PAY006763,O006763,Card,249.86,Paid
PAY006764,O006764,Card,8.18,Paid
PAY006765,O006765,PayPal,900.63,Paid
PAY006766,O006766,Google Pay,7.15,Paid
PAY006767,O006767,PayPal,572.14,Paid
PAY006768,O006768,PayPal,591.9,Paid
PAY006769,O006769,Card,645.36,Paid
PAY006770,O006770,Card,83.75,Paid
PAY006771,O006771,Card,907.53,Paid
PAY006772,O006772,Apple Pay,184.98,Paid
PAY006773,O006773,Card,294.92,Paid
PAY006774,O006774,PayPal,36.67,Paid
PAY006775,O006775,PayPal,740.58,Paid
PAY006776,O006776,Apple Pay,511.6,Paid
PAY006777,O006777,Card,65.4,Paid
PAY006778,O006778,Card,19.27,Paid
PAY006779,O006779,Card,24.46,Paid
PAY006780,O006780,Card,1681.24,Paid
PAY006781,O006781,Card,425.9,Paid
PAY006782,O006782,Card,796.38,Paid
PAY006783,O006783,PayPal,927.18,Failed
PAY006784,O006784,Card,782.5,Paid
PAY006785,O006785,Card,765.39,Paid
PAY006786,O006786,Card,253.65,Paid
PAY006787,O006787,Card,238.75,Paid
PAY006788,O006788,Google Pay,1386.02,Paid
PAY006789,O006789,Google Pay,265.04,Paid
PAY006790,O006790,Apple Pay,574.03,Paid
PAY006791,O006791,Card,314.64,Paid
PAY006792,O006792,Card,620.72,Paid
PAY006793,O006793,Card,244.43,Paid
PAY006794,O006794,Card,111.96,Failed
PAY006795,O006795,Card,127.3,Paid
PAY006796,O006796,Apple Pay,202.7,Paid
PAY006797,O006797,Card,1592.0,Paid
PAY006798,O006798,PayPal,108.71,Paid
PAY006799,O006799,PayPal,85.86,Paid
PAY006800,O006800,Card,1.01,Paid
PAY006801,O006801,Card,938.58,Paid
PAY006802,O006802,Card,379.87,Paid
PAY006803,O006803,Apple Pay,337.4,Paid
PAY006804,O006804,Google Pay,246.84,Paid
PAY006805,O006805,Card,1332.64,Paid
PAY006806,O006806,Apple Pay,1411.65,Paid
PAY006807,O006807,Apple Pay,86.65,Paid
PAY006808,O006808,Card,360.65,Paid
PAY006809,O006809,Card,413.84,Paid
PAY006810,O006810,PayPal,897.75,Paid
PAY006811,O006811,Apple Pay,1048.49,Paid
PAY006812,O006812,Card,363.94,Paid
PAY006813,O006813,Card,1565.61,Paid
PAY006814,O006814,Google Pay,287.67,Paid
PAY006815,O006815,Apple Pay,210.88,Failed
PAY006816,O006816,Card,337.46,Paid
PAY006817,O006817,Card,715.32,Paid
PAY006818,O006818,Card,112.45,Paid
PAY006819,O006819,Apple Pay,656.62,Paid
PAY006820,O006820,Google Pay,76.78,Paid
PAY006821,O006821,Card,184.98,Paid
PAY006822,O006822,Card,401.34,Paid
PAY006823,O006823,Card,441.42,Paid
PAY006824,O006824,Card,1261.46,Paid
PAY006825,O006825,Card,1022.97,Paid
PAY006826,O006826,Card,239.26,Failed
PAY006827,O006827,PayPal,1065.01,Paid
PAY006828,O006828,PayPal,1444.87,Paid
PAY006829,O006829,Google Pay,782.97,Paid
PAY006830,O006830,Card,502.89,Paid
PAY006831,O006831,Google Pay,248.64,Paid
PAY006832,O006832,PayPal,543.75,Paid
PAY006833,O006833,Card,478.6,Paid
PAY006834,O006834,Google Pay,1140.12,Paid
PAY006835,O006835,Apple Pay,201.95,Paid
PAY006836,O006836,Card,653.09,Paid
PAY006837,O006837,Card,249.65,Paid
PAY006838,O006838,Card,63.03,Paid
PAY006839,O006839,Google Pay,814.56,Paid
PAY006840,O006840,PayPal,491.3,Paid
PAY006841,O006841,Card,1594.22,Paid
PAY006842,O006842,Google Pay,698.15,Paid
PAY006843,O006843,PayPal,1295.38,Paid
PAY006844,O006844,Google Pay,714.78,Failed
PAY006845,O006845,Card,378.42,Paid
PAY006846,O006846,PayPal,1653.37,Paid
PAY006847,O006847,Google Pay,579.03,Paid
PAY006848,O006848,PayPal,579.55,Paid
PAY006849,O006849,Apple Pay,197.63,Paid
PAY006850,O006850,PayPal,447.17,Paid
PAY006851,O006851,Card,805.56,Paid
PAY006852,O006852,Card,1443.94,Paid
PAY006853,O006853,Apple Pay,591.16,Paid
PAY006854,O006854,Google Pay,112.45,Paid
PAY006855,O006855,Apple Pay,1994.83,Paid
PAY006856,O006856,Card,190.74,Failed
PAY006857,O006857,Card,105.44,Paid
PAY006858,O006858,Card,107.36,Paid
PAY006859,O006859,Google Pay,53.92,Paid
PAY006860,O006860,Card,125.19,Paid
PAY006861,O006861,Card,872.87,Paid
PAY006862,O006862,Card,303.25,Paid
PAY006863,O006863,PayPal,321.97,Paid
PAY006864,O006864,Apple Pay,620.16,Paid
PAY006865,O006865,Card,535.55,Paid
PAY006866,O006866,PayPal,558.66,Paid
PAY006867,O006867,Apple Pay,123.89,Paid
PAY006868,O006868,Card,604.43,Paid
PAY006869,O006869,Card,625.44,Paid
PAY006870,O006870,Google Pay,1748.56,Paid
PAY006871,O006871,Card,719.16,Paid
PAY006872,O006872,Card,794.16,Paid
PAY006873,O006873,PayPal,446.0,Paid
PAY006874,O006874,Card,107.42,Paid
PAY006875,O006875,Card,763.22,Paid
PAY006876,O006876,Apple Pay,1295.61,Paid
PAY006877,O006877,Card,1124.02,Paid
PAY006878,O006878,Apple Pay,248.46,Paid
PAY006879,O006879,Card,1466.06,Paid
PAY006880,O006880,Google Pay,55.74,Paid
PAY006881,O006881,Card,135.05,Paid
PAY006882,O006882,Card,79.04,Failed
PAY006883,O006883,PayPal,514.67,Paid
PAY006884,O006884,PayPal,551.72,Paid
PAY006885,O006885,Card,1223.98,Paid
PAY006886,O006886,Card,774.54,Paid
PAY006887,O006887,Card,114.4,Paid
PAY006888,O006888,PayPal,797.33,Paid
PAY006889,O006889,Apple Pay,450.43,Paid
PAY006890,O006890,PayPal,247.59,Paid
PAY006891,O006891,Card,81.61,Failed
PAY006892,O006892,Card,524.65,Paid
PAY006893,O006893,Card,201.72,Paid
PAY006894,O006894,Card,538.66,Paid
PAY006895,O006895,Google Pay,180.7,Paid
PAY006896,O006896,Card,823.19,Paid
PAY006897,O006897,PayPal,246.12,Paid
PAY006898,O006898,Card,616.15,Paid
PAY006899,O006899,Google Pay,259.67,Paid
PAY006900,O006900,Card,2988.11,Paid
PAY006901,O006901,Card,1989.63,Paid
PAY006902,O006902,PayPal,260.08,Paid
PAY006903,O006903,Card,410.15,Failed
PAY006904,O006904,Google Pay,215.97,Paid
PAY006905,O006905,Card,587.26,Paid
PAY006906,O006906,Card,97.18,Paid
PAY006907,O006907,Card,645.97,Paid
PAY006908,O006908,Apple Pay,2066.14,Paid
PAY006909,O006909,Card,604.1,Paid
PAY006910,O006910,PayPal,888.39,Paid
PAY006911,O006911,Apple Pay,141.8,Paid
PAY006912,O006912,PayPal,979.67,Paid
PAY006913,O006913,PayPal,739.49,Paid
PAY006914,O006914,Card,66.0,Paid
PAY006915,O006915,Google Pay,1927.26,Paid
PAY006916,O006916,Apple Pay,927.12,Paid
PAY006917,O006917,Card,154.87,Paid
PAY006918,O006918,Card,128.5,Paid
PAY006919,O006919,PayPal,56.83,Paid
PAY006920,O006920,Card,555.53,Paid
PAY006921,O006921,Card,587.7,Paid
PAY006922,O006922,Card,961.01,Paid
PAY006923,O006923,Apple Pay,151.4,Paid
PAY006924,O006924,PayPal,469.56,Failed
PAY006925,O006925,Card,369.76,Paid
PAY006926,O006926,Card,401.27,Paid
PAY006927,O006927,Apple Pay,682.61,Paid
PAY006928,O006928,Apple Pay,1054.8,Paid
PAY006929,O006929,Card,974.26,Paid
PAY006930,O006930,PayPal,169.58,Paid
PAY006931,O006931,Google Pay,854.38,Refunded
PAY006932,O006932,Google Pay,500.19,Paid
PAY006933,O006933,Card,725.79,Paid
PAY006934,O006934,Google Pay,711.18,Paid
PAY006935,O006935,Card,477.46,Paid
PAY006936,O006936,PayPal,525.0,Paid
PAY006937,O006937,PayPal,719.03,Paid
PAY006938,O006938,Card,332.4,Paid
PAY006939,O006939,Apple Pay,1543.98,Paid
PAY006940,O006940,Card,129.98,Paid
PAY006941,O006941,Apple Pay,706.77,Paid
PAY006942,O006942,Google Pay,2502.47,Paid
PAY006943,O006943,Card,220.8,Paid
PAY006944,O006944,Apple Pay,963.35,Paid
PAY006945,O006945,PayPal,709.02,Paid
PAY006946,O006946,Apple Pay,1243.62,Paid
PAY006947,O006947,Apple Pay,810.08,Failed
PAY006948,O006948,Card,365.52,Paid
PAY006949,O006949,Apple Pay,174.18,Paid
PAY006950,O006950,Google Pay,298.97,Paid
PAY006951,O006951,PayPal,878.68,Paid
PAY006952,O006952,Card,801.53,Paid
PAY006953,O006953,Apple Pay,109.28,Paid
PAY006954,O006954,Card,134.76,Paid
PAY006955,O006955,Card,1339.69,Paid
PAY006956,O006956,Card,1228.68,Paid
PAY006957,O006957,Google Pay,883.68,Paid
PAY006958,O006958,Card,713.47,Paid
PAY006959,O006959,Apple Pay,194.92,Paid
PAY006960,O006960,PayPal,102.45,Paid
PAY006961,O006961,Card,682.61,Paid
PAY006962,O006962,Apple Pay,2375.01,Failed
PAY006963,O006963,PayPal,99.09,Paid
PAY006964,O006964,Apple Pay,865.77,Paid
PAY006965,O006965,Google Pay,748.32,Paid
PAY006966,O006966,PayPal,765.26,Paid
PAY006967,O006967,Apple Pay,1093.82,Failed
PAY006968,O006968,Card,135.55,Paid
PAY006969,O006969,Card,729.44,Paid
PAY006970,O006970,PayPal,248.19,Paid
PAY006971,O006971,PayPal,2008.18,Paid
PAY006972,O006972,Card,229.6,Paid
PAY006973,O006973,Card,107.17,Paid
PAY006974,O006974,Card,69.55,Paid
PAY006975,O006975,PayPal,1658.12,Paid
PAY006976,O006976,Card,1454.62,Paid
PAY006977,O006977,Apple Pay,597.74,Paid
PAY006978,O006978,Card,980.44,Paid
PAY006979,O006979,Card,1125.94,Paid
PAY006980,O006980,Google Pay,462.48,Paid
PAY006981,O006981,Apple Pay,625.44,Paid
PAY006982,O006982,Apple Pay,468.23,Paid
PAY006983,O006983,Apple Pay,276.54,Paid
PAY006984,O006984,Google Pay,768.75,Paid
PAY006985,O006985,Card,113.37,Paid
PAY006986,O006986,Google Pay,326.23,Paid
PAY006987,O006987,Card,501.89,Paid
PAY006988,O006988,PayPal,781.99,Paid
PAY006989,O006989,Google Pay,296.9,Paid
PAY006990,O006990,Card,2120.36,Failed
PAY006991,O006991,Card,1663.72,Paid
PAY006992,O006992,Card,891.14,Paid
PAY006993,O006993,Card,1461.89,Paid
PAY006994,O006994,Card,129.98,Refunded
PAY006995,O006995,Google Pay,682.81,Paid
PAY006996,O006996,Card,1466.76,Paid
PAY006997,O006997,Card,849.76,Paid
PAY006998,O006998,Card,489.56,Paid
PAY006999,O006999,Apple Pay,626.14,Paid
PAY007000,O007000,Apple Pay,148.86,Paid
PAY007001,O007001,Card,52.34,Paid
PAY007002,O007002,Card,131.96,Paid
PAY007003,O007003,Google Pay,1384.08,Paid
PAY007004,O007004,PayPal,254.43,Paid
PAY007005,O007005,PayPal,1537.67,Paid
PAY007006,O007006,Apple Pay,1578.8,Paid
PAY007007,O007007,Card,880.28,Paid
PAY007008,O007008,Card,1471.58,Paid
PAY007009,O007009,Card,827.06,Paid
PAY007010,O007010,Apple Pay,162.47,Paid
PAY007011,O007011,Card,838.48,Paid
PAY007012,O007012,Card,1728.57,Paid
PAY007013,O007013,Card,1606.68,Paid
PAY007014,O007014,Google Pay,361.38,Paid
PAY007015,O007015,Apple Pay,288.26,Refunded
PAY007016,O007016,Apple Pay,280.12,Paid
PAY007017,O007017,Card,679.42,Paid
PAY007018,O007018,PayPal,856.72,Paid
PAY007019,O007019,Apple Pay,948.89,Paid
PAY007020,O007020,Card,44.52,Paid
PAY007021,O007021,Card,701.51,Paid
PAY007022,O007022,Google Pay,1224.71,Paid
PAY007023,O007023,Card,436.84,Paid
PAY007024,O007024,Card,516.21,Paid
PAY007025,O007025,Card,280.21,Paid
PAY007026,O007026,PayPal,661.98,Paid
PAY007027,O007027,PayPal,1718.57,Failed
PAY007028,O007028,Apple Pay,150.75,Paid
PAY007029,O007029,Card,526.31,Paid
PAY007030,O007030,PayPal,2051.45,Paid
PAY007031,O007031,Card,1111.21,Paid
PAY007032,O007032,Apple Pay,1076.31,Paid
PAY007033,O007033,Google Pay,260.04,Paid
PAY007034,O007034,Card,65.74,Paid
PAY007035,O007035,Google Pay,529.13,Paid
PAY007036,O007036,Card,311.78,Paid
PAY007037,O007037,Card,80.4,Paid
PAY007038,O007038,Apple Pay,7.36,Paid
PAY007039,O007039,Card,247.49,Paid
PAY007040,O007040,Card,1397.45,Failed
PAY007041,O007041,PayPal,0.0,Paid
PAY007042,O007042,Card,213.82,Paid
PAY007043,O007043,Apple Pay,1161.09,Failed
PAY007044,O007044,Card,469.8,Paid
PAY007045,O007045,Card,31.83,Paid
PAY007046,O007046,Card,262.96,Paid
PAY007047,O007047,PayPal,766.85,Paid
PAY007048,O007048,Apple Pay,4.84,Paid
PAY007049,O007049,Card,1871.51,Paid
PAY007050,O007050,Apple Pay,181.96,Paid
PAY007051,O007051,Card,382.51,Paid
PAY007052,O007052,Card,429.9,Paid
PAY007053,O007053,Google Pay,660.64,Paid
PAY007054,O007054,Card,793.24,Paid
PAY007055,O007055,Card,1336.93,Paid
PAY007056,O007056,Card,1979.96,Paid
PAY007057,O007057,Card,113.37,Paid
PAY007058,O007058,Card,2570.39,Paid
PAY007059,O007059,Card,482.21,Paid
PAY007060,O007060,Apple Pay,423.5,Paid
PAY007061,O007061,Apple Pay,1810.88,Paid
PAY007062,O007062,PayPal,445.2,Paid
PAY007063,O007063,Card,1879.27,Paid
PAY007064,O007064,Apple Pay,242.4,Paid
PAY007065,O007065,Apple Pay,91.65,Paid
PAY007066,O007066,Card,1814.81,Paid
PAY007067,O007067,PayPal,411.36,Paid
PAY007068,O007068,PayPal,912.3,Paid
PAY007069,O007069,Card,3971.49,Paid
PAY007070,O007070,Apple Pay,186.26,Paid
PAY007071,O007071,Apple Pay,460.53,Paid
PAY007072,O007072,Card,596.54,Failed
PAY007073,O007073,Card,0.36,Paid
PAY007074,O007074,Card,298.76,Paid
PAY007075,O007075,Card,1397.98,Paid
PAY007076,O007076,Card,57.68,Paid
PAY007077,O007077,Card,219.74,Paid
PAY007078,O007078,Apple Pay,909.2,Paid
PAY007079,O007079,Card,781.54,Paid
PAY007080,O007080,Apple Pay,140.17,Paid
PAY007081,O007081,PayPal,454.36,Paid
PAY007082,O007082,Card,450.69,Paid
PAY007083,O007083,PayPal,712.54,Paid
PAY007084,O007084,Card,496.59,Paid
PAY007085,O007085,Card,174.98,Failed
PAY007086,O007086,Google Pay,1888.01,Paid
PAY007087,O007087,Card,118.86,Paid
PAY007088,O007088,Card,964.07,Paid
PAY007089,O007089,Apple Pay,624.35,Paid
PAY007090,O007090,Apple Pay,1250.35,Paid
PAY007091,O007091,Card,140.37,Paid
PAY007092,O007092,Card,157.82,Refunded
PAY007093,O007093,Card,1350.7,Paid
PAY007094,O007094,Card,388.99,Paid
PAY007095,O007095,Card,842.36,Paid
PAY007096,O007096,Card,961.44,Paid
PAY007097,O007097,Card,1215.69,Paid
PAY007098,O007098,Card,1042.69,Paid
PAY007099,O007099,Google Pay,459.97,Paid
PAY007100,O007100,PayPal,250.53,Failed
PAY007101,O007101,Card,1530.59,Paid
PAY007102,O007102,Card,245.0,Paid
PAY007103,O007103,Google Pay,283.92,Paid
PAY007104,O007104,Apple Pay,511.91,Paid
PAY007105,O007105,Card,267.6,Paid
PAY007106,O007106,Apple Pay,428.08,Paid
PAY007107,O007107,PayPal,331.52,Paid
PAY007108,O007108,Apple Pay,282.29,Paid
PAY007109,O007109,Google Pay,762.92,Paid
PAY007110,O007110,Card,1349.42,Paid
PAY007111,O007111,PayPal,1266.44,Refunded
PAY007112,O007112,Card,634.96,Paid
PAY007113,O007113,Google Pay,770.23,Paid
PAY007114,O007114,Apple Pay,99.98,Paid
PAY007115,O007115,Card,559.06,Failed
PAY007116,O007116,PayPal,414.68,Paid
PAY007117,O007117,Card,770.26,Paid
PAY007118,O007118,Card,372.48,Paid
PAY007119,O007119,Apple Pay,168.07,Paid
PAY007120,O007120,PayPal,2746.1,Paid
PAY007121,O007121,Card,693.69,Paid
PAY007122,O007122,Card,82.53,Paid
PAY007123,O007123,Card,572.91,Paid
PAY007124,O007124,PayPal,388.42,Paid
PAY007125,O007125,PayPal,794.79,Paid
PAY007126,O007126,Google Pay,309.94,Paid
PAY007127,O007127,Apple Pay,243.94,Paid
PAY007128,O007128,Card,145.37,Paid
PAY007129,O007129,Card,177.01,Paid
PAY007130,O007130,Google Pay,1530.46,Paid
PAY007131,O007131,Apple Pay,790.14,Paid
PAY007132,O007132,Google Pay,363.79,Paid
PAY007133,O007133,Card,1370.7,Paid
PAY007134,O007134,Card,264.96,Paid
PAY007135,O007135,Card,323.25,Paid
PAY007136,O007136,Card,1342.64,Paid
PAY007137,O007137,Apple Pay,200.49,Paid
PAY007138,O007138,Card,59.55,Paid
PAY007139,O007139,Apple Pay,2353.92,Paid
PAY007140,O007140,Card,510.61,Paid
PAY007141,O007141,Card,201.31,Paid
PAY007142,O007142,Card,465.04,Paid
PAY007143,O007143,Google Pay,656.62,Paid
PAY007144,O007144,Apple Pay,255.66,Paid
PAY007145,O007145,Apple Pay,232.11,Paid
PAY007146,O007146,Card,248.64,Paid
PAY007147,O007147,PayPal,158.14,Paid
PAY007148,O007148,Card,875.09,Paid
PAY007149,O007149,Card,2007.7,Paid
PAY007150,O007150,PayPal,273.66,Paid
PAY007151,O007151,Card,700.78,Paid
PAY007152,O007152,Google Pay,620.98,Paid
PAY007153,O007153,Apple Pay,717.32,Failed
PAY007154,O007154,Card,1635.63,Paid
PAY007155,O007155,Google Pay,351.19,Paid
PAY007156,O007156,Card,145.83,Paid
PAY007157,O007157,Card,264.29,Paid
PAY007158,O007158,Card,130.38,Paid
PAY007159,O007159,Google Pay,133.32,Paid
PAY007160,O007160,Google Pay,108.71,Paid
PAY007161,O007161,Apple Pay,435.17,Paid
PAY007162,O007162,Card,771.29,Paid
PAY007163,O007163,Apple Pay,1008.01,Paid
PAY007164,O007164,Card,876.68,Failed
PAY007165,O007165,Card,183.85,Paid
PAY007166,O007166,PayPal,246.54,Paid
PAY007167,O007167,Card,1012.64,Paid
PAY007168,O007168,Card,86.78,Paid
PAY007169,O007169,Card,1479.12,Failed
PAY007170,O007170,PayPal,421.26,Paid
PAY007171,O007171,Apple Pay,158.58,Paid
PAY007172,O007172,PayPal,778.68,Paid
PAY007173,O007173,Card,1426.8,Paid
PAY007174,O007174,Card,262.04,Paid
PAY007175,O007175,Card,232.51,Paid
PAY007176,O007176,Apple Pay,1436.25,Paid
PAY007177,O007177,PayPal,271.1,Paid
PAY007178,O007178,Card,3665.17,Paid
PAY007179,O007179,PayPal,1295.51,Paid
PAY007180,O007180,Google Pay,447.48,Paid
PAY007181,O007181,PayPal,257.5,Paid
PAY007182,O007182,Card,640.8,Paid
PAY007183,O007183,Card,564.03,Paid
PAY007184,O007184,Apple Pay,326.41,Paid
PAY007185,O007185,Google Pay,523.1,Paid
PAY007186,O007186,Apple Pay,256.99,Paid
PAY007187,O007187,Google Pay,435.58,Paid
PAY007188,O007188,PayPal,567.0,Paid
PAY007189,O007189,Google Pay,657.36,Paid
PAY007190,O007190,Card,1143.03,Paid
PAY007191,O007191,Card,393.42,Paid
PAY007192,O007192,Card,542.33,Paid
PAY007193,O007193,PayPal,154.81,Paid
PAY007194,O007194,Card,824.41,Refunded
PAY007195,O007195,PayPal,179.98,Paid
PAY007196,O007196,Card,419.42,Paid
PAY007197,O007197,Card,12.69,Paid
PAY007198,O007198,PayPal,334.12,Paid
PAY007199,O007199,Card,549.72,Paid
PAY007200,O007200,Apple Pay,860.18,Paid
PAY007201,O007201,Apple Pay,44.52,Paid
PAY007202,O007202,Card,360.13,Paid
PAY007203,O007203,Card,159.35,Paid
PAY007204,O007204,PayPal,40.2,Paid
PAY007205,O007205,PayPal,798.38,Paid
PAY007206,O007206,PayPal,67.84,Paid
PAY007207,O007207,Google Pay,158.22,Paid
PAY007208,O007208,Apple Pay,246.71,Paid
PAY007209,O007209,PayPal,784.42,Paid
PAY007210,O007210,Google Pay,250.33,Paid
PAY007211,O007211,Card,311.52,Paid
PAY007212,O007212,Apple Pay,498.24,Paid
PAY007213,O007213,Google Pay,1739.48,Paid
PAY007214,O007214,Card,665.09,Paid
PAY007215,O007215,Card,382.16,Paid
PAY007216,O007216,Google Pay,89.98,Paid
PAY007217,O007217,Google Pay,209.49,Paid
PAY007218,O007218,Card,977.31,Paid
PAY007219,O007219,PayPal,2142.9,Paid
PAY007220,O007220,Card,1649.2,Paid
PAY007221,O007221,Card,470.08,Paid
PAY007222,O007222,Card,483.86,Paid
PAY007223,O007223,Apple Pay,222.57,Paid
PAY007224,O007224,Card,829.22,Paid
PAY007225,O007225,Google Pay,778.46,Paid
PAY007226,O007226,Card,787.45,Paid
PAY007227,O007227,Card,1568.22,Paid
PAY007228,O007228,Apple Pay,27.63,Paid
PAY007229,O007229,Apple Pay,592.8,Paid
PAY007230,O007230,Card,1347.29,Paid
PAY007231,O007231,Card,78.91,Paid
PAY007232,O007232,PayPal,2079.66,Failed
PAY007233,O007233,Card,338.2,Paid
PAY007234,O007234,Card,403.9,Paid
PAY007235,O007235,Card,413.9,Paid
PAY007236,O007236,Card,1037.21,Paid
PAY007237,O007237,Card,1481.17,Paid
PAY007238,O007238,Apple Pay,1073.45,Failed
PAY007239,O007239,Google Pay,1014.12,Paid
PAY007240,O007240,Card,808.23,Paid
PAY007241,O007241,Card,1201.55,Paid
PAY007242,O007242,Google Pay,401.2,Paid
PAY007243,O007243,Card,108.74,Paid
PAY007244,O007244,Card,229.42,Paid
PAY007245,O007245,Card,172.32,Paid
PAY007246,O007246,Apple Pay,336.6,Paid
PAY007247,O007247,Card,293.63,Paid
PAY007248,O007248,Card,331.6,Paid
PAY007249,O007249,Card,232.23,Paid
PAY007250,O007250,Card,359.44,Paid
PAY007251,O007251,Card,1176.49,Paid
PAY007252,O007252,Card,336.41,Paid
PAY007253,O007253,PayPal,762.06,Paid
PAY007254,O007254,Card,483.01,Paid
PAY007255,O007255,Google Pay,17.36,Paid
PAY007256,O007256,Google Pay,585.09,Paid
PAY007257,O007257,Google Pay,1367.67,Paid
PAY007258,O007258,Card,2047.83,Paid
PAY007259,O007259,Card,1349.14,Paid
PAY007260,O007260,Google Pay,609.69,Paid
PAY007261,O007261,Card,339.55,Paid
PAY007262,O007262,PayPal,548.39,Failed
PAY007263,O007263,Card,820.02,Paid
PAY007264,O007264,Card,1839.9,Paid
PAY007265,O007265,Apple Pay,1402.62,Paid
PAY007266,O007266,Card,206.5,Paid
PAY007267,O007267,Card,460.08,Paid
PAY007268,O007268,Google Pay,222.45,Paid
PAY007269,O007269,PayPal,572.64,Paid
PAY007270,O007270,Apple Pay,236.9,Paid
PAY007271,O007271,Apple Pay,905.38,Paid
PAY007272,O007272,Google Pay,831.74,Paid
PAY007273,O007273,Google Pay,836.07,Paid
PAY007274,O007274,PayPal,87.88,Paid
PAY007275,O007275,Card,771.5,Paid
PAY007276,O007276,Apple Pay,390.47,Paid
PAY007277,O007277,Card,132.92,Failed
PAY007278,O007278,Apple Pay,179.73,Paid
PAY007279,O007279,Card,466.22,Paid
PAY007280,O007280,Card,10.68,Paid
PAY007281,O007281,PayPal,104.19,Paid
PAY007282,O007282,PayPal,361.68,Paid
PAY007283,O007283,Google Pay,858.19,Failed
PAY007284,O007284,Google Pay,414.37,Paid
PAY007285,O007285,Card,377.68,Paid
PAY007286,O007286,PayPal,524.81,Paid
PAY007287,O007287,Apple Pay,66.86,Paid
PAY007288,O007288,Apple Pay,1015.24,Paid
PAY007289,O007289,Apple Pay,190.66,Paid
PAY007290,O007290,Apple Pay,330.94,Paid
PAY007291,O007291,PayPal,92.36,Paid
PAY007292,O007292,Card,517.42,Failed
PAY007293,O007293,Google Pay,570.06,Paid
PAY007294,O007294,Apple Pay,176.12,Paid
PAY007295,O007295,Card,304.97,Paid
PAY007296,O007296,Card,1147.09,Paid
PAY007297,O007297,PayPal,1378.84,Paid
PAY007298,O007298,Apple Pay,137.3,Paid
PAY007299,O007299,Google Pay,1609.07,Paid
PAY007300,O007300,Card,0.0,Paid
PAY007301,O007301,Card,812.46,Paid
PAY007302,O007302,PayPal,149.81,Paid
PAY007303,O007303,Card,206.75,Paid
PAY007304,O007304,Card,181.26,Paid
PAY007305,O007305,PayPal,791.92,Failed
PAY007306,O007306,Apple Pay,935.49,Paid
PAY007307,O007307,Apple Pay,31.74,Paid
PAY007308,O007308,Apple Pay,637.91,Paid
PAY007309,O007309,Google Pay,293.97,Paid
PAY007310,O007310,PayPal,113.66,Paid
PAY007311,O007311,Card,1798.1,Paid
PAY007312,O007312,Card,469.56,Paid
PAY007313,O007313,Card,492.19,Paid
PAY007314,O007314,Card,234.6,Paid
PAY007315,O007315,PayPal,784.67,Paid
PAY007316,O007316,Apple Pay,1728.86,Paid
PAY007317,O007317,Apple Pay,1589.05,Paid
PAY007318,O007318,Card,400.34,Failed
PAY007319,O007319,Card,612.25,Paid
PAY007320,O007320,Google Pay,385.36,Paid
PAY007321,O007321,Apple Pay,88.53,Paid
PAY007322,O007322,Google Pay,1028.49,Paid
PAY007323,O007323,Apple Pay,426.25,Paid
PAY007324,O007324,Google Pay,1064.48,Paid
PAY007325,O007325,PayPal,1059.38,Paid
PAY007326,O007326,Card,1155.82,Failed
PAY007327,O007327,PayPal,432.96,Failed
PAY007328,O007328,Card,40.2,Paid
PAY007329,O007329,Card,1553.84,Paid
PAY007330,O007330,Google Pay,1397.97,Paid
PAY007331,O007331,Card,190.15,Paid
PAY007332,O007332,Apple Pay,623.6,Paid
PAY007333,O007333,Card,838.58,Paid
PAY007334,O007334,Card,226.32,Paid
PAY007335,O007335,Card,1799.97,Paid
PAY007336,O007336,Google Pay,125.61,Paid
PAY007337,O007337,Google Pay,412.96,Paid
PAY007338,O007338,Google Pay,295.22,Paid
PAY007339,O007339,Card,2339.3,Paid
PAY007340,O007340,Card,413.05,Refunded
PAY007341,O007341,PayPal,1683.31,Paid
PAY007342,O007342,Google Pay,2040.93,Paid
PAY007343,O007343,Card,567.86,Paid
PAY007344,O007344,PayPal,385.28,Paid
PAY007345,O007345,Card,949.54,Paid
PAY007346,O007346,PayPal,2045.34,Paid
PAY007347,O007347,PayPal,770.26,Paid
PAY007348,O007348,Apple Pay,1951.03,Paid
PAY007349,O007349,Card,631.94,Failed
PAY007350,O007350,Google Pay,1424.55,Paid
PAY007351,O007351,Apple Pay,2330.54,Paid
PAY007352,O007352,Card,130.73,Paid
PAY007353,O007353,Card,343.07,Paid
PAY007354,O007354,Card,252.42,Paid
PAY007355,O007355,Google Pay,198.36,Paid
PAY007356,O007356,Apple Pay,356.69,Paid
PAY007357,O007357,Card,94.69,Paid
PAY007358,O007358,Card,110.24,Paid
PAY007359,O007359,Google Pay,792.18,Paid
PAY007360,O007360,Card,367.98,Paid
PAY007361,O007361,Apple Pay,907.11,Paid
PAY007362,O007362,PayPal,142.85,Paid
PAY007363,O007363,Apple Pay,547.32,Paid
PAY007364,O007364,Google Pay,752.09,Paid
PAY007365,O007365,PayPal,870.22,Paid
PAY007366,O007366,Card,360.19,Paid
PAY007367,O007367,Card,359.04,Paid
PAY007368,O007368,Apple Pay,105.44,Paid
PAY007369,O007369,Apple Pay,793.28,Paid
PAY007370,O007370,Apple Pay,790.97,Paid
PAY007371,O007371,Card,278.81,Paid
PAY007372,O007372,Card,690.38,Paid
PAY007373,O007373,Card,1022.18,Paid
PAY007374,O007374,Card,965.66,Paid
PAY007375,O007375,Card,426.94,Paid
PAY007376,O007376,PayPal,1055.4,Paid
PAY007377,O007377,PayPal,674.72,Failed
PAY007378,O007378,Google Pay,2210.51,Paid
PAY007379,O007379,Card,521.02,Paid
PAY007380,O007380,Card,632.7,Paid
PAY007381,O007381,PayPal,40.82,Paid
PAY007382,O007382,Apple Pay,109.42,Paid
PAY007383,O007383,Google Pay,201.32,Paid
PAY007384,O007384,PayPal,223.8,Paid
PAY007385,O007385,Card,86.37,Paid
PAY007386,O007386,Apple Pay,1413.84,Paid
PAY007387,O007387,PayPal,213.59,Paid
PAY007388,O007388,Card,1497.08,Paid
PAY007389,O007389,Google Pay,150.83,Paid
PAY007390,O007390,Apple Pay,1203.13,Paid
PAY007391,O007391,Card,0.0,Paid
PAY007392,O007392,Google Pay,918.77,Paid
PAY007393,O007393,PayPal,147.43,Paid
PAY007394,O007394,Apple Pay,762.13,Paid
PAY007395,O007395,Card,283.63,Paid
PAY007396,O007396,Apple Pay,125.19,Paid
PAY007397,O007397,Card,508.21,Paid
PAY007398,O007398,PayPal,579.03,Paid
PAY007399,O007399,Card,1212.6,Paid
PAY007400,O007400,PayPal,677.02,Refunded
PAY007401,O007401,PayPal,346.7,Failed
PAY007402,O007402,PayPal,487.23,Paid
PAY007403,O007403,Apple Pay,1516.18,Paid
PAY007404,O007404,Google Pay,846.54,Paid
PAY007405,O007405,Card,1272.38,Paid
PAY007406,O007406,PayPal,606.75,Paid
PAY007407,O007407,Card,466.38,Paid
PAY007408,O007408,PayPal,389.04,Paid
PAY007409,O007409,PayPal,805.1,Paid
PAY007410,O007410,Card,93.55,Paid
PAY007411,O007411,Card,820.98,Paid
PAY007412,O007412,PayPal,105.89,Paid
PAY007413,O007413,PayPal,1661.95,Paid
PAY007414,O007414,PayPal,526.65,Paid
PAY007415,O007415,PayPal,1353.48,Paid
PAY007416,O007416,Card,550.89,Paid
PAY007417,O007417,Apple Pay,379.68,Paid
PAY007418,O007418,Google Pay,29.46,Paid
PAY007419,O007419,Card,104.42,Paid
PAY007420,O007420,Card,810.66,Paid
PAY007421,O007421,Card,217.5,Paid
PAY007422,O007422,Card,1441.47,Paid
PAY007423,O007423,Apple Pay,2461.29,Paid
PAY007424,O007424,Card,564.06,Paid
PAY007425,O007425,Google Pay,146.32,Paid
PAY007426,O007426,Apple Pay,49.55,Paid
PAY007427,O007427,Google Pay,107.17,Paid
PAY007428,O007428,Card,313.43,Paid
PAY007429,O007429,PayPal,453.08,Paid
PAY007430,O007430,Card,81.79,Paid
PAY007431,O007431,Google Pay,15.65,Paid
PAY007432,O007432,Apple Pay,152.94,Paid
PAY007433,O007433,PayPal,804.41,Refunded
PAY007434,O007434,Apple Pay,475.63,Paid
PAY007435,O007435,Card,152.04,Paid
PAY007436,O007436,Apple Pay,332.31,Paid
PAY007437,O007437,PayPal,2803.8,Paid
PAY007438,O007438,Card,2503.63,Paid
PAY007439,O007439,Card,79.42,Paid
PAY007440,O007440,Card,1007.42,Paid
PAY007441,O007441,PayPal,25.5,Paid
PAY007442,O007442,Card,374.98,Paid
PAY007443,O007443,PayPal,1306.93,Paid
PAY007444,O007444,Card,200.67,Paid
PAY007445,O007445,Card,646.31,Paid
PAY007446,O007446,PayPal,45.97,Paid
PAY007447,O007447,Apple Pay,1095.31,Paid
PAY007448,O007448,Card,404.4,Paid
PAY007449,O007449,Card,99.24,Paid
PAY007450,O007450,Card,938.28,Failed
PAY007451,O007451,Card,105.89,Failed
PAY007452,O007452,Card,830.02,Paid
PAY007453,O007453,Card,104.6,Paid
PAY007454,O007454,Card,700.86,Paid
PAY007455,O007455,Apple Pay,700.05,Paid
PAY007456,O007456,Card,247.75,Paid
PAY007457,O007457,Apple Pay,1038.93,Paid
PAY007458,O007458,PayPal,980.54,Paid
PAY007459,O007459,Apple Pay,7.69,Paid
PAY007460,O007460,Card,398.58,Paid
PAY007461,O007461,Card,2314.37,Paid
PAY007462,O007462,Card,605.74,Paid
PAY007463,O007463,Apple Pay,96.84,Paid
PAY007464,O007464,PayPal,29.06,Paid
PAY007465,O007465,PayPal,99.77,Paid
PAY007466,O007466,Card,55.9,Paid
PAY007467,O007467,PayPal,442.33,Paid
PAY007468,O007468,Card,349.28,Paid
PAY007469,O007469,Card,293.32,Paid
PAY007470,O007470,Card,412.32,Paid
PAY007471,O007471,Card,1326.08,Paid
PAY007472,O007472,PayPal,172.42,Paid
PAY007473,O007473,Card,89.04,Paid
PAY007474,O007474,Google Pay,777.76,Paid
PAY007475,O007475,PayPal,2068.02,Paid
PAY007476,O007476,Card,659.45,Paid
PAY007477,O007477,Card,72.34,Paid
PAY007478,O007478,Card,888.68,Paid
PAY007479,O007479,Card,302.69,Paid
PAY007480,O007480,Card,551.39,Paid
PAY007481,O007481,Card,224.26,Paid
PAY007482,O007482,Card,853.3,Paid
PAY007483,O007483,Apple Pay,1151.12,Paid
PAY007484,O007484,Google Pay,377.22,Paid
PAY007485,O007485,Apple Pay,173.24,Paid
PAY007486,O007486,Card,72.78,Paid
PAY007487,O007487,Card,329.28,Paid
PAY007488,O007488,Card,169.48,Paid
PAY007489,O007489,Card,743.05,Paid
PAY007490,O007490,Card,494.19,Paid
PAY007491,O007491,Card,1415.96,Refunded
PAY007492,O007492,Apple Pay,273.66,Paid
PAY007493,O007493,Apple Pay,1917.45,Paid
PAY007494,O007494,Card,2095.78,Paid
PAY007495,O007495,Google Pay,407.7,Failed
PAY007496,O007496,Card,718.01,Paid
PAY007497,O007497,Apple Pay,646.07,Paid
PAY007498,O007498,Apple Pay,474.76,Paid
PAY007499,O007499,Card,499.26,Paid
PAY007500,O007500,Card,283.43,Paid
PAY007501,O007501,Card,339.1,Paid
PAY007502,O007502,PayPal,2069.16,Paid
PAY007503,O007503,Card,1066.85,Paid
PAY007504,O007504,Apple Pay,484.15,Paid
PAY007505,O007505,PayPal,167.46,Paid
PAY007506,O007506,Card,81.33,Paid
PAY007507,O007507,Card,502.92,Paid
PAY007508,O007508,Apple Pay,121.44,Paid
PAY007509,O007509,Card,393.9,Paid
PAY007510,O007510,Apple Pay,1026.88,Failed
PAY007511,O007511,Card,5.53,Paid
PAY007512,O007512,PayPal,836.74,Paid
PAY007513,O007513,Card,469.56,Paid
PAY007514,O007514,Card,2548.6,Paid
PAY007515,O007515,Card,739.73,Paid
PAY007516,O007516,PayPal,461.89,Paid
PAY007517,O007517,Card,1160.62,Paid
PAY007518,O007518,PayPal,282.72,Paid
PAY007519,O007519,Card,281.77,Paid
PAY007520,O007520,Apple Pay,55.98,Paid
PAY007521,O007521,Card,129.26,Paid
PAY007522,O007522,PayPal,1414.21,Refunded
PAY007523,O007523,Card,566.19,Paid
PAY007524,O007524,Apple Pay,450.26,Paid
PAY007525,O007525,Card,1787.78,Paid
PAY007526,O007526,PayPal,1953.47,Paid
PAY007527,O007527,PayPal,483.24,Paid
PAY007528,O007528,PayPal,966.91,Paid
PAY007529,O007529,Card,136.02,Paid
PAY007530,O007530,Apple Pay,2397.13,Paid
PAY007531,O007531,Card,491.09,Paid
PAY007532,O007532,Card,852.25,Paid
PAY007533,O007533,Google Pay,469.15,Paid
PAY007534,O007534,Card,603.36,Paid
PAY007535,O007535,Google Pay,626.08,Paid
PAY007536,O007536,Card,182.24,Paid
PAY007537,O007537,Apple Pay,203.98,Paid
PAY007538,O007538,Card,642.48,Failed
PAY007539,O007539,Card,478.52,Paid
PAY007540,O007540,Apple Pay,799.33,Paid
PAY007541,O007541,Card,171.92,Paid
PAY007542,O007542,Card,1122.41,Paid
PAY007543,O007543,Card,224.94,Paid
PAY007544,O007544,Card,324.57,Paid
PAY007545,O007545,PayPal,125.92,Paid
PAY007546,O007546,Apple Pay,266.7,Paid
PAY007547,O007547,PayPal,684.4,Paid
PAY007548,O007548,PayPal,899.16,Paid
PAY007549,O007549,PayPal,103.66,Paid
PAY007550,O007550,Card,497.23,Paid
PAY007551,O007551,Apple Pay,69.55,Paid
PAY007552,O007552,Card,123.08,Paid
PAY007553,O007553,PayPal,384.54,Paid
PAY007554,O007554,PayPal,12.63,Paid
PAY007555,O007555,Apple Pay,427.96,Paid
PAY007556,O007556,PayPal,2903.04,Paid
PAY007557,O007557,PayPal,155.76,Paid
PAY007558,O007558,Card,639.47,Paid
PAY007559,O007559,Apple Pay,1277.15,Paid
PAY007560,O007560,PayPal,499.26,Paid
PAY007561,O007561,Card,166.13,Paid
PAY007562,O007562,Apple Pay,2767.31,Paid
PAY007563,O007563,PayPal,1335.26,Paid
PAY007564,O007564,Card,580.85,Paid
PAY007565,O007565,Google Pay,781.9,Paid
PAY007566,O007566,PayPal,888.95,Paid
PAY007567,O007567,PayPal,651.32,Paid
PAY007568,O007568,Card,435.17,Refunded
PAY007569,O007569,Card,306.45,Paid
PAY007570,O007570,Card,560.06,Paid
PAY007571,O007571,Apple Pay,341.58,Paid
PAY007572,O007572,Card,640.3,Paid
PAY007573,O007573,Card,572.47,Paid
PAY007574,O007574,Card,1082.31,Paid
PAY007575,O007575,Apple Pay,1043.85,Paid
PAY007576,O007576,Card,1074.92,Paid
PAY007577,O007577,Card,463.07,Paid
PAY007578,O007578,Card,583.42,Paid
PAY007579,O007579,PayPal,258.7,Paid
PAY007580,O007580,Google Pay,336.18,Paid
PAY007581,O007581,Google Pay,735.18,Paid
PAY007582,O007582,PayPal,165.92,Paid
PAY007583,O007583,Google Pay,1549.03,Paid
PAY007584,O007584,Card,1860.73,Paid
PAY007585,O007585,Apple Pay,305.05,Paid
PAY007586,O007586,Card,959.5,Paid
PAY007587,O007587,PayPal,245.33,Paid
PAY007588,O007588,Google Pay,429.15,Paid
PAY007589,O007589,Google Pay,287.38,Paid
PAY007590,O007590,PayPal,634.04,Paid
PAY007591,O007591,Apple Pay,1346.25,Paid
PAY007592,O007592,PayPal,462.09,Paid
PAY007593,O007593,Card,165.89,Paid
PAY007594,O007594,Apple Pay,236.32,Failed
PAY007595,O007595,Apple Pay,24.86,Paid
PAY007596,O007596,Card,380.55,Paid
PAY007597,O007597,PayPal,117.02,Paid
PAY007598,O007598,Card,474.1,Paid
PAY007599,O007599,Card,698.72,Refunded
PAY007600,O007600,Apple Pay,1154.25,Paid
PAY007601,O007601,Card,1167.54,Paid
PAY007602,O007602,Card,225.7,Paid
PAY007603,O007603,Card,340.25,Paid
PAY007604,O007604,Card,1010.24,Paid
PAY007605,O007605,Card,776.1,Paid
PAY007606,O007606,Card,100.86,Paid
PAY007607,O007607,Card,254.5,Paid
PAY007608,O007608,Apple Pay,337.59,Paid
PAY007609,O007609,Apple Pay,1056.06,Paid
PAY007610,O007610,Card,910.51,Paid
PAY007611,O007611,Apple Pay,463.32,Paid
PAY007612,O007612,Card,200.96,Paid
PAY007613,O007613,Card,1029.47,Paid
PAY007614,O007614,Card,205.49,Paid
PAY007615,O007615,Apple Pay,937.46,Paid
PAY007616,O007616,Card,979.48,Paid
PAY007617,O007617,Card,796.09,Paid
PAY007618,O007618,Apple Pay,1154.38,Paid
PAY007619,O007619,Apple Pay,327.94,Paid
PAY007620,O007620,Card,238.93,Paid
PAY007621,O007621,Card,273.87,Paid
PAY007622,O007622,Card,1231.03,Paid
PAY007623,O007623,Apple Pay,838.8,Paid
PAY007624,O007624,PayPal,593.95,Paid
PAY007625,O007625,PayPal,437.73,Paid
PAY007626,O007626,Card,964.6,Paid
PAY007627,O007627,Card,709.93,Paid
PAY007628,O007628,Card,1269.03,Refunded
PAY007629,O007629,Apple Pay,459.2,Paid
PAY007630,O007630,Card,230.1,Refunded
PAY007631,O007631,PayPal,741.39,Failed
PAY007632,O007632,Card,274.93,Paid
PAY007633,O007633,Card,316.49,Paid
PAY007634,O007634,Card,1151.69,Paid
PAY007635,O007635,Card,123.87,Paid
PAY007636,O007636,Google Pay,344.42,Failed
PAY007637,O007637,Card,998.15,Paid
PAY007638,O007638,Card,752.48,Paid
PAY007639,O007639,Card,926.14,Paid
PAY007640,O007640,Card,833.67,Paid
PAY007641,O007641,PayPal,17.7,Paid
PAY007642,O007642,Apple Pay,309.1,Paid
PAY007643,O007643,PayPal,64.61,Paid
PAY007644,O007644,PayPal,912.06,Paid
PAY007645,O007645,Apple Pay,1466.47,Paid
PAY007646,O007646,Card,193.47,Paid
PAY007647,O007647,Card,920.39,Paid
PAY007648,O007648,Card,94.88,Paid
PAY007649,O007649,Apple Pay,494.08,Paid
PAY007650,O007650,Google Pay,104.98,Paid
PAY007651,O007651,Google Pay,1212.93,Paid
PAY007652,O007652,Card,77.55,Failed
PAY007653,O007653,Apple Pay,782.05,Failed
PAY007654,O007654,Apple Pay,156.6,Paid
PAY007655,O007655,Card,406.34,Paid
PAY007656,O007656,Apple Pay,391.68,Paid
PAY007657,O007657,Card,472.16,Paid
PAY007658,O007658,Apple Pay,208.47,Paid
PAY007659,O007659,Card,441.15,Paid
PAY007660,O007660,Card,982.18,Failed
PAY007661,O007661,PayPal,492.77,Paid
PAY007662,O007662,Card,542.0,Paid
PAY007663,O007663,Google Pay,1306.58,Paid
PAY007664,O007664,Apple Pay,1123.08,Paid
PAY007665,O007665,Card,1227.8,Paid
PAY007666,O007666,PayPal,559.25,Paid
PAY007667,O007667,Card,337.4,Paid
PAY007668,O007668,Card,1474.81,Paid
PAY007669,O007669,Card,833.65,Paid
PAY007670,O007670,Card,1995.84,Paid
PAY007671,O007671,Google Pay,1563.5,Paid
PAY007672,O007672,Card,325.77,Paid
PAY007673,O007673,Card,129.98,Paid
PAY007674,O007674,Card,1235.38,Paid
PAY007675,O007675,Card,1601.87,Paid
PAY007676,O007676,Card,678.05,Paid
PAY007677,O007677,PayPal,1251.12,Paid
PAY007678,O007678,PayPal,140.37,Paid
PAY007679,O007679,Card,411.94,Paid
PAY007680,O007680,Card,241.32,Paid
PAY007681,O007681,PayPal,771.45,Paid
PAY007682,O007682,Google Pay,403.18,Paid
PAY007683,O007683,Apple Pay,469.56,Paid
PAY007684,O007684,Apple Pay,954.94,Paid
PAY007685,O007685,Card,36.74,Paid
PAY007686,O007686,Card,239.48,Paid
PAY007687,O007687,Card,428.17,Paid
PAY007688,O007688,Apple Pay,1216.13,Paid
PAY007689,O007689,Card,271.58,Paid
PAY007690,O007690,PayPal,11.06,Paid
PAY007691,O007691,Google Pay,339.92,Paid
PAY007692,O007692,Apple Pay,740.7,Paid
PAY007693,O007693,PayPal,374.14,Paid
PAY007694,O007694,Card,954.5,Paid
PAY007695,O007695,Google Pay,304.6,Paid
PAY007696,O007696,PayPal,528.88,Paid
PAY007697,O007697,Card,266.52,Paid
PAY007698,O007698,PayPal,1243.75,Paid
PAY007699,O007699,Card,413.07,Paid
PAY007700,O007700,Card,245.65,Paid
PAY007701,O007701,Apple Pay,550.97,Paid
PAY007702,O007702,PayPal,196.95,Paid
PAY007703,O007703,Apple Pay,222.13,Paid
PAY007704,O007704,Apple Pay,1546.86,Paid
PAY007705,O007705,PayPal,1701.95,Paid
PAY007706,O007706,Google Pay,24.46,Paid
PAY007707,O007707,Apple Pay,642.36,Paid
PAY007708,O007708,Google Pay,698.96,Paid
PAY007709,O007709,PayPal,339.47,Paid
PAY007710,O007710,Card,98.63,Paid
PAY007711,O007711,PayPal,96.56,Paid
PAY007712,O007712,Apple Pay,1596.88,Paid
PAY007713,O007713,Apple Pay,324.28,Paid
PAY007714,O007714,Apple Pay,544.06,Paid
PAY007715,O007715,Card,1683.82,Paid
PAY007716,O007716,Google Pay,509.61,Paid
PAY007717,O007717,Apple Pay,306.35,Paid
PAY007718,O007718,PayPal,410.98,Paid
PAY007719,O007719,Apple Pay,617.59,Failed
PAY007720,O007720,Apple Pay,798.84,Paid
PAY007721,O007721,Card,613.3,Paid
PAY007722,O007722,Card,1075.28,Paid
PAY007723,O007723,Google Pay,1263.91,Paid
PAY007724,O007724,Card,2023.05,Paid
PAY007725,O007725,Google Pay,1362.89,Paid
PAY007726,O007726,Card,389.66,Paid
PAY007727,O007727,Google Pay,18.18,Paid
PAY007728,O007728,PayPal,332.15,Paid
PAY007729,O007729,Card,1574.96,Paid
PAY007730,O007730,Card,1058.69,Paid
PAY007731,O007731,Card,108.71,Paid
PAY007732,O007732,Card,942.93,Paid
PAY007733,O007733,Card,2213.93,Paid
PAY007734,O007734,Card,664.29,Paid
PAY007735,O007735,Apple Pay,271.48,Paid
PAY007736,O007736,Card,1024.33,Paid
PAY007737,O007737,Card,446.6,Paid
PAY007738,O007738,Card,2386.22,Paid
PAY007739,O007739,PayPal,1044.27,Paid
PAY007740,O007740,Card,1541.2,Paid
PAY007741,O007741,PayPal,157.85,Paid
PAY007742,O007742,Card,1183.17,Paid
PAY007743,O007743,Card,341.1,Paid
PAY007744,O007744,Card,77.78,Paid
PAY007745,O007745,Apple Pay,1436.2,Paid
PAY007746,O007746,Card,1030.13,Failed
PAY007747,O007747,Card,646.62,Failed
PAY007748,O007748,Card,832.04,Paid
PAY007749,O007749,Google Pay,1077.61,Paid
PAY007750,O007750,Card,91.78,Paid
PAY007751,O007751,Apple Pay,1022.25,Paid
PAY007752,O007752,Card,678.17,Paid
PAY007753,O007753,Apple Pay,1410.36,Paid
PAY007754,O007754,Card,802.09,Paid
PAY007755,O007755,Apple Pay,145.75,Paid
PAY007756,O007756,Apple Pay,195.49,Paid
PAY007757,O007757,Card,474.54,Paid
PAY007758,O007758,PayPal,331.51,Paid
PAY007759,O007759,Card,69.04,Paid
PAY007760,O007760,Google Pay,368.33,Paid
PAY007761,O007761,Card,842.82,Paid
PAY007762,O007762,Apple Pay,851.53,Paid
PAY007763,O007763,Apple Pay,31.67,Paid
PAY007764,O007764,Card,326.53,Paid
PAY007765,O007765,Google Pay,981.06,Paid
PAY007766,O007766,PayPal,445.87,Paid
PAY007767,O007767,Apple Pay,507.99,Paid
PAY007768,O007768,PayPal,671.52,Paid
PAY007769,O007769,Card,1925.56,Paid
PAY007770,O007770,PayPal,856.33,Paid
PAY007771,O007771,Card,22.32,Paid
PAY007772,O007772,PayPal,1698.87,Paid
PAY007773,O007773,Card,1149.98,Paid
PAY007774,O007774,Card,728.66,Paid
PAY007775,O007775,Apple Pay,38.54,Paid
PAY007776,O007776,PayPal,737.88,Paid
PAY007777,O007777,PayPal,223.54,Paid
PAY007778,O007778,PayPal,73.84,Failed
PAY007779,O007779,Google Pay,971.18,Paid
PAY007780,O007780,PayPal,124.98,Paid
PAY007781,O007781,Card,1062.84,Paid
PAY007782,O007782,Card,103.01,Paid
PAY007783,O007783,Card,1069.76,Failed
PAY007784,O007784,Card,2249.83,Failed
PAY007785,O007785,Card,241.58,Paid
PAY007786,O007786,Apple Pay,293.88,Paid
PAY007787,O007787,Apple Pay,489.73,Paid
PAY007788,O007788,Apple Pay,1459.72,Failed
PAY007789,O007789,Card,27.56,Paid
PAY007790,O007790,Apple Pay,1540.52,Paid
PAY007791,O007791,Card,226.78,Paid
PAY007792,O007792,Card,314.88,Paid
PAY007793,O007793,Card,2922.38,Paid
PAY007794,O007794,PayPal,98.56,Paid
PAY007795,O007795,Apple Pay,179.06,Paid
PAY007796,O007796,PayPal,473.84,Paid
PAY007797,O007797,Card,656.85,Paid
PAY007798,O007798,Card,121.96,Paid
PAY007799,O007799,Card,410.8,Paid
PAY007800,O007800,Google Pay,567.86,Paid
PAY007801,O007801,Apple Pay,307.4,Paid
PAY007802,O007802,PayPal,642.6,Paid
PAY007803,O007803,Card,1199.89,Paid
PAY007804,O007804,Card,1968.72,Paid
PAY007805,O007805,Card,113.75,Paid
PAY007806,O007806,Apple Pay,99.19,Paid
PAY007807,O007807,Apple Pay,714.51,Paid
PAY007808,O007808,Google Pay,1045.75,Paid
PAY007809,O007809,PayPal,99.08,Paid
PAY007810,O007810,Card,102.95,Paid
PAY007811,O007811,Card,933.72,Paid
PAY007812,O007812,Card,1402.93,Failed
PAY007813,O007813,Card,255.03,Paid
PAY007814,O007814,PayPal,425.99,Paid
PAY007815,O007815,Card,524.59,Paid
PAY007816,O007816,PayPal,488.43,Paid
PAY007817,O007817,Card,254.65,Paid
PAY007818,O007818,Google Pay,438.44,Paid
PAY007819,O007819,Google Pay,114.52,Paid
PAY007820,O007820,Card,1041.68,Paid
PAY007821,O007821,Card,107.17,Paid
PAY007822,O007822,Card,657.36,Paid
PAY007823,O007823,Card,626.19,Failed
PAY007824,O007824,Apple Pay,580.96,Paid
PAY007825,O007825,Apple Pay,464.49,Paid
PAY007826,O007826,PayPal,581.23,Paid
PAY007827,O007827,Card,765.23,Paid
PAY007828,O007828,Apple Pay,174.47,Paid
PAY007829,O007829,PayPal,1492.72,Paid
PAY007830,O007830,Apple Pay,1658.11,Paid
PAY007831,O007831,Card,768.38,Paid
PAY007832,O007832,Card,681.08,Paid
PAY007833,O007833,Card,201.25,Paid
PAY007834,O007834,Google Pay,825.69,Paid
PAY007835,O007835,Google Pay,186.79,Paid
PAY007836,O007836,Google Pay,485.4,Paid
PAY007837,O007837,PayPal,241.58,Paid
PAY007838,O007838,Google Pay,365.48,Paid
PAY007839,O007839,Card,495.31,Paid
PAY007840,O007840,PayPal,1107.85,Paid
PAY007841,O007841,Apple Pay,1121.52,Paid
PAY007842,O007842,PayPal,66.54,Paid
PAY007843,O007843,Google Pay,817.68,Paid
PAY007844,O007844,Google Pay,351.01,Paid
PAY007845,O007845,Card,1093.7,Paid
PAY007846,O007846,Apple Pay,979.82,Paid
PAY007847,O007847,Card,819.47,Paid
PAY007848,O007848,Card,1492.08,Refunded
PAY007849,O007849,Card,80.04,Paid
PAY007850,O007850,Apple Pay,400.15,Failed
PAY007851,O007851,Card,920.58,Failed
PAY007852,O007852,Card,746.07,Paid
PAY007853,O007853,Card,487.35,Refunded
PAY007854,O007854,Card,721.77,Paid
PAY007855,O007855,PayPal,357.78,Paid
PAY007856,O007856,PayPal,488.16,Paid
PAY007857,O007857,PayPal,479.92,Paid
PAY007858,O007858,Card,788.93,Paid
PAY007859,O007859,Card,241.58,Paid
PAY007860,O007860,Apple Pay,174.89,Paid
PAY007861,O007861,PayPal,1328.42,Paid
PAY007862,O007862,Card,296.9,Paid
PAY007863,O007863,PayPal,0.0,Paid
PAY007864,O007864,Card,209.72,Paid
PAY007865,O007865,Card,122.67,Paid
PAY007866,O007866,Google Pay,957.12,Paid
PAY007867,O007867,Apple Pay,611.29,Paid
PAY007868,O007868,Google Pay,87.46,Paid
PAY007869,O007869,Card,2032.2,Paid
PAY007870,O007870,Apple Pay,766.46,Paid
PAY007871,O007871,Google Pay,102.18,Paid
PAY007872,O007872,Card,955.75,Paid
PAY007873,O007873,Google Pay,302.52,Paid
PAY007874,O007874,Google Pay,29.06,Refunded
PAY007875,O007875,Apple Pay,154.72,Paid
PAY007876,O007876,Google Pay,1029.41,Paid
PAY007877,O007877,Card,257.18,Paid
PAY007878,O007878,Card,579.14,Paid
PAY007879,O007879,Card,386.52,Refunded
PAY007880,O007880,Google Pay,324.13,Paid
PAY007881,O007881,Google Pay,756.49,Paid
PAY007882,O007882,PayPal,1399.0,Paid
PAY007883,O007883,Card,470.31,Paid
PAY007884,O007884,Card,975.47,Paid
PAY007885,O007885,Card,333.6,Paid
PAY007886,O007886,Card,140.6,Paid
PAY007887,O007887,PayPal,400.32,Paid
PAY007888,O007888,Google Pay,407.96,Paid
PAY007889,O007889,Card,52.04,Paid
PAY007890,O007890,Card,181.92,Paid
PAY007891,O007891,PayPal,747.3,Refunded
PAY007892,O007892,PayPal,130.37,Paid
PAY007893,O007893,Card,1087.79,Paid
PAY007894,O007894,Card,51.33,Paid
PAY007895,O007895,Card,781.06,Paid
PAY007896,O007896,Card,208.65,Paid
PAY007897,O007897,PayPal,457.87,Paid
PAY007898,O007898,Card,1486.6,Paid
PAY007899,O007899,Apple Pay,860.7,Paid
PAY007900,O007900,Apple Pay,417.96,Paid
PAY007901,O007901,Card,264.33,Paid
PAY007902,O007902,Card,399.4,Paid
PAY007903,O007903,PayPal,659.76,Paid
PAY007904,O007904,Card,78.71,Paid
PAY007905,O007905,Apple Pay,489.24,Paid
PAY007906,O007906,Card,169.82,Paid
PAY007907,O007907,Apple Pay,644.56,Paid
PAY007908,O007908,Card,567.26,Paid
PAY007909,O007909,Card,448.67,Paid
PAY007910,O007910,Apple Pay,182.02,Paid
PAY007911,O007911,Card,330.11,Paid
PAY007912,O007912,Google Pay,494.36,Failed
PAY007913,O007913,PayPal,714.44,Paid
PAY007914,O007914,Card,1028.18,Paid
PAY007915,O007915,PayPal,101.46,Paid
PAY007916,O007916,Card,123.9,Paid
PAY007917,O007917,Card,386.81,Paid
PAY007918,O007918,Card,205.49,Paid
PAY007919,O007919,PayPal,766.74,Paid
PAY007920,O007920,Card,319.34,Paid
PAY007921,O007921,Card,773.68,Refunded
PAY007922,O007922,Card,479.97,Paid
PAY007923,O007923,Google Pay,99.78,Paid
PAY007924,O007924,Apple Pay,7.69,Paid
PAY007925,O007925,Card,1473.27,Paid
PAY007926,O007926,Google Pay,961.08,Paid
PAY007927,O007927,Card,1108.09,Paid
PAY007928,O007928,Google Pay,51.67,Paid
PAY007929,O007929,Card,468.55,Paid
PAY007930,O007930,PayPal,791.98,Paid
PAY007931,O007931,Card,1415.54,Paid
PAY007932,O007932,PayPal,1028.39,Paid
PAY007933,O007933,Card,493.42,Paid
PAY007934,O007934,PayPal,823.58,Paid
PAY007935,O007935,PayPal,125.77,Paid
PAY007936,O007936,Card,283.78,Paid
PAY007937,O007937,Card,692.91,Paid
PAY007938,O007938,Card,688.47,Paid
PAY007939,O007939,Google Pay,771.24,Paid
PAY007940,O007940,Card,688.51,Paid
PAY007941,O007941,Card,152.85,Paid
PAY007942,O007942,Card,1391.54,Paid
PAY007943,O007943,Google Pay,526.3,Paid
PAY007944,O007944,Card,425.12,Paid
PAY007945,O007945,Card,598.06,Paid
PAY007946,O007946,Card,127.3,Paid
PAY007947,O007947,Apple Pay,654.7,Paid
PAY007948,O007948,Google Pay,211.97,Paid
PAY007949,O007949,Google Pay,836.36,Paid
PAY007950,O007950,Card,426.84,Paid
PAY007951,O007951,Apple Pay,1178.35,Paid
PAY007952,O007952,PayPal,2260.12,Paid
PAY007953,O007953,Card,534.59,Paid
PAY007954,O007954,PayPal,231.54,Refunded
PAY007955,O007955,Card,1126.07,Paid
PAY007956,O007956,Google Pay,118.03,Paid
PAY007957,O007957,Card,35.86,Paid
PAY007958,O007958,Card,238.56,Paid
PAY007959,O007959,Card,356.3,Paid
PAY007960,O007960,PayPal,58.96,Paid
PAY007961,O007961,Card,99.78,Failed
PAY007962,O007962,Google Pay,145.55,Paid
PAY007963,O007963,Card,1159.08,Paid
PAY007964,O007964,Card,312.72,Paid
PAY007965,O007965,Card,952.04,Failed
PAY007966,O007966,Apple Pay,1763.73,Paid
PAY007967,O007967,Apple Pay,1159.45,Paid
PAY007968,O007968,Apple Pay,64.19,Paid
PAY007969,O007969,Card,83.87,Paid
PAY007970,O007970,Card,744.57,Paid
PAY007971,O007971,PayPal,138.87,Failed
PAY007972,O007972,Card,324.28,Paid
PAY007973,O007973,Apple Pay,3265.27,Paid
PAY007974,O007974,Card,67.01,Paid
PAY007975,O007975,Card,484.6,Paid
PAY007976,O007976,PayPal,58.41,Paid
PAY007977,O007977,Google Pay,83.13,Failed
PAY007978,O007978,Apple Pay,107.36,Paid
PAY007979,O007979,Card,1563.84,Paid
PAY007980,O007980,PayPal,3601.28,Paid
PAY007981,O007981,Card,679.24,Paid
PAY007982,O007982,PayPal,1908.23,Paid
PAY007983,O007983,Apple Pay,1105.9,Paid
PAY007984,O007984,PayPal,814.34,Paid
PAY007985,O007985,Google Pay,231.22,Failed
PAY007986,O007986,Card,40.0,Paid
PAY007987,O007987,Card,778.68,Paid
PAY007988,O007988,PayPal,443.26,Paid
PAY007989,O007989,PayPal,2677.56,Paid
PAY007990,O007990,Apple Pay,335.38,Paid
PAY007991,O007991,Card,130.75,Paid
PAY007992,O007992,Google Pay,1276.44,Paid
PAY007993,O007993,Google Pay,307.22,Paid
PAY007994,O007994,Card,46.54,Paid
PAY007995,O007995,Card,56.51,Paid
PAY007996,O007996,Card,219.77,Paid
PAY007997,O007997,Google Pay,2289.94,Paid
PAY007998,O007998,Card,632.44,Paid
PAY007999,O007999,Card,833.31,Paid
PAY008000,O008000,Card,193.85,Paid
PAY008001,O008001,Card,641.78,Paid
PAY008002,O008002,Card,283.45,Paid
PAY008003,O008003,Google Pay,316.81,Paid
PAY008004,O008004,Card,404.73,Paid
PAY008005,O008005,Card,652.39,Paid
PAY008006,O008006,Card,939.94,Paid
PAY008007,O008007,PayPal,642.06,Paid
PAY008008,O008008,Card,932.01,Paid
PAY008009,O008009,Card,827.7,Paid
PAY008010,O008010,Card,224.28,Failed
PAY008011,O008011,PayPal,1592.45,Paid
PAY008012,O008012,Card,117.99,Paid
PAY008013,O008013,Card,146.62,Paid
PAY008014,O008014,Card,1246.09,Paid
PAY008015,O008015,Card,916.39,Paid
PAY008016,O008016,Card,261.56,Paid
PAY008017,O008017,Card,675.96,Failed
PAY008018,O008018,Card,2293.18,Paid
PAY008019,O008019,PayPal,1067.29,Paid
PAY008020,O008020,Apple Pay,160.24,Paid
PAY008021,O008021,Apple Pay,1067.7,Paid
PAY008022,O008022,Card,498.34,Paid
PAY008023,O008023,Card,735.72,Failed
PAY008024,O008024,Google Pay,298.37,Paid
PAY008025,O008025,Card,767.73,Paid
PAY008026,O008026,Card,767.35,Refunded
PAY008027,O008027,Card,1186.69,Failed
PAY008028,O008028,PayPal,297.77,Paid
PAY008029,O008029,Card,123.32,Paid
PAY008030,O008030,PayPal,513.38,Paid
PAY008031,O008031,Google Pay,288.05,Paid
PAY008032,O008032,Apple Pay,300.33,Paid
PAY008033,O008033,Card,429.34,Paid
PAY008034,O008034,Google Pay,308.96,Paid
PAY008035,O008035,Card,425.04,Paid
PAY008036,O008036,Google Pay,832.36,Paid
PAY008037,O008037,Card,1273.62,Paid
PAY008038,O008038,Card,1771.58,Paid
PAY008039,O008039,Apple Pay,469.86,Failed
PAY008040,O008040,PayPal,2980.12,Failed
PAY008041,O008041,Google Pay,1816.65,Paid
PAY008042,O008042,Card,987.75,Paid
PAY008043,O008043,PayPal,963.13,Paid
PAY008044,O008044,Card,109.19,Paid
PAY008045,O008045,Card,1016.46,Paid
PAY008046,O008046,PayPal,573.01,Paid
PAY008047,O008047,PayPal,1208.86,Failed
PAY008048,O008048,Google Pay,2230.29,Paid
PAY008049,O008049,Card,384.35,Paid
PAY008050,O008050,Card,89.88,Paid
PAY008051,O008051,Card,237.22,Paid
PAY008052,O008052,PayPal,332.3,Paid
PAY008053,O008053,Google Pay,98.04,Paid
PAY008054,O008054,Card,1245.23,Paid
PAY008055,O008055,Card,248.46,Paid
PAY008056,O008056,PayPal,91.74,Paid
PAY008057,O008057,Card,83.88,Paid
PAY008058,O008058,Card,88.87,Paid
PAY008059,O008059,PayPal,367.33,Paid
PAY008060,O008060,Card,131.46,Paid
PAY008061,O008061,Apple Pay,933.09,Paid
PAY008062,O008062,Card,843.81,Paid
PAY008063,O008063,PayPal,66.54,Paid
PAY008064,O008064,PayPal,90.86,Paid
PAY008065,O008065,Card,932.93,Paid
PAY008066,O008066,Google Pay,83.75,Paid
PAY008067,O008067,Google Pay,251.95,Failed
PAY008068,O008068,Card,92.36,Paid
PAY008069,O008069,Card,251.07,Paid
PAY008070,O008070,Card,555.19,Paid
PAY008071,O008071,Apple Pay,43.83,Paid
PAY008072,O008072,Google Pay,641.93,Paid
PAY008073,O008073,Card,245.0,Paid
PAY008074,O008074,Card,1014.68,Paid
PAY008075,O008075,Card,341.72,Paid
PAY008076,O008076,Card,133.08,Paid
PAY008077,O008077,Card,64.88,Paid
PAY008078,O008078,Google Pay,276.2,Paid
PAY008079,O008079,Card,444.48,Paid
PAY008080,O008080,Card,915.87,Paid
PAY008081,O008081,Card,535.21,Paid
PAY008082,O008082,Card,352.97,Paid
PAY008083,O008083,Card,309.88,Failed
PAY008084,O008084,PayPal,627.42,Paid
PAY008085,O008085,PayPal,345.93,Paid
PAY008086,O008086,Card,502.06,Paid
PAY008087,O008087,Apple Pay,1030.14,Paid
PAY008088,O008088,Card,324.94,Paid
PAY008089,O008089,Google Pay,1309.12,Paid
PAY008090,O008090,Card,444.43,Paid
PAY008091,O008091,Card,748.04,Paid
PAY008092,O008092,Apple Pay,1283.96,Paid
PAY008093,O008093,Apple Pay,317.66,Paid
PAY008094,O008094,Card,140.13,Paid
PAY008095,O008095,PayPal,226.73,Paid
PAY008096,O008096,PayPal,394.08,Paid
PAY008097,O008097,Card,318.72,Paid
PAY008098,O008098,Card,1425.02,Paid
PAY008099,O008099,Card,377.16,Paid
PAY008100,O008100,Apple Pay,409.88,Paid
PAY008101,O008101,Card,281.9,Paid
PAY008102,O008102,Apple Pay,452.77,Paid
PAY008103,O008103,PayPal,102.17,Paid
PAY008104,O008104,Card,278.4,Paid
PAY008105,O008105,PayPal,244.96,Paid
PAY008106,O008106,Google Pay,332.4,Paid
PAY008107,O008107,Card,57.44,Paid
PAY008108,O008108,PayPal,495.65,Paid
PAY008109,O008109,Apple Pay,891.11,Paid
PAY008110,O008110,Google Pay,283.69,Paid
PAY008111,O008111,Card,307.7,Paid
PAY008112,O008112,Apple Pay,304.11,Paid
PAY008113,O008113,Card,95.04,Paid
PAY008114,O008114,PayPal,451.05,Paid
PAY008115,O008115,Card,462.93,Paid
PAY008116,O008116,Card,1303.24,Paid
PAY008117,O008117,PayPal,159.46,Failed
PAY008118,O008118,Google Pay,113.5,Paid
PAY008119,O008119,Google Pay,73.62,Paid
PAY008120,O008120,PayPal,1264.14,Paid
PAY008121,O008121,PayPal,864.11,Paid
PAY008122,O008122,Card,950.0,Paid
PAY008123,O008123,Apple Pay,661.01,Paid
PAY008124,O008124,Card,1764.37,Paid
PAY008125,O008125,Card,95.94,Paid
PAY008126,O008126,Card,954.59,Paid
PAY008127,O008127,Apple Pay,538.7,Paid
PAY008128,O008128,Card,464.35,Paid
PAY008129,O008129,PayPal,798.12,Paid
PAY008130,O008130,Google Pay,176.26,Paid
PAY008131,O008131,Apple Pay,435.42,Paid
PAY008132,O008132,Card,533.32,Refunded
PAY008133,O008133,Card,541.35,Paid
PAY008134,O008134,PayPal,1906.58,Paid
PAY008135,O008135,Card,258.81,Paid
PAY008136,O008136,PayPal,1462.71,Paid
PAY008137,O008137,Google Pay,538.66,Paid
PAY008138,O008138,Card,147.63,Paid
PAY008139,O008139,Card,3435.31,Paid
PAY008140,O008140,PayPal,709.28,Paid
PAY008141,O008141,Apple Pay,1609.96,Paid
PAY008142,O008142,PayPal,1603.15,Paid
PAY008143,O008143,Card,1339.9,Paid
PAY008144,O008144,Google Pay,971.54,Paid
PAY008145,O008145,Card,193.26,Paid
PAY008146,O008146,Google Pay,92.45,Failed
PAY008147,O008147,Card,711.73,Paid
PAY008148,O008148,Card,110.89,Paid
PAY008149,O008149,Apple Pay,764.42,Paid
PAY008150,O008150,PayPal,174.82,Paid
PAY008151,O008151,Google Pay,309.64,Paid
PAY008152,O008152,Apple Pay,86.05,Paid
PAY008153,O008153,Apple Pay,1618.77,Paid
PAY008154,O008154,Card,1301.41,Paid
PAY008155,O008155,Card,1259.3,Paid
PAY008156,O008156,Card,473.13,Refunded
PAY008157,O008157,Card,110.19,Paid
PAY008158,O008158,Google Pay,251.12,Paid
PAY008159,O008159,PayPal,327.85,Paid
PAY008160,O008160,Google Pay,1930.04,Paid
PAY008161,O008161,Card,1422.44,Paid
PAY008162,O008162,Card,770.14,Paid
PAY008163,O008163,Apple Pay,528.11,Failed
PAY008164,O008164,Card,677.08,Paid
PAY008165,O008165,Google Pay,372.53,Paid
PAY008166,O008166,Card,1201.53,Failed
PAY008167,O008167,Apple Pay,56.54,Paid
PAY008168,O008168,Apple Pay,227.5,Paid
PAY008169,O008169,Card,1433.3,Paid
PAY008170,O008170,Apple Pay,665.12,Paid
PAY008171,O008171,Card,140.74,Paid
PAY008172,O008172,Card,854.78,Paid
PAY008173,O008173,Apple Pay,564.58,Paid
PAY008174,O008174,Card,27.69,Paid
PAY008175,O008175,PayPal,208.26,Failed
PAY008176,O008176,Apple Pay,555.72,Paid
PAY008177,O008177,Google Pay,1558.9,Paid
PAY008178,O008178,Apple Pay,481.38,Paid
PAY008179,O008179,Card,219.17,Paid
PAY008180,O008180,Card,2473.95,Paid
PAY008181,O008181,Apple Pay,1580.73,Paid
PAY008182,O008182,Card,349.88,Paid
PAY008183,O008183,Apple Pay,442.43,Paid
PAY008184,O008184,Card,291.03,Paid
PAY008185,O008185,Apple Pay,99.78,Paid
PAY008186,O008186,Apple Pay,933.75,Paid
PAY008187,O008187,Google Pay,157.66,Paid
PAY008188,O008188,Card,209.8,Paid
PAY008189,O008189,Apple Pay,677.97,Paid
PAY008190,O008190,Apple Pay,767.35,Paid
PAY008191,O008191,Apple Pay,302.23,Paid
PAY008192,O008192,Card,297.6,Paid
PAY008193,O008193,PayPal,82.53,Paid
PAY008194,O008194,Card,35.5,Paid
PAY008195,O008195,Card,1125.33,Paid
PAY008196,O008196,Apple Pay,238.97,Paid
PAY008197,O008197,Card,507.9,Paid
PAY008198,O008198,Card,505.89,Paid
PAY008199,O008199,Google Pay,3716.37,Paid
PAY008200,O008200,PayPal,239.67,Paid
PAY008201,O008201,Card,819.27,Paid
PAY008202,O008202,PayPal,208.38,Paid
PAY008203,O008203,PayPal,1307.98,Failed
PAY008204,O008204,Card,437.71,Paid
PAY008205,O008205,Card,664.24,Paid
PAY008206,O008206,Card,212.7,Paid
PAY008207,O008207,Card,138.19,Paid
PAY008208,O008208,Card,134.98,Refunded
PAY008209,O008209,PayPal,708.09,Paid
PAY008210,O008210,PayPal,698.48,Paid
PAY008211,O008211,Apple Pay,226.74,Paid
PAY008212,O008212,Apple Pay,178.02,Failed
PAY008213,O008213,PayPal,626.45,Paid
PAY008214,O008214,Apple Pay,466.1,Paid
PAY008215,O008215,Apple Pay,97.36,Paid
PAY008216,O008216,Apple Pay,224.17,Paid
PAY008217,O008217,Card,359.34,Paid
PAY008218,O008218,Apple Pay,1873.32,Paid
PAY008219,O008219,Card,294.88,Paid
PAY008220,O008220,Card,842.47,Paid
PAY008221,O008221,Card,685.38,Paid
PAY008222,O008222,Card,488.52,Paid
PAY008223,O008223,PayPal,1175.75,Paid
PAY008224,O008224,Card,57.44,Paid
PAY008225,O008225,Card,1013.32,Paid
PAY008226,O008226,Card,476.34,Paid
PAY008227,O008227,Card,1873.4,Paid
PAY008228,O008228,PayPal,1147.98,Paid
PAY008229,O008229,Card,219.26,Paid
PAY008230,O008230,PayPal,1273.2,Paid
PAY008231,O008231,PayPal,89.44,Paid
PAY008232,O008232,Card,494.26,Paid
PAY008233,O008233,PayPal,983.2,Paid
PAY008234,O008234,PayPal,367.83,Paid
PAY008235,O008235,Card,598.61,Paid
PAY008236,O008236,Apple Pay,186.68,Paid
PAY008237,O008237,Card,200.67,Paid
PAY008238,O008238,PayPal,164.65,Paid
PAY008239,O008239,Card,229.26,Failed
PAY008240,O008240,Apple Pay,221.13,Paid
PAY008241,O008241,Apple Pay,898.13,Paid
PAY008242,O008242,PayPal,1271.08,Paid
PAY008243,O008243,PayPal,69.01,Paid
PAY008244,O008244,Card,561.29,Paid
PAY008245,O008245,Card,2928.09,Paid
PAY008246,O008246,Apple Pay,478.07,Paid
PAY008247,O008247,Card,825.76,Paid
PAY008248,O008248,PayPal,173.24,Paid
PAY008249,O008249,Card,428.86,Paid
PAY008250,O008250,Google Pay,572.86,Paid
PAY008251,O008251,Apple Pay,202.46,Paid
PAY008252,O008252,Apple Pay,377.8,Paid
PAY008253,O008253,Card,135.19,Paid
PAY008254,O008254,Apple Pay,24.52,Paid
PAY008255,O008255,Google Pay,474.7,Paid
PAY008256,O008256,Card,798.26,Paid
PAY008257,O008257,Card,234.73,Paid
PAY008258,O008258,Google Pay,377.33,Paid
PAY008259,O008259,PayPal,186.33,Paid
PAY008260,O008260,Apple Pay,424.68,Failed
PAY008261,O008261,Google Pay,764.99,Paid
PAY008262,O008262,Google Pay,1878.79,Paid
PAY008263,O008263,Google Pay,69.54,Paid
PAY008264,O008264,Card,548.18,Failed
PAY008265,O008265,PayPal,55.92,Paid
PAY008266,O008266,Google Pay,6.16,Paid
PAY008267,O008267,Card,172.34,Paid
PAY008268,O008268,Apple Pay,520.0,Paid
PAY008269,O008269,Card,380.69,Paid
PAY008270,O008270,Card,93.04,Paid
PAY008271,O008271,PayPal,1703.36,Paid
PAY008272,O008272,PayPal,784.42,Paid
PAY008273,O008273,Google Pay,58.62,Paid
PAY008274,O008274,Card,2140.92,Failed
PAY008275,O008275,PayPal,170.73,Failed
PAY008276,O008276,Card,771.32,Paid
PAY008277,O008277,Card,264.05,Paid
PAY008278,O008278,Google Pay,7.36,Paid
PAY008279,O008279,PayPal,232.96,Paid
PAY008280,O008280,Card,520.83,Paid
PAY008281,O008281,Card,163.44,Paid
PAY008282,O008282,PayPal,817.79,Paid
PAY008283,O008283,Card,1020.9,Paid
PAY008284,O008284,PayPal,1559.12,Paid
PAY008285,O008285,Apple Pay,291.9,Paid
PAY008286,O008286,PayPal,1114.66,Paid
PAY008287,O008287,Card,106.11,Paid
PAY008288,O008288,Card,103.86,Paid
PAY008289,O008289,PayPal,355.55,Paid
PAY008290,O008290,Card,249.27,Failed
PAY008291,O008291,Card,1384.04,Paid
PAY008292,O008292,Card,1120.18,Paid
PAY008293,O008293,Apple Pay,176.26,Paid
PAY008294,O008294,Apple Pay,1476.8,Paid
PAY008295,O008295,Card,445.24,Paid
PAY008296,O008296,Card,434.52,Paid
PAY008297,O008297,Card,1445.66,Paid
PAY008298,O008298,Card,1843.38,Paid
PAY008299,O008299,Card,1267.85,Paid
PAY008300,O008300,Card,1108.24,Paid
PAY008301,O008301,Card,722.02,Paid
PAY008302,O008302,Apple Pay,1350.22,Paid
PAY008303,O008303,PayPal,116.84,Paid
PAY008304,O008304,Google Pay,103.75,Paid
PAY008305,O008305,Card,716.68,Paid
PAY008306,O008306,Card,1016.5,Paid
PAY008307,O008307,Card,416.94,Paid
PAY008308,O008308,Apple Pay,769.91,Paid
PAY008309,O008309,Card,596.41,Paid
PAY008310,O008310,Card,837.14,Paid
PAY008311,O008311,Card,798.32,Paid
PAY008312,O008312,PayPal,714.44,Paid
PAY008313,O008313,Card,399.4,Paid
PAY008314,O008314,Apple Pay,159.78,Paid
PAY008315,O008315,Card,502.58,Paid
PAY008316,O008316,PayPal,531.71,Paid
PAY008317,O008317,Apple Pay,651.82,Paid
PAY008318,O008318,Google Pay,301.58,Paid
PAY008319,O008319,Google Pay,28.89,Paid
PAY008320,O008320,PayPal,327.29,Paid
PAY008321,O008321,Card,975.38,Paid
PAY008322,O008322,PayPal,75.75,Paid
PAY008323,O008323,Apple Pay,1506.69,Paid
PAY008324,O008324,Card,1053.95,Paid
PAY008325,O008325,PayPal,169.76,Failed
PAY008326,O008326,PayPal,1155.96,Paid
PAY008327,O008327,Card,48.62,Paid
PAY008328,O008328,Apple Pay,2085.13,Paid
PAY008329,O008329,Card,736.02,Paid
PAY008330,O008330,PayPal,759.14,Paid
PAY008331,O008331,Card,181.08,Paid
PAY008332,O008332,Apple Pay,929.75,Paid
PAY008333,O008333,Apple Pay,47.04,Paid
PAY008334,O008334,PayPal,910.35,Paid
PAY008335,O008335,Card,418.84,Paid
PAY008336,O008336,Apple Pay,127.68,Paid
PAY008337,O008337,PayPal,177.91,Paid
PAY008338,O008338,Google Pay,31.67,Paid
PAY008339,O008339,Google Pay,675.99,Paid
PAY008340,O008340,Card,1232.61,Paid
PAY008341,O008341,PayPal,341.01,Paid
PAY008342,O008342,PayPal,359.38,Paid
PAY008343,O008343,Apple Pay,2591.21,Paid
PAY008344,O008344,Card,1499.22,Paid
PAY008345,O008345,Card,1232.1,Paid
PAY008346,O008346,Card,324.79,Paid
PAY008347,O008347,Card,678.3,Paid
PAY008348,O008348,PayPal,375.62,Failed
PAY008349,O008349,Card,250.19,Paid
PAY008350,O008350,PayPal,124.98,Paid
PAY008351,O008351,Google Pay,707.2,Paid
PAY008352,O008352,Card,432.32,Paid
PAY008353,O008353,Apple Pay,2249.8,Paid
PAY008354,O008354,Card,304.83,Paid
PAY008355,O008355,PayPal,1698.48,Paid
PAY008356,O008356,Card,816.18,Paid
PAY008357,O008357,Card,1116.52,Paid
PAY008358,O008358,Card,153.51,Paid
PAY008359,O008359,PayPal,635.18,Paid
PAY008360,O008360,PayPal,398.08,Paid
PAY008361,O008361,Apple Pay,362.66,Paid
PAY008362,O008362,Apple Pay,300.62,Paid
PAY008363,O008363,Card,286.9,Paid
PAY008364,O008364,Card,591.28,Paid
PAY008365,O008365,Apple Pay,888.54,Paid
PAY008366,O008366,Card,169.43,Paid
PAY008367,O008367,PayPal,384.43,Paid
PAY008368,O008368,PayPal,1142.71,Paid
PAY008369,O008369,Card,1719.41,Paid
PAY008370,O008370,Card,354.52,Paid
PAY008371,O008371,Card,489.89,Refunded
PAY008372,O008372,Card,938.16,Paid
PAY008373,O008373,Card,575.44,Paid
PAY008374,O008374,Card,182.4,Paid
PAY008375,O008375,Card,275.82,Paid
PAY008376,O008376,PayPal,1041.68,Paid
PAY008377,O008377,PayPal,643.25,Paid
PAY008378,O008378,Apple Pay,1101.58,Paid
PAY008379,O008379,Card,530.92,Paid
PAY008380,O008380,Google Pay,705.79,Paid
PAY008381,O008381,Google Pay,367.28,Paid
PAY008382,O008382,Google Pay,304.86,Paid
PAY008383,O008383,Card,741.53,Paid
PAY008384,O008384,Card,644.54,Paid
PAY008385,O008385,Card,553.16,Paid
PAY008386,O008386,PayPal,340.43,Paid
PAY008387,O008387,Google Pay,1615.28,Paid
PAY008388,O008388,Card,66.54,Paid
PAY008389,O008389,Card,50.86,Paid
PAY008390,O008390,Card,1228.42,Paid
PAY008391,O008391,Card,840.05,Paid
PAY008392,O008392,Apple Pay,168.99,Paid
PAY008393,O008393,Card,679.95,Refunded
PAY008394,O008394,Google Pay,1052.54,Paid
PAY008395,O008395,Apple Pay,767.72,Paid
PAY008396,O008396,PayPal,1371.14,Paid
PAY008397,O008397,Card,117.92,Paid
PAY008398,O008398,Google Pay,293.92,Paid
PAY008399,O008399,Card,675.02,Paid
PAY008400,O008400,PayPal,780.93,Paid
PAY008401,O008401,PayPal,1712.85,Failed
PAY008402,O008402,Card,440.6,Paid
PAY008403,O008403,PayPal,401.89,Paid
PAY008404,O008404,Card,467.18,Paid
PAY008405,O008405,Google Pay,165.35,Refunded
PAY008406,O008406,PayPal,63.16,Refunded
PAY008407,O008407,PayPal,113.29,Paid
PAY008408,O008408,Card,1710.18,Paid
PAY008409,O008409,Apple Pay,64.88,Paid
PAY008410,O008410,Card,250.65,Failed
PAY008411,O008411,Apple Pay,21.01,Paid
PAY008412,O008412,PayPal,300.12,Paid
PAY008413,O008413,PayPal,810.09,Paid
PAY008414,O008414,Apple Pay,229.16,Paid
PAY008415,O008415,Card,1568.1,Paid
PAY008416,O008416,PayPal,522.95,Paid
PAY008417,O008417,Apple Pay,331.78,Paid
PAY008418,O008418,Google Pay,1098.55,Paid
PAY008419,O008419,Card,597.01,Failed
PAY008420,O008420,Card,615.32,Paid
PAY008421,O008421,PayPal,324.65,Paid
PAY008422,O008422,PayPal,74.3,Failed
PAY008423,O008423,Apple Pay,766.65,Paid
PAY008424,O008424,Card,848.08,Paid
PAY008425,O008425,PayPal,315.46,Paid
PAY008426,O008426,Apple Pay,797.5,Paid
PAY008427,O008427,PayPal,143.1,Paid
PAY008428,O008428,Card,566.78,Paid
PAY008429,O008429,Card,669.09,Paid
PAY008430,O008430,Google Pay,170.89,Paid
PAY008431,O008431,PayPal,236.63,Paid
PAY008432,O008432,Card,1408.27,Paid
PAY008433,O008433,Apple Pay,819.32,Paid
PAY008434,O008434,Card,2050.9,Paid
PAY008435,O008435,PayPal,889.14,Paid
PAY008436,O008436,Apple Pay,815.7,Paid
PAY008437,O008437,Card,84.04,Paid
PAY008438,O008438,PayPal,346.77,Paid
PAY008439,O008439,PayPal,642.52,Paid
PAY008440,O008440,Card,995.78,Paid
PAY008441,O008441,Card,15.68,Paid
PAY008442,O008442,Card,80.04,Paid
PAY008443,O008443,Card,750.86,Failed
PAY008444,O008444,PayPal,1421.99,Paid
PAY008445,O008445,Card,356.56,Failed
PAY008446,O008446,Card,302.38,Paid
PAY008447,O008447,Card,881.84,Paid
PAY008448,O008448,Apple Pay,2828.79,Paid
PAY008449,O008449,Apple Pay,1068.03,Paid
PAY008450,O008450,Card,243.46,Paid
PAY008451,O008451,Card,405.6,Paid
PAY008452,O008452,Apple Pay,397.96,Paid
PAY008453,O008453,Card,1183.82,Paid
PAY008454,O008454,Card,561.3,Paid
PAY008455,O008455,Card,147.67,Paid
PAY008456,O008456,Card,291.4,Paid
PAY008457,O008457,Card,104.78,Paid
PAY008458,O008458,Card,1440.76,Failed
PAY008459,O008459,Apple Pay,311.45,Paid
PAY008460,O008460,Card,253.69,Paid
PAY008461,O008461,Apple Pay,1040.07,Paid
PAY008462,O008462,Google Pay,72.2,Paid
PAY008463,O008463,PayPal,488.35,Paid
PAY008464,O008464,Apple Pay,828.45,Paid
PAY008465,O008465,Card,81.33,Paid
PAY008466,O008466,Google Pay,791.86,Paid
PAY008467,O008467,Apple Pay,131.09,Paid
PAY008468,O008468,Card,310.28,Paid
PAY008469,O008469,Apple Pay,239.26,Refunded
PAY008470,O008470,Card,501.23,Paid
PAY008471,O008471,Card,555.9,Failed
PAY008472,O008472,Card,609.99,Paid
PAY008473,O008473,Google Pay,222.4,Paid
PAY008474,O008474,Card,1438.91,Paid
PAY008475,O008475,Apple Pay,563.76,Paid
PAY008476,O008476,PayPal,560.39,Paid
PAY008477,O008477,Google Pay,259.59,Paid
PAY008478,O008478,Card,764.24,Paid
PAY008479,O008479,Card,130.73,Paid
PAY008480,O008480,Card,484.15,Paid
PAY008481,O008481,Apple Pay,587.26,Paid
PAY008482,O008482,Card,745.92,Paid
PAY008483,O008483,Google Pay,296.9,Paid
PAY008484,O008484,PayPal,636.46,Paid
PAY008485,O008485,Apple Pay,377.7,Paid
PAY008486,O008486,Google Pay,305.8,Paid
PAY008487,O008487,PayPal,848.7,Failed
PAY008488,O008488,Card,236.28,Paid
PAY008489,O008489,Card,9.27,Paid
PAY008490,O008490,Google Pay,897.93,Paid
PAY008491,O008491,Apple Pay,1884.32,Paid
PAY008492,O008492,Card,870.95,Paid
PAY008493,O008493,Card,370.55,Paid
PAY008494,O008494,Card,31.22,Paid
PAY008495,O008495,Card,526.59,Paid
PAY008496,O008496,Card,777.27,Paid
PAY008497,O008497,Apple Pay,63.87,Paid
PAY008498,O008498,PayPal,564.06,Paid
PAY008499,O008499,Apple Pay,794.12,Paid
PAY008500,O008500,Card,736.76,Failed
PAY008501,O008501,Card,304.94,Paid
PAY008502,O008502,Apple Pay,141.94,Failed
PAY008503,O008503,PayPal,1966.26,Failed
PAY008504,O008504,PayPal,738.79,Failed
PAY008505,O008505,Apple Pay,240.37,Paid
PAY008506,O008506,Card,50.97,Paid
PAY008507,O008507,PayPal,1095.01,Paid
PAY008508,O008508,Card,539.77,Paid
PAY008509,O008509,Google Pay,568.1,Paid
PAY008510,O008510,Google Pay,387.57,Paid
PAY008511,O008511,Card,383.42,Paid
PAY008512,O008512,Card,1730.28,Paid
PAY008513,O008513,Card,320.16,Paid
PAY008514,O008514,Card,191.96,Failed
PAY008515,O008515,Card,378.53,Paid
PAY008516,O008516,Card,1013.68,Paid
PAY008517,O008517,Apple Pay,612.36,Paid
PAY008518,O008518,Card,426.75,Paid
PAY008519,O008519,Card,253.69,Paid
PAY008520,O008520,Card,363.62,Paid
PAY008521,O008521,Card,822.01,Paid
PAY008522,O008522,PayPal,94.88,Paid
PAY008523,O008523,Apple Pay,104.98,Paid
PAY008524,O008524,Card,69.01,Paid
PAY008525,O008525,Card,667.09,Paid
PAY008526,O008526,Card,1014.69,Paid
PAY008527,O008527,Card,1074.65,Paid
PAY008528,O008528,Google Pay,1112.32,Paid
PAY008529,O008529,Google Pay,410.49,Paid
PAY008530,O008530,PayPal,647.81,Paid
PAY008531,O008531,Card,1403.01,Paid
PAY008532,O008532,Card,538.08,Paid
PAY008533,O008533,Card,65.74,Paid
PAY008534,O008534,Apple Pay,1700.92,Paid
PAY008535,O008535,Card,413.27,Refunded
PAY008536,O008536,Apple Pay,435.42,Paid
PAY008537,O008537,PayPal,627.24,Paid
PAY008538,O008538,Card,521.59,Paid
PAY008539,O008539,PayPal,779.91,Paid
PAY008540,O008540,PayPal,1189.41,Paid
PAY008541,O008541,Card,805.18,Paid
PAY008542,O008542,Card,30.0,Paid
PAY008543,O008543,Card,1433.2,Paid
PAY008544,O008544,Google Pay,406.91,Paid
PAY008545,O008545,Card,140.83,Paid
PAY008546,O008546,Google Pay,556.29,Paid
PAY008547,O008547,Apple Pay,385.44,Paid
PAY008548,O008548,Card,292.99,Paid
PAY008549,O008549,Card,98.04,Paid
PAY008550,O008550,PayPal,1073.28,Paid
PAY008551,O008551,PayPal,1505.02,Paid
PAY008552,O008552,PayPal,31.67,Paid
PAY008553,O008553,Apple Pay,179.24,Paid
PAY008554,O008554,Card,113.55,Paid
PAY008555,O008555,Card,659.81,Paid
PAY008556,O008556,Card,304.94,Paid
PAY008557,O008557,Card,195.63,Paid
PAY008558,O008558,PayPal,1273.73,Paid
PAY008559,O008559,Apple Pay,190.74,Paid
PAY008560,O008560,Google Pay,1050.4,Paid
PAY008561,O008561,Apple Pay,347.86,Failed
PAY008562,O008562,Card,1418.8,Paid
PAY008563,O008563,Card,1862.09,Paid
PAY008564,O008564,Card,254.85,Paid
PAY008565,O008565,Card,911.99,Paid
PAY008566,O008566,Card,836.87,Paid
PAY008567,O008567,Card,439.56,Paid
PAY008568,O008568,PayPal,768.99,Paid
PAY008569,O008569,Card,309.79,Paid
PAY008570,O008570,PayPal,814.18,Paid
PAY008571,O008571,Card,414.25,Paid
PAY008572,O008572,Apple Pay,258.79,Paid
PAY008573,O008573,Apple Pay,109.4,Paid
PAY008574,O008574,Card,773.9,Paid
PAY008575,O008575,Card,491.9,Paid
PAY008576,O008576,Card,63.96,Paid
PAY008577,O008577,PayPal,1758.4,Paid
PAY008578,O008578,Card,749.66,Paid
PAY008579,O008579,Card,57.08,Paid
PAY008580,O008580,Apple Pay,47.7,Paid
PAY008581,O008581,Apple Pay,1275.89,Paid
PAY008582,O008582,Card,1003.94,Paid
PAY008583,O008583,Card,849.26,Paid
PAY008584,O008584,Google Pay,919.51,Refunded
PAY008585,O008585,Card,10.68,Paid
PAY008586,O008586,Apple Pay,1024.62,Refunded
PAY008587,O008587,PayPal,596.32,Paid
PAY008588,O008588,Apple Pay,330.99,Paid
PAY008589,O008589,PayPal,560.19,Paid
PAY008590,O008590,Card,596.23,Paid
PAY008591,O008591,PayPal,237.4,Paid
PAY008592,O008592,PayPal,1885.19,Failed
PAY008593,O008593,Card,837.36,Paid
PAY008594,O008594,PayPal,446.22,Paid
PAY008595,O008595,Card,185.08,Paid
PAY008596,O008596,Card,301.66,Paid
PAY008597,O008597,Card,1017.88,Paid
PAY008598,O008598,PayPal,411.52,Paid
PAY008599,O008599,Apple Pay,184.1,Paid
PAY008600,O008600,PayPal,468.52,Paid
PAY008601,O008601,Apple Pay,684.72,Paid
PAY008602,O008602,Card,1553.7,Paid
PAY008603,O008603,PayPal,285.27,Paid
PAY008604,O008604,Card,711.63,Paid
PAY008605,O008605,PayPal,1033.41,Paid
PAY008606,O008606,Apple Pay,187.68,Paid
PAY008607,O008607,Card,422.96,Paid
PAY008608,O008608,Card,400.23,Paid
PAY008609,O008609,PayPal,491.76,Paid
PAY008610,O008610,Google Pay,515.89,Paid
PAY008611,O008611,Apple Pay,81.56,Paid
PAY008612,O008612,Apple Pay,179.43,Paid
PAY008613,O008613,Apple Pay,581.18,Paid
PAY008614,O008614,PayPal,1072.51,Paid
PAY008615,O008615,Apple Pay,787.04,Paid
PAY008616,O008616,PayPal,1161.65,Paid
PAY008617,O008617,Google Pay,1092.31,Paid
PAY008618,O008618,Apple Pay,1093.57,Paid
PAY008619,O008619,Card,221.34,Paid
PAY008620,O008620,Card,357.51,Paid
PAY008621,O008621,Apple Pay,466.38,Paid
PAY008622,O008622,Card,463.46,Failed
PAY008623,O008623,PayPal,0.0,Paid
PAY008624,O008624,Apple Pay,941.91,Paid
PAY008625,O008625,Card,280.74,Refunded
PAY008626,O008626,Card,581.65,Paid
PAY008627,O008627,Apple Pay,253.69,Failed
PAY008628,O008628,Google Pay,363.07,Paid
PAY008629,O008629,Apple Pay,827.68,Paid
PAY008630,O008630,Google Pay,484.58,Paid
PAY008631,O008631,Card,715.86,Paid
PAY008632,O008632,Apple Pay,37.7,Paid
PAY008633,O008633,Card,120.56,Paid
PAY008634,O008634,Apple Pay,1134.32,Paid
PAY008635,O008635,PayPal,554.03,Paid
PAY008636,O008636,Card,125.77,Paid
PAY008637,O008637,Google Pay,684.17,Paid
PAY008638,O008638,Card,999.11,Failed
PAY008639,O008639,PayPal,469.56,Paid
PAY008640,O008640,Card,1377.0,Paid
PAY008641,O008641,Card,1373.73,Paid
PAY008642,O008642,Card,36.74,Paid
PAY008643,O008643,Google Pay,237.61,Paid
PAY008644,O008644,PayPal,420.98,Failed
PAY008645,O008645,Card,2307.94,Failed
PAY008646,O008646,Card,862.36,Paid
PAY008647,O008647,Card,369.96,Paid
PAY008648,O008648,Card,206.75,Paid
PAY008649,O008649,Card,8.89,Paid
PAY008650,O008650,Card,433.14,Paid
PAY008651,O008651,Card,148.73,Paid
PAY008652,O008652,Apple Pay,765.24,Paid
PAY008653,O008653,Card,27.63,Paid
PAY008654,O008654,Apple Pay,1087.34,Paid
PAY008655,O008655,Card,1111.97,Paid
PAY008656,O008656,Card,42.02,Paid
PAY008657,O008657,PayPal,762.11,Paid
PAY008658,O008658,PayPal,421.41,Paid
PAY008659,O008659,Card,1365.55,Paid
PAY008660,O008660,Apple Pay,1200.38,Paid
PAY008661,O008661,Card,2353.26,Paid
PAY008662,O008662,Apple Pay,594.95,Paid
PAY008663,O008663,PayPal,202.8,Paid
PAY008664,O008664,Card,1339.93,Paid
PAY008665,O008665,PayPal,126.11,Paid
PAY008666,O008666,PayPal,719.97,Failed
PAY008667,O008667,Card,943.09,Paid
PAY008668,O008668,Card,668.62,Paid
PAY008669,O008669,Apple Pay,20.0,Paid
PAY008670,O008670,Card,488.86,Refunded
PAY008671,O008671,Card,669.47,Paid
PAY008672,O008672,Google Pay,1285.69,Failed
PAY008673,O008673,Card,1888.09,Paid
PAY008674,O008674,Google Pay,922.07,Paid
PAY008675,O008675,Google Pay,1383.65,Paid
PAY008676,O008676,Card,404.43,Paid
PAY008677,O008677,Card,25.86,Paid
PAY008678,O008678,PayPal,637.42,Paid
PAY008679,O008679,Card,599.72,Paid
PAY008680,O008680,PayPal,121.44,Paid
PAY008681,O008681,Card,1465.57,Failed
PAY008682,O008682,PayPal,546.29,Paid
PAY008683,O008683,PayPal,336.23,Paid
PAY008684,O008684,PayPal,17.36,Paid
PAY008685,O008685,Card,302.58,Paid
PAY008686,O008686,Apple Pay,130.83,Paid
PAY008687,O008687,PayPal,1591.37,Paid
PAY008688,O008688,Google Pay,123.09,Paid
PAY008689,O008689,Card,205.66,Failed
PAY008690,O008690,Card,1048.62,Paid
PAY008691,O008691,Card,865.3,Paid
PAY008692,O008692,Apple Pay,170.89,Paid
PAY008693,O008693,PayPal,165.24,Paid
PAY008694,O008694,Card,483.17,Paid
PAY008695,O008695,Apple Pay,466.38,Paid
PAY008696,O008696,Google Pay,579.71,Paid
PAY008697,O008697,Apple Pay,919.48,Paid
PAY008698,O008698,PayPal,286.9,Paid
PAY008699,O008699,Card,96.67,Paid
PAY008700,O008700,Apple Pay,551.9,Paid
PAY008701,O008701,Apple Pay,462.85,Paid
PAY008702,O008702,Apple Pay,152.85,Paid
PAY008703,O008703,Card,558.66,Paid
PAY008704,O008704,Card,105.19,Paid
PAY008705,O008705,Card,649.05,Paid
PAY008706,O008706,Card,712.82,Paid
PAY008707,O008707,Card,346.85,Paid
PAY008708,O008708,Google Pay,214.85,Paid
PAY008709,O008709,Google Pay,37.74,Paid
PAY008710,O008710,Apple Pay,381.86,Paid
PAY008711,O008711,Card,277.96,Paid
PAY008712,O008712,Card,253.66,Refunded
PAY008713,O008713,Card,1444.36,Paid
PAY008714,O008714,Card,824.92,Paid
PAY008715,O008715,Google Pay,204.92,Paid
PAY008716,O008716,PayPal,210.49,Paid
PAY008717,O008717,Google Pay,31.22,Paid
PAY008718,O008718,Google Pay,1006.22,Paid
PAY008719,O008719,Apple Pay,1634.24,Paid
PAY008720,O008720,Card,691.51,Paid
PAY008721,O008721,Card,488.24,Paid
PAY008722,O008722,Apple Pay,637.02,Paid
PAY008723,O008723,Card,151.4,Paid
PAY008724,O008724,Card,132.61,Paid
PAY008725,O008725,Card,167.46,Paid
PAY008726,O008726,Card,410.73,Paid
PAY008727,O008727,Card,828.86,Paid
PAY008728,O008728,Card,112.17,Paid
PAY008729,O008729,Apple Pay,730.42,Failed
PAY008730,O008730,PayPal,808.75,Paid
PAY008731,O008731,PayPal,1292.89,Paid
PAY008732,O008732,PayPal,345.3,Paid
PAY008733,O008733,PayPal,1970.14,Paid
PAY008734,O008734,Card,574.03,Paid
PAY008735,O008735,PayPal,208.26,Paid
PAY008736,O008736,Card,259.92,Paid
PAY008737,O008737,Card,978.53,Paid
PAY008738,O008738,Card,812.98,Paid
PAY008739,O008739,Card,483.95,Paid
PAY008740,O008740,Google Pay,439.78,Paid
PAY008741,O008741,PayPal,445.47,Paid
PAY008742,O008742,Card,976.74,Paid
PAY008743,O008743,Card,728.27,Paid
PAY008744,O008744,PayPal,733.31,Paid
PAY008745,O008745,Card,1014.87,Paid
PAY008746,O008746,Card,141.22,Paid
PAY008747,O008747,Card,2552.24,Paid
PAY008748,O008748,Card,517.02,Paid
PAY008749,O008749,Card,564.19,Paid
PAY008750,O008750,Card,374.54,Failed
PAY008751,O008751,PayPal,709.79,Paid
PAY008752,O008752,Google Pay,360.69,Paid
PAY008753,O008753,Apple Pay,693.6,Paid
PAY008754,O008754,Apple Pay,504.97,Paid
PAY008755,O008755,Card,316.28,Paid
PAY008756,O008756,PayPal,1773.96,Paid
PAY008757,O008757,Card,935.16,Paid
PAY008758,O008758,Apple Pay,746.5,Paid
PAY008759,O008759,Card,302.72,Paid
PAY008760,O008760,Apple Pay,86.56,Paid
PAY008761,O008761,Card,679.27,Failed
PAY008762,O008762,Apple Pay,676.09,Paid
PAY008763,O008763,Apple Pay,394.04,Paid
PAY008764,O008764,Card,133.87,Paid
PAY008765,O008765,Card,431.1,Paid
PAY008766,O008766,PayPal,755.72,Paid
PAY008767,O008767,PayPal,1179.27,Paid
PAY008768,O008768,PayPal,262.16,Paid
PAY008769,O008769,Card,456.28,Paid
PAY008770,O008770,Card,743.99,Paid
PAY008771,O008771,Apple Pay,431.34,Paid
PAY008772,O008772,Card,89.53,Paid
PAY008773,O008773,Card,581.69,Paid
PAY008774,O008774,PayPal,1859.95,Paid
PAY008775,O008775,Google Pay,118.9,Paid
PAY008776,O008776,Card,1034.24,Paid
PAY008777,O008777,Card,296.13,Paid
PAY008778,O008778,Apple Pay,159.62,Paid
PAY008779,O008779,Card,216.5,Paid
PAY008780,O008780,Apple Pay,789.21,Paid
PAY008781,O008781,PayPal,98.38,Paid
PAY008782,O008782,Card,997.43,Paid
PAY008783,O008783,Google Pay,148.3,Paid
PAY008784,O008784,PayPal,52.34,Paid
PAY008785,O008785,Card,708.4,Paid
PAY008786,O008786,PayPal,1079.65,Paid
PAY008787,O008787,Apple Pay,114.19,Paid
PAY008788,O008788,Card,1358.91,Paid
PAY008789,O008789,PayPal,515.33,Paid
PAY008790,O008790,Apple Pay,426.84,Paid
PAY008791,O008791,Card,950.2,Paid
PAY008792,O008792,Card,932.95,Paid
PAY008793,O008793,Google Pay,779.37,Paid
PAY008794,O008794,Apple Pay,619.12,Paid
PAY008795,O008795,Card,386.81,Paid
PAY008796,O008796,PayPal,133.6,Paid
PAY008797,O008797,Apple Pay,149.73,Paid
PAY008798,O008798,Card,1239.84,Paid
PAY008799,O008799,PayPal,510.27,Paid
PAY008800,O008800,Card,1145.8,Paid
PAY008801,O008801,Google Pay,160.06,Refunded
PAY008802,O008802,Apple Pay,485.91,Paid
PAY008803,O008803,Card,348.54,Paid
PAY008804,O008804,Apple Pay,1387.16,Paid
PAY008805,O008805,Card,27.28,Paid
PAY008806,O008806,PayPal,565.89,Paid
PAY008807,O008807,PayPal,161.66,Failed
PAY008808,O008808,Google Pay,1808.83,Paid
PAY008809,O008809,Card,659.26,Paid
PAY008810,O008810,Google Pay,253.24,Paid
PAY008811,O008811,Card,637.52,Paid
PAY008812,O008812,Card,624.41,Paid
PAY008813,O008813,PayPal,671.39,Paid
PAY008814,O008814,PayPal,61.57,Paid
PAY008815,O008815,PayPal,158.4,Paid
PAY008816,O008816,Card,2389.14,Paid
PAY008817,O008817,Apple Pay,476.83,Paid
PAY008818,O008818,Card,93.71,Failed
PAY008819,O008819,Card,464.67,Paid
PAY008820,O008820,PayPal,1275.55,Paid
PAY008821,O008821,Card,634.8,Paid
PAY008822,O008822,Card,766.12,Paid
PAY008823,O008823,PayPal,77.53,Paid
PAY008824,O008824,Card,178.56,Paid
PAY008825,O008825,Google Pay,911.91,Paid
PAY008826,O008826,PayPal,65.98,Paid
PAY008827,O008827,PayPal,2818.79,Paid
PAY008828,O008828,Card,555.14,Failed
PAY008829,O008829,Card,401.53,Paid
PAY008830,O008830,Apple Pay,302.9,Failed
PAY008831,O008831,Card,384.53,Paid
PAY008832,O008832,PayPal,777.11,Paid
PAY008833,O008833,Apple Pay,537.32,Paid
PAY008834,O008834,PayPal,495.64,Paid
PAY008835,O008835,Card,50.82,Paid
PAY008836,O008836,Google Pay,744.33,Paid
PAY008837,O008837,Apple Pay,1591.66,Paid
PAY008838,O008838,Apple Pay,1499.41,Paid
PAY008839,O008839,Apple Pay,351.09,Paid
PAY008840,O008840,Card,213.47,Paid
PAY008841,O008841,PayPal,239.01,Paid
PAY008842,O008842,Card,456.22,Paid
PAY008843,O008843,Card,336.41,Paid
PAY008844,O008844,Card,146.25,Paid
PAY008845,O008845,Card,1153.06,Paid
PAY008846,O008846,Card,1250.62,Paid
PAY008847,O008847,Apple Pay,1333.62,Paid
PAY008848,O008848,Card,248.38,Paid
PAY008849,O008849,Card,820.2,Paid
PAY008850,O008850,Card,536.29,Paid
PAY008851,O008851,Card,357.34,Failed
PAY008852,O008852,Card,422.59,Paid
PAY008853,O008853,Card,2037.72,Failed
PAY008854,O008854,Apple Pay,731.91,Paid
PAY008855,O008855,Google Pay,1406.51,Paid
PAY008856,O008856,Card,1147.4,Paid
PAY008857,O008857,PayPal,2891.46,Paid
PAY008858,O008858,Google Pay,953.63,Paid
PAY008859,O008859,Google Pay,371.81,Paid
PAY008860,O008860,Card,938.65,Failed
PAY008861,O008861,Card,622.13,Paid
PAY008862,O008862,PayPal,63.16,Paid
PAY008863,O008863,Card,1329.53,Paid
PAY008864,O008864,Card,313.43,Paid
PAY008865,O008865,PayPal,1456.13,Paid
PAY008866,O008866,Apple Pay,345.36,Paid
PAY008867,O008867,Card,469.15,Paid
PAY008868,O008868,Card,721.81,Paid
PAY008869,O008869,Card,343.94,Paid
PAY008870,O008870,Apple Pay,1016.04,Paid
PAY008871,O008871,Google Pay,1168.83,Paid
PAY008872,O008872,Card,972.01,Paid
PAY008873,O008873,PayPal,1434.91,Paid
PAY008874,O008874,Card,1145.34,Paid
PAY008875,O008875,Card,1443.66,Paid
PAY008876,O008876,Google Pay,1143.67,Paid
PAY008877,O008877,PayPal,347.58,Paid
PAY008878,O008878,PayPal,252.29,Paid
PAY008879,O008879,Google Pay,219.73,Paid
PAY008880,O008880,PayPal,828.8,Paid
PAY008881,O008881,Card,1799.76,Paid
PAY008882,O008882,Card,358.05,Paid
PAY008883,O008883,Card,1626.57,Paid
PAY008884,O008884,Card,588.6,Paid
PAY008885,O008885,PayPal,2017.35,Paid
PAY008886,O008886,Card,838.39,Paid
PAY008887,O008887,Card,23.18,Paid
PAY008888,O008888,Card,926.46,Paid
PAY008889,O008889,Card,492.06,Paid
PAY008890,O008890,Card,703.79,Paid
PAY008891,O008891,Card,273.66,Paid
PAY008892,O008892,Card,216.88,Paid
PAY008893,O008893,Card,209.92,Paid
PAY008894,O008894,Card,388.42,Paid
PAY008895,O008895,Card,378.92,Paid
PAY008896,O008896,Apple Pay,601.17,Paid
PAY008897,O008897,Card,1041.86,Paid
PAY008898,O008898,Apple Pay,700.7,Paid
PAY008899,O008899,Card,181.92,Failed
PAY008900,O008900,Google Pay,76.61,Paid
PAY008901,O008901,Card,329.6,Paid
PAY008902,O008902,Card,435.47,Paid
PAY008903,O008903,PayPal,508.79,Paid
PAY008904,O008904,Google Pay,88.38,Paid
PAY008905,O008905,Card,191.13,Paid
PAY008906,O008906,Card,610.15,Paid
PAY008907,O008907,Card,648.68,Paid
PAY008908,O008908,Apple Pay,13.64,Paid
PAY008909,O008909,Google Pay,203.97,Paid
PAY008910,O008910,Card,1044.94,Paid
PAY008911,O008911,Card,83.13,Paid
PAY008912,O008912,Apple Pay,2556.32,Paid
PAY008913,O008913,Apple Pay,504.83,Paid
PAY008914,O008914,Google Pay,576.51,Paid
PAY008915,O008915,PayPal,1681.48,Paid
PAY008916,O008916,Card,160.86,Paid
PAY008917,O008917,PayPal,404.32,Paid
PAY008918,O008918,PayPal,200.88,Paid
PAY008919,O008919,PayPal,236.78,Refunded
PAY008920,O008920,Card,867.48,Paid
PAY008921,O008921,Google Pay,506.6,Paid
PAY008922,O008922,Card,524.01,Failed
PAY008923,O008923,PayPal,274.6,Paid
PAY008924,O008924,Google Pay,479.55,Paid
PAY008925,O008925,Card,1279.5,Paid
PAY008926,O008926,Card,248.0,Failed
PAY008927,O008927,Card,65.74,Paid
PAY008928,O008928,Card,586.92,Paid
PAY008929,O008929,Apple Pay,515.89,Paid
PAY008930,O008930,PayPal,131.8,Paid
PAY008931,O008931,Apple Pay,1029.53,Paid
PAY008932,O008932,PayPal,665.7,Paid
PAY008933,O008933,Card,284.6,Paid
PAY008934,O008934,PayPal,1294.58,Paid
PAY008935,O008935,Apple Pay,1648.66,Paid
PAY008936,O008936,Apple Pay,84.02,Paid
PAY008937,O008937,Card,118.9,Paid
PAY008938,O008938,Google Pay,1102.58,Paid
PAY008939,O008939,PayPal,1413.52,Paid
PAY008940,O008940,Google Pay,217.13,Paid
PAY008941,O008941,Card,802.95,Paid
PAY008942,O008942,Card,93.34,Paid
PAY008943,O008943,Card,2689.34,Paid
PAY008944,O008944,PayPal,385.1,Paid
PAY008945,O008945,Card,449.24,Paid
PAY008946,O008946,Apple Pay,162.34,Paid
PAY008947,O008947,Card,1791.57,Paid
PAY008948,O008948,Apple Pay,121.44,Paid
PAY008949,O008949,Card,2063.31,Paid
PAY008950,O008950,Card,1111.49,Paid
PAY008951,O008951,Card,1158.6,Failed
PAY008952,O008952,Google Pay,644.45,Paid
PAY008953,O008953,Apple Pay,733.93,Failed
PAY008954,O008954,Card,56.61,Refunded
PAY008955,O008955,Card,849.54,Paid
PAY008956,O008956,Apple Pay,207.03,Paid
PAY008957,O008957,Card,261.16,Paid
PAY008958,O008958,PayPal,142.94,Failed
PAY008959,O008959,Card,151.06,Paid
PAY008960,O008960,PayPal,433.89,Paid
PAY008961,O008961,Google Pay,632.34,Paid
PAY008962,O008962,Apple Pay,1723.43,Paid
PAY008963,O008963,Card,357.09,Paid
PAY008964,O008964,Card,661.21,Paid
PAY008965,O008965,Card,75.04,Paid
PAY008966,O008966,PayPal,765.68,Paid
PAY008967,O008967,Card,1158.28,Paid
PAY008968,O008968,PayPal,211.08,Paid
PAY008969,O008969,Card,2697.02,Paid
PAY008970,O008970,Card,1021.3,Paid
PAY008971,O008971,Google Pay,640.34,Paid
PAY008972,O008972,Card,120.75,Paid
PAY008973,O008973,Apple Pay,561.18,Paid
PAY008974,O008974,Apple Pay,69.01,Paid
PAY008975,O008975,Apple Pay,593.8,Paid
PAY008976,O008976,Card,2278.83,Paid
PAY008977,O008977,Card,1392.33,Paid
PAY008978,O008978,PayPal,253.69,Paid
PAY008979,O008979,Apple Pay,220.26,Paid
PAY008980,O008980,Apple Pay,846.46,Paid
PAY008981,O008981,PayPal,156.53,Paid
PAY008982,O008982,Card,193.85,Paid
PAY008983,O008983,Apple Pay,383.42,Paid
PAY008984,O008984,PayPal,383.5,Paid
PAY008985,O008985,Card,511.55,Paid
PAY008986,O008986,PayPal,61.19,Paid
PAY008987,O008987,PayPal,1294.95,Paid
PAY008988,O008988,Card,1203.29,Paid
PAY008989,O008989,PayPal,869.3,Failed
PAY008990,O008990,Apple Pay,1702.81,Paid
PAY008991,O008991,Card,113.75,Paid
PAY008992,O008992,PayPal,344.01,Paid
PAY008993,O008993,PayPal,1304.57,Paid
PAY008994,O008994,PayPal,1132.07,Paid
PAY008995,O008995,Card,845.75,Paid
PAY008996,O008996,Google Pay,336.23,Failed
PAY008997,O008997,Apple Pay,1432.44,Paid
PAY008998,O008998,Card,724.41,Paid
PAY008999,O008999,Apple Pay,1135.0,Paid
PAY009000,O009000,Apple Pay,625.42,Paid
PAY009001,O009001,PayPal,146.28,Paid
PAY009002,O009002,PayPal,653.06,Paid
PAY009003,O009003,Card,557.5,Paid
PAY009004,O009004,Apple Pay,224.16,Paid
PAY009005,O009005,PayPal,216.56,Paid
PAY009006,O009006,Card,675.38,Paid
PAY009007,O009007,PayPal,385.25,Failed
PAY009008,O009008,Card,240.33,Paid
PAY009009,O009009,PayPal,1451.82,Paid
PAY009010,O009010,PayPal,622.86,Paid
PAY009011,O009011,Card,854.66,Paid
PAY009012,O009012,PayPal,488.46,Paid
PAY009013,O009013,Apple Pay,1501.73,Paid
PAY009014,O009014,PayPal,637.11,Paid
PAY009015,O009015,Apple Pay,1158.41,Paid
PAY009016,O009016,PayPal,9.84,Paid
PAY009017,O009017,Card,1473.63,Paid
PAY009018,O009018,Card,336.18,Paid
PAY009019,O009019,Card,1091.37,Paid
PAY009020,O009020,Card,755.26,Paid
PAY009021,O009021,Apple Pay,1502.6,Paid
PAY009022,O009022,Card,327.12,Paid
PAY009023,O009023,Google Pay,1963.7,Paid
PAY009024,O009024,PayPal,332.4,Paid
PAY009025,O009025,Card,1278.73,Paid
PAY009026,O009026,Google Pay,1700.1,Paid
PAY009027,O009027,PayPal,266.86,Paid
PAY009028,O009028,Card,66.72,Paid
PAY009029,O009029,Card,284.94,Paid
PAY009030,O009030,Card,339.21,Paid
PAY009031,O009031,PayPal,153.25,Paid
PAY009032,O009032,PayPal,786.92,Paid
PAY009033,O009033,PayPal,987.59,Paid
PAY009034,O009034,Card,111.84,Paid
PAY009035,O009035,Card,312.72,Failed
PAY009036,O009036,Card,485.89,Paid
PAY009037,O009037,Card,253.87,Paid
PAY009038,O009038,Card,1108.64,Paid
PAY009039,O009039,Card,470.08,Paid
PAY009040,O009040,PayPal,791.51,Paid
PAY009041,O009041,Card,6.01,Paid
PAY009042,O009042,Card,120.89,Paid
PAY009043,O009043,PayPal,1037.04,Paid
PAY009044,O009044,Card,1208.96,Paid
PAY009045,O009045,Apple Pay,1806.34,Paid
PAY009046,O009046,Card,679.84,Paid
PAY009047,O009047,Card,690.38,Paid
PAY009048,O009048,Card,370.86,Paid
PAY009049,O009049,Apple Pay,40.0,Paid
PAY009050,O009050,Card,153.56,Paid
PAY009051,O009051,PayPal,974.62,Paid
PAY009052,O009052,Card,292.8,Paid
PAY009053,O009053,Card,1227.77,Paid
PAY009054,O009054,Card,2106.66,Paid
PAY009055,O009055,Card,648.11,Paid
PAY009056,O009056,Apple Pay,476.09,Paid
PAY009057,O009057,Apple Pay,943.33,Paid
PAY009058,O009058,Card,824.51,Paid
PAY009059,O009059,Apple Pay,670.15,Paid
PAY009060,O009060,PayPal,361.48,Paid
PAY009061,O009061,Apple Pay,761.81,Paid
PAY009062,O009062,Card,162.08,Paid
PAY009063,O009063,Apple Pay,1004.73,Paid
PAY009064,O009064,Card,238.97,Paid
PAY009065,O009065,Apple Pay,862.0,Paid
PAY009066,O009066,Card,128.9,Paid
PAY009067,O009067,Apple Pay,388.39,Paid
PAY009068,O009068,Card,1156.31,Failed
PAY009069,O009069,Card,80.75,Paid
PAY009070,O009070,Card,119.28,Paid
PAY009071,O009071,Card,2505.03,Paid
PAY009072,O009072,Card,48.41,Failed
PAY009073,O009073,Card,206.75,Paid
PAY009074,O009074,PayPal,350.05,Paid
PAY009075,O009075,Card,650.53,Paid
PAY009076,O009076,Card,105.36,Paid
PAY009077,O009077,Apple Pay,412.07,Paid
PAY009078,O009078,Google Pay,627.58,Paid
PAY009079,O009079,Card,382.58,Paid
PAY009080,O009080,PayPal,292.36,Failed
PAY009081,O009081,Card,924.58,Paid
PAY009082,O009082,Card,672.82,Paid
PAY009083,O009083,Apple Pay,146.28,Paid
PAY009084,O009084,Google Pay,711.72,Paid
PAY009085,O009085,Card,1001.48,Paid
PAY009086,O009086,Apple Pay,230.07,Paid
PAY009087,O009087,Google Pay,629.65,Paid
PAY009088,O009088,Card,221.5,Paid
PAY009089,O009089,Card,664.1,Refunded
PAY009090,O009090,Apple Pay,563.46,Paid
PAY009091,O009091,Google Pay,670.8,Paid
PAY009092,O009092,Google Pay,356.01,Paid
PAY009093,O009093,PayPal,63.14,Paid
PAY009094,O009094,Google Pay,1494.72,Paid
PAY009095,O009095,Card,498.15,Paid
PAY009096,O009096,Apple Pay,507.06,Paid
PAY009097,O009097,Card,278.47,Paid
PAY009098,O009098,Google Pay,807.1,Failed
PAY009099,O009099,Card,118.9,Paid
PAY009100,O009100,PayPal,1360.02,Paid
PAY009101,O009101,Card,1019.17,Paid
PAY009102,O009102,Card,1318.08,Paid
PAY009103,O009103,Apple Pay,352.85,Paid
PAY009104,O009104,Card,68.91,Paid
PAY009105,O009105,Card,791.22,Paid
PAY009106,O009106,Card,217.69,Paid
PAY009107,O009107,Apple Pay,1984.6,Paid
PAY009108,O009108,Card,114.24,Paid
PAY009109,O009109,Apple Pay,73.13,Paid
PAY009110,O009110,Card,283.11,Paid
PAY009111,O009111,Card,3480.96,Paid
PAY009112,O009112,Card,380.36,Paid
PAY009113,O009113,Card,208.26,Paid
PAY009114,O009114,Card,433.13,Paid
PAY009115,O009115,Card,1521.58,Paid
PAY009116,O009116,PayPal,927.66,Paid
PAY009117,O009117,Card,562.51,Paid
PAY009118,O009118,Card,1450.56,Paid
PAY009119,O009119,PayPal,361.01,Paid
PAY009120,O009120,Card,469.66,Paid
PAY009121,O009121,Card,70.77,Paid
PAY009122,O009122,Card,301.45,Paid
PAY009123,O009123,Google Pay,427.96,Paid
PAY009124,O009124,PayPal,580.96,Paid
PAY009125,O009125,Card,150.06,Paid
PAY009126,O009126,Apple Pay,1050.83,Paid
PAY009127,O009127,Card,172.87,Paid
PAY009128,O009128,Card,106.5,Paid
PAY009129,O009129,Card,763.29,Paid
PAY009130,O009130,Apple Pay,1817.61,Paid
PAY009131,O009131,Card,927.08,Paid
PAY009132,O009132,Card,139.81,Paid
PAY009133,O009133,Google Pay,21.74,Paid
PAY009134,O009134,Card,213.48,Paid
PAY009135,O009135,Card,460.8,Paid
PAY009136,O009136,Apple Pay,1538.38,Paid
PAY009137,O009137,PayPal,1711.24,Paid
PAY009138,O009138,Card,976.89,Paid
PAY009139,O009139,Card,340.73,Paid
PAY009140,O009140,Card,10.0,Paid
PAY009141,O009141,Card,440.08,Paid
PAY009142,O009142,Card,1270.91,Paid
PAY009143,O009143,Apple Pay,127.1,Paid
PAY009144,O009144,Card,106.11,Paid
PAY009145,O009145,PayPal,1394.69,Paid
PAY009146,O009146,Card,1032.48,Paid
PAY009147,O009147,PayPal,360.87,Paid
PAY009148,O009148,Card,639.09,Paid
PAY009149,O009149,PayPal,270.22,Paid
PAY009150,O009150,Apple Pay,456.45,Paid
PAY009151,O009151,Card,114.78,Paid
PAY009152,O009152,Card,755.78,Paid
PAY009153,O009153,Card,1085.82,Paid
PAY009154,O009154,PayPal,1472.49,Paid
PAY009155,O009155,Google Pay,252.17,Paid
PAY009156,O009156,Apple Pay,201.87,Paid
PAY009157,O009157,Card,2482.25,Paid
PAY009158,O009158,Apple Pay,287.74,Paid
PAY009159,O009159,Card,21.76,Paid
PAY009160,O009160,Card,930.83,Paid
PAY009161,O009161,Apple Pay,1230.88,Paid
PAY009162,O009162,Card,251.46,Paid
PAY009163,O009163,Card,997.85,Paid
PAY009164,O009164,Google Pay,374.2,Paid
PAY009165,O009165,PayPal,1559.51,Paid
PAY009166,O009166,Card,73.53,Paid
PAY009167,O009167,Google Pay,1090.62,Paid
PAY009168,O009168,Google Pay,133.5,Paid
PAY009169,O009169,Apple Pay,318.85,Paid
PAY009170,O009170,Apple Pay,650.71,Paid
PAY009171,O009171,Apple Pay,800.89,Paid
PAY009172,O009172,Card,1049.88,Paid
PAY009173,O009173,Card,350.52,Paid
PAY009174,O009174,Card,1243.7,Paid
PAY009175,O009175,Card,519.49,Paid
PAY009176,O009176,Card,1536.68,Paid
PAY009177,O009177,Card,622.94,Paid
PAY009178,O009178,PayPal,317.01,Paid
PAY009179,O009179,Apple Pay,934.26,Paid
PAY009180,O009180,PayPal,528.05,Paid
PAY009181,O009181,Card,986.69,Paid
PAY009182,O009182,Google Pay,714.06,Paid
PAY009183,O009183,Google Pay,1521.18,Paid
PAY009184,O009184,Card,677.73,Failed
PAY009185,O009185,PayPal,264.2,Paid
PAY009186,O009186,Card,777.63,Paid
PAY009187,O009187,PayPal,914.44,Paid
PAY009188,O009188,Card,908.84,Paid
PAY009189,O009189,Card,756.52,Paid
PAY009190,O009190,PayPal,1400.07,Paid
PAY009191,O009191,PayPal,14.52,Paid
PAY009192,O009192,PayPal,540.28,Paid
PAY009193,O009193,Card,399.96,Paid
PAY009194,O009194,Google Pay,178.2,Paid
PAY009195,O009195,Google Pay,1281.86,Paid
PAY009196,O009196,Card,128.9,Paid
PAY009197,O009197,Apple Pay,1824.51,Paid
PAY009198,O009198,Card,770.23,Paid
PAY009199,O009199,Google Pay,266.15,Paid
PAY009200,O009200,Card,730.57,Paid
PAY009201,O009201,Card,1863.05,Paid
PAY009202,O009202,Apple Pay,1498.29,Paid
PAY009203,O009203,Card,239.56,Paid
PAY009204,O009204,Apple Pay,1354.43,Paid
PAY009205,O009205,Card,337.4,Failed
PAY009206,O009206,Card,476.38,Paid
PAY009207,O009207,Card,47.04,Paid
PAY009208,O009208,Card,1534.17,Paid
PAY009209,O009209,PayPal,354.02,Paid
PAY009210,O009210,Card,24.06,Paid
PAY009211,O009211,Card,67.88,Paid
PAY009212,O009212,Apple Pay,1191.57,Paid
PAY009213,O009213,Card,359.3,Paid
PAY009214,O009214,PayPal,178.86,Failed
PAY009215,O009215,Card,597.01,Paid
PAY009216,O009216,PayPal,1762.89,Paid
PAY009217,O009217,Apple Pay,310.99,Paid
PAY009218,O009218,Card,513.9,Paid
PAY009219,O009219,Card,262.5,Paid
PAY009220,O009220,Card,190.49,Paid
PAY009221,O009221,Card,648.6,Paid
PAY009222,O009222,Card,809.1,Paid
PAY009223,O009223,Card,193.85,Paid
PAY009224,O009224,Apple Pay,255.23,Paid
PAY009225,O009225,Card,1174.84,Paid
PAY009226,O009226,PayPal,257.52,Paid
PAY009227,O009227,Card,53.75,Paid
PAY009228,O009228,Card,1461.82,Paid
PAY009229,O009229,Card,1222.62,Paid
PAY009230,O009230,Card,414.03,Refunded
PAY009231,O009231,Card,636.62,Paid
PAY009232,O009232,Card,1586.34,Paid
PAY009233,O009233,Card,974.51,Paid
PAY009234,O009234,Card,328.79,Paid
PAY009235,O009235,Card,779.25,Paid
PAY009236,O009236,Card,1796.88,Paid
PAY009237,O009237,Google Pay,25.86,Failed
PAY009238,O009238,Card,577.68,Paid
PAY009239,O009239,Apple Pay,280.19,Paid
PAY009240,O009240,Card,664.5,Paid
PAY009241,O009241,PayPal,453.95,Failed
PAY009242,O009242,PayPal,112.93,Paid
PAY009243,O009243,Card,770.14,Paid
PAY009244,O009244,PayPal,413.84,Paid
PAY009245,O009245,Google Pay,191.88,Paid
PAY009246,O009246,Apple Pay,1232.8,Paid
PAY009247,O009247,Card,19.3,Paid
PAY009248,O009248,Google Pay,174.98,Paid
PAY009249,O009249,PayPal,1376.78,Paid
PAY009250,O009250,Card,1110.38,Paid
PAY009251,O009251,Card,0.0,Paid
PAY009252,O009252,PayPal,552.54,Paid
PAY009253,O009253,PayPal,2017.35,Paid
PAY009254,O009254,Card,283.51,Paid
PAY009255,O009255,Card,655.38,Paid
PAY009256,O009256,Google Pay,890.45,Paid
PAY009257,O009257,PayPal,316.83,Paid
PAY009258,O009258,Apple Pay,1400.94,Paid
PAY009259,O009259,Card,171.26,Paid
PAY009260,O009260,Card,802.11,Paid
PAY009261,O009261,Google Pay,847.69,Paid
PAY009262,O009262,PayPal,11.16,Paid
PAY009263,O009263,Card,1166.09,Paid
PAY009264,O009264,Card,507.26,Paid
PAY009265,O009265,Card,55.2,Paid
PAY009266,O009266,Card,534.09,Paid
PAY009267,O009267,Apple Pay,227.4,Paid
PAY009268,O009268,PayPal,470.08,Paid
PAY009269,O009269,Card,579.63,Paid
PAY009270,O009270,Apple Pay,67.78,Paid
PAY009271,O009271,Card,270.9,Paid
PAY009272,O009272,Apple Pay,636.46,Paid
PAY009273,O009273,Google Pay,546.3,Paid
PAY009274,O009274,Google Pay,83.48,Paid
PAY009275,O009275,Card,116.84,Paid
PAY009276,O009276,Card,469.38,Paid
PAY009277,O009277,Google Pay,560.19,Paid
PAY009278,O009278,Google Pay,647.52,Paid
PAY009279,O009279,Apple Pay,473.09,Paid
PAY009280,O009280,Google Pay,479.97,Paid
PAY009281,O009281,Apple Pay,428.84,Paid
PAY009282,O009282,Card,1259.84,Paid
PAY009283,O009283,Card,1179.0,Paid
PAY009284,O009284,Card,29.86,Paid
PAY009285,O009285,Apple Pay,549.98,Paid
PAY009286,O009286,Apple Pay,1861.75,Paid
PAY009287,O009287,PayPal,71.61,Paid
PAY009288,O009288,PayPal,1746.8,Paid
PAY009289,O009289,Apple Pay,27.7,Paid
PAY009290,O009290,Card,129.4,Paid
PAY009291,O009291,PayPal,1010.17,Paid
PAY009292,O009292,Card,0.0,Paid
PAY009293,O009293,Google Pay,612.02,Paid
PAY009294,O009294,Card,1165.72,Paid
PAY009295,O009295,Card,1009.56,Paid
PAY009296,O009296,Google Pay,357.69,Failed
PAY009297,O009297,Apple Pay,359.29,Paid
PAY009298,O009298,Card,108.37,Paid
PAY009299,O009299,Apple Pay,185.79,Paid
PAY009300,O009300,Card,2142.0,Paid
PAY009301,O009301,Card,2039.29,Paid
PAY009302,O009302,Card,81.78,Paid
PAY009303,O009303,Google Pay,105.44,Paid
PAY009304,O009304,Google Pay,198.38,Paid
PAY009305,O009305,Apple Pay,460.59,Paid
PAY009306,O009306,Card,1509.86,Paid
PAY009307,O009307,Card,516.81,Paid
PAY009308,O009308,Card,635.87,Paid
PAY009309,O009309,Google Pay,607.28,Refunded
PAY009310,O009310,Card,798.83,Refunded
PAY009311,O009311,Google Pay,357.02,Paid
PAY009312,O009312,Card,258.38,Paid
PAY009313,O009313,Card,2222.56,Paid
PAY009314,O009314,Apple Pay,201.75,Paid
PAY009315,O009315,PayPal,672.46,Paid
PAY009316,O009316,Card,58.53,Paid
PAY009317,O009317,Apple Pay,940.82,Paid
PAY009318,O009318,Apple Pay,935.57,Paid
PAY009319,O009319,Card,1497.54,Paid
PAY009320,O009320,Google Pay,2258.97,Paid
PAY009321,O009321,PayPal,73.16,Paid
PAY009322,O009322,Google Pay,1906.41,Paid
PAY009323,O009323,Google Pay,246.9,Paid
PAY009324,O009324,Card,396.1,Paid
PAY009325,O009325,Card,563.26,Failed
PAY009326,O009326,Google Pay,198.63,Paid
PAY009327,O009327,Card,299.94,Paid
PAY009328,O009328,Card,2163.04,Paid
PAY009329,O009329,Google Pay,1244.53,Paid
PAY009330,O009330,Card,771.66,Paid
PAY009331,O009331,PayPal,909.06,Paid
PAY009332,O009332,Card,89.78,Paid
PAY009333,O009333,Card,963.63,Paid
PAY009334,O009334,Card,458.98,Paid
PAY009335,O009335,Apple Pay,130.73,Paid
PAY009336,O009336,Card,220.38,Paid
PAY009337,O009337,Card,872.95,Paid
PAY009338,O009338,Card,185.09,Paid
PAY009339,O009339,PayPal,582.91,Paid
PAY009340,O009340,Card,299.93,Refunded
PAY009341,O009341,Card,1218.79,Paid
PAY009342,O009342,Card,494.33,Failed
PAY009343,O009343,Google Pay,168.04,Paid
PAY009344,O009344,Apple Pay,149.9,Paid
PAY009345,O009345,PayPal,534.73,Paid
PAY009346,O009346,Apple Pay,1506.74,Paid
PAY009347,O009347,Apple Pay,1511.69,Failed
PAY009348,O009348,Card,1297.24,Paid
PAY009349,O009349,Card,1196.28,Paid
PAY009350,O009350,PayPal,161.56,Failed
PAY009351,O009351,Card,2633.6,Paid
PAY009352,O009352,Card,318.79,Paid
PAY009353,O009353,Card,1005.46,Paid
PAY009354,O009354,Card,52.53,Paid
PAY009355,O009355,Card,366.84,Paid
PAY009356,O009356,Card,1181.17,Paid
PAY009357,O009357,PayPal,169.62,Paid
PAY009358,O009358,PayPal,302.72,Paid
PAY009359,O009359,Card,1389.08,Paid
PAY009360,O009360,PayPal,1939.72,Paid
PAY009361,O009361,Card,3420.76,Paid
PAY009362,O009362,Apple Pay,177.67,Paid
PAY009363,O009363,PayPal,52.81,Paid
PAY009364,O009364,Google Pay,114.5,Failed
PAY009365,O009365,Google Pay,885.76,Paid
PAY009366,O009366,Card,1482.12,Paid
PAY009367,O009367,Card,1564.64,Paid
PAY009368,O009368,Card,753.29,Paid
PAY009369,O009369,PayPal,62.49,Paid
PAY009370,O009370,Google Pay,533.62,Paid
PAY009371,O009371,Card,182.13,Paid
PAY009372,O009372,Card,1245.12,Paid
PAY009373,O009373,Card,287.69,Paid
PAY009374,O009374,Card,1233.27,Paid
PAY009375,O009375,PayPal,856.57,Paid
PAY009376,O009376,Card,1421.63,Paid
PAY009377,O009377,Card,576.44,Paid
PAY009378,O009378,Card,1077.91,Paid
PAY009379,O009379,Apple Pay,426.6,Paid
PAY009380,O009380,PayPal,806.35,Paid
PAY009381,O009381,Card,279.24,Paid
PAY009382,O009382,Apple Pay,694.1,Paid
PAY009383,O009383,PayPal,238.65,Paid
PAY009384,O009384,Google Pay,469.97,Paid
PAY009385,O009385,PayPal,157.82,Paid
PAY009386,O009386,Card,183.85,Paid
PAY009387,O009387,Apple Pay,130.5,Paid
PAY009388,O009388,Apple Pay,42.56,Paid
PAY009389,O009389,Card,1466.25,Paid
PAY009390,O009390,Google Pay,1193.52,Paid
PAY009391,O009391,PayPal,751.24,Paid
PAY009392,O009392,Card,49.62,Paid
PAY009393,O009393,PayPal,163.14,Paid
PAY009394,O009394,Card,262.5,Paid
PAY009395,O009395,PayPal,1381.98,Paid
PAY009396,O009396,Card,531.59,Paid
PAY009397,O009397,Card,699.81,Paid
PAY009398,O009398,PayPal,921.33,Paid
PAY009399,O009399,Apple Pay,73.01,Paid
PAY009400,O009400,Card,130.19,Paid
PAY009401,O009401,Google Pay,111.46,Paid
PAY009402,O009402,PayPal,996.26,Refunded
PAY009403,O009403,Apple Pay,461.45,Paid
PAY009404,O009404,Card,85.4,Paid
PAY009405,O009405,PayPal,652.9,Paid
PAY009406,O009406,Card,311.35,Paid
PAY009407,O009407,Card,459.56,Paid
PAY009408,O009408,Card,1094.8,Paid
PAY009409,O009409,Google Pay,393.28,Paid
PAY009410,O009410,PayPal,115.73,Paid
PAY009411,O009411,Apple Pay,1315.36,Paid
PAY009412,O009412,Card,186.51,Paid
PAY009413,O009413,Card,221.5,Paid
PAY009414,O009414,Card,55.81,Paid
PAY009415,O009415,Card,829.34,Paid
PAY009416,O009416,Apple Pay,1072.47,Paid
PAY009417,O009417,PayPal,546.45,Failed
PAY009418,O009418,Card,1815.54,Paid
PAY009419,O009419,PayPal,124.96,Paid
PAY009420,O009420,Apple Pay,724.53,Paid
PAY009421,O009421,PayPal,507.23,Paid
PAY009422,O009422,Apple Pay,837.39,Paid
PAY009423,O009423,Apple Pay,31.08,Paid
PAY009424,O009424,Card,487.94,Failed
PAY009425,O009425,PayPal,271.99,Paid
PAY009426,O009426,Google Pay,164.98,Paid
PAY009427,O009427,PayPal,459.56,Paid
PAY009428,O009428,PayPal,0.0,Paid
PAY009429,O009429,PayPal,970.3,Paid
PAY009430,O009430,Card,850.3,Paid
PAY009431,O009431,PayPal,759.86,Failed
PAY009432,O009432,Apple Pay,1608.18,Paid
PAY009433,O009433,Card,552.97,Paid
PAY009434,O009434,Card,518.1,Paid
PAY009435,O009435,PayPal,1771.07,Paid
PAY009436,O009436,PayPal,985.26,Paid
PAY009437,O009437,PayPal,266.67,Paid
PAY009438,O009438,Card,470.0,Paid
PAY009439,O009439,Google Pay,423.98,Paid
PAY009440,O009440,Card,104.88,Paid
PAY009441,O009441,Card,1040.3,Paid
PAY009442,O009442,Card,637.91,Paid
PAY009443,O009443,Card,119.96,Paid
PAY009444,O009444,Apple Pay,1422.5,Paid
PAY009445,O009445,PayPal,702.02,Paid
PAY009446,O009446,PayPal,505.52,Paid
PAY009447,O009447,PayPal,1778.18,Paid
PAY009448,O009448,Card,447.88,Paid
PAY009449,O009449,Card,76.33,Failed
PAY009450,O009450,Card,219.64,Paid
PAY009451,O009451,Card,1069.23,Failed
PAY009452,O009452,PayPal,47.81,Paid
PAY009453,O009453,Card,2178.38,Failed
PAY009454,O009454,Card,1739.57,Paid
PAY009455,O009455,Google Pay,203.26,Paid
PAY009456,O009456,PayPal,59.62,Paid
PAY009457,O009457,Card,504.43,Paid
PAY009458,O009458,PayPal,361.01,Paid
PAY009459,O009459,Card,716.97,Paid
PAY009460,O009460,Card,1129.68,Paid
PAY009461,O009461,Card,249.02,Paid
PAY009462,O009462,PayPal,170.49,Paid
PAY009463,O009463,Card,334.85,Paid
PAY009464,O009464,Card,631.25,Paid
PAY009465,O009465,PayPal,595.54,Paid
PAY009466,O009466,Apple Pay,1384.79,Paid
PAY009467,O009467,Card,2430.78,Paid
PAY009468,O009468,Google Pay,380.69,Paid
PAY009469,O009469,Card,768.13,Paid
PAY009470,O009470,Card,136.22,Paid
PAY009471,O009471,PayPal,392.01,Paid
PAY009472,O009472,Card,645.1,Paid
PAY009473,O009473,Card,517.43,Paid
PAY009474,O009474,PayPal,258.49,Paid
PAY009475,O009475,PayPal,951.67,Paid
PAY009476,O009476,Card,933.98,Paid
PAY009477,O009477,Card,767.69,Paid
PAY009478,O009478,Apple Pay,1040.6,Paid
PAY009479,O009479,PayPal,315.7,Paid
PAY009480,O009480,Apple Pay,423.68,Paid
PAY009481,O009481,PayPal,352.56,Paid
PAY009482,O009482,Card,279.53,Paid
PAY009483,O009483,Card,27.69,Paid
PAY009484,O009484,Card,1206.81,Paid
PAY009485,O009485,Card,64.26,Paid
PAY009486,O009486,PayPal,249.28,Paid
PAY009487,O009487,Apple Pay,1277.42,Paid
PAY009488,O009488,Apple Pay,1033.12,Failed
PAY009489,O009489,Card,955.94,Paid
PAY009490,O009490,PayPal,1693.87,Paid
PAY009491,O009491,Card,765.23,Paid
PAY009492,O009492,Card,265.81,Paid
PAY009493,O009493,Apple Pay,239.05,Paid
PAY009494,O009494,Apple Pay,593.36,Paid
PAY009495,O009495,Card,404.93,Paid
PAY009496,O009496,Card,170.38,Paid
PAY009497,O009497,Google Pay,863.01,Paid
PAY009498,O009498,Card,225.37,Paid
PAY009499,O009499,Apple Pay,116.32,Paid
PAY009500,O009500,Card,83.84,Refunded
PAY009501,O009501,Card,1128.56,Paid
PAY009502,O009502,PayPal,322.81,Paid
PAY009503,O009503,Card,588.47,Paid
PAY009504,O009504,Google Pay,99.19,Paid
PAY009505,O009505,Card,255.27,Paid
PAY009506,O009506,Card,385.44,Paid
PAY009507,O009507,PayPal,353.95,Paid
PAY009508,O009508,Card,238.97,Paid
PAY009509,O009509,PayPal,101.84,Paid
PAY009510,O009510,Card,351.48,Paid
PAY009511,O009511,PayPal,2573.87,Paid
PAY009512,O009512,PayPal,275.04,Paid
PAY009513,O009513,Card,913.06,Paid
PAY009514,O009514,Apple Pay,288.97,Paid
PAY009515,O009515,PayPal,1535.52,Paid
PAY009516,O009516,Apple Pay,9.84,Paid
PAY009517,O009517,PayPal,1610.84,Paid
PAY009518,O009518,Card,448.2,Paid
PAY009519,O009519,Apple Pay,106.46,Paid
PAY009520,O009520,Card,326.13,Paid
PAY009521,O009521,Apple Pay,296.34,Paid
PAY009522,O009522,Card,284.55,Paid
PAY009523,O009523,Card,390.55,Paid
PAY009524,O009524,PayPal,372.08,Paid
PAY009525,O009525,Card,82.88,Paid
PAY009526,O009526,Apple Pay,367.51,Paid
PAY009527,O009527,PayPal,576.06,Refunded
PAY009528,O009528,Card,893.95,Paid
PAY009529,O009529,PayPal,832.39,Paid
PAY009530,O009530,Card,234.56,Paid
PAY009531,O009531,PayPal,312.24,Paid
PAY009532,O009532,Card,760.29,Paid
PAY009533,O009533,Card,237.88,Paid
PAY009534,O009534,Apple Pay,420.01,Paid
PAY009535,O009535,Card,561.74,Paid
PAY009536,O009536,Apple Pay,387.6,Paid
PAY009537,O009537,Google Pay,103.04,Paid
PAY009538,O009538,Card,641.98,Failed
PAY009539,O009539,Google Pay,1056.76,Paid
PAY009540,O009540,Card,159.43,Paid
PAY009541,O009541,Apple Pay,1270.91,Paid
PAY009542,O009542,Card,23.83,Paid
PAY009543,O009543,Apple Pay,321.18,Paid
PAY009544,O009544,Apple Pay,910.16,Paid
PAY009545,O009545,Card,27.69,Paid
PAY009546,O009546,Card,1611.73,Paid
PAY009547,O009547,Card,1026.92,Paid
PAY009548,O009548,Card,100.66,Paid
PAY009549,O009549,Google Pay,932.83,Paid
PAY009550,O009550,Google Pay,37.29,Paid
PAY009551,O009551,PayPal,533.76,Paid
PAY009552,O009552,Card,1056.78,Paid
PAY009553,O009553,Card,602.26,Paid
PAY009554,O009554,Card,155.39,Paid
PAY009555,O009555,Card,533.29,Paid
PAY009556,O009556,Card,84.02,Paid
PAY009557,O009557,Google Pay,359.46,Paid
PAY009558,O009558,Card,120.19,Paid
PAY009559,O009559,Card,1542.03,Paid
PAY009560,O009560,Apple Pay,643.65,Paid
PAY009561,O009561,Google Pay,813.58,Paid
PAY009562,O009562,PayPal,129.96,Paid
PAY009563,O009563,Apple Pay,476.63,Failed
PAY009564,O009564,Card,683.88,Paid
PAY009565,O009565,PayPal,174.76,Paid
PAY009566,O009566,Card,774.95,Paid
PAY009567,O009567,Apple Pay,1034.58,Paid
PAY009568,O009568,Card,156.28,Paid
PAY009569,O009569,Card,271.83,Paid
PAY009570,O009570,Card,266.18,Paid
PAY009571,O009571,Apple Pay,1241.88,Paid
PAY009572,O009572,Card,163.22,Paid
PAY009573,O009573,Card,4.06,Paid
PAY009574,O009574,Card,787.65,Paid
PAY009575,O009575,Card,924.73,Paid
PAY009576,O009576,Google Pay,607.05,Paid
PAY009577,O009577,PayPal,1271.63,Paid
PAY009578,O009578,Apple Pay,390.34,Paid
PAY009579,O009579,Google Pay,773.32,Paid
PAY009580,O009580,PayPal,145.19,Paid
PAY009581,O009581,Google Pay,125.51,Paid
PAY009582,O009582,Card,1033.75,Paid
PAY009583,O009583,Card,469.49,Paid
PAY009584,O009584,Apple Pay,374.56,Paid
PAY009585,O009585,Card,949.06,Paid
PAY009586,O009586,Apple Pay,422.72,Paid
PAY009587,O009587,Card,279.49,Paid
PAY009588,O009588,Card,1175.62,Paid
PAY009589,O009589,PayPal,776.84,Paid
PAY009590,O009590,Google Pay,500.57,Paid
PAY009591,O009591,PayPal,347.03,Paid
PAY009592,O009592,Apple Pay,3099.53,Paid
PAY009593,O009593,Card,298.36,Paid
PAY009594,O009594,PayPal,1241.78,Paid
PAY009595,O009595,Card,1350.22,Failed
PAY009596,O009596,Apple Pay,715.08,Paid
PAY009597,O009597,Google Pay,213.84,Refunded
PAY009598,O009598,Card,976.12,Paid
PAY009599,O009599,Card,623.0,Paid
PAY009600,O009600,Card,1137.99,Paid
PAY009601,O009601,Card,1848.23,Paid
PAY009602,O009602,PayPal,770.26,Paid
PAY009603,O009603,Card,1425.22,Paid
PAY009604,O009604,Card,826.05,Paid
PAY009605,O009605,Apple Pay,1737.09,Paid
PAY009606,O009606,Apple Pay,121.46,Paid
PAY009607,O009607,Apple Pay,712.3,Paid
PAY009608,O009608,PayPal,218.74,Paid
PAY009609,O009609,Card,138.46,Paid
PAY009610,O009610,Card,574.65,Paid
PAY009611,O009611,Apple Pay,887.4,Paid
PAY009612,O009612,PayPal,561.32,Paid
PAY009613,O009613,Apple Pay,918.7,Paid
PAY009614,O009614,Apple Pay,101.46,Paid
PAY009615,O009615,PayPal,1219.22,Paid
PAY009616,O009616,PayPal,54.88,Paid
PAY009617,O009617,Card,626.25,Paid
PAY009618,O009618,Card,826.24,Paid
PAY009619,O009619,Card,317.31,Paid
PAY009620,O009620,Card,754.42,Paid
PAY009621,O009621,Card,497.52,Paid
PAY009622,O009622,PayPal,789.36,Paid
PAY009623,O009623,PayPal,257.06,Paid
PAY009624,O009624,Card,135.6,Paid
PAY009625,O009625,PayPal,980.77,Failed
PAY009626,O009626,Apple Pay,1736.97,Paid
PAY009627,O009627,Card,388.02,Paid
PAY009628,O009628,Card,206.72,Paid
PAY009629,O009629,Card,229.72,Refunded
PAY009630,O009630,Card,518.83,Paid
PAY009631,O009631,Google Pay,88.01,Paid
PAY009632,O009632,Card,511.07,Paid
PAY009633,O009633,Card,342.2,Paid
PAY009634,O009634,Card,5.65,Paid
PAY009635,O009635,Card,675.26,Paid
PAY009636,O009636,Apple Pay,955.86,Paid
PAY009637,O009637,PayPal,260.54,Paid
PAY009638,O009638,Google Pay,774.62,Paid
PAY009639,O009639,Card,1491.6,Paid
PAY009640,O009640,PayPal,576.96,Paid
PAY009641,O009641,PayPal,140.13,Paid
PAY009642,O009642,PayPal,422.79,Paid
PAY009643,O009643,Card,467.06,Paid
PAY009644,O009644,Card,19.06,Paid
PAY009645,O009645,Card,383.92,Paid
PAY009646,O009646,PayPal,135.6,Paid
PAY009647,O009647,Card,887.66,Paid
PAY009648,O009648,Card,689.36,Paid
PAY009649,O009649,PayPal,1193.33,Paid
PAY009650,O009650,Card,840.05,Paid
PAY009651,O009651,Card,684.03,Paid
PAY009652,O009652,Card,957.7,Paid
PAY009653,O009653,Google Pay,931.05,Paid
PAY009654,O009654,Google Pay,283.69,Paid
PAY009655,O009655,Card,282.51,Paid
PAY009656,O009656,Card,32.63,Paid
PAY009657,O009657,Card,516.19,Paid
PAY009658,O009658,PayPal,893.34,Paid
PAY009659,O009659,Card,570.42,Paid
PAY009660,O009660,Card,514.81,Paid
PAY009661,O009661,Card,2047.9,Paid
PAY009662,O009662,Google Pay,1517.0,Paid
PAY009663,O009663,Card,109.42,Paid
PAY009664,O009664,PayPal,781.79,Paid
PAY009665,O009665,Card,1080.02,Paid
PAY009666,O009666,Google Pay,900.52,Paid
PAY009667,O009667,Card,51.47,Paid
PAY009668,O009668,Card,654.76,Paid
PAY009669,O009669,PayPal,672.61,Paid
PAY009670,O009670,Card,824.84,Paid
PAY009671,O009671,Card,223.8,Paid
PAY009672,O009672,Card,698.62,Failed
PAY009673,O009673,Card,278.46,Paid
PAY009674,O009674,Google Pay,1938.1,Paid
PAY009675,O009675,Google Pay,336.38,Paid
PAY009676,O009676,PayPal,1117.32,Paid
PAY009677,O009677,Card,206.95,Paid
PAY009678,O009678,PayPal,395.72,Paid
PAY009679,O009679,Google Pay,1133.52,Paid
PAY009680,O009680,Apple Pay,373.79,Paid
PAY009681,O009681,PayPal,610.69,Paid
PAY009682,O009682,Card,1331.67,Paid
PAY009683,O009683,Card,566.19,Paid
PAY009684,O009684,Card,572.91,Paid
PAY009685,O009685,Card,71.79,Paid
PAY009686,O009686,Card,163.55,Paid
PAY009687,O009687,Card,108.37,Paid
PAY009688,O009688,PayPal,685.6,Paid
PAY009689,O009689,Card,242.76,Paid
PAY009690,O009690,Card,847.75,Paid
PAY009691,O009691,PayPal,377.21,Paid
PAY009692,O009692,Google Pay,112.45,Paid
PAY009693,O009693,Card,386.96,Paid
PAY009694,O009694,PayPal,751.21,Paid
PAY009695,O009695,PayPal,200.49,Paid
PAY009696,O009696,Card,78.62,Paid
PAY009697,O009697,Card,1790.94,Paid
PAY009698,O009698,Apple Pay,58.92,Paid
PAY009699,O009699,Card,518.52,Paid
PAY009700,O009700,Card,296.98,Paid
PAY009701,O009701,PayPal,446.22,Paid
PAY009702,O009702,PayPal,612.62,Paid
PAY009703,O009703,PayPal,450.84,Paid
PAY009704,O009704,Apple Pay,64.19,Paid
PAY009705,O009705,Card,1866.92,Paid
PAY009706,O009706,Card,1095.57,Paid
PAY009707,O009707,Card,115.92,Paid
PAY009708,O009708,Card,424.57,Paid
PAY009709,O009709,Google Pay,79.42,Paid
PAY009710,O009710,Apple Pay,797.68,Paid
PAY009711,O009711,Card,1734.96,Paid
PAY009712,O009712,Card,1249.03,Paid
PAY009713,O009713,Card,490.46,Paid
PAY009714,O009714,Google Pay,700.0,Paid
PAY009715,O009715,PayPal,699.36,Paid
PAY009716,O009716,Card,549.98,Paid
PAY009717,O009717,PayPal,534.59,Paid
PAY009718,O009718,Card,488.24,Paid
PAY009719,O009719,Card,49.01,Paid
PAY009720,O009720,Card,669.42,Paid
PAY009721,O009721,Apple Pay,242.25,Paid
PAY009722,O009722,Card,819.03,Paid
PAY009723,O009723,PayPal,576.79,Refunded
PAY009724,O009724,Card,1977.1,Paid
PAY009725,O009725,Apple Pay,3157.09,Paid
PAY009726,O009726,Card,1140.94,Paid
PAY009727,O009727,Apple Pay,127.3,Paid
PAY009728,O009728,Apple Pay,496.59,Paid
PAY009729,O009729,Google Pay,243.7,Paid
PAY009730,O009730,PayPal,316.57,Paid
PAY009731,O009731,PayPal,691.84,Paid
PAY009732,O009732,Apple Pay,612.3,Paid
PAY009733,O009733,Card,147.66,Paid
PAY009734,O009734,Card,1049.78,Failed
PAY009735,O009735,Card,214.92,Paid
PAY009736,O009736,Card,303.41,Paid
PAY009737,O009737,Card,369.92,Paid
PAY009738,O009738,Card,422.96,Paid
PAY009739,O009739,Card,206.13,Paid
PAY009740,O009740,Apple Pay,291.4,Paid
PAY009741,O009741,Google Pay,1328.93,Paid
PAY009742,O009742,Apple Pay,133.87,Paid
PAY009743,O009743,Card,150.75,Paid
PAY009744,O009744,Google Pay,146.02,Paid
PAY009745,O009745,Card,380.36,Paid
PAY009746,O009746,PayPal,975.83,Paid
PAY009747,O009747,Card,424.86,Paid
PAY009748,O009748,Google Pay,551.96,Paid
PAY009749,O009749,Apple Pay,928.17,Paid
PAY009750,O009750,Card,18.18,Paid
PAY009751,O009751,Card,412.26,Paid
PAY009752,O009752,Card,311.62,Paid
PAY009753,O009753,Apple Pay,983.96,Paid
PAY009754,O009754,Apple Pay,224.56,Paid
PAY009755,O009755,PayPal,809.35,Paid
PAY009756,O009756,Apple Pay,381.34,Paid
PAY009757,O009757,Card,881.73,Paid
PAY009758,O009758,Apple Pay,87.95,Paid
PAY009759,O009759,Card,1394.17,Paid
PAY009760,O009760,Card,1361.96,Paid
PAY009761,O009761,Apple Pay,530.19,Paid
PAY009762,O009762,Apple Pay,206.95,Failed
PAY009763,O009763,Apple Pay,657.47,Paid
PAY009764,O009764,Google Pay,439.79,Paid
PAY009765,O009765,Card,116.84,Paid
PAY009766,O009766,Card,1477.8,Paid
PAY009767,O009767,Apple Pay,692.26,Paid
PAY009768,O009768,Apple Pay,1075.77,Paid
PAY009769,O009769,Card,2147.72,Paid
PAY009770,O009770,Card,711.02,Paid
PAY009771,O009771,Card,690.55,Paid
PAY009772,O009772,Apple Pay,563.33,Paid
PAY009773,O009773,Card,173.24,Paid
PAY009774,O009774,Card,781.72,Paid
PAY009775,O009775,Card,1227.0,Paid
PAY009776,O009776,Apple Pay,1608.12,Paid
PAY009777,O009777,Card,18.64,Paid
PAY009778,O009778,Card,502.06,Paid
PAY009779,O009779,Card,937.7,Paid
PAY009780,O009780,Card,1708.6,Paid
PAY009781,O009781,Apple Pay,499.92,Paid
PAY009782,O009782,Apple Pay,264.98,Paid
PAY009783,O009783,PayPal,770.26,Paid
PAY009784,O009784,Card,691.21,Failed
PAY009785,O009785,Card,42.44,Paid
PAY009786,O009786,Google Pay,450.92,Paid
PAY009787,O009787,Card,356.7,Paid
PAY009788,O009788,Card,124.98,Paid
PAY009789,O009789,Apple Pay,377.33,Failed
PAY009790,O009790,Card,105.94,Paid
PAY009791,O009791,Apple Pay,196.75,Paid
PAY009792,O009792,Card,230.86,Paid
PAY009793,O009793,Card,609.81,Paid
PAY009794,O009794,Card,137.61,Paid
PAY009795,O009795,Apple Pay,416.6,Paid
PAY009796,O009796,Google Pay,1087.56,Paid
PAY009797,O009797,Google Pay,244.56,Failed
PAY009798,O009798,PayPal,936.27,Paid
PAY009799,O009799,Google Pay,868.31,Paid
PAY009800,O009800,Card,729.98,Paid
PAY009801,O009801,PayPal,175.08,Paid
PAY009802,O009802,Apple Pay,502.1,Paid
PAY009803,O009803,Card,73.91,Paid
PAY009804,O009804,Apple Pay,1313.76,Paid
PAY009805,O009805,Card,304.53,Paid
PAY009806,O009806,Card,749.99,Paid
PAY009807,O009807,PayPal,52.81,Paid
PAY009808,O009808,Card,724.39,Paid
PAY009809,O009809,Google Pay,328.51,Paid
PAY009810,O009810,PayPal,708.4,Paid
PAY009811,O009811,Card,1478.84,Paid
PAY009812,O009812,Google Pay,285.74,Paid
PAY009813,O009813,Card,551.48,Paid
PAY009814,O009814,PayPal,774.63,Paid
PAY009815,O009815,Apple Pay,125.19,Paid
PAY009816,O009816,PayPal,895.24,Paid
PAY009817,O009817,PayPal,131.32,Paid
PAY009818,O009818,Apple Pay,2522.95,Refunded
PAY009819,O009819,Apple Pay,495.88,Paid
PAY009820,O009820,PayPal,31.74,Paid
PAY009821,O009821,Card,1155.49,Paid
PAY009822,O009822,PayPal,1858.05,Paid
PAY009823,O009823,PayPal,369.02,Paid
PAY009824,O009824,Card,218.84,Paid
PAY009825,O009825,Card,829.74,Paid
PAY009826,O009826,PayPal,880.54,Paid
PAY009827,O009827,Card,239.56,Paid
PAY009828,O009828,Card,2014.99,Paid
PAY009829,O009829,Card,1939.76,Failed
PAY009830,O009830,PayPal,107.95,Paid
PAY009831,O009831,Card,406.59,Paid
PAY009832,O009832,PayPal,121.4,Paid
PAY009833,O009833,PayPal,119.28,Paid
PAY009834,O009834,PayPal,2341.03,Paid
PAY009835,O009835,Google Pay,808.88,Paid
PAY009836,O009836,PayPal,54.8,Paid
PAY009837,O009837,Card,333.01,Paid
PAY009838,O009838,Card,88.53,Paid
PAY009839,O009839,Card,1462.62,Paid
PAY009840,O009840,Apple Pay,487.38,Paid
PAY009841,O009841,PayPal,314.88,Failed
PAY009842,O009842,PayPal,1612.36,Paid
PAY009843,O009843,Apple Pay,569.83,Paid
PAY009844,O009844,Google Pay,1076.7,Paid
PAY009845,O009845,Card,194.5,Failed
PAY009846,O009846,Card,113.86,Paid
PAY009847,O009847,Card,217.61,Paid
PAY009848,O009848,Google Pay,301.8,Paid
PAY009849,O009849,Card,448.56,Paid
PAY009850,O009850,Card,183.3,Paid
PAY009851,O009851,Apple Pay,542.32,Paid
PAY009852,O009852,Card,96.32,Paid
PAY009853,O009853,Card,399.06,Paid
PAY009854,O009854,Card,1646.52,Paid
PAY009855,O009855,Card,539.59,Paid
PAY009856,O009856,Google Pay,439.31,Paid
PAY009857,O009857,Apple Pay,504.26,Paid
PAY009858,O009858,Card,938.97,Paid
PAY009859,O009859,PayPal,54.62,Paid
PAY009860,O009860,Card,509.81,Paid
PAY009861,O009861,Apple Pay,198.12,Paid
PAY009862,O009862,PayPal,84.57,Paid
PAY009863,O009863,PayPal,1032.2,Paid
PAY009864,O009864,PayPal,102.75,Paid
PAY009865,O009865,PayPal,958.87,Paid
PAY009866,O009866,Card,944.4,Paid
PAY009867,O009867,Card,1127.15,Paid
PAY009868,O009868,Apple Pay,239.26,Paid
PAY009869,O009869,Google Pay,1128.52,Paid
PAY009870,O009870,Card,504.26,Paid
PAY009871,O009871,Card,3433.6,Paid
PAY009872,O009872,PayPal,116.49,Paid
PAY009873,O009873,PayPal,187.27,Failed
PAY009874,O009874,Card,295.33,Paid
PAY009875,O009875,Apple Pay,1646.75,Paid
PAY009876,O009876,Google Pay,182.91,Paid
PAY009877,O009877,Apple Pay,245.81,Paid
PAY009878,O009878,Card,376.16,Paid
PAY009879,O009879,Card,0.0,Paid
PAY009880,O009880,Card,613.22,Paid
PAY009881,O009881,Card,325.78,Refunded
PAY009882,O009882,Apple Pay,337.4,Paid
PAY009883,O009883,Google Pay,3333.75,Paid
PAY009884,O009884,PayPal,700.73,Paid
PAY009885,O009885,PayPal,446.15,Paid
PAY009886,O009886,Card,52.29,Paid
PAY009887,O009887,PayPal,1130.31,Paid
PAY009888,O009888,Apple Pay,425.45,Paid
PAY009889,O009889,Card,197.8,Paid
PAY009890,O009890,Card,621.03,Paid
PAY009891,O009891,Card,593.4,Paid
PAY009892,O009892,PayPal,286.94,Paid
PAY009893,O009893,Card,650.77,Paid
PAY009894,O009894,Google Pay,106.44,Paid
PAY009895,O009895,Card,248.38,Paid
PAY009896,O009896,Card,646.31,Paid
PAY009897,O009897,Card,274.46,Paid
PAY009898,O009898,Card,1041.2,Paid
PAY009899,O009899,Card,745.72,Paid
PAY009900,O009900,Apple Pay,551.29,Paid
PAY009901,O009901,Apple Pay,321.03,Paid
PAY009902,O009902,PayPal,308.6,Paid
PAY009903,O009903,Card,659.29,Paid
PAY009904,O009904,Card,788.67,Paid
PAY009905,O009905,PayPal,966.33,Paid
PAY009906,O009906,Card,15.36,Paid
PAY009907,O009907,Google Pay,314.85,Paid
PAY009908,O009908,Card,625.72,Failed
PAY009909,O009909,Card,594.26,Failed
PAY009910,O009910,Apple Pay,377.16,Paid
PAY009911,O009911,PayPal,44.72,Paid
PAY009912,O009912,Card,229.44,Failed
PAY009913,O009913,PayPal,103.04,Paid
PAY009914,O009914,Apple Pay,186.05,Paid
PAY009915,O009915,PayPal,36.08,Paid
PAY009916,O009916,Apple Pay,748.96,Paid
PAY009917,O009917,Card,1619.92,Paid
PAY009918,O009918,Apple Pay,2076.22,Paid
PAY009919,O009919,Google Pay,32.56,Paid
PAY009920,O009920,Google Pay,5.65,Paid
PAY009921,O009921,PayPal,856.24,Paid
PAY009922,O009922,PayPal,471.78,Paid
PAY009923,O009923,Card,321.28,Paid
PAY009924,O009924,Card,11.16,Paid
PAY009925,O009925,Card,56.83,Paid
PAY009926,O009926,Google Pay,695.62,Paid
PAY009927,O009927,PayPal,130.73,Paid
PAY009928,O009928,Apple Pay,1334.06,Paid
PAY009929,O009929,Card,455.66,Paid
PAY009930,O009930,Card,1007.15,Paid
PAY009931,O009931,Apple Pay,2006.35,Paid
PAY009932,O009932,PayPal,952.5,Paid
PAY009933,O009933,Google Pay,440.04,Paid
PAY009934,O009934,PayPal,234.83,Paid
PAY009935,O009935,Card,509.26,Paid
PAY009936,O009936,PayPal,366.73,Paid
PAY009937,O009937,Card,75.26,Paid
PAY009938,O009938,Card,210.4,Paid
PAY009939,O009939,Google Pay,682.35,Paid
PAY009940,O009940,Google Pay,28.89,Paid
PAY009941,O009941,Apple Pay,307.61,Paid
PAY009942,O009942,Card,321.18,Paid
PAY009943,O009943,Card,789.95,Paid
PAY009944,O009944,Card,431.03,Paid
PAY009945,O009945,Card,1446.98,Paid
PAY009946,O009946,Card,975.26,Paid
PAY009947,O009947,Card,1009.83,Paid
PAY009948,O009948,Card,433.86,Paid
PAY009949,O009949,PayPal,411.84,Paid
PAY009950,O009950,Card,75.94,Paid
PAY009951,O009951,Card,598.3,Paid
PAY009952,O009952,PayPal,564.06,Paid
PAY009953,O009953,Card,71.79,Paid
PAY009954,O009954,Google Pay,314.88,Paid
PAY009955,O009955,Apple Pay,959.98,Paid
PAY009956,O009956,Card,560.19,Failed
PAY009957,O009957,Card,343.31,Paid
PAY009958,O009958,Google Pay,1806.41,Paid
PAY009959,O009959,PayPal,148.86,Paid
PAY009960,O009960,Card,397.27,Refunded
PAY009961,O009961,Card,348.85,Paid
PAY009962,O009962,Card,130.75,Paid
PAY009963,O009963,Apple Pay,137.94,Paid
PAY009964,O009964,Card,95.94,Paid
PAY009965,O009965,Apple Pay,478.07,Paid
PAY009966,O009966,Card,308.46,Paid
PAY009967,O009967,PayPal,1086.01,Paid
PAY009968,O009968,PayPal,749.32,Paid
PAY009969,O009969,Card,523.1,Paid
PAY009970,O009970,Card,156.94,Failed
PAY009971,O009971,Apple Pay,450.29,Paid
PAY009972,O009972,Card,455.68,Paid
PAY009973,O009973,Card,151.45,Paid
PAY009974,O009974,PayPal,1772.98,Paid
PAY009975,O009975,Apple Pay,321.81,Paid
PAY009976,O009976,Apple Pay,226.58,Paid
PAY009977,O009977,Apple Pay,338.71,Paid
PAY009978,O009978,PayPal,557.23,Paid
PAY009979,O009979,Apple Pay,243.64,Paid
PAY009980,O009980,Google Pay,294.94,Paid
PAY009981,O009981,Google Pay,500.9,Paid
PAY009982,O009982,Google Pay,43.41,Paid
PAY009983,O009983,PayPal,1538.24,Paid
PAY009984,O009984,Card,212.02,Paid
PAY009985,O009985,Apple Pay,564.96,Paid
PAY009986,O009986,Card,69.53,Paid
PAY009987,O009987,Apple Pay,775.82,Paid
PAY009988,O009988,Card,396.27,Paid
PAY009989,O009989,Card,1086.64,Paid
PAY009990,O009990,PayPal,497.28,Failed
PAY009991,O009991,Card,1068.99,Paid
PAY009992,O009992,Apple Pay,2976.28,Paid
PAY009993,O009993,Card,2497.36,Paid
PAY009994,O009994,Apple Pay,662.17,Paid
PAY009995,O009995,Apple Pay,51.67,Refunded
PAY009996,O009996,Apple Pay,247.59,Paid
PAY009997,O009997,Card,404.53,Paid
PAY009998,O009998,Card,198.42,Paid
PAY009999,O009999,Apple Pay,103.71,Paid
PAY010000,O010000,PayPal,371.81,Paid
